{"mean accuracy": 0.6723333333333334, "max accuracy": 0.96, "mean kappa": 0.5085000000000001, "max kappa": 0.94}