{"MIN:log_loss.min": 0.2500379316187581, "MAX:log_loss.min": 0.28582843734238367, "MIN:log_loss.mean": 0.5132912279145586, "MAX:log_loss.mean": 0.5252067479170531, "MIN:log_loss.max": 1.0840731397785692, "MAX:log_loss.max": 1.0840755323658884, "MIN:accuracy.min": 0.5933333333333334, "MAX:accuracy.min": 0.5933333333333334, "MIN:accuracy.mean": 0.8403333333333333, "MAX:accuracy.mean": 0.8547333333333335, "MIN:accuracy.max": 0.94, "MAX:accuracy.max": 0.94, "MIN:kappa.min": 0.39, "MAX:kappa.min": 0.39, "MIN:kappa.mean": 0.7605000000000001, "MAX:kappa.mean": 0.7820999999999999, "MIN:kappa.max": 0.91, "MAX:kappa.max": 0.91}