{"mean accuracy": 0.958133333333334, "max accuracy": 0.96, "mean kappa": 0.9371999999999997, "max kappa": 0.94}