{"MIN:log_loss.min": 0.11223550163898138, "MAX:log_loss.min": 0.11223620600621781, "MIN:log_loss.mean": 0.3687984645080594, "MAX:log_loss.mean": 0.4054164469133115, "MIN:log_loss.max": 2.3542910899656775, "MAX:log_loss.max": 2.3542910899656775, "MIN:accuracy.min": 0.7733333333333333, "MAX:accuracy.min": 0.9, "MIN:accuracy.mean": 0.954, "MAX:accuracy.mean": 0.9593333333333334, "MIN:accuracy.max": 0.96, "MAX:accuracy.max": 0.96, "MIN:kappa.min": 0.6599999999999999, "MAX:kappa.min": 0.85, "MIN:kappa.mean": 0.9309999999999996, "MAX:kappa.mean": 0.9389999999999995, "MIN:kappa.max": 0.94, "MAX:kappa.max": 0.94}