{"MIN:log_loss.min": 0.512610180842851, "MAX:log_loss.min": 0.6438039360084628, "MIN:log_loss.mean": 0.7114155853713977, "MAX:log_loss.mean": 0.812599830854942, "MIN:log_loss.max": 1.2184813163358843, "MAX:log_loss.max": 2.7228007630163162, "MIN:accuracy.min": 0.34, "MAX:accuracy.min": 0.3933333333333333, "MIN:accuracy.mean": 0.7876666666666665, "MAX:accuracy.mean": 0.8088, "MIN:accuracy.max": 0.9466666666666667, "MAX:accuracy.max": 0.9733333333333334, "MIN:kappa.min": 0.010000000000000009, "MAX:kappa.min": 0.08999999999999997, "MIN:kappa.mean": 0.6814999999999999, "MAX:kappa.mean": 0.7132, "MIN:kappa.max": 0.92, "MAX:kappa.max": 0.96}