{"MIN:log_loss.min": 0.2908788035381033, "MAX:log_loss.min": 0.7005752970380624, "MIN:log_loss.mean": 0.4609503275151605, "MAX:log_loss.mean": 0.9739905871553287, "MIN:log_loss.max": 0.992917158671062, "MAX:log_loss.max": 11.12737866443162, "MIN:accuracy.min": 0.31333333333333335, "MAX:accuracy.min": 0.6333333333333333, "MIN:accuracy.mean": 0.8362666666666665, "MAX:accuracy.mean": 0.8888000000000001, "MIN:accuracy.max": 0.94, "MAX:accuracy.max": 0.9666666666666667, "MIN:kappa.min": -0.030000000000000027, "MAX:kappa.min": 0.44999999999999996, "MIN:kappa.mean": 0.7544, "MAX:kappa.mean": 0.8332, "MIN:kappa.max": 0.91, "MAX:kappa.max": 0.95}