{"MAX:log_loss.min": 1.108301447445909, "ARGMAX:log_loss.min": [0, 436322], "MIN:log_loss.min": 1.1017548695057722, "ARGMIN:log_loss.min": [5, 459080], "MEAN:log_loss.min": 1.1045891386633104, "MAX:log_loss.mean": 1.4923776048210022, "ARGMAX:log_loss.mean": [5, 459080], "MIN:log_loss.mean": 1.4884063351694, "ARGMIN:log_loss.mean": [7, 459576], "MEAN:log_loss.mean": 1.4900226085871873, "MAX:log_loss.max": 2.4026667461683218, "ARGMAX:log_loss.max": [0, 436322], "MIN:log_loss.max": 2.4024427379117737, "ARGMIN:log_loss.max": [6, 456481], "MEAN:log_loss.max": 2.402522104881537, "MAX:accuracy.min": 0.1979, "ARGMAX:accuracy.min": [0, 436322], "MIN:accuracy.min": 0.1676, "ARGMIN:accuracy.min": [7, 459576], "MEAN:accuracy.min": 0.1815, "MAX:accuracy.mean": 0.6191789999999999, "ARGMAX:accuracy.mean": [0, 436322], "MIN:accuracy.mean": 0.607623, "ARGMIN:accuracy.mean": [9, 459236], "MEAN:accuracy.mean": 0.611101, "MAX:accuracy.max": 0.787, "ARGMAX:accuracy.max": [1, 455054], "MIN:accuracy.max": 0.7843, "ARGMIN:accuracy.max": [4, 458555], "MEAN:accuracy.max": 0.78531, "MAX:kappa.min": 0.10704914398063836, "ARGMAX:kappa.min": [0, 436322], "MIN:kappa.min": 0.07354868184475305, "ARGMIN:kappa.min": [7, 459576], "MEAN:kappa.min": 0.08921788351076823, "MAX:kappa.mean": 0.5764310706362812, "ARGMAX:kappa.mean": [0, 436322], "MIN:kappa.mean": 0.5636554716727816, "ARGMIN:kappa.mean": [9, 459236], "MEAN:kappa.mean": 0.5675473746798145, "MAX:kappa.max": 0.7633065790869895, "ARGMAX:kappa.max": [1, 455054], "MIN:kappa.max": 0.7603123127231591, "ARGMIN:kappa.max": [4, 458555], "MEAN:kappa.max": 0.7614303259333485}