{"MIN:log_loss.min": 0.06925196945878173, "MAX:log_loss.min": 0.10706781908162853, "MIN:log_loss.mean": 0.5143321825032562, "MAX:log_loss.mean": 0.7155119330791422, "MIN:log_loss.max": 8.289567449068935, "MAX:log_loss.max": 16.79234294635835, "MIN:accuracy.min": 0.3333333333333333, "MAX:accuracy.min": 0.62, "MIN:accuracy.mean": 0.8647333333333332, "MAX:accuracy.mean": 0.9091333333333331, "MIN:accuracy.max": 0.9733333333333334, "MAX:accuracy.max": 0.9733333333333334, "MIN:kappa.min": 0.0, "MAX:kappa.min": 0.43000000000000005, "MIN:kappa.mean": 0.7971, "MAX:kappa.mean": 0.8637, "MIN:kappa.max": 0.96, "MAX:kappa.max": 0.96}