{"MIN:log_loss.min": 0.190353890028562, "MAX:log_loss.min": 0.7546409940100828, "MIN:log_loss.mean": 0.7069864312045665, "MAX:log_loss.mean": 1.3349513335600287, "MIN:log_loss.max": 1.0986122868794426, "MAX:log_loss.max": 4.069911630964367, "MIN:accuracy.min": 0.3333333333333333, "MAX:accuracy.min": 0.62, "MIN:accuracy.mean": 0.6567333333333332, "MAX:accuracy.mean": 0.7274666666666667, "MIN:accuracy.max": 0.9133333333333333, "MAX:accuracy.max": 0.9466666666666667, "MIN:kappa.min": -2.220446049250313e-16, "MAX:kappa.min": 0.43000000000000005, "MIN:kappa.mean": 0.4851, "MAX:kappa.mean": 0.5912, "MIN:kappa.max": 0.87, "MAX:kappa.max": 0.92}