{"MIN:log_loss.min": 0.11786453379268674, "MAX:log_loss.min": 0.4014818367870491, "MIN:log_loss.mean": 0.33691305968118457, "MAX:log_loss.mean": 0.6298954849066272, "MIN:log_loss.max": 0.9297682497963331, "MAX:log_loss.max": 1.3502909983022142, "MIN:accuracy.min": 0.3333333333333333, "MAX:accuracy.min": 0.5933333333333334, "MIN:accuracy.mean": 0.8412666666666666, "MAX:accuracy.mean": 0.8833333333333334, "MIN:accuracy.max": 0.96, "MAX:accuracy.max": 0.9733333333333334, "MIN:kappa.min": -2.220446049250313e-16, "MAX:kappa.min": 0.39, "MIN:kappa.mean": 0.7619, "MAX:kappa.mean": 0.825, "MIN:kappa.max": 0.94, "MAX:kappa.max": 0.96}