{"MIN:log_loss.min": 0.44302148627777893, "MAX:log_loss.min": 0.8867295928638645, "MIN:log_loss.mean": 0.9541059453337697, "MAX:log_loss.mean": 7.0671475461308955, "MIN:log_loss.max": 1.2619860899212192, "MAX:log_loss.max": 21.92971474331538, "MIN:accuracy.min": 0.3333333333333333, "MAX:accuracy.min": 0.3333333333333333, "MIN:accuracy.mean": 0.5706000000000001, "MAX:accuracy.mean": 0.6230666666666667, "MIN:accuracy.max": 0.6666666666666666, "MAX:accuracy.max": 0.96, "MIN:kappa.min": 0.0, "MAX:kappa.min": 1.1102230246251565e-16, "MIN:kappa.mean": 0.35589999999999994, "MAX:kappa.mean": 0.43459999999999993, "MIN:kappa.max": 0.5, "MAX:kappa.max": 0.9400000000000001}