{"MIN:log_loss.min": 0.19350592159507626, "MAX:log_loss.min": 0.2940582447898808, "MIN:log_loss.mean": 0.4838867733395319, "MAX:log_loss.mean": 0.571018632900021, "MIN:log_loss.max": 1.2110087986354332, "MAX:log_loss.max": 1.2194498293241254, "MIN:accuracy.min": 0.3333333333333333, "MAX:accuracy.min": 0.3333333333333333, "MIN:accuracy.mean": 0.7617999999999998, "MAX:accuracy.mean": 0.8049999999999998, "MIN:accuracy.max": 0.9533333333333334, "MAX:accuracy.max": 0.96, "MIN:kappa.min": 0.0, "MAX:kappa.min": 0.0, "MIN:kappa.mean": 0.6427, "MAX:kappa.mean": 0.7075, "MIN:kappa.max": 0.9299999999999999, "MAX:kappa.max": 0.9400000000000001}