{"MIN:log_loss.min": 0.13270591439841284, "MAX:log_loss.min": 0.21573097589013657, "MIN:log_loss.mean": 0.3304935364436188, "MAX:log_loss.mean": 0.42204021565312966, "MIN:log_loss.max": 0.9788440057542671, "MAX:log_loss.max": 2.1187007353906933, "MIN:accuracy.min": 0.4066666666666667, "MAX:accuracy.min": 0.4533333333333333, "MIN:accuracy.mean": 0.8601999999999999, "MAX:accuracy.mean": 0.8725333333333335, "MIN:accuracy.max": 0.9333333333333333, "MAX:accuracy.max": 0.9466666666666667, "MIN:kappa.min": 0.10999999999999999, "MAX:kappa.min": 0.18000000000000005, "MIN:kappa.mean": 0.7903000000000001, "MAX:kappa.mean": 0.8088, "MIN:kappa.max": 0.9, "MAX:kappa.max": 0.92}