{"MIN:log_loss.min": 0.655558263874574, "MAX:log_loss.min": 0.7201876957189146, "MIN:log_loss.mean": 0.86043836490968, "MAX:log_loss.mean": 1.1579671561540665, "MIN:log_loss.max": 1.1866416100548949, "MAX:log_loss.max": 2.339708076398046, "MIN:accuracy.min": 0.6066666666666667, "MAX:accuracy.min": 0.6533333333333333, "MIN:accuracy.mean": 0.6891333333333334, "MAX:accuracy.mean": 0.6942666666666669, "MIN:accuracy.max": 0.9666666666666667, "MAX:accuracy.max": 0.9666666666666667, "MIN:kappa.min": 0.41000000000000003, "MAX:kappa.min": 0.48, "MIN:kappa.mean": 0.5337, "MAX:kappa.mean": 0.5413999999999999, "MIN:kappa.max": 0.95, "MAX:kappa.max": 0.95}