{"mean accuracy": 0.8158000000000001, "max accuracy": 0.9733333333333334, "mean kappa": 0.7236999999999999, "max kappa": 0.9600000000000001}