{"MIN:log_loss.min": 0.1414825796591154, "MAX:log_loss.min": 0.1697611701728762, "MIN:log_loss.mean": 0.18040865670976872, "MAX:log_loss.mean": 0.18772287849055355, "MIN:log_loss.max": 0.22883033795714425, "MAX:log_loss.max": 0.3778944874464355, "MIN:accuracy.min": 0.9333333333333333, "MAX:accuracy.min": 0.94, "MIN:accuracy.mean": 0.9436666666666662, "MAX:accuracy.mean": 0.9443333333333331, "MIN:accuracy.max": 0.9733333333333334, "MAX:accuracy.max": 0.9733333333333334, "MIN:kappa.min": 0.9, "MAX:kappa.min": 0.91, "MIN:kappa.mean": 0.9154999999999999, "MAX:kappa.mean": 0.9165000000000001, "MIN:kappa.max": 0.96, "MAX:kappa.max": 0.96}