{"MIN:log_loss.min": 0.35683341159816995, "MAX:log_loss.min": 0.6022089597457762, "MIN:log_loss.mean": 0.7266487870907004, "MAX:log_loss.mean": 0.8523733469172473, "MIN:log_loss.max": 1.0982513255073476, "MAX:log_loss.max": 1.0986114559638838, "MIN:accuracy.min": 0.3333333333333333, "MAX:accuracy.min": 0.62, "MIN:accuracy.mean": 0.6199999999999999, "MAX:accuracy.mean": 0.6614000000000001, "MIN:accuracy.max": 0.62, "MAX:accuracy.max": 0.6666666666666666, "MIN:kappa.min": 0.0, "MAX:kappa.min": 0.43000000000000005, "MIN:kappa.mean": 0.43, "MAX:kappa.mean": 0.49209999999999987, "MIN:kappa.max": 0.43000000000000005, "MAX:kappa.max": 0.5}