{"MIN:log_loss.min": 0.6044543098784779, "MAX:log_loss.min": 1.010709654913599, "MIN:log_loss.mean": 0.8301078521546308, "MAX:log_loss.mean": 1.3627388842282115, "MIN:log_loss.max": 0.992978849440627, "MAX:log_loss.max": 4.133134484666774, "MIN:accuracy.min": 0.6666666666666666, "MAX:accuracy.min": 0.6666666666666666, "MIN:accuracy.mean": 0.6666666666666669, "MAX:accuracy.mean": 0.6666666666666669, "MIN:accuracy.max": 0.6666666666666666, "MAX:accuracy.max": 0.6666666666666666, "MIN:kappa.min": 0.5, "MAX:kappa.min": 0.5, "MIN:kappa.mean": 0.5, "MAX:kappa.mean": 0.5, "MIN:kappa.max": 0.5, "MAX:kappa.max": 0.5}