{"MIN:log_loss.min": 0.22041836820710767, "MAX:log_loss.min": 0.3695189221564748, "MIN:log_loss.mean": 0.4952704153034816, "MAX:log_loss.mean": 0.7695985115889377, "MIN:log_loss.max": 0.8375628301554525, "MAX:log_loss.max": 3.8300284636017614, "MIN:accuracy.min": 0.3333333333333333, "MAX:accuracy.min": 0.6666666666666666, "MIN:accuracy.mean": 0.7892666666666664, "MAX:accuracy.mean": 0.8076666666666665, "MIN:accuracy.max": 0.9333333333333333, "MAX:accuracy.max": 0.9666666666666667, "MIN:kappa.min": 0.0, "MAX:kappa.min": 0.5, "MIN:kappa.mean": 0.6838999999999998, "MAX:kappa.mean": 0.7114999999999999, "MIN:kappa.max": 0.9, "MAX:kappa.max": 0.95}