{"MIN:log_loss.min": 0.8395346385677692, "MAX:log_loss.min": 0.9689206756370614, "MIN:log_loss.mean": 1.0060159172004912, "MAX:log_loss.mean": 1.0475289329918125, "MIN:log_loss.max": 1.0985977879998836, "MAX:log_loss.max": 1.1240988042187743, "MIN:accuracy.min": 0.37333333333333335, "MAX:accuracy.min": 0.6666666666666666, "MIN:accuracy.mean": 0.6589333333333335, "MAX:accuracy.mean": 0.6886666666666668, "MIN:accuracy.max": 0.6666666666666666, "MAX:accuracy.max": 0.96, "MIN:kappa.min": 0.06000000000000005, "MAX:kappa.min": 0.5, "MIN:kappa.mean": 0.48840000000000006, "MAX:kappa.mean": 0.5329999999999999, "MIN:kappa.max": 0.5, "MAX:kappa.max": 0.9400000000000001}