{"MIN:log_loss.min": 0.12516476742157104, "MAX:log_loss.min": 0.30495434414194267, "MIN:log_loss.mean": 0.2927403631462081, "MAX:log_loss.mean": 0.6977109506447325, "MIN:log_loss.max": 1.8066870318015291, "MAX:log_loss.max": 13.113505381095434, "MIN:accuracy.min": 0.3333333333333333, "MAX:accuracy.min": 0.66, "MIN:accuracy.mean": 0.8824, "MAX:accuracy.mean": 0.9050666666666666, "MIN:accuracy.max": 0.9666666666666667, "MAX:accuracy.max": 0.9733333333333334, "MIN:kappa.min": 0.0, "MAX:kappa.min": 0.49, "MIN:kappa.mean": 0.8235999999999999, "MAX:kappa.mean": 0.8575999999999999, "MIN:kappa.max": 0.95, "MAX:kappa.max": 0.96}