{"mean accuracy": 0.7151333333333335, "max accuracy": 0.9466666666666665, "mean kappa": 0.5727, "max kappa": 0.9199999999999998}