{"MIN:log_loss.min": 0.5871779035599969, "MAX:log_loss.min": 0.5871779035599969, "MIN:log_loss.mean": 1.0092852457353876, "MAX:log_loss.mean": 1.0092852457353876, "MIN:log_loss.max": 1.4577103872402906, "MAX:log_loss.max": 1.4577103872402906, "MIN:accuracy.min": 0.36, "MAX:accuracy.min": 0.36, "MIN:accuracy.mean": 0.6137333333333334, "MAX:accuracy.mean": 0.6137333333333334, "MIN:accuracy.max": 0.96, "MAX:accuracy.max": 0.96, "MIN:kappa.min": 0.040000000000000036, "MAX:kappa.min": 0.040000000000000036, "MIN:kappa.mean": 0.42060000000000003, "MAX:kappa.mean": 0.42060000000000003, "MIN:kappa.max": 0.94, "MAX:kappa.max": 0.94}