{"MIN:log_loss.min": 0.684717355584019, "MAX:log_loss.min": 0.9318215178791281, "MIN:log_loss.mean": 0.899231367166114, "MAX:log_loss.mean": 2.001665679950989, "MIN:log_loss.max": 1.6742568069847195, "MAX:log_loss.max": 11.96670512020371, "MIN:accuracy.min": 0.3333333333333333, "MAX:accuracy.min": 0.5266666666666666, "MIN:accuracy.mean": 0.5894666666666667, "MAX:accuracy.mean": 0.663266666666667, "MIN:accuracy.max": 0.6666666666666666, "MAX:accuracy.max": 0.96, "MIN:kappa.min": -2.220446049250313e-16, "MAX:kappa.min": 0.29000000000000004, "MIN:kappa.mean": 0.38420000000000004, "MAX:kappa.mean": 0.4949, "MIN:kappa.max": 0.5, "MAX:kappa.max": 0.9400000000000001}