{"MIN:log_loss.min": 0.2168097456176415, "MAX:log_loss.min": 0.3184720126733594, "MIN:log_loss.mean": 0.45939523685723266, "MAX:log_loss.mean": 0.47995689045587864, "MIN:log_loss.max": 0.7859055940431301, "MAX:log_loss.max": 3.374998480555644, "MIN:accuracy.min": 0.5266666666666666, "MAX:accuracy.min": 0.7133333333333334, "MIN:accuracy.mean": 0.8658000000000001, "MAX:accuracy.mean": 0.9409333333333332, "MIN:accuracy.max": 0.9333333333333333, "MAX:accuracy.max": 0.96, "MIN:kappa.min": 0.29000000000000004, "MAX:kappa.min": 0.5700000000000001, "MIN:kappa.mean": 0.7987000000000001, "MAX:kappa.mean": 0.9113999999999999, "MIN:kappa.max": 0.9, "MAX:kappa.max": 0.9400000000000001}