{"mean accuracy": 0.8346666666666667, "max accuracy": 0.9733333333333334, "mean kappa": 0.7519999999999998, "max kappa": 0.9600000000000001}