{"MIN:log_loss.min": 0.15939910944856403, "MAX:log_loss.min": 0.31092491579355763, "MIN:log_loss.mean": 0.5642194791320382, "MAX:log_loss.mean": 0.6089028052724903, "MIN:log_loss.max": 1.098596482929776, "MAX:log_loss.max": 1.0986000244870877, "MIN:accuracy.min": 0.3333333333333333, "MAX:accuracy.min": 0.6666666666666666, "MIN:accuracy.mean": 0.7788, "MAX:accuracy.mean": 0.8560666666666666, "MIN:accuracy.max": 0.9533333333333334, "MAX:accuracy.max": 0.9666666666666667, "MIN:kappa.min": 0.0, "MAX:kappa.min": 0.5, "MIN:kappa.mean": 0.6682000000000001, "MAX:kappa.mean": 0.7841000000000001, "MIN:kappa.max": 0.93, "MAX:kappa.max": 0.95}