{"MIN:log_loss.min": 0.6076321710885727, "MAX:log_loss.min": 0.8280285981399258, "MIN:log_loss.mean": 0.8107270117533318, "MAX:log_loss.mean": 0.962629654684504, "MIN:log_loss.max": 1.1629396305757231, "MAX:log_loss.max": 1.179719760467135, "MIN:accuracy.min": 0.3333333333333333, "MAX:accuracy.min": 0.6066666666666667, "MIN:accuracy.mean": 0.6481333333333335, "MAX:accuracy.mean": 0.6834, "MIN:accuracy.max": 0.8733333333333333, "MAX:accuracy.max": 0.96, "MIN:kappa.min": -2.220446049250313e-16, "MAX:kappa.min": 0.41000000000000003, "MIN:kappa.mean": 0.47220000000000006, "MAX:kappa.mean": 0.5251000000000001, "MIN:kappa.max": 0.81, "MAX:kappa.max": 0.9400000000000001}