{"MIN:log_loss.min": 0.3650346308356849, "MAX:log_loss.min": 0.383366429617804, "MIN:log_loss.mean": 2.3801610103976754, "MAX:log_loss.mean": 2.478836871354025, "MIN:log_loss.max": 22.581273116386967, "MAX:log_loss.max": 23.025850929940454, "MIN:accuracy.min": 0.3333333333333333, "MAX:accuracy.min": 0.3333333333333333, "MIN:accuracy.mean": 0.6905333333333331, "MAX:accuracy.mean": 0.7290666666666665, "MIN:accuracy.max": 0.96, "MAX:accuracy.max": 0.96, "MIN:kappa.min": 0.0, "MAX:kappa.min": 0.0, "MIN:kappa.mean": 0.5357999999999998, "MAX:kappa.mean": 0.5935999999999999, "MIN:kappa.max": 0.94, "MAX:kappa.max": 0.9400000000000001}