{"MIN:log_loss.min": 0.12497040093068283, "MAX:log_loss.min": 0.33610958081045256, "MIN:log_loss.mean": 0.7202572310310903, "MAX:log_loss.mean": 6.359035792604299, "MIN:log_loss.max": 5.756462732485113, "MAX:log_loss.max": 23.025850929940454, "MIN:accuracy.min": 0.3333333333333333, "MAX:accuracy.min": 0.66, "MIN:accuracy.mean": 0.7640000000000002, "MAX:accuracy.mean": 0.8832, "MIN:accuracy.max": 0.9333333333333333, "MAX:accuracy.max": 0.96, "MIN:kappa.min": 0.0, "MAX:kappa.min": 0.49, "MIN:kappa.mean": 0.6459999999999999, "MAX:kappa.mean": 0.8247999999999998, "MIN:kappa.max": 0.9, "MAX:kappa.max": 0.9400000000000001}