{"MIN:log_loss.min": 0.13445522644980612, "MAX:log_loss.min": 0.13445522644980612, "MIN:log_loss.mean": 0.4696771649824923, "MAX:log_loss.mean": 0.4696771649824923, "MIN:log_loss.max": 1.0971682672833523, "MAX:log_loss.max": 1.0971682672833523, "MIN:accuracy.min": 0.96, "MAX:accuracy.min": 0.96, "MIN:accuracy.mean": 0.96, "MAX:accuracy.mean": 0.96, "MIN:accuracy.max": 0.96, "MAX:accuracy.max": 0.96, "MIN:kappa.min": 0.94, "MAX:kappa.min": 0.94, "MIN:kappa.mean": 0.9399999999999996, "MAX:kappa.mean": 0.9399999999999996, "MIN:kappa.max": 0.94, "MAX:kappa.max": 0.94}