{"MIN:log_loss.min": 0.19493569912723085, "MAX:log_loss.min": 0.917767517264285, "MIN:log_loss.mean": 0.8700597486320512, "MAX:log_loss.mean": 5.685806397315166, "MIN:log_loss.max": 1.1003528588470817, "MAX:log_loss.max": 16.622168760804257, "MIN:accuracy.min": 0.25333333333333335, "MAX:accuracy.min": 0.3333333333333333, "MIN:accuracy.mean": 0.5155333333333334, "MAX:accuracy.mean": 0.6157333333333332, "MIN:accuracy.max": 0.6666666666666666, "MAX:accuracy.max": 0.96, "MIN:kappa.min": -0.1200000000000001, "MAX:kappa.min": 0.0, "MIN:kappa.mean": 0.2733, "MAX:kappa.mean": 0.4236000000000001, "MIN:kappa.max": 0.5, "MAX:kappa.max": 0.94}