{"MIN:log_loss.min": 0.19778337426232667, "MAX:log_loss.min": 0.38126159388617514, "MIN:log_loss.mean": 0.43592028325683563, "MAX:log_loss.mean": 0.47976168413129755, "MIN:log_loss.max": 1.0362966583441475, "MAX:log_loss.max": 1.3958976217460475, "MIN:accuracy.min": 0.3333333333333333, "MAX:accuracy.min": 0.3333333333333333, "MIN:accuracy.mean": 0.8044666666666664, "MAX:accuracy.mean": 0.8582666666666668, "MIN:accuracy.max": 0.94, "MAX:accuracy.max": 0.9666666666666667, "MIN:kappa.min": 0.0, "MAX:kappa.min": 0.0, "MIN:kappa.mean": 0.7067, "MAX:kappa.mean": 0.7874, "MIN:kappa.max": 0.91, "MAX:kappa.max": 0.95}