{"MIN:log_loss.min": 0.27463106942124016, "MAX:log_loss.min": 0.8662928645573125, "MIN:log_loss.mean": 0.5254972424496512, "MAX:log_loss.mean": 0.923626897744888, "MIN:log_loss.max": 1.0113804990925261, "MAX:log_loss.max": 2.802010479528885, "MIN:accuracy.min": 0.3333333333333333, "MAX:accuracy.min": 0.56, "MIN:accuracy.mean": 0.7188, "MAX:accuracy.mean": 0.7781333333333335, "MIN:accuracy.max": 0.9333333333333333, "MAX:accuracy.max": 0.9733333333333334, "MIN:kappa.min": 0.0, "MAX:kappa.min": 0.33999999999999997, "MIN:kappa.mean": 0.5782, "MAX:kappa.mean": 0.6672, "MIN:kappa.max": 0.9, "MAX:kappa.max": 0.96}