{"mean accuracy": 0.7470666666666669, "max accuracy": 0.96, "mean kappa": 0.6205999999999999, "max kappa": 0.94}