{"MIN:log_loss.min": 0.49071189505139445, "MAX:log_loss.min": 0.6610920013509731, "MIN:log_loss.mean": 0.9326035068051763, "MAX:log_loss.mean": 1.0384417574567137, "MIN:log_loss.max": 1.4011536419636785, "MAX:log_loss.max": 1.8245150698106625, "MIN:accuracy.min": 0.0, "MAX:accuracy.min": 0.3333333333333333, "MIN:accuracy.mean": 0.5289333333333333, "MAX:accuracy.mean": 0.5646, "MIN:accuracy.max": 0.94, "MAX:accuracy.max": 0.96, "MIN:kappa.min": -0.5, "MAX:kappa.min": 0.0, "MIN:kappa.mean": 0.2934, "MAX:kappa.mean": 0.34690000000000004, "MIN:kappa.max": 0.91, "MAX:kappa.max": 0.9400000000000001}