{"MIN:log_loss.min": 0.33180445314608076, "MAX:log_loss.min": 0.4189921685125592, "MIN:log_loss.mean": 0.9876685509554569, "MAX:log_loss.mean": 1.239474061443199, "MIN:log_loss.max": 7.304570166130479, "MAX:log_loss.max": 10.691655563607092, "MIN:accuracy.min": 0.3333333333333333, "MAX:accuracy.min": 0.3466666666666667, "MIN:accuracy.mean": 0.7356666666666666, "MAX:accuracy.mean": 0.795, "MIN:accuracy.max": 0.9466666666666667, "MAX:accuracy.max": 0.96, "MIN:kappa.min": 0.0, "MAX:kappa.min": 0.020000000000000018, "MIN:kappa.mean": 0.6035, "MAX:kappa.mean": 0.6925, "MIN:kappa.max": 0.92, "MAX:kappa.max": 0.9400000000000001}