{"MIN:log_loss.min": 0.11096280610784194, "MAX:log_loss.min": 0.1634678701848784, "MIN:log_loss.mean": 0.4547851761692139, "MAX:log_loss.mean": 0.6629723820838711, "MIN:log_loss.max": 1.5316952264816255, "MAX:log_loss.max": 7.558157875581656, "MIN:accuracy.min": 0.3466666666666667, "MAX:accuracy.min": 0.8266666666666667, "MIN:accuracy.mean": 0.9197333333333332, "MAX:accuracy.mean": 0.9502666666666666, "MIN:accuracy.max": 0.96, "MAX:accuracy.max": 0.9666666666666667, "MIN:kappa.min": 0.019999999999999907, "MAX:kappa.min": 0.74, "MIN:kappa.mean": 0.8796, "MAX:kappa.mean": 0.9253999999999999, "MIN:kappa.max": 0.94, "MAX:kappa.max": 0.95}