{"MIN:log_loss.min": 0.2524164664365928, "MAX:log_loss.min": 0.5804086750882013, "MIN:log_loss.mean": 0.3991974476550692, "MAX:log_loss.mean": 0.7338978333071782, "MIN:log_loss.max": 0.8712731948880764, "MAX:log_loss.max": 0.9998470759208561, "MIN:accuracy.min": 0.3333333333333333, "MAX:accuracy.min": 0.6666666666666666, "MIN:accuracy.mean": 0.8489333333333334, "MAX:accuracy.mean": 0.8826666666666665, "MIN:accuracy.max": 0.96, "MAX:accuracy.max": 0.96, "MIN:kappa.min": 0.0, "MAX:kappa.min": 0.5, "MIN:kappa.mean": 0.7733999999999999, "MAX:kappa.mean": 0.8240000000000001, "MIN:kappa.max": 0.94, "MAX:kappa.max": 0.9400000000000001}