{"MIN:log_loss.min": 0.16634269169575888, "MAX:log_loss.min": 0.4152032966105402, "MIN:log_loss.mean": 0.6709135250955088, "MAX:log_loss.mean": 0.7358422588013178, "MIN:log_loss.max": 1.097728655605463, "MAX:log_loss.max": 1.0978410002726708, "MIN:accuracy.min": 0.3333333333333333, "MAX:accuracy.min": 0.6133333333333333, "MIN:accuracy.mean": 0.7099333333333331, "MAX:accuracy.mean": 0.7634666666666666, "MIN:accuracy.max": 0.88, "MAX:accuracy.max": 0.96, "MIN:kappa.min": 1.1102230246251565e-16, "MAX:kappa.min": 0.42000000000000004, "MIN:kappa.mean": 0.5649000000000001, "MAX:kappa.mean": 0.6451999999999998, "MIN:kappa.max": 0.8200000000000001, "MAX:kappa.max": 0.94}