{"MIN:log_loss.min": 0.12159815077250165, "MAX:log_loss.min": 0.174622684593752, "MIN:log_loss.mean": 0.5268898393819536, "MAX:log_loss.mean": 0.58896333658354, "MIN:log_loss.max": 1.0988861624160453, "MAX:log_loss.max": 1.0996209425069745, "MIN:accuracy.min": 0.3333333333333333, "MAX:accuracy.min": 0.5533333333333333, "MIN:accuracy.mean": 0.7936666666666666, "MAX:accuracy.mean": 0.8101999999999998, "MIN:accuracy.max": 0.9533333333333334, "MAX:accuracy.max": 0.96, "MIN:kappa.min": 0.0, "MAX:kappa.min": 0.32999999999999996, "MIN:kappa.mean": 0.6905, "MAX:kappa.mean": 0.7153, "MIN:kappa.max": 0.9299999999999999, "MAX:kappa.max": 0.9400000000000001}