{"MIN:log_loss.min": 0.5377812013411368, "MAX:log_loss.min": 0.7716644145804394, "MIN:log_loss.mean": 0.6783217571015127, "MAX:log_loss.mean": 0.9543726228975548, "MIN:log_loss.max": 1.0694794137723271, "MAX:log_loss.max": 1.8549069417098576, "MIN:accuracy.min": 0.46, "MAX:accuracy.min": 0.6666666666666666, "MIN:accuracy.mean": 0.7020666666666666, "MAX:accuracy.mean": 0.7252, "MIN:accuracy.max": 0.9466666666666667, "MAX:accuracy.max": 0.96, "MIN:kappa.min": 0.18999999999999995, "MAX:kappa.min": 0.5, "MIN:kappa.mean": 0.5530999999999999, "MAX:kappa.mean": 0.5878000000000001, "MIN:kappa.max": 0.92, "MAX:kappa.max": 0.9400000000000001}