{"MIN:log_loss.min": 0.3718094537156797, "MAX:log_loss.min": 0.4140478795165083, "MIN:log_loss.mean": 2.0107573339174407, "MAX:log_loss.mean": 2.7430952163260947, "MIN:log_loss.max": 21.609783912749613, "MAX:log_loss.max": 23.025850929940454, "MIN:accuracy.min": 0.3333333333333333, "MAX:accuracy.min": 0.3333333333333333, "MIN:accuracy.mean": 0.6611999999999999, "MAX:accuracy.mean": 0.7697333333333333, "MIN:accuracy.max": 0.9533333333333334, "MAX:accuracy.max": 0.96, "MIN:kappa.min": -2.220446049250313e-16, "MAX:kappa.min": 0.0, "MIN:kappa.mean": 0.4917999999999999, "MAX:kappa.mean": 0.6546000000000001, "MIN:kappa.max": 0.9299999999999999, "MAX:kappa.max": 0.9400000000000001}