{"MIN:log_loss.min": 0.11393927836592734, "MAX:log_loss.min": 0.29163254698792496, "MIN:log_loss.mean": 0.5211002204484365, "MAX:log_loss.mean": 0.5710507032202519, "MIN:log_loss.max": 1.0339765493220308, "MAX:log_loss.max": 1.1079753244104271, "MIN:accuracy.min": 0.88, "MAX:accuracy.min": 0.9333333333333333, "MIN:accuracy.mean": 0.9417333333333333, "MAX:accuracy.mean": 0.9578666666666666, "MIN:accuracy.max": 0.96, "MAX:accuracy.max": 0.96, "MIN:kappa.min": 0.8200000000000001, "MAX:kappa.min": 0.9, "MIN:kappa.mean": 0.9125999999999999, "MAX:kappa.mean": 0.9367999999999996, "MIN:kappa.max": 0.94, "MAX:kappa.max": 0.94}