{"MIN:log_loss.min": 0.47942849574676794, "MAX:log_loss.min": 0.5650275945058015, "MIN:log_loss.mean": 0.5362728746213645, "MAX:log_loss.mean": 0.6802384492047173, "MIN:log_loss.max": 0.8178525188362701, "MAX:log_loss.max": 1.0394058325363165, "MIN:accuracy.min": 0.36, "MAX:accuracy.min": 0.6666666666666666, "MIN:accuracy.mean": 0.6619333333333333, "MAX:accuracy.mean": 0.8545999999999999, "MIN:accuracy.max": 0.6666666666666666, "MAX:accuracy.max": 0.9733333333333334, "MIN:kappa.min": 0.039999999999999813, "MAX:kappa.min": 0.5, "MIN:kappa.mean": 0.4928999999999999, "MAX:kappa.mean": 0.7818999999999998, "MIN:kappa.max": 0.5, "MAX:kappa.max": 0.96}