{"MIN:log_loss.min": 0.2705187810514979, "MAX:log_loss.min": 0.2995566041214477, "MIN:log_loss.mean": 0.9030328418473772, "MAX:log_loss.mean": 1.0480962035894414, "MIN:log_loss.max": 13.006573176614493, "MAX:log_loss.max": 13.934881209911827, "MIN:accuracy.min": 0.3333333333333333, "MAX:accuracy.min": 0.3333333333333333, "MIN:accuracy.mean": 0.8303999999999998, "MAX:accuracy.mean": 0.8583333333333334, "MIN:accuracy.max": 0.96, "MAX:accuracy.max": 0.9666666666666667, "MIN:kappa.min": 0.0, "MAX:kappa.min": 0.0, "MIN:kappa.mean": 0.7455999999999999, "MAX:kappa.mean": 0.7875, "MIN:kappa.max": 0.9400000000000001, "MAX:kappa.max": 0.95}