{"mean accuracy": 0.914733333333333, "max accuracy": 0.9666666666666668, "mean kappa": 0.8721, "max kappa": 0.9500000000000002}