{"MIN:log_loss.min": 0.6879578763970267, "MAX:log_loss.min": 0.9970367385609495, "MIN:log_loss.mean": 0.9531403854119718, "MAX:log_loss.mean": 1.0864293587809484, "MIN:log_loss.max": 1.171321308769707, "MAX:log_loss.max": 1.3877441328179125, "MIN:accuracy.min": 0.3333333333333333, "MAX:accuracy.min": 0.36666666666666664, "MIN:accuracy.mean": 0.5757333333333334, "MAX:accuracy.mean": 0.5934666666666667, "MIN:accuracy.max": 0.6666666666666666, "MAX:accuracy.max": 0.96, "MIN:kappa.min": -2.220446049250313e-16, "MAX:kappa.min": 0.050000000000000044, "MIN:kappa.mean": 0.3636000000000001, "MAX:kappa.mean": 0.39019999999999994, "MIN:kappa.max": 0.5, "MAX:kappa.max": 0.94}