{"MIN:log_loss.min": 0.381413260914011, "MAX:log_loss.min": 0.6474063871360473, "MIN:log_loss.mean": 1.356447540621601, "MAX:log_loss.mean": 4.747455341139732, "MIN:log_loss.max": 2.781318902989044, "MAX:log_loss.max": 12.670927268061057, "MIN:accuracy.min": 0.3333333333333333, "MAX:accuracy.min": 0.56, "MIN:accuracy.mean": 0.612, "MAX:accuracy.mean": 0.6396666666666667, "MIN:accuracy.max": 0.94, "MAX:accuracy.max": 0.9666666666666667, "MIN:kappa.min": -2.220446049250313e-16, "MAX:kappa.min": 0.33999999999999997, "MIN:kappa.mean": 0.418, "MAX:kappa.mean": 0.4595000000000001, "MIN:kappa.max": 0.91, "MAX:kappa.max": 0.95}