{"MIN:log_loss.min": 0.09047509706206239, "MAX:log_loss.min": 0.10110943473415791, "MIN:log_loss.mean": 0.8312369873953684, "MAX:log_loss.mean": 0.9048484261377127, "MIN:log_loss.max": 8.289306334778566, "MAX:log_loss.max": 8.749823353377375, "MIN:accuracy.min": 0.3333333333333333, "MAX:accuracy.min": 0.3333333333333333, "MIN:accuracy.mean": 0.8141333333333334, "MAX:accuracy.mean": 0.8564, "MIN:accuracy.max": 0.96, "MAX:accuracy.max": 0.9666666666666667, "MIN:kappa.min": -2.220446049250313e-16, "MAX:kappa.min": 1.1102230246251565e-16, "MIN:kappa.mean": 0.7212000000000001, "MAX:kappa.mean": 0.7846, "MIN:kappa.max": 0.9400000000000001, "MAX:kappa.max": 0.95}