{"MIN:log_loss.min": 0.41427280221279766, "MAX:log_loss.min": 0.8344596888921325, "MIN:log_loss.mean": 0.7929606698018083, "MAX:log_loss.mean": 5.121618776382437, "MIN:log_loss.max": 1.0861350985201754, "MAX:log_loss.max": 22.963880622349397, "MIN:accuracy.min": 0.25333333333333335, "MAX:accuracy.min": 0.6666666666666666, "MIN:accuracy.mean": 0.5700666666666666, "MAX:accuracy.mean": 0.6666666666666669, "MIN:accuracy.max": 0.6666666666666666, "MAX:accuracy.max": 0.9666666666666667, "MIN:kappa.min": -0.1200000000000001, "MAX:kappa.min": 0.5, "MIN:kappa.mean": 0.35509999999999997, "MAX:kappa.mean": 0.5, "MIN:kappa.max": 0.5, "MAX:kappa.max": 0.95}