{"MIN:log_loss.min": 0.13231882018890498, "MAX:log_loss.min": 0.7339177377614836, "MIN:log_loss.mean": 0.7683938725554278, "MAX:log_loss.mean": 0.8812115435309457, "MIN:log_loss.max": 1.1242783594841304, "MAX:log_loss.max": 8.094680938612042, "MIN:accuracy.min": 0.3333333333333333, "MAX:accuracy.min": 0.3333333333333333, "MIN:accuracy.mean": 0.6240666666666667, "MAX:accuracy.mean": 0.7465333333333333, "MIN:accuracy.max": 0.94, "MAX:accuracy.max": 0.96, "MIN:kappa.min": 0.0, "MAX:kappa.min": 0.0, "MIN:kappa.mean": 0.4361, "MAX:kappa.mean": 0.6198, "MIN:kappa.max": 0.91, "MAX:kappa.max": 0.9400000000000001}