{"MIN:log_loss.min": 0.4671732156659547, "MAX:log_loss.min": 0.9329189657369599, "MIN:log_loss.mean": 0.9031354580363546, "MAX:log_loss.mean": 2.771269852297917, "MIN:log_loss.max": 1.124500662349157, "MAX:log_loss.max": 11.892919849593685, "MIN:accuracy.min": 0.3333333333333333, "MAX:accuracy.min": 0.66, "MIN:accuracy.mean": 0.6274666666666666, "MAX:accuracy.mean": 0.6769999999999999, "MIN:accuracy.max": 0.6666666666666666, "MAX:accuracy.max": 0.96, "MIN:kappa.min": -2.220446049250313e-16, "MAX:kappa.min": 0.49, "MIN:kappa.mean": 0.4411999999999999, "MAX:kappa.mean": 0.5155, "MIN:kappa.max": 0.5, "MAX:kappa.max": 0.9400000000000001}