{"MIN:log_loss.min": 0.4272879896711942, "MAX:log_loss.min": 0.4745405994489888, "MIN:log_loss.mean": 0.6785739261800989, "MAX:log_loss.mean": 0.7221167601090452, "MIN:log_loss.max": 1.2138830047398521, "MAX:log_loss.max": 1.2139427899096484, "MIN:accuracy.min": 0.3333333333333333, "MAX:accuracy.min": 0.3333333333333333, "MIN:accuracy.mean": 0.6849333333333334, "MAX:accuracy.mean": 0.7002666666666667, "MIN:accuracy.max": 0.92, "MAX:accuracy.max": 0.96, "MIN:kappa.min": 0.0, "MAX:kappa.min": 0.0, "MIN:kappa.mean": 0.5274000000000001, "MAX:kappa.mean": 0.5504000000000001, "MIN:kappa.max": 0.88, "MAX:kappa.max": 0.9400000000000001}