{"MIN:log_loss.min": 0.1220414641851506, "MAX:log_loss.min": 0.7299636146738598, "MIN:log_loss.mean": 1.0232226290426338, "MAX:log_loss.mean": 3.3698276430041822, "MIN:log_loss.max": 1.8005397792636075, "MAX:log_loss.max": 18.02419218018843, "MIN:accuracy.min": 0.3333333333333333, "MAX:accuracy.min": 0.6066666666666667, "MIN:accuracy.mean": 0.6167333333333334, "MAX:accuracy.mean": 0.7075333333333333, "MIN:accuracy.max": 0.9466666666666667, "MAX:accuracy.max": 0.96, "MIN:kappa.min": -2.220446049250313e-16, "MAX:kappa.min": 0.41000000000000003, "MIN:kappa.mean": 0.4251, "MAX:kappa.mean": 0.5613, "MIN:kappa.max": 0.92, "MAX:kappa.max": 0.9400000000000001}