{"MIN:log_loss.min": 0.5417731881173825, "MAX:log_loss.min": 0.7714825348495422, "MIN:log_loss.mean": 0.9243076968470789, "MAX:log_loss.mean": 1.3401183953187767, "MIN:log_loss.max": 1.2114673481149085, "MAX:log_loss.max": 2.59467968795662, "MIN:accuracy.min": 0.3333333333333333, "MAX:accuracy.min": 0.3333333333333333, "MIN:accuracy.mean": 0.5578666666666665, "MAX:accuracy.mean": 0.6368666666666667, "MIN:accuracy.max": 0.6666666666666666, "MAX:accuracy.max": 0.9533333333333334, "MIN:kappa.min": 0.0, "MAX:kappa.min": 0.0, "MIN:kappa.mean": 0.3368, "MAX:kappa.mean": 0.45530000000000004, "MIN:kappa.max": 0.5, "MAX:kappa.max": 0.9299999999999999}