{"MIN:log_loss.min": 0.11196079848635554, "MAX:log_loss.min": 0.11594476079279159, "MIN:log_loss.mean": 0.45737024528644865, "MAX:log_loss.mean": 0.5466155455683811, "MIN:log_loss.max": 11.512925464970229, "MAX:log_loss.max": 13.12473503006606, "MIN:accuracy.min": 0.35333333333333333, "MAX:accuracy.min": 0.6666666666666666, "MIN:accuracy.mean": 0.8935333333333333, "MAX:accuracy.mean": 0.9434, "MIN:accuracy.max": 0.96, "MAX:accuracy.max": 0.9666666666666667, "MIN:kappa.min": 0.030000000000000027, "MAX:kappa.min": 0.5, "MIN:kappa.mean": 0.8402999999999998, "MAX:kappa.mean": 0.9150999999999999, "MIN:kappa.max": 0.9400000000000001, "MAX:kappa.max": 0.95}