{"MIN:log_loss.min": 0.12674483296196895, "MAX:log_loss.min": 0.2736387465727999, "MIN:log_loss.mean": 0.63641370090377, "MAX:log_loss.mean": 0.8348940646881395, "MIN:log_loss.max": 1.0981688482996848, "MAX:log_loss.max": 1.6513512641581938, "MIN:accuracy.min": 0.16, "MAX:accuracy.min": 0.3333333333333333, "MIN:accuracy.mean": 0.6438666666666666, "MAX:accuracy.mean": 0.7121333333333331, "MIN:accuracy.max": 0.96, "MAX:accuracy.max": 0.9666666666666667, "MIN:kappa.min": -0.26, "MAX:kappa.min": 0.0, "MIN:kappa.mean": 0.4658, "MAX:kappa.mean": 0.5682, "MIN:kappa.max": 0.94, "MAX:kappa.max": 0.95}