{"MIN:log_loss.min": 0.12193377231345816, "MAX:log_loss.min": 0.14309808380250003, "MIN:log_loss.mean": 0.8355789604635017, "MAX:log_loss.mean": 0.9672138720409353, "MIN:log_loss.max": 6.677496769682733, "MAX:log_loss.max": 15.427320123060108, "MIN:accuracy.min": 0.38, "MAX:accuracy.min": 0.5533333333333333, "MIN:accuracy.mean": 0.8787333333333334, "MAX:accuracy.mean": 0.9451999999999997, "MIN:accuracy.max": 0.96, "MAX:accuracy.max": 0.9666666666666667, "MIN:kappa.min": 0.06999999999999995, "MAX:kappa.min": 0.32999999999999996, "MIN:kappa.mean": 0.8180999999999998, "MAX:kappa.mean": 0.9177999999999998, "MIN:kappa.max": 0.9400000000000001, "MAX:kappa.max": 0.95}