{"MIN:log_loss.min": 0.2644065708860531, "MAX:log_loss.min": 0.2644065708860531, "MIN:log_loss.mean": 0.614844988613811, "MAX:log_loss.mean": 0.614844988613811, "MIN:log_loss.max": 1.098552140176886, "MAX:log_loss.max": 1.098552140176886, "MIN:accuracy.min": 0.6666666666666666, "MAX:accuracy.min": 0.6666666666666666, "MIN:accuracy.mean": 0.7828666666666667, "MAX:accuracy.mean": 0.7828666666666667, "MIN:accuracy.max": 0.96, "MAX:accuracy.max": 0.96, "MIN:kappa.min": 0.5, "MAX:kappa.min": 0.5, "MIN:kappa.mean": 0.6743000000000001, "MAX:kappa.mean": 0.6743000000000001, "MIN:kappa.max": 0.94, "MAX:kappa.max": 0.94}