{"MIN:log_loss.min": 0.24580038403620344, "MAX:log_loss.min": 0.33391434330406694, "MIN:log_loss.mean": 0.5720984002881402, "MAX:log_loss.mean": 0.649772505999663, "MIN:log_loss.max": 1.0986095038425971, "MAX:log_loss.max": 1.0986099296607024, "MIN:accuracy.min": 0.3333333333333333, "MAX:accuracy.min": 0.6333333333333333, "MIN:accuracy.mean": 0.7521333333333331, "MAX:accuracy.mean": 0.7884, "MIN:accuracy.max": 0.9466666666666667, "MAX:accuracy.max": 0.9666666666666667, "MIN:kappa.min": 0.0, "MAX:kappa.min": 0.44999999999999996, "MIN:kappa.mean": 0.6282, "MAX:kappa.mean": 0.6826000000000001, "MIN:kappa.max": 0.92, "MAX:kappa.max": 0.95}