{"MIN:log_loss.min": 0.26077683714855754, "MAX:log_loss.min": 0.8561593753810149, "MIN:log_loss.mean": 0.5437453610764357, "MAX:log_loss.mean": 1.1696760791291796, "MIN:log_loss.max": 1.023178277478649, "MAX:log_loss.max": 11.729082290810105, "MIN:accuracy.min": 0.05333333333333334, "MAX:accuracy.min": 0.66, "MIN:accuracy.mean": 0.7017333333333334, "MAX:accuracy.mean": 0.8262000000000002, "MIN:accuracy.max": 0.9533333333333334, "MAX:accuracy.max": 0.98, "MIN:kappa.min": -0.42000000000000015, "MAX:kappa.min": 0.49, "MIN:kappa.mean": 0.5526000000000001, "MAX:kappa.mean": 0.7393, "MIN:kappa.max": 0.9299999999999999, "MAX:kappa.max": 0.97}