{"MIN:log_loss.min": 0.07781450001803542, "MAX:log_loss.min": 0.7902428328424554, "MIN:log_loss.mean": 0.876610570231538, "MAX:log_loss.mean": 3.61985732787971, "MIN:log_loss.max": 1.0985106769381996, "MAX:log_loss.max": 23.025850929940454, "MIN:accuracy.min": 0.3333333333333333, "MAX:accuracy.min": 0.36666666666666664, "MIN:accuracy.mean": 0.7184, "MAX:accuracy.mean": 0.7734666666666667, "MIN:accuracy.max": 0.96, "MAX:accuracy.max": 0.9733333333333334, "MIN:kappa.min": -2.220446049250313e-16, "MAX:kappa.min": 0.050000000000000044, "MIN:kappa.mean": 0.5776, "MAX:kappa.mean": 0.6602000000000001, "MIN:kappa.max": 0.94, "MAX:kappa.max": 0.96}