{"MIN:log_loss.min": 0.11390202963916508, "MAX:log_loss.min": 0.22100860756963178, "MIN:log_loss.mean": 0.31328956610843794, "MAX:log_loss.mean": 0.5469199550440778, "MIN:log_loss.max": 1.2878747325050939, "MAX:log_loss.max": 1.5308745786051825, "MIN:accuracy.min": 0.6666666666666666, "MAX:accuracy.min": 0.7666666666666667, "MIN:accuracy.mean": 0.9268000000000002, "MAX:accuracy.mean": 0.9322, "MIN:accuracy.max": 0.96, "MAX:accuracy.max": 0.96, "MIN:kappa.min": 0.5, "MAX:kappa.min": 0.65, "MIN:kappa.mean": 0.8902, "MAX:kappa.mean": 0.8982999999999999, "MIN:kappa.max": 0.94, "MAX:kappa.max": 0.9400000000000001}