{"mean accuracy": 0.7635333333333335, "max accuracy": 0.9666666666666666, "mean kappa": 0.6452999999999999, "max kappa": 0.9499999999999998}