{"MIN:log_loss.min": 0.2113946112364943, "MAX:log_loss.min": 0.2113946112364943, "MIN:log_loss.mean": 0.3721385212328974, "MAX:log_loss.mean": 0.3721385212328974, "MIN:log_loss.max": 0.9871574212617543, "MAX:log_loss.max": 0.9871574212617543, "MIN:accuracy.min": 0.9266666666666666, "MAX:accuracy.min": 0.9266666666666666, "MIN:accuracy.mean": 0.9266666666666663, "MAX:accuracy.mean": 0.9266666666666663, "MIN:accuracy.max": 0.9266666666666666, "MAX:accuracy.max": 0.9266666666666666, "MIN:kappa.min": 0.89, "MAX:kappa.min": 0.89, "MIN:kappa.mean": 0.8900000000000001, "MAX:kappa.mean": 0.8900000000000001, "MIN:kappa.max": 0.89, "MAX:kappa.max": 0.89}