{"MIN:log_loss.min": 0.4621018951304766, "MAX:log_loss.min": 0.6800517397446707, "MIN:log_loss.mean": 0.7198722772345947, "MAX:log_loss.mean": 6.279601945383745, "MIN:log_loss.max": 1.0986122872785005, "MAX:log_loss.max": 12.992213328673005, "MIN:accuracy.min": 0.3333333333333333, "MAX:accuracy.min": 0.3333333333333333, "MIN:accuracy.mean": 0.5474, "MAX:accuracy.mean": 0.6324, "MIN:accuracy.max": 0.6666666666666666, "MAX:accuracy.max": 0.6666666666666666, "MIN:kappa.min": -2.220446049250313e-16, "MAX:kappa.min": 0.0, "MIN:kappa.mean": 0.3211, "MAX:kappa.mean": 0.4486, "MIN:kappa.max": 0.5, "MAX:kappa.max": 0.5}