{"MIN:log_loss.min": 0.6954886861795331, "MAX:log_loss.min": 0.8867390432603242, "MIN:log_loss.mean": 0.9235197032539869, "MAX:log_loss.mean": 1.050770363596757, "MIN:log_loss.max": 1.193997779292406, "MAX:log_loss.max": 1.5745900432836115, "MIN:accuracy.min": 0.3333333333333333, "MAX:accuracy.min": 0.35333333333333333, "MIN:accuracy.mean": 0.5329333333333335, "MAX:accuracy.mean": 0.6333333333333332, "MIN:accuracy.max": 0.6666666666666666, "MAX:accuracy.max": 0.9666666666666667, "MIN:kappa.min": -2.220446049250313e-16, "MAX:kappa.min": 0.029999999999999916, "MIN:kappa.mean": 0.2994, "MAX:kappa.mean": 0.45, "MIN:kappa.max": 0.5, "MAX:kappa.max": 0.95}