{"MIN:log_loss.min": 0.4112027566462733, "MAX:log_loss.min": 0.5618673670528049, "MIN:log_loss.mean": 0.7133495530225593, "MAX:log_loss.mean": 0.8147345125602302, "MIN:log_loss.max": 1.244947195690266, "MAX:log_loss.max": 1.4033036016143299, "MIN:accuracy.min": 0.0, "MAX:accuracy.min": 0.42, "MIN:accuracy.mean": 0.5292666666666666, "MAX:accuracy.mean": 0.6367333333333334, "MIN:accuracy.max": 0.6666666666666666, "MAX:accuracy.max": 0.98, "MIN:kappa.min": -0.5, "MAX:kappa.min": 0.13, "MIN:kappa.mean": 0.2939, "MAX:kappa.mean": 0.4550999999999999, "MIN:kappa.max": 0.5, "MAX:kappa.max": 0.97}