{"MIN:log_loss.min": 0.09871902514907718, "MAX:log_loss.min": 0.12623146511024064, "MIN:log_loss.mean": 0.3253459038376796, "MAX:log_loss.mean": 0.3797523006818854, "MIN:log_loss.max": 1.8542321759567975, "MAX:log_loss.max": 2.993360620892261, "MIN:accuracy.min": 0.6066666666666667, "MAX:accuracy.min": 0.6133333333333333, "MIN:accuracy.mean": 0.9331333333333334, "MAX:accuracy.mean": 0.944, "MIN:accuracy.max": 0.96, "MAX:accuracy.max": 0.9666666666666667, "MIN:kappa.min": 0.41000000000000003, "MAX:kappa.min": 0.42000000000000004, "MIN:kappa.mean": 0.8996999999999999, "MAX:kappa.mean": 0.9159999999999998, "MIN:kappa.max": 0.94, "MAX:kappa.max": 0.95}