{"MIN:log_loss.min": 0.5194372685624, "MAX:log_loss.min": 0.6036198276864206, "MIN:log_loss.mean": 0.7549743677755179, "MAX:log_loss.mean": 1.2378295668544217, "MIN:log_loss.max": 1.4698782446749927, "MAX:log_loss.max": 4.977262208082866, "MIN:accuracy.min": 0.38666666666666666, "MAX:accuracy.min": 0.66, "MIN:accuracy.mean": 0.723, "MAX:accuracy.mean": 0.7387999999999999, "MIN:accuracy.max": 0.9, "MAX:accuracy.max": 0.9466666666666667, "MIN:kappa.min": 0.07999999999999985, "MAX:kappa.min": 0.49, "MIN:kappa.mean": 0.5845000000000001, "MAX:kappa.mean": 0.6082000000000001, "MIN:kappa.max": 0.85, "MAX:kappa.max": 0.92}