{"MIN:log_loss.min": 0.2203808288989878, "MAX:log_loss.min": 0.9233604311288631, "MIN:log_loss.mean": 1.2021516190438737, "MAX:log_loss.mean": 4.6803320618883415, "MIN:log_loss.max": 2.5783020773968173, "MAX:log_loss.max": 15.42014143650327, "MIN:accuracy.min": 0.1, "MAX:accuracy.min": 0.3333333333333333, "MIN:accuracy.mean": 0.48286666666666667, "MAX:accuracy.mean": 0.6098666666666667, "MIN:accuracy.max": 0.6666666666666666, "MAX:accuracy.max": 0.9133333333333333, "MIN:kappa.min": -0.3500000000000001, "MAX:kappa.min": 0.0, "MIN:kappa.mean": 0.2243, "MAX:kappa.mean": 0.41480000000000006, "MIN:kappa.max": 0.5, "MAX:kappa.max": 0.87}