{"MIN:log_loss.min": 0.15325312609359162, "MAX:log_loss.min": 0.17342224435500336, "MIN:log_loss.mean": 0.5879382297511844, "MAX:log_loss.mean": 0.6272038354662626, "MIN:log_loss.max": 1.098118881862836, "MAX:log_loss.max": 1.0981226793236945, "MIN:accuracy.min": 0.6733333333333333, "MAX:accuracy.min": 0.6733333333333333, "MIN:accuracy.mean": 0.8856666666666664, "MAX:accuracy.mean": 0.8905999999999998, "MIN:accuracy.max": 0.9666666666666667, "MAX:accuracy.max": 0.9733333333333334, "MIN:kappa.min": 0.51, "MAX:kappa.min": 0.51, "MIN:kappa.mean": 0.8284999999999998, "MAX:kappa.mean": 0.8358999999999999, "MIN:kappa.max": 0.95, "MAX:kappa.max": 0.96}