{"MIN:log_loss.min": 0.5047540821448725, "MAX:log_loss.min": 0.6862474909125782, "MIN:log_loss.mean": 0.8409001964210616, "MAX:log_loss.mean": 6.997297113480638, "MIN:log_loss.max": 1.2217592715769467, "MAX:log_loss.max": 22.091184457332183, "MIN:accuracy.min": 0.32666666666666666, "MAX:accuracy.min": 0.36666666666666664, "MIN:accuracy.mean": 0.6591333333333332, "MAX:accuracy.mean": 0.7241333333333335, "MIN:accuracy.max": 0.96, "MAX:accuracy.max": 0.96, "MIN:kappa.min": -0.010000000000000009, "MAX:kappa.min": 0.050000000000000044, "MIN:kappa.mean": 0.4887, "MAX:kappa.mean": 0.5862, "MIN:kappa.max": 0.94, "MAX:kappa.max": 0.9400000000000001}