{"MIN:log_loss.min": 0.056069551799457995, "MAX:log_loss.min": 0.05860046303839599, "MIN:log_loss.mean": 0.19728059527185246, "MAX:log_loss.mean": 0.21751702013845406, "MIN:log_loss.max": 2.3256149026558317, "MAX:log_loss.max": 2.4025979606500445, "MIN:accuracy.min": 0.4533333333333333, "MAX:accuracy.min": 0.49333333333333335, "MIN:accuracy.mean": 0.9630000000000001, "MAX:accuracy.mean": 0.9719333333333335, "MIN:accuracy.max": 0.9866666666666667, "MAX:accuracy.max": 0.9933333333333333, "MIN:kappa.min": 0.18000000000000005, "MAX:kappa.min": 0.24, "MIN:kappa.mean": 0.9445, "MAX:kappa.mean": 0.9579000000000001, "MIN:kappa.max": 0.98, "MAX:kappa.max": 0.99}