{"MIN:log_loss.min": 0.5076887082431764, "MAX:log_loss.min": 0.6309405493085218, "MIN:log_loss.mean": 0.8944718673224874, "MAX:log_loss.mean": 0.9979900971949455, "MIN:log_loss.max": 2.189741043158361, "MAX:log_loss.max": 5.52180920665568, "MIN:accuracy.min": 0.3333333333333333, "MAX:accuracy.min": 0.35333333333333333, "MIN:accuracy.mean": 0.6759999999999999, "MAX:accuracy.mean": 0.7799333333333333, "MIN:accuracy.max": 0.94, "MAX:accuracy.max": 0.96, "MIN:kappa.min": -2.220446049250313e-16, "MAX:kappa.min": 0.030000000000000027, "MIN:kappa.mean": 0.514, "MAX:kappa.mean": 0.6698999999999998, "MIN:kappa.max": 0.91, "MAX:kappa.max": 0.9400000000000001}