{"mean accuracy": 0.5954666666666668, "max accuracy": 0.96, "mean kappa": 0.39319999999999994, "max kappa": 0.94}