{"MIN:log_loss.min": 0.7129901027722788, "MAX:log_loss.min": 0.7816893954027979, "MIN:log_loss.mean": 0.8597775512462568, "MAX:log_loss.mean": 0.8993401450402139, "MIN:log_loss.max": 1.1925391028162782, "MAX:log_loss.max": 1.19253927500754, "MIN:accuracy.min": 0.6066666666666667, "MAX:accuracy.min": 0.6066666666666667, "MIN:accuracy.mean": 0.6876666666666668, "MAX:accuracy.mean": 0.6973333333333336, "MIN:accuracy.max": 0.9333333333333333, "MAX:accuracy.max": 0.96, "MIN:kappa.min": 0.41000000000000003, "MAX:kappa.min": 0.41000000000000003, "MIN:kappa.mean": 0.5315, "MAX:kappa.mean": 0.546, "MIN:kappa.max": 0.9, "MAX:kappa.max": 0.9400000000000001}