{"MIN:log_loss.min": 0.11149748989679077, "MAX:log_loss.min": 0.11245235471178726, "MIN:log_loss.mean": 0.4836541516869887, "MAX:log_loss.mean": 0.5261083523610673, "MIN:log_loss.max": 1.0266954229400798, "MAX:log_loss.max": 1.0267345274707718, "MIN:accuracy.min": 0.66, "MAX:accuracy.min": 0.8533333333333334, "MIN:accuracy.mean": 0.9470666666666667, "MAX:accuracy.mean": 0.9554, "MIN:accuracy.max": 0.96, "MAX:accuracy.max": 0.96, "MIN:kappa.min": 0.49, "MAX:kappa.min": 0.78, "MIN:kappa.mean": 0.9205999999999998, "MAX:kappa.mean": 0.9330999999999996, "MIN:kappa.max": 0.94, "MAX:kappa.max": 0.9400000000000001}