{"MIN:log_loss.min": 0.47101908243092355, "MAX:log_loss.min": 0.6676437894802334, "MIN:log_loss.mean": 0.7888099688426344, "MAX:log_loss.mean": 0.8834683267932164, "MIN:log_loss.max": 1.1713011044208061, "MAX:log_loss.max": 1.5902061145829332, "MIN:accuracy.min": 0.18666666666666668, "MAX:accuracy.min": 0.36666666666666664, "MIN:accuracy.mean": 0.6781333333333331, "MAX:accuracy.mean": 0.7440000000000001, "MIN:accuracy.max": 0.9533333333333334, "MAX:accuracy.max": 0.96, "MIN:kappa.min": -0.21999999999999997, "MAX:kappa.min": 0.050000000000000044, "MIN:kappa.mean": 0.5172, "MAX:kappa.mean": 0.616, "MIN:kappa.max": 0.9299999999999999, "MAX:kappa.max": 0.94}