{"MIN:log_loss.min": 0.9085581951102673, "MAX:log_loss.min": 0.9484589381838555, "MIN:log_loss.mean": 1.0007561431748997, "MAX:log_loss.mean": 1.0154225027187267, "MIN:log_loss.max": 1.1453300694417916, "MAX:log_loss.max": 1.3283050682002122, "MIN:accuracy.min": 0.006666666666666667, "MAX:accuracy.min": 0.3333333333333333, "MIN:accuracy.mean": 0.43999999999999995, "MAX:accuracy.mean": 0.6062666666666666, "MIN:accuracy.max": 0.6333333333333333, "MAX:accuracy.max": 0.6666666666666666, "MIN:kappa.min": -0.4900000000000002, "MAX:kappa.min": 0.0, "MIN:kappa.mean": 0.16, "MAX:kappa.mean": 0.4094, "MIN:kappa.max": 0.44999999999999996, "MAX:kappa.max": 0.5}