{"MIN:log_loss.min": 0.5900781969811271, "MAX:log_loss.min": 0.7459084793363044, "MIN:log_loss.mean": 0.9843784063810413, "MAX:log_loss.mean": 1.2434230311252836, "MIN:log_loss.max": 1.7371611265449323, "MAX:log_loss.max": 4.8554635557075505, "MIN:accuracy.min": 0.3333333333333333, "MAX:accuracy.min": 0.6, "MIN:accuracy.mean": 0.7099333333333334, "MAX:accuracy.mean": 0.7458666666666666, "MIN:accuracy.max": 0.96, "MAX:accuracy.max": 0.96, "MIN:kappa.min": 0.0, "MAX:kappa.min": 0.4, "MIN:kappa.mean": 0.5649000000000001, "MAX:kappa.mean": 0.6188, "MIN:kappa.max": 0.9400000000000001, "MAX:kappa.max": 0.9400000000000001}