{"MIN:log_loss.min": 0.13280380736261105, "MAX:log_loss.min": 0.13793605901969064, "MIN:log_loss.mean": 0.42499408760058616, "MAX:log_loss.mean": 0.4879594141127083, "MIN:log_loss.max": 1.0060471856600879, "MAX:log_loss.max": 1.1175670186528506, "MIN:accuracy.min": 0.3333333333333333, "MAX:accuracy.min": 0.6466666666666666, "MIN:accuracy.mean": 0.8538, "MAX:accuracy.mean": 0.8751333333333332, "MIN:accuracy.max": 0.96, "MAX:accuracy.max": 0.96, "MIN:kappa.min": 0.0, "MAX:kappa.min": 0.47, "MIN:kappa.mean": 0.7807, "MAX:kappa.mean": 0.8126999999999999, "MIN:kappa.max": 0.9400000000000001, "MAX:kappa.max": 0.9400000000000001}