{"MIN:log_loss.min": 0.27737607745092596, "MAX:log_loss.min": 0.4174582228239461, "MIN:log_loss.mean": 3.480473520684593, "MAX:log_loss.mean": 5.949276017053839, "MIN:log_loss.max": 15.237677254786274, "MAX:log_loss.max": 22.080022404551965, "MIN:accuracy.min": 0.3333333333333333, "MAX:accuracy.min": 0.3333333333333333, "MIN:accuracy.mean": 0.5592666666666666, "MAX:accuracy.mean": 0.6244, "MIN:accuracy.max": 0.92, "MAX:accuracy.max": 0.9666666666666667, "MIN:kappa.min": -2.220446049250313e-16, "MAX:kappa.min": -2.220446049250313e-16, "MIN:kappa.mean": 0.3388999999999999, "MAX:kappa.mean": 0.4366, "MIN:kappa.max": 0.88, "MAX:kappa.max": 0.95}