{"MIN:log_loss.min": 0.4790824993694929, "MAX:log_loss.min": 0.48643631955736943, "MIN:log_loss.mean": 0.7345366244566658, "MAX:log_loss.mean": 0.7377046458009262, "MIN:log_loss.max": 1.2072669423634284, "MAX:log_loss.max": 1.20743470450245, "MIN:accuracy.min": 0.3333333333333333, "MAX:accuracy.min": 0.3333333333333333, "MIN:accuracy.mean": 0.7216666666666666, "MAX:accuracy.mean": 0.7224666666666666, "MIN:accuracy.max": 0.9133333333333333, "MAX:accuracy.max": 0.92, "MIN:kappa.min": -2.220446049250313e-16, "MAX:kappa.min": -2.220446049250313e-16, "MIN:kappa.mean": 0.5825, "MAX:kappa.mean": 0.5837, "MIN:kappa.max": 0.87, "MAX:kappa.max": 0.88}