{"MIN:log_loss.min": 0.42923323529677226, "MAX:log_loss.min": 0.5314505438017987, "MIN:log_loss.mean": 0.6950948683457567, "MAX:log_loss.mean": 0.7762232131387521, "MIN:log_loss.max": 1.1561595547962942, "MAX:log_loss.max": 1.1819665958486418, "MIN:accuracy.min": 0.3333333333333333, "MAX:accuracy.min": 0.3333333333333333, "MIN:accuracy.mean": 0.7077999999999999, "MAX:accuracy.mean": 0.7814666666666664, "MIN:accuracy.max": 0.8933333333333333, "MAX:accuracy.max": 0.96, "MIN:kappa.min": -2.220446049250313e-16, "MAX:kappa.min": 0.0, "MIN:kappa.mean": 0.5617000000000002, "MAX:kappa.mean": 0.6722000000000001, "MIN:kappa.max": 0.8400000000000001, "MAX:kappa.max": 0.9400000000000001}