{"MIN:log_loss.min": 0.12570610375673574, "MAX:log_loss.min": 0.23609848210594062, "MIN:log_loss.mean": 0.33739014875534357, "MAX:log_loss.mean": 0.6144875715069518, "MIN:log_loss.max": 0.9183632856724239, "MAX:log_loss.max": 12.203700992868445, "MIN:accuracy.min": 0.5733333333333334, "MAX:accuracy.min": 0.6666666666666666, "MIN:accuracy.mean": 0.9053333333333334, "MAX:accuracy.mean": 0.9264666666666667, "MIN:accuracy.max": 0.96, "MAX:accuracy.max": 0.9733333333333334, "MIN:kappa.min": 0.36, "MAX:kappa.min": 0.5, "MIN:kappa.mean": 0.858, "MAX:kappa.mean": 0.8896999999999998, "MIN:kappa.max": 0.94, "MAX:kappa.max": 0.96}