{"MIN:log_loss.min": 0.5613128028934917, "MAX:log_loss.min": 0.6651853997253501, "MIN:log_loss.mean": 0.7343978617013649, "MAX:log_loss.mean": 0.8425695097313611, "MIN:log_loss.max": 0.9751004537736591, "MAX:log_loss.max": 1.0705288628730523, "MIN:accuracy.min": 0.42, "MAX:accuracy.min": 0.6666666666666666, "MIN:accuracy.mean": 0.7060666666666668, "MAX:accuracy.mean": 0.8639333333333333, "MIN:accuracy.max": 0.9466666666666667, "MAX:accuracy.max": 0.9733333333333334, "MIN:kappa.min": 0.13, "MAX:kappa.min": 0.5, "MIN:kappa.mean": 0.5591, "MAX:kappa.mean": 0.7959000000000002, "MIN:kappa.max": 0.92, "MAX:kappa.max": 0.96}