{"MIN:log_loss.min": 0.1237766024447271, "MAX:log_loss.min": 0.13200695639701016, "MIN:log_loss.mean": 0.32429370660001533, "MAX:log_loss.mean": 0.4521443216493138, "MIN:log_loss.max": 0.8919422903720696, "MAX:log_loss.max": 3.0556737095543363, "MIN:accuracy.min": 0.35333333333333333, "MAX:accuracy.min": 0.6666666666666666, "MIN:accuracy.mean": 0.8891333333333332, "MAX:accuracy.mean": 0.9288666666666665, "MIN:accuracy.max": 0.96, "MAX:accuracy.max": 0.96, "MIN:kappa.min": 0.030000000000000027, "MAX:kappa.min": 0.5, "MIN:kappa.mean": 0.8337, "MAX:kappa.mean": 0.8932999999999999, "MIN:kappa.max": 0.94, "MAX:kappa.max": 0.9400000000000001}