{"MIN:log_loss.min": 0.4515979901210475, "MAX:log_loss.min": 0.468389919215744, "MIN:log_loss.mean": 0.6371330163235586, "MAX:log_loss.mean": 0.6940845086884209, "MIN:log_loss.max": 1.7142412645197465, "MAX:log_loss.max": 2.706968009513879, "MIN:accuracy.min": 0.3333333333333333, "MAX:accuracy.min": 0.34, "MIN:accuracy.mean": 0.7624666666666667, "MAX:accuracy.mean": 0.7718, "MIN:accuracy.max": 0.88, "MAX:accuracy.max": 0.8866666666666667, "MIN:kappa.min": -2.220446049250313e-16, "MAX:kappa.min": 0.009999999999999898, "MIN:kappa.mean": 0.6437, "MAX:kappa.mean": 0.6577000000000001, "MIN:kappa.max": 0.8200000000000001, "MAX:kappa.max": 0.83}