{"MIN:log_loss.min": 0.5348131436880262, "MAX:log_loss.min": 0.6004529231434433, "MIN:log_loss.mean": 0.8043977414066122, "MAX:log_loss.mean": 0.8510711516936236, "MIN:log_loss.max": 3.9048157493239173, "MAX:log_loss.max": 3.970875333368624, "MIN:accuracy.min": 0.43333333333333335, "MAX:accuracy.min": 0.43333333333333335, "MIN:accuracy.mean": 0.8020000000000002, "MAX:accuracy.mean": 0.8269333333333333, "MIN:accuracy.max": 0.9533333333333334, "MAX:accuracy.max": 0.9666666666666667, "MIN:kappa.min": 0.15000000000000002, "MAX:kappa.min": 0.15000000000000002, "MIN:kappa.mean": 0.7030000000000001, "MAX:kappa.mean": 0.7404000000000001, "MIN:kappa.max": 0.9299999999999999, "MAX:kappa.max": 0.95}