{"MIN:log_loss.min": 0.5421418523726848, "MAX:log_loss.min": 0.6052567592145732, "MIN:log_loss.mean": 0.7885787508100421, "MAX:log_loss.mean": 0.8075272176005476, "MIN:log_loss.max": 1.1947950737935047, "MAX:log_loss.max": 1.1947952727405455, "MIN:accuracy.min": 0.3333333333333333, "MAX:accuracy.min": 0.34, "MIN:accuracy.mean": 0.6844666666666666, "MAX:accuracy.mean": 0.7343999999999999, "MIN:accuracy.max": 0.96, "MAX:accuracy.max": 0.96, "MIN:kappa.min": -2.220446049250313e-16, "MAX:kappa.min": 0.009999999999999898, "MIN:kappa.mean": 0.5266999999999998, "MAX:kappa.mean": 0.6016, "MIN:kappa.max": 0.9400000000000001, "MAX:kappa.max": 0.9400000000000001}