{"MIN:log_loss.min": 0.3919104639132128, "MAX:log_loss.min": 0.3919104639132128, "MIN:log_loss.mean": 0.6582352715215615, "MAX:log_loss.mean": 0.6582352715215615, "MIN:log_loss.max": 1.0861414721642657, "MAX:log_loss.max": 1.0861414721642657, "MIN:accuracy.min": 0.6666666666666666, "MAX:accuracy.min": 0.6666666666666666, "MIN:accuracy.mean": 0.7481333333333336, "MAX:accuracy.mean": 0.7481333333333336, "MIN:accuracy.max": 0.96, "MAX:accuracy.max": 0.96, "MIN:kappa.min": 0.5, "MAX:kappa.min": 0.5, "MIN:kappa.mean": 0.6222, "MAX:kappa.mean": 0.6222, "MIN:kappa.max": 0.9400000000000001, "MAX:kappa.max": 0.9400000000000001}