{"MIN:log_loss.min": 0.1284756077522131, "MAX:log_loss.min": 0.23078965099515125, "MIN:log_loss.mean": 0.5599992149550655, "MAX:log_loss.mean": 0.6136845046486923, "MIN:log_loss.max": 1.127929536933477, "MAX:log_loss.max": 1.1289613833648844, "MIN:accuracy.min": 0.3333333333333333, "MAX:accuracy.min": 0.3333333333333333, "MIN:accuracy.mean": 0.6970666666666666, "MAX:accuracy.mean": 0.7190666666666666, "MIN:accuracy.max": 0.94, "MAX:accuracy.max": 0.9533333333333334, "MIN:kappa.min": 0.0, "MAX:kappa.min": 0.0, "MIN:kappa.mean": 0.5456000000000001, "MAX:kappa.mean": 0.5786000000000001, "MIN:kappa.max": 0.91, "MAX:kappa.max": 0.9299999999999999}