{"MIN:log_loss.min": 0.18401039739838615, "MAX:log_loss.min": 0.19108128041544772, "MIN:log_loss.mean": 0.50892797389093, "MAX:log_loss.mean": 0.5866129439832194, "MIN:log_loss.max": 1.0984463859923148, "MAX:log_loss.max": 1.0984721522168126, "MIN:accuracy.min": 0.3333333333333333, "MAX:accuracy.min": 0.3333333333333333, "MIN:accuracy.mean": 0.7580000000000001, "MAX:accuracy.mean": 0.8159333333333333, "MIN:accuracy.max": 0.96, "MAX:accuracy.max": 0.96, "MIN:kappa.min": -2.220446049250313e-16, "MAX:kappa.min": 1.1102230246251565e-16, "MIN:kappa.mean": 0.637, "MAX:kappa.mean": 0.7239, "MIN:kappa.max": 0.9400000000000001, "MAX:kappa.max": 0.9400000000000001}