{"MIN:log_loss.min": 0.2753490799469831, "MAX:log_loss.min": 0.314373248234432, "MIN:log_loss.mean": 0.4497026670644895, "MAX:log_loss.mean": 0.6007826165697655, "MIN:log_loss.max": 0.8428419153840145, "MAX:log_loss.max": 1.2942477711677283, "MIN:accuracy.min": 0.6666666666666666, "MAX:accuracy.min": 0.8533333333333334, "MIN:accuracy.mean": 0.8561999999999999, "MAX:accuracy.mean": 0.9120666666666665, "MIN:accuracy.max": 0.96, "MAX:accuracy.max": 0.96, "MIN:kappa.min": 0.5, "MAX:kappa.min": 0.78, "MIN:kappa.mean": 0.7843000000000001, "MAX:kappa.mean": 0.8681000000000002, "MIN:kappa.max": 0.9400000000000001, "MAX:kappa.max": 0.9400000000000001}