{"MIN:log_loss.min": 0.8279468133622155, "MAX:log_loss.min": 0.8279468133622155, "MIN:log_loss.mean": 0.9617688761056864, "MAX:log_loss.mean": 0.9617688761056864, "MIN:log_loss.max": 1.9293857244563493, "MAX:log_loss.max": 1.9293857244563493, "MIN:accuracy.min": 0.56, "MAX:accuracy.min": 0.56, "MIN:accuracy.mean": 0.6843333333333335, "MAX:accuracy.mean": 0.6843333333333335, "MIN:accuracy.max": 0.9133333333333333, "MAX:accuracy.max": 0.9133333333333333, "MIN:kappa.min": 0.33999999999999997, "MAX:kappa.min": 0.33999999999999997, "MIN:kappa.mean": 0.5265000000000001, "MAX:kappa.mean": 0.5265000000000001, "MIN:kappa.max": 0.87, "MAX:kappa.max": 0.87}