{"mean accuracy": 0.6939333333333336, "max accuracy": 0.9533333333333334, "mean kappa": 0.5408999999999999, "max kappa": 0.93}