{"MIN:log_loss.min": 0.5426357060841297, "MAX:log_loss.min": 0.8322738694610545, "MIN:log_loss.mean": 0.8579121128014745, "MAX:log_loss.mean": 0.9878456117891833, "MIN:log_loss.max": 1.098516215323029, "MAX:log_loss.max": 1.1965286539524174, "MIN:accuracy.min": 0.3333333333333333, "MAX:accuracy.min": 0.56, "MIN:accuracy.mean": 0.619, "MAX:accuracy.mean": 0.6750000000000002, "MIN:accuracy.max": 0.6666666666666666, "MAX:accuracy.max": 0.96, "MIN:kappa.min": -2.220446049250313e-16, "MAX:kappa.min": 0.33999999999999997, "MIN:kappa.mean": 0.42849999999999994, "MAX:kappa.mean": 0.5125, "MIN:kappa.max": 0.5, "MAX:kappa.max": 0.9400000000000001}