{"MIN:log_loss.min": 0.6192133839618492, "MAX:log_loss.min": 0.7925609482700783, "MIN:log_loss.mean": 0.8176576506359513, "MAX:log_loss.mean": 1.248860981866257, "MIN:log_loss.max": 1.4393126403666852, "MAX:log_loss.max": 5.5976074975459085, "MIN:accuracy.min": 0.3333333333333333, "MAX:accuracy.min": 0.35333333333333333, "MIN:accuracy.mean": 0.6529333333333333, "MAX:accuracy.mean": 0.6846000000000001, "MIN:accuracy.max": 0.9333333333333333, "MAX:accuracy.max": 0.9666666666666667, "MIN:kappa.min": -2.220446049250313e-16, "MAX:kappa.min": 0.030000000000000027, "MIN:kappa.mean": 0.4794, "MAX:kappa.mean": 0.5268999999999999, "MIN:kappa.max": 0.9, "MAX:kappa.max": 0.95}