{"MIN:log_loss.min": 0.10259562490923628, "MAX:log_loss.min": 0.1939312149282025, "MIN:log_loss.mean": 0.42191149569940456, "MAX:log_loss.mean": 0.4946642339361949, "MIN:log_loss.max": 1.0985087652119963, "MAX:log_loss.max": 1.0985106411805017, "MIN:accuracy.min": 0.3333333333333333, "MAX:accuracy.min": 0.3333333333333333, "MIN:accuracy.mean": 0.7995333333333332, "MAX:accuracy.mean": 0.8418666666666665, "MIN:accuracy.max": 0.9466666666666667, "MAX:accuracy.max": 0.9666666666666667, "MIN:kappa.min": 0.0, "MAX:kappa.min": 0.0, "MIN:kappa.mean": 0.6992999999999999, "MAX:kappa.mean": 0.7627999999999999, "MIN:kappa.max": 0.92, "MAX:kappa.max": 0.95}