{"MIN:log_loss.min": 0.09121111832628938, "MAX:log_loss.min": 0.1135840916338342, "MIN:log_loss.mean": 0.5363067986266014, "MAX:log_loss.mean": 0.6245612863310019, "MIN:log_loss.max": 6.331872582649773, "MAX:log_loss.max": 10.794999636907562, "MIN:accuracy.min": 0.43333333333333335, "MAX:accuracy.min": 0.5666666666666667, "MIN:accuracy.mean": 0.7957999999999998, "MAX:accuracy.mean": 0.8282666666666667, "MIN:accuracy.max": 0.96, "MAX:accuracy.max": 0.9733333333333334, "MIN:kappa.min": 0.15000000000000013, "MAX:kappa.min": 0.35, "MIN:kappa.mean": 0.6936999999999999, "MAX:kappa.mean": 0.7424, "MIN:kappa.max": 0.94, "MAX:kappa.max": 0.96}