{"MIN:log_loss.min": 0.23012132955006792, "MAX:log_loss.min": 0.46219195303692373, "MIN:log_loss.mean": 0.6632077094475238, "MAX:log_loss.mean": 0.7835687874775378, "MIN:log_loss.max": 1.0985513279893844, "MAX:log_loss.max": 1.3585065406222447, "MIN:accuracy.min": 0.3333333333333333, "MAX:accuracy.min": 0.58, "MIN:accuracy.mean": 0.7079333333333332, "MAX:accuracy.mean": 0.7711999999999999, "MIN:accuracy.max": 0.82, "MAX:accuracy.max": 0.96, "MIN:kappa.min": 0.0, "MAX:kappa.min": 0.37, "MIN:kappa.mean": 0.5619, "MAX:kappa.mean": 0.6568, "MIN:kappa.max": 0.73, "MAX:kappa.max": 0.9400000000000001}