{"MIN:log_loss.min": 0.6046641501487955, "MAX:log_loss.min": 0.8303403002304331, "MIN:log_loss.mean": 0.8320496108651128, "MAX:log_loss.mean": 0.8842655182052417, "MIN:log_loss.max": 1.0109127180012638, "MAX:log_loss.max": 1.186289602560557, "MIN:accuracy.min": 0.3333333333333333, "MAX:accuracy.min": 0.6666666666666666, "MIN:accuracy.mean": 0.6609333333333335, "MAX:accuracy.mean": 0.6963333333333334, "MIN:accuracy.max": 0.6666666666666666, "MAX:accuracy.max": 0.9466666666666667, "MIN:kappa.min": 0.0, "MAX:kappa.min": 0.5, "MIN:kappa.mean": 0.49139999999999995, "MAX:kappa.mean": 0.5445, "MIN:kappa.max": 0.5, "MAX:kappa.max": 0.92}