{"MIN:log_loss.min": 0.4834391968442958, "MAX:log_loss.min": 0.5515447941063348, "MIN:log_loss.mean": 0.6801684665614439, "MAX:log_loss.mean": 0.7430659397688609, "MIN:log_loss.max": 1.1938241294955012, "MAX:log_loss.max": 1.2107822274145796, "MIN:accuracy.min": 0.3333333333333333, "MAX:accuracy.min": 0.3333333333333333, "MIN:accuracy.mean": 0.7861333333333335, "MAX:accuracy.mean": 0.8151333333333333, "MIN:accuracy.max": 0.96, "MAX:accuracy.max": 0.96, "MIN:kappa.min": 0.0, "MAX:kappa.min": 0.0, "MIN:kappa.mean": 0.6791999999999999, "MAX:kappa.mean": 0.7227, "MIN:kappa.max": 0.94, "MAX:kappa.max": 0.9400000000000001}