{"MIN:log_loss.min": 0.3569970285461727, "MAX:log_loss.min": 0.5833882483341964, "MIN:log_loss.mean": 0.49223227948774395, "MAX:log_loss.mean": 0.7066576035364812, "MIN:log_loss.max": 0.9350536032883447, "MAX:log_loss.max": 1.9554253059108093, "MIN:accuracy.min": 0.3333333333333333, "MAX:accuracy.min": 0.6666666666666666, "MIN:accuracy.mean": 0.8238666666666665, "MAX:accuracy.mean": 0.9015333333333336, "MIN:accuracy.max": 0.9466666666666667, "MAX:accuracy.max": 0.96, "MIN:kappa.min": 0.0, "MAX:kappa.min": 0.5, "MIN:kappa.mean": 0.7358, "MAX:kappa.mean": 0.8523, "MIN:kappa.max": 0.92, "MAX:kappa.max": 0.9400000000000001}