{"MIN:log_loss.min": 0.13302956726323747, "MAX:log_loss.min": 0.13302956726414045, "MIN:log_loss.mean": 0.3069437425740937, "MAX:log_loss.mean": 0.32082971882470696, "MIN:log_loss.max": 0.7164605696223254, "MAX:log_loss.max": 0.7790918172263388, "MIN:accuracy.min": 0.8933333333333333, "MAX:accuracy.min": 0.94, "MIN:accuracy.mean": 0.9561333333333333, "MAX:accuracy.mean": 0.9579333333333332, "MIN:accuracy.max": 0.96, "MAX:accuracy.max": 0.9666666666666667, "MIN:kappa.min": 0.84, "MAX:kappa.min": 0.91, "MIN:kappa.mean": 0.9341999999999997, "MAX:kappa.mean": 0.9368999999999997, "MIN:kappa.max": 0.94, "MAX:kappa.max": 0.95}