{"MIN:log_loss.min": 0.5357556255114181, "MAX:log_loss.min": 0.6215347515857382, "MIN:log_loss.mean": 0.6420823858225116, "MAX:log_loss.mean": 0.7067194545940605, "MIN:log_loss.max": 1.6507306779013875, "MAX:log_loss.max": 1.7533767603911186, "MIN:accuracy.min": 0.3333333333333333, "MAX:accuracy.min": 0.5266666666666666, "MIN:accuracy.mean": 0.7949333333333334, "MAX:accuracy.mean": 0.8997333333333333, "MIN:accuracy.max": 0.9533333333333334, "MAX:accuracy.max": 0.96, "MIN:kappa.min": 0.0, "MAX:kappa.min": 0.29000000000000004, "MIN:kappa.mean": 0.6924000000000001, "MAX:kappa.mean": 0.8496000000000001, "MIN:kappa.max": 0.9299999999999999, "MAX:kappa.max": 0.9400000000000001}