{"MIN:log_loss.min": 0.10478861230329589, "MAX:log_loss.min": 0.1865585566258659, "MIN:log_loss.mean": 0.31921528168663743, "MAX:log_loss.mean": 0.7146318362754311, "MIN:log_loss.max": 1.0307027576426104, "MAX:log_loss.max": 15.415670923957542, "MIN:accuracy.min": 0.3466666666666667, "MAX:accuracy.min": 0.58, "MIN:accuracy.mean": 0.8918666666666668, "MAX:accuracy.mean": 0.9153333333333334, "MIN:accuracy.max": 0.94, "MAX:accuracy.max": 0.9666666666666667, "MIN:kappa.min": 0.020000000000000018, "MAX:kappa.min": 0.37, "MIN:kappa.mean": 0.8378000000000003, "MAX:kappa.mean": 0.8730000000000001, "MIN:kappa.max": 0.91, "MAX:kappa.max": 0.95}