{"MIN:log_loss.min": 0.3118059072102663, "MAX:log_loss.min": 0.4492316398014331, "MIN:log_loss.mean": 0.9372929922034392, "MAX:log_loss.mean": 4.479469220928151, "MIN:log_loss.max": 2.3687992352757963, "MAX:log_loss.max": 11.512994446178293, "MIN:accuracy.min": 0.3333333333333333, "MAX:accuracy.min": 0.6666666666666666, "MIN:accuracy.mean": 0.6975999999999999, "MAX:accuracy.mean": 0.7358, "MIN:accuracy.max": 0.88, "MAX:accuracy.max": 0.96, "MIN:kappa.min": 0.0, "MAX:kappa.min": 0.5, "MIN:kappa.mean": 0.5464000000000001, "MAX:kappa.mean": 0.6037, "MIN:kappa.max": 0.8200000000000001, "MAX:kappa.max": 0.94}