{"mean accuracy": 0.8129333333333332, "max accuracy": 0.9666666666666667, "mean kappa": 0.7193999999999997, "max kappa": 0.95}