{"MIN:log_loss.min": 0.4134034858231912, "MAX:log_loss.min": 0.5562661515793628, "MIN:log_loss.mean": 0.6753077949704458, "MAX:log_loss.mean": 1.0762024261236354, "MIN:log_loss.max": 2.849232838634974, "MAX:log_loss.max": 12.624728925192278, "MIN:accuracy.min": 0.3333333333333333, "MAX:accuracy.min": 0.4866666666666667, "MIN:accuracy.mean": 0.7550000000000001, "MAX:accuracy.mean": 0.8046, "MIN:accuracy.max": 0.9466666666666667, "MAX:accuracy.max": 0.96, "MIN:kappa.min": 0.0, "MAX:kappa.min": 0.22999999999999998, "MIN:kappa.mean": 0.6325, "MAX:kappa.mean": 0.7069, "MIN:kappa.max": 0.92, "MAX:kappa.max": 0.9400000000000001}