{"mean accuracy": 0.6719999999999999, "max accuracy": 0.9666666666666666, "mean kappa": 0.5079999999999999, "max kappa": 0.9499999999999998}