{"MIN:log_loss.min": 0.1541540163139751, "MAX:log_loss.min": 0.3959960578504779, "MIN:log_loss.mean": 0.6199921579811074, "MAX:log_loss.mean": 0.7351993624608358, "MIN:log_loss.max": 1.073118369091354, "MAX:log_loss.max": 1.223879588082523, "MIN:accuracy.min": 0.3333333333333333, "MAX:accuracy.min": 0.66, "MIN:accuracy.mean": 0.6885333333333332, "MAX:accuracy.mean": 0.7589333333333335, "MIN:accuracy.max": 0.9533333333333334, "MAX:accuracy.max": 0.96, "MIN:kappa.min": -2.220446049250313e-16, "MAX:kappa.min": 0.49, "MIN:kappa.mean": 0.5328, "MAX:kappa.mean": 0.6384000000000001, "MIN:kappa.max": 0.9299999999999999, "MAX:kappa.max": 0.9400000000000001}