{"mean accuracy": 0.6638666666666669, "max accuracy": 0.6666666666666666, "mean kappa": 0.4957999999999999, "max kappa": 0.49999999999999994}