{"MIN:log_loss.min": 0.18295741855774725, "MAX:log_loss.min": 0.20850981409403238, "MIN:log_loss.mean": 0.38359907506571894, "MAX:log_loss.mean": 0.4363932222714535, "MIN:log_loss.max": 0.8056458069356868, "MAX:log_loss.max": 1.5586350723905358, "MIN:accuracy.min": 0.7, "MAX:accuracy.min": 0.7466666666666667, "MIN:accuracy.mean": 0.8922, "MAX:accuracy.mean": 0.9024666666666668, "MIN:accuracy.max": 0.9466666666666667, "MAX:accuracy.max": 0.9466666666666667, "MIN:kappa.min": 0.55, "MAX:kappa.min": 0.62, "MIN:kappa.mean": 0.8383000000000003, "MAX:kappa.mean": 0.8537, "MIN:kappa.max": 0.92, "MAX:kappa.max": 0.92}