{"MIN:log_loss.min": 0.11619847051271028, "MAX:log_loss.min": 0.6344568584230429, "MIN:log_loss.mean": 1.9329306893799316, "MAX:log_loss.mean": 8.574820833547316, "MIN:log_loss.max": 7.21668040533393, "MAX:log_loss.max": 23.025852927607904, "MIN:accuracy.min": 0.3333333333333333, "MAX:accuracy.min": 0.3333333333333333, "MIN:accuracy.mean": 0.5603333333333333, "MAX:accuracy.mean": 0.6591333333333332, "MIN:accuracy.max": 0.8333333333333334, "MAX:accuracy.max": 0.9666666666666667, "MIN:kappa.min": 0.0, "MAX:kappa.min": 0.0, "MIN:kappa.mean": 0.3405, "MAX:kappa.mean": 0.4887, "MIN:kappa.max": 0.75, "MAX:kappa.max": 0.95}