{"MIN:log_loss.min": 0.11548220503808537, "MAX:log_loss.min": 0.1687872551767482, "MIN:log_loss.mean": 0.6344565717290072, "MAX:log_loss.mean": 1.1620266065329283, "MIN:log_loss.max": 2.0723265836947804, "MAX:log_loss.max": 16.118095650958317, "MIN:accuracy.min": 0.3333333333333333, "MAX:accuracy.min": 0.7066666666666667, "MIN:accuracy.mean": 0.8468000000000001, "MAX:accuracy.mean": 0.8980666666666666, "MIN:accuracy.max": 0.96, "MAX:accuracy.max": 0.96, "MIN:kappa.min": 0.0, "MAX:kappa.min": 0.56, "MIN:kappa.mean": 0.7702, "MAX:kappa.mean": 0.8470999999999997, "MIN:kappa.max": 0.94, "MAX:kappa.max": 0.9400000000000001}