{"mean accuracy": 0.6025333333333333, "max accuracy": 0.6666666666666666, "mean kappa": 0.40380000000000005, "max kappa": 0.49999999999999994}