{"MIN:log_loss.min": 0.5090956412241172, "MAX:log_loss.min": 0.5458610574508641, "MIN:log_loss.mean": 0.7757475621728378, "MAX:log_loss.mean": 0.8011159528663668, "MIN:log_loss.max": 0.9951092666986258, "MAX:log_loss.max": 1.0258964776964656, "MIN:accuracy.min": 0.37333333333333335, "MAX:accuracy.min": 0.4266666666666667, "MIN:accuracy.mean": 0.7694666666666666, "MAX:accuracy.mean": 0.8161999999999999, "MIN:accuracy.max": 0.9466666666666667, "MAX:accuracy.max": 0.96, "MIN:kappa.min": 0.05999999999999983, "MAX:kappa.min": 0.14, "MIN:kappa.mean": 0.6542, "MAX:kappa.mean": 0.7243, "MIN:kappa.max": 0.92, "MAX:kappa.max": 0.9400000000000001}