{"MIN:log_loss.min": 0.6001578501681939, "MAX:log_loss.min": 0.6842752877723587, "MIN:log_loss.mean": 0.8729550012510278, "MAX:log_loss.mean": 1.0204151955367704, "MIN:log_loss.max": 1.2453069024728884, "MAX:log_loss.max": 2.8564248803489884, "MIN:accuracy.min": 0.3333333333333333, "MAX:accuracy.min": 0.3333333333333333, "MIN:accuracy.mean": 0.5781333333333333, "MAX:accuracy.mean": 0.6334, "MIN:accuracy.max": 0.8866666666666667, "MAX:accuracy.max": 0.9666666666666667, "MIN:kappa.min": 0.0, "MAX:kappa.min": 0.0, "MIN:kappa.mean": 0.36719999999999997, "MAX:kappa.mean": 0.45010000000000006, "MIN:kappa.max": 0.83, "MAX:kappa.max": 0.95}