{"MIN:log_loss.min": 0.37887912799995294, "MAX:log_loss.min": 0.41190623552839445, "MIN:log_loss.mean": 0.6110376215760026, "MAX:log_loss.mean": 0.6390702766967482, "MIN:log_loss.max": 0.92630137996302, "MAX:log_loss.max": 1.0415138250149747, "MIN:accuracy.min": 0.3333333333333333, "MAX:accuracy.min": 0.35333333333333333, "MIN:accuracy.mean": 0.7840000000000003, "MAX:accuracy.mean": 0.8185333333333332, "MIN:accuracy.max": 0.9533333333333334, "MAX:accuracy.max": 0.9666666666666667, "MIN:kappa.min": 0.0, "MAX:kappa.min": 0.030000000000000027, "MIN:kappa.mean": 0.676, "MAX:kappa.mean": 0.7278000000000001, "MIN:kappa.max": 0.9299999999999999, "MAX:kappa.max": 0.95}