{"MIN:log_loss.min": 0.12834914617961557, "MAX:log_loss.min": 0.3384600338154742, "MIN:log_loss.mean": 0.5009109460610328, "MAX:log_loss.mean": 0.5687160945665555, "MIN:log_loss.max": 1.0889639768297086, "MAX:log_loss.max": 1.1237032861764213, "MIN:accuracy.min": 0.3333333333333333, "MAX:accuracy.min": 0.38, "MIN:accuracy.mean": 0.7483333333333332, "MAX:accuracy.mean": 0.8125333333333333, "MIN:accuracy.max": 0.9533333333333334, "MAX:accuracy.max": 0.9733333333333334, "MIN:kappa.min": 0.0, "MAX:kappa.min": 0.06999999999999984, "MIN:kappa.mean": 0.6224999999999999, "MAX:kappa.mean": 0.7188, "MIN:kappa.max": 0.9299999999999999, "MAX:kappa.max": 0.96}