{"MIN:log_loss.min": 0.9405157988596419, "MAX:log_loss.min": 0.9405157988596419, "MIN:log_loss.mean": 1.009371313365443, "MAX:log_loss.mean": 1.009371313365443, "MIN:log_loss.max": 1.1780584423636917, "MAX:log_loss.max": 1.1780584423636917, "MIN:accuracy.min": 0.3333333333333333, "MAX:accuracy.min": 0.3333333333333333, "MIN:accuracy.mean": 0.3333333333333334, "MAX:accuracy.mean": 0.3333333333333334, "MIN:accuracy.max": 0.3333333333333333, "MAX:accuracy.max": 0.3333333333333333, "MIN:kappa.min": 0.0, "MAX:kappa.min": 0.0, "MIN:kappa.mean": 0.0, "MAX:kappa.mean": 0.0, "MIN:kappa.max": 0.0, "MAX:kappa.max": 0.0}