{"MIN:log_loss.min": 0.33039227932817494, "MAX:log_loss.min": 0.46152842585671777, "MIN:log_loss.mean": 0.5193421794790433, "MAX:log_loss.mean": 0.6906970435123072, "MIN:log_loss.max": 1.2017884051209344, "MAX:log_loss.max": 3.1548430563554706, "MIN:accuracy.min": 0.37333333333333335, "MAX:accuracy.min": 0.6266666666666667, "MIN:accuracy.mean": 0.8357333333333333, "MAX:accuracy.mean": 0.8713333333333334, "MIN:accuracy.max": 0.96, "MAX:accuracy.max": 0.9666666666666667, "MIN:kappa.min": 0.06000000000000005, "MAX:kappa.min": 0.43999999999999995, "MIN:kappa.mean": 0.7536, "MAX:kappa.mean": 0.8069999999999999, "MIN:kappa.max": 0.94, "MAX:kappa.max": 0.95}