{"MIN:log_loss.min": 0.2667010734882114, "MAX:log_loss.min": 0.6542572471454825, "MIN:log_loss.mean": 0.6412733363269143, "MAX:log_loss.mean": 0.9793262203177293, "MIN:log_loss.max": 0.9636390874259159, "MAX:log_loss.max": 2.887491521418831, "MIN:accuracy.min": 0.3333333333333333, "MAX:accuracy.min": 0.6333333333333333, "MIN:accuracy.mean": 0.6957333333333335, "MAX:accuracy.mean": 0.7791333333333332, "MIN:accuracy.max": 0.96, "MAX:accuracy.max": 0.96, "MIN:kappa.min": 0.0, "MAX:kappa.min": 0.44999999999999996, "MIN:kappa.mean": 0.5436, "MAX:kappa.mean": 0.6687000000000001, "MIN:kappa.max": 0.94, "MAX:kappa.max": 0.9400000000000001}