{"MIN:log_loss.min": 0.572923427879475, "MAX:log_loss.min": 0.5954542550451704, "MIN:log_loss.mean": 0.7321098020448242, "MAX:log_loss.mean": 0.7418361115191581, "MIN:log_loss.max": 0.9711482111580673, "MAX:log_loss.max": 0.989759829925013, "MIN:accuracy.min": 0.6066666666666667, "MAX:accuracy.min": 0.62, "MIN:accuracy.mean": 0.7288, "MAX:accuracy.mean": 0.7381333333333333, "MIN:accuracy.max": 0.8333333333333334, "MAX:accuracy.max": 0.8466666666666667, "MIN:kappa.min": 0.41000000000000003, "MAX:kappa.min": 0.43000000000000005, "MIN:kappa.mean": 0.5932, "MAX:kappa.mean": 0.6072, "MIN:kappa.max": 0.75, "MAX:kappa.max": 0.77}