{"MIN:log_loss.min": 0.5208587042700632, "MAX:log_loss.min": 0.530592353961397, "MIN:log_loss.mean": 0.6597831066897019, "MAX:log_loss.mean": 0.6680090603174036, "MIN:log_loss.max": 1.4693824245917286, "MAX:log_loss.max": 1.5268752805765355, "MIN:accuracy.min": 0.3333333333333333, "MAX:accuracy.min": 0.35333333333333333, "MIN:accuracy.mean": 0.8297333333333333, "MAX:accuracy.mean": 0.8499999999999999, "MIN:accuracy.max": 0.96, "MAX:accuracy.max": 0.9733333333333334, "MIN:kappa.min": 1.1102230246251565e-16, "MAX:kappa.min": 0.030000000000000138, "MIN:kappa.mean": 0.7446, "MAX:kappa.mean": 0.775, "MIN:kappa.max": 0.94, "MAX:kappa.max": 0.96}