{"MIN:log_loss.min": 0.17963362594378374, "MAX:log_loss.min": 0.2482557254699118, "MIN:log_loss.mean": 0.5997824504619335, "MAX:log_loss.mean": 0.6664609850070395, "MIN:log_loss.max": 1.098571865529017, "MAX:log_loss.max": 1.0985779097397532, "MIN:accuracy.min": 0.36666666666666664, "MAX:accuracy.min": 0.6466666666666666, "MIN:accuracy.mean": 0.7365333333333334, "MAX:accuracy.mean": 0.7581333333333334, "MIN:accuracy.max": 0.94, "MAX:accuracy.max": 0.96, "MIN:kappa.min": 0.050000000000000044, "MAX:kappa.min": 0.47, "MIN:kappa.mean": 0.6048, "MAX:kappa.mean": 0.6372000000000001, "MIN:kappa.max": 0.91, "MAX:kappa.max": 0.9400000000000001}