{"MIN:log_loss.min": 0.446768410621123, "MAX:log_loss.min": 0.7937095185582579, "MIN:log_loss.mean": 1.170250435937868, "MAX:log_loss.mean": 2.486326175620627, "MIN:log_loss.max": 2.3502177975353327, "MAX:log_loss.max": 15.26075525406266, "MIN:accuracy.min": 0.3, "MAX:accuracy.min": 0.3333333333333333, "MIN:accuracy.mean": 0.5489999999999999, "MAX:accuracy.mean": 0.5822666666666666, "MIN:accuracy.max": 0.6666666666666666, "MAX:accuracy.max": 0.94, "MIN:kappa.min": -0.050000000000000044, "MAX:kappa.min": 0.0, "MIN:kappa.mean": 0.3235, "MAX:kappa.mean": 0.3734, "MIN:kappa.max": 0.5, "MAX:kappa.max": 0.91}