{"mean accuracy": 0.5996666666666666, "max accuracy": 0.96, "mean kappa": 0.3994999999999998, "max kappa": 0.94}