{"mean accuracy": 0.6976, "max accuracy": 0.9333333333333333, "mean kappa": 0.5463999999999999, "max kappa": 0.9}