{"MIN:log_loss.min": 0.8763518571876214, "MAX:log_loss.min": 1.038738364054208, "MIN:log_loss.mean": 0.9460620638534897, "MAX:log_loss.mean": 1.0801122760421031, "MIN:log_loss.max": 1.1513119576687498, "MAX:log_loss.max": 1.8053179243259732, "MIN:accuracy.min": 0.3333333333333333, "MAX:accuracy.min": 0.6666666666666666, "MIN:accuracy.mean": 0.6265333333333334, "MAX:accuracy.mean": 0.7340000000000002, "MIN:accuracy.max": 0.6666666666666666, "MAX:accuracy.max": 0.96, "MIN:kappa.min": 0.0, "MAX:kappa.min": 0.5, "MIN:kappa.mean": 0.43979999999999997, "MAX:kappa.mean": 0.601, "MIN:kappa.max": 0.5, "MAX:kappa.max": 0.9400000000000001}