{"MIN:log_loss.min": 0.29626112776397806, "MAX:log_loss.min": 0.4627918333042076, "MIN:log_loss.mean": 0.7990196794238544, "MAX:log_loss.mean": 0.8671834607323063, "MIN:log_loss.max": 1.2181108936873648, "MAX:log_loss.max": 1.2325672472461402, "MIN:accuracy.min": 0.3333333333333333, "MAX:accuracy.min": 0.3333333333333333, "MIN:accuracy.mean": 0.6047333333333333, "MAX:accuracy.mean": 0.6292, "MIN:accuracy.max": 0.9, "MAX:accuracy.max": 0.96, "MIN:kappa.min": -2.220446049250313e-16, "MAX:kappa.min": 0.0, "MIN:kappa.mean": 0.4071, "MAX:kappa.mean": 0.4438000000000001, "MIN:kappa.max": 0.85, "MAX:kappa.max": 0.9400000000000001}