{"MIN:log_loss.min": 0.11275636979093732, "MAX:log_loss.min": 0.5978419672763968, "MIN:log_loss.mean": 0.6449608074901028, "MAX:log_loss.mean": 0.8064704430660313, "MIN:log_loss.max": 1.0985715027853422, "MAX:log_loss.max": 1.2677295408147304, "MIN:accuracy.min": 0.3333333333333333, "MAX:accuracy.min": 0.62, "MIN:accuracy.mean": 0.7299333333333334, "MAX:accuracy.mean": 0.7591333333333332, "MIN:accuracy.max": 0.9133333333333333, "MAX:accuracy.max": 0.9666666666666667, "MIN:kappa.min": 0.0, "MAX:kappa.min": 0.43000000000000005, "MIN:kappa.mean": 0.5949, "MAX:kappa.mean": 0.6386999999999999, "MIN:kappa.max": 0.87, "MAX:kappa.max": 0.95}