{"MIN:log_loss.min": 0.816992709350478, "MAX:log_loss.min": 0.9539591362679977, "MIN:log_loss.mean": 0.9745013321730441, "MAX:log_loss.mean": 1.3251572578031563, "MIN:log_loss.max": 1.060871747795927, "MAX:log_loss.max": 6.838193089117404, "MIN:accuracy.min": 0.3333333333333333, "MAX:accuracy.min": 0.6666666666666666, "MIN:accuracy.mean": 0.6338666666666665, "MAX:accuracy.mean": 0.6666666666666669, "MIN:accuracy.max": 0.64, "MAX:accuracy.max": 0.6666666666666666, "MIN:kappa.min": 0.0, "MAX:kappa.min": 0.5, "MIN:kappa.mean": 0.4508000000000002, "MAX:kappa.mean": 0.5, "MIN:kappa.max": 0.45999999999999996, "MAX:kappa.max": 0.5}