{"MIN:log_loss.min": 0.43025776707688645, "MAX:log_loss.min": 0.43025776707688645, "MIN:log_loss.mean": 0.780246728411586, "MAX:log_loss.mean": 0.780246728411586, "MIN:log_loss.max": 1.210153750809958, "MAX:log_loss.max": 1.210153750809958, "MIN:accuracy.min": 0.3333333333333333, "MAX:accuracy.min": 0.3333333333333333, "MIN:accuracy.mean": 0.6953333333333334, "MAX:accuracy.mean": 0.6953333333333334, "MIN:accuracy.max": 0.9066666666666666, "MAX:accuracy.max": 0.9066666666666666, "MIN:kappa.min": -2.220446049250313e-16, "MAX:kappa.min": -2.220446049250313e-16, "MIN:kappa.mean": 0.5429999999999999, "MAX:kappa.mean": 0.5429999999999999, "MIN:kappa.max": 0.86, "MAX:kappa.max": 0.86}