{"mean accuracy": 0.6713333333333337, "max accuracy": 0.7799999999999999, "mean kappa": 0.507, "max kappa": 0.6699999999999998}