{"MIN:log_loss.min": 0.2502440613360937, "MAX:log_loss.min": 0.28360172538465794, "MIN:log_loss.mean": 0.8668047968539925, "MAX:log_loss.mean": 0.9092047752558338, "MIN:log_loss.max": 1.0986122886681096, "MAX:log_loss.max": 1.0986122886681096, "MIN:accuracy.min": 0.3333333333333333, "MAX:accuracy.min": 0.3333333333333333, "MIN:accuracy.mean": 0.5224666666666667, "MAX:accuracy.mean": 0.5730666666666666, "MIN:accuracy.max": 0.9533333333333334, "MAX:accuracy.max": 0.9666666666666667, "MIN:kappa.min": 0.0, "MAX:kappa.min": 0.0, "MIN:kappa.mean": 0.2837, "MAX:kappa.mean": 0.35960000000000003, "MIN:kappa.max": 0.9299999999999999, "MAX:kappa.max": 0.95}