{"MIN:log_loss.min": 0.08774220473793674, "MAX:log_loss.min": 0.1606555135309692, "MIN:log_loss.mean": 0.26913712471395795, "MAX:log_loss.mean": 0.4552709045603029, "MIN:log_loss.max": 0.7047684109212351, "MAX:log_loss.max": 0.8321346682293015, "MIN:accuracy.min": 0.7133333333333334, "MAX:accuracy.min": 0.9333333333333333, "MIN:accuracy.mean": 0.9572666666666666, "MAX:accuracy.mean": 0.9616000000000001, "MIN:accuracy.max": 0.96, "MAX:accuracy.max": 0.9666666666666667, "MIN:kappa.min": 0.5700000000000001, "MAX:kappa.min": 0.9, "MIN:kappa.mean": 0.9358999999999997, "MAX:kappa.mean": 0.9423999999999999, "MIN:kappa.max": 0.9400000000000001, "MAX:kappa.max": 0.95}