{"MIN:log_loss.min": 0.11629325617555467, "MAX:log_loss.min": 0.25806056932733196, "MIN:log_loss.mean": 0.8913074083812137, "MAX:log_loss.mean": 1.291580810161957, "MIN:log_loss.max": 6.678295705640031, "MAX:log_loss.max": 11.672295676616786, "MIN:accuracy.min": 0.3333333333333333, "MAX:accuracy.min": 0.6666666666666666, "MIN:accuracy.mean": 0.8079999999999998, "MAX:accuracy.mean": 0.862, "MIN:accuracy.max": 0.96, "MAX:accuracy.max": 0.96, "MIN:kappa.min": 0.0, "MAX:kappa.min": 0.5, "MIN:kappa.mean": 0.7119999999999999, "MAX:kappa.mean": 0.7929999999999999, "MIN:kappa.max": 0.94, "MAX:kappa.max": 0.9400000000000001}