{"MIN:log_loss.min": 0.13628694800918634, "MAX:log_loss.min": 0.6722202180354311, "MIN:log_loss.mean": 0.5836447709464696, "MAX:log_loss.mean": 8.66858656450334, "MIN:log_loss.max": 1.253416666030455, "MAX:log_loss.max": 21.16723387980626, "MIN:accuracy.min": 0.3333333333333333, "MAX:accuracy.min": 0.3333333333333333, "MIN:accuracy.mean": 0.6001333333333333, "MAX:accuracy.mean": 0.626, "MIN:accuracy.max": 0.6666666666666666, "MAX:accuracy.max": 0.96, "MIN:kappa.min": -2.220446049250313e-16, "MAX:kappa.min": 0.0, "MIN:kappa.mean": 0.40019999999999994, "MAX:kappa.mean": 0.439, "MIN:kappa.max": 0.5, "MAX:kappa.max": 0.9400000000000001}