{"MIN:log_loss.min": 0.2989505408133438, "MAX:log_loss.min": 0.30697990414589815, "MIN:log_loss.mean": 0.3197808517472932, "MAX:log_loss.mean": 0.3293517868088898, "MIN:log_loss.max": 0.8084565853226466, "MAX:log_loss.max": 0.9063518972975377, "MIN:accuracy.min": 0.4866666666666667, "MAX:accuracy.min": 0.56, "MIN:accuracy.mean": 0.9101333333333333, "MAX:accuracy.mean": 0.9109999999999999, "MIN:accuracy.max": 0.96, "MAX:accuracy.max": 0.96, "MIN:kappa.min": 0.22999999999999998, "MAX:kappa.min": 0.33999999999999997, "MIN:kappa.mean": 0.8652000000000001, "MAX:kappa.mean": 0.8665, "MIN:kappa.max": 0.94, "MAX:kappa.max": 0.9400000000000001}