{"MIN:log_loss.min": 0.11341685553378748, "MAX:log_loss.min": 0.3084895525662349, "MIN:log_loss.mean": 0.4257946928311458, "MAX:log_loss.mean": 0.5797760957804878, "MIN:log_loss.max": 1.0677257106484854, "MAX:log_loss.max": 1.369073910251118, "MIN:accuracy.min": 0.3333333333333333, "MAX:accuracy.min": 0.3333333333333333, "MIN:accuracy.mean": 0.8573333333333331, "MAX:accuracy.mean": 0.8743333333333332, "MIN:accuracy.max": 0.96, "MAX:accuracy.max": 0.9666666666666667, "MIN:kappa.min": 0.0, "MAX:kappa.min": 0.0, "MIN:kappa.mean": 0.7859999999999999, "MAX:kappa.mean": 0.8114999999999999, "MIN:kappa.max": 0.94, "MAX:kappa.max": 0.95}