{"MIN:log_loss.min": 0.3703556065770165, "MAX:log_loss.min": 0.4938485079824193, "MIN:log_loss.mean": 0.545753743899315, "MAX:log_loss.mean": 0.6547092324978574, "MIN:log_loss.max": 0.7629872451423663, "MAX:log_loss.max": 0.9139176776728923, "MIN:accuracy.min": 0.5666666666666667, "MAX:accuracy.min": 0.66, "MIN:accuracy.mean": 0.7346, "MAX:accuracy.mean": 0.8008000000000002, "MIN:accuracy.max": 0.8866666666666667, "MAX:accuracy.max": 0.96, "MIN:kappa.min": 0.35, "MAX:kappa.min": 0.49, "MIN:kappa.mean": 0.6019000000000001, "MAX:kappa.mean": 0.7012, "MIN:kappa.max": 0.8300000000000001, "MAX:kappa.max": 0.9400000000000001}