{"mean accuracy": 0.9364, "max accuracy": 0.9733333333333334, "mean kappa": 0.9045999999999998, "max kappa": 0.9600000000000001}