{"MIN:log_loss.min": 0.08820766255944187, "MAX:log_loss.min": 0.09062309888362724, "MIN:log_loss.mean": 0.23096090360345056, "MAX:log_loss.mean": 0.2473994370506454, "MIN:log_loss.max": 0.7024184058505194, "MAX:log_loss.max": 0.7026527162198808, "MIN:accuracy.min": 0.8933333333333333, "MAX:accuracy.min": 0.9466666666666667, "MIN:accuracy.mean": 0.9580666666666666, "MAX:accuracy.mean": 0.9621333333333331, "MIN:accuracy.max": 0.96, "MAX:accuracy.max": 0.9666666666666667, "MIN:kappa.min": 0.8400000000000001, "MAX:kappa.min": 0.92, "MIN:kappa.mean": 0.9370999999999998, "MAX:kappa.mean": 0.9431999999999998, "MIN:kappa.max": 0.94, "MAX:kappa.max": 0.95}