{"MIN:log_loss.min": 0.7218479132487119, "MAX:log_loss.min": 0.9460261197632004, "MIN:log_loss.mean": 0.9457884695876011, "MAX:log_loss.mean": 1.0189387548041489, "MIN:log_loss.max": 1.1182719064433457, "MAX:log_loss.max": 1.4638675315421656, "MIN:accuracy.min": 0.3333333333333333, "MAX:accuracy.min": 0.3333333333333333, "MIN:accuracy.mean": 0.5789333333333334, "MAX:accuracy.mean": 0.6211333333333332, "MIN:accuracy.max": 0.6666666666666666, "MAX:accuracy.max": 0.9533333333333334, "MIN:kappa.min": 0.0, "MAX:kappa.min": 1.1102230246251565e-16, "MIN:kappa.mean": 0.36839999999999995, "MAX:kappa.mean": 0.43170000000000003, "MIN:kappa.max": 0.5, "MAX:kappa.max": 0.9299999999999999}