{"MIN:log_loss.min": 0.08650269852476507, "MAX:log_loss.min": 0.10519449460585223, "MIN:log_loss.mean": 0.2583535781384511, "MAX:log_loss.mean": 0.2871578344987285, "MIN:log_loss.max": 0.8243842378103738, "MAX:log_loss.max": 0.843421596126906, "MIN:accuracy.min": 0.6666666666666666, "MAX:accuracy.min": 0.6666666666666666, "MIN:accuracy.mean": 0.9040666666666668, "MAX:accuracy.mean": 0.9170666666666666, "MIN:accuracy.max": 0.9666666666666667, "MAX:accuracy.max": 0.98, "MIN:kappa.min": 0.5, "MAX:kappa.min": 0.5, "MIN:kappa.mean": 0.8561, "MAX:kappa.mean": 0.8756, "MIN:kappa.max": 0.95, "MAX:kappa.max": 0.97}