{"MIN:log_loss.min": 0.3419528574398359, "MAX:log_loss.min": 0.5484301411111083, "MIN:log_loss.mean": 0.6774643103090707, "MAX:log_loss.mean": 0.8211966822467661, "MIN:log_loss.max": 1.4252276910205273, "MAX:log_loss.max": 1.6652838323948747, "MIN:accuracy.min": 0.15333333333333332, "MAX:accuracy.min": 0.3333333333333333, "MIN:accuracy.mean": 0.7535333333333334, "MAX:accuracy.mean": 0.8074000000000001, "MIN:accuracy.max": 0.9533333333333334, "MAX:accuracy.max": 0.9733333333333334, "MIN:kappa.min": -0.27, "MAX:kappa.min": 0.0, "MIN:kappa.mean": 0.6303000000000001, "MAX:kappa.mean": 0.7111, "MIN:kappa.max": 0.9299999999999999, "MAX:kappa.max": 0.96}