{"MIN:log_loss.min": 0.55224971753408, "MAX:log_loss.min": 0.779468717967265, "MIN:log_loss.mean": 0.8139596839126599, "MAX:log_loss.mean": 0.8992493288308963, "MIN:log_loss.max": 1.2363319467148972, "MAX:log_loss.max": 2.05366138813206, "MIN:accuracy.min": 0.3333333333333333, "MAX:accuracy.min": 0.46, "MIN:accuracy.mean": 0.6705333333333334, "MAX:accuracy.mean": 0.7306, "MIN:accuracy.max": 0.9, "MAX:accuracy.max": 0.9666666666666667, "MIN:kappa.min": 0.0, "MAX:kappa.min": 0.18999999999999995, "MIN:kappa.mean": 0.5058, "MAX:kappa.mean": 0.5959, "MIN:kappa.max": 0.85, "MAX:kappa.max": 0.95}