{"MIN:log_loss.min": 0.36277578144645684, "MAX:log_loss.min": 0.775676507923626, "MIN:log_loss.mean": 1.239471362597849, "MAX:log_loss.mean": 5.8635783744380285, "MIN:log_loss.max": 2.4835103993005085, "MAX:log_loss.max": 12.790334198866049, "MIN:accuracy.min": 0.3333333333333333, "MAX:accuracy.min": 0.56, "MIN:accuracy.mean": 0.5109333333333334, "MAX:accuracy.mean": 0.6696000000000002, "MIN:accuracy.max": 0.6666666666666666, "MAX:accuracy.max": 0.9666666666666667, "MIN:kappa.min": -2.220446049250313e-16, "MAX:kappa.min": 0.33999999999999997, "MIN:kappa.mean": 0.2664, "MAX:kappa.mean": 0.5044000000000001, "MIN:kappa.max": 0.5, "MAX:kappa.max": 0.95}