{"MAX:log_loss.min": 0.6150299621108913, "ARGMAX:log_loss.min": [9, 417043], "MIN:log_loss.min": 0.589633964857288, "ARGMIN:log_loss.min": [0, 460201], "MEAN:log_loss.min": 0.6057324197647426, "MAX:log_loss.mean": 0.6150299621108912, "ARGMAX:log_loss.mean": [9, 417043], "MIN:log_loss.mean": 0.589633964857288, "ARGMIN:log_loss.mean": [0, 460201], "MEAN:log_loss.mean": 0.6057324197647426, "MAX:log_loss.max": 0.6150299621108913, "ARGMAX:log_loss.max": [9, 417043], "MIN:log_loss.max": 0.589633964857288, "ARGMIN:log_loss.max": [0, 460201], "MEAN:log_loss.max": 0.6057324197647426, "MAX:accuracy.min": 0.8488, "ARGMAX:accuracy.min": [0, 460201], "MIN:accuracy.min": 0.8406, "ARGMIN:accuracy.min": [9, 417043], "MEAN:accuracy.min": 0.84418, "MAX:accuracy.mean": 0.8488, "ARGMAX:accuracy.mean": [0, 460201], "MIN:accuracy.mean": 0.8405999999999999, "ARGMIN:accuracy.mean": [9, 417043], "MEAN:accuracy.mean": 0.84418, "MAX:accuracy.max": 0.8488, "ARGMAX:accuracy.max": [0, 460201], "MIN:accuracy.max": 0.8406, "ARGMIN:accuracy.max": [9, 417043], "MEAN:accuracy.max": 0.84418, "MAX:kappa.min": 0.8318860822734837, "ARGMAX:kappa.min": [0, 460201], "MIN:kappa.min": 0.8227617026867369, "ARGMIN:kappa.min": [9, 417043], "MEAN:kappa.min": 0.8267480603923705, "MAX:kappa.mean": 0.8318860822734837, "ARGMAX:kappa.mean": [0, 460201], "MIN:kappa.mean": 0.8227617026867368, "ARGMIN:kappa.mean": [9, 417043], "MEAN:kappa.mean": 0.8267480603923705, "MAX:kappa.max": 0.8318860822734837, "ARGMAX:kappa.max": [0, 460201], "MIN:kappa.max": 0.8227617026867369, "ARGMIN:kappa.max": [9, 417043], "MEAN:kappa.max": 0.8267480603923705}