{"MIN:log_loss.min": 0.29482649909127084, "MAX:log_loss.min": 0.7227288575842918, "MIN:log_loss.mean": 1.4434062060440433, "MAX:log_loss.mean": 7.010022460463264, "MIN:log_loss.max": 3.018041246578407, "MAX:log_loss.max": 12.573083276641983, "MIN:accuracy.min": 0.3333333333333333, "MAX:accuracy.min": 0.3333333333333333, "MIN:accuracy.mean": 0.65, "MAX:accuracy.mean": 0.6613333333333334, "MIN:accuracy.max": 0.9333333333333333, "MAX:accuracy.max": 0.96, "MIN:kappa.min": 0.0, "MAX:kappa.min": 0.0, "MIN:kappa.mean": 0.4750000000000001, "MAX:kappa.mean": 0.49199999999999994, "MIN:kappa.max": 0.9, "MAX:kappa.max": 0.94}