{"MIN:log_loss.min": 0.07441367389254937, "MAX:log_loss.min": 0.1273641182562073, "MIN:log_loss.mean": 0.2262947873150042, "MAX:log_loss.mean": 0.32832543197071423, "MIN:log_loss.max": 0.8157967422808994, "MAX:log_loss.max": 4.370659418795112, "MIN:accuracy.min": 0.44666666666666666, "MAX:accuracy.min": 0.6733333333333333, "MIN:accuracy.mean": 0.9383333333333331, "MAX:accuracy.mean": 0.9576666666666666, "MIN:accuracy.max": 0.9666666666666667, "MAX:accuracy.max": 0.9733333333333334, "MIN:kappa.min": 0.17000000000000004, "MAX:kappa.min": 0.51, "MIN:kappa.mean": 0.9074999999999999, "MAX:kappa.mean": 0.9364999999999999, "MIN:kappa.max": 0.95, "MAX:kappa.max": 0.96}