{"MIN:log_loss.min": 0.38429877211685776, "MAX:log_loss.min": 0.7841259076684692, "MIN:log_loss.mean": 0.8345029669124567, "MAX:log_loss.mean": 1.0145108554254527, "MIN:log_loss.max": 1.1540003535573806, "MAX:log_loss.max": 1.247285382827337, "MIN:accuracy.min": 0.3333333333333333, "MAX:accuracy.min": 0.6533333333333333, "MIN:accuracy.mean": 0.6033999999999999, "MAX:accuracy.mean": 0.7168000000000001, "MIN:accuracy.max": 0.9133333333333333, "MAX:accuracy.max": 0.96, "MIN:kappa.min": 0.0, "MAX:kappa.min": 0.48, "MIN:kappa.mean": 0.40510000000000007, "MAX:kappa.mean": 0.5751999999999998, "MIN:kappa.max": 0.87, "MAX:kappa.max": 0.94}