{"MIN:log_loss.min": 0.18671199184656473, "MAX:log_loss.min": 0.4021095038600909, "MIN:log_loss.mean": 1.072951919565809, "MAX:log_loss.mean": 1.6752304539514775, "MIN:log_loss.max": 8.89582743684697, "MAX:log_loss.max": 15.057068980656059, "MIN:accuracy.min": 0.2866666666666667, "MAX:accuracy.min": 0.44, "MIN:accuracy.mean": 0.7234666666666666, "MAX:accuracy.mean": 0.7653333333333334, "MIN:accuracy.max": 0.9066666666666666, "MAX:accuracy.max": 0.9533333333333334, "MIN:kappa.min": -0.07000000000000006, "MAX:kappa.min": 0.16000000000000003, "MIN:kappa.mean": 0.5852, "MAX:kappa.mean": 0.648, "MIN:kappa.max": 0.86, "MAX:kappa.max": 0.9299999999999999}