{"MIN:log_loss.min": 0.44403892700516406, "MAX:log_loss.min": 0.4457041837830345, "MIN:log_loss.mean": 0.747775958104853, "MAX:log_loss.mean": 0.7507097340191315, "MIN:log_loss.max": 1.0649433945918991, "MAX:log_loss.max": 1.073166589494232, "MIN:accuracy.min": 0.3333333333333333, "MAX:accuracy.min": 0.3333333333333333, "MIN:accuracy.mean": 0.8110666666666668, "MAX:accuracy.mean": 0.8245999999999999, "MIN:accuracy.max": 0.94, "MAX:accuracy.max": 0.96, "MIN:kappa.min": 0.0, "MAX:kappa.min": 0.0, "MIN:kappa.mean": 0.7166, "MAX:kappa.mean": 0.7369, "MIN:kappa.max": 0.91, "MAX:kappa.max": 0.9400000000000001}