{"MIN:log_loss.min": 0.23389289144560554, "MAX:log_loss.min": 0.520900985360676, "MIN:log_loss.mean": 0.7793141031283656, "MAX:log_loss.mean": 0.9230538485176513, "MIN:log_loss.max": 1.098516371193271, "MAX:log_loss.max": 1.2176822858460543, "MIN:accuracy.min": 0.3333333333333333, "MAX:accuracy.min": 0.3333333333333333, "MIN:accuracy.mean": 0.5654, "MAX:accuracy.mean": 0.6607999999999999, "MIN:accuracy.max": 0.9466666666666667, "MAX:accuracy.max": 0.96, "MIN:kappa.min": 0.0, "MAX:kappa.min": 0.0, "MIN:kappa.mean": 0.3481, "MAX:kappa.mean": 0.4912, "MIN:kappa.max": 0.92, "MAX:kappa.max": 0.9400000000000001}