{"MIN:log_loss.min": 0.11636431036069643, "MAX:log_loss.min": 0.5301151715854511, "MIN:log_loss.mean": 0.3149273076277073, "MAX:log_loss.mean": 6.532658224288891, "MIN:log_loss.max": 0.900531640758544, "MAX:log_loss.max": 22.999052885513816, "MIN:accuracy.min": 0.3333333333333333, "MAX:accuracy.min": 0.6666666666666666, "MIN:accuracy.mean": 0.7470666666666667, "MAX:accuracy.mean": 0.8690000000000001, "MIN:accuracy.max": 0.9466666666666667, "MAX:accuracy.max": 0.9733333333333334, "MIN:kappa.min": 0.0, "MAX:kappa.min": 0.5, "MIN:kappa.mean": 0.6205999999999999, "MAX:kappa.mean": 0.8035000000000001, "MIN:kappa.max": 0.92, "MAX:kappa.max": 0.96}