{"mean accuracy": 0.6459333333333335, "max accuracy": 0.96, "mean kappa": 0.46889999999999993, "max kappa": 0.94}