{"mean accuracy": 0.9368666666666668, "max accuracy": 0.9533333333333334, "mean kappa": 0.9053, "max kappa": 0.93}