{"MIN:log_loss.min": 0.3155312682518182, "MAX:log_loss.min": 0.33500781900752447, "MIN:log_loss.mean": 0.6545650233981093, "MAX:log_loss.mean": 0.7089017095419229, "MIN:log_loss.max": 1.2153439092740135, "MAX:log_loss.max": 1.2154979526881424, "MIN:accuracy.min": 0.3333333333333333, "MAX:accuracy.min": 0.3333333333333333, "MIN:accuracy.mean": 0.7139333333333333, "MAX:accuracy.mean": 0.7376666666666664, "MIN:accuracy.max": 0.9533333333333334, "MAX:accuracy.max": 0.96, "MIN:kappa.min": -2.220446049250313e-16, "MAX:kappa.min": 0.0, "MIN:kappa.mean": 0.5709, "MAX:kappa.mean": 0.6064999999999998, "MIN:kappa.max": 0.9299999999999999, "MAX:kappa.max": 0.94}