{"MIN:log_loss.min": 0.08307168547440322, "MAX:log_loss.min": 0.1103323139763484, "MIN:log_loss.mean": 0.32998971567180446, "MAX:log_loss.mean": 0.6321504624940509, "MIN:log_loss.max": 4.706047736522055, "MAX:log_loss.max": 9.555202338536473, "MIN:accuracy.min": 0.6333333333333333, "MAX:accuracy.min": 0.8133333333333334, "MIN:accuracy.mean": 0.9118, "MAX:accuracy.mean": 0.9541333333333333, "MIN:accuracy.max": 0.96, "MAX:accuracy.max": 0.96, "MIN:kappa.min": 0.44999999999999996, "MAX:kappa.min": 0.72, "MIN:kappa.mean": 0.8677000000000001, "MAX:kappa.mean": 0.9311999999999998, "MIN:kappa.max": 0.94, "MAX:kappa.max": 0.9400000000000001}