{"MIN:log_loss.min": 0.7053477188837712, "MAX:log_loss.min": 0.7420632607052413, "MIN:log_loss.mean": 0.8389596658767852, "MAX:log_loss.mean": 0.8823200679509507, "MIN:log_loss.max": 1.6662105865060335, "MAX:log_loss.max": 1.9422038481016133, "MIN:accuracy.min": 0.3333333333333333, "MAX:accuracy.min": 0.3333333333333333, "MIN:accuracy.mean": 0.6789333333333335, "MAX:accuracy.mean": 0.6789333333333335, "MIN:accuracy.max": 0.96, "MAX:accuracy.max": 0.96, "MIN:kappa.min": -2.220446049250313e-16, "MAX:kappa.min": -2.220446049250313e-16, "MIN:kappa.mean": 0.5184, "MAX:kappa.mean": 0.5184000000000001, "MIN:kappa.max": 0.9400000000000001, "MAX:kappa.max": 0.9400000000000001}