{"MIN:log_loss.min": 0.31624538969920785, "MAX:log_loss.min": 0.738142102363151, "MIN:log_loss.mean": 0.8077758063722071, "MAX:log_loss.mean": 2.96917884767939, "MIN:log_loss.max": 1.1506831310628116, "MAX:log_loss.max": 11.544443889158355, "MIN:accuracy.min": 0.0, "MAX:accuracy.min": 0.36666666666666664, "MIN:accuracy.mean": 0.537, "MAX:accuracy.mean": 0.6039333333333333, "MIN:accuracy.max": 0.6733333333333333, "MAX:accuracy.max": 0.96, "MIN:kappa.min": -0.5, "MAX:kappa.min": 0.050000000000000044, "MIN:kappa.mean": 0.3055, "MAX:kappa.mean": 0.4059, "MIN:kappa.max": 0.51, "MAX:kappa.max": 0.9400000000000001}