{"MIN:log_loss.min": 0.9248115301453449, "MAX:log_loss.min": 0.9495656193858789, "MIN:log_loss.mean": 1.0213453507928703, "MAX:log_loss.mean": 1.045601841579262, "MIN:log_loss.max": 1.1010200060397675, "MAX:log_loss.max": 1.2097141197314667, "MIN:accuracy.min": 0.3333333333333333, "MAX:accuracy.min": 0.6333333333333333, "MIN:accuracy.mean": 0.551, "MAX:accuracy.mean": 0.6620000000000001, "MIN:accuracy.max": 0.6666666666666666, "MAX:accuracy.max": 0.88, "MIN:kappa.min": -2.220446049250313e-16, "MAX:kappa.min": 0.44999999999999996, "MIN:kappa.mean": 0.3265, "MAX:kappa.mean": 0.4930000000000001, "MIN:kappa.max": 0.5, "MAX:kappa.max": 0.8200000000000001}