{"MIN:log_loss.min": 0.1613480887759342, "MAX:log_loss.min": 0.17331126541594907, "MIN:log_loss.mean": 0.31640804327065264, "MAX:log_loss.mean": 0.35392613924829625, "MIN:log_loss.max": 1.5694728041597783, "MAX:log_loss.max": 4.914887232679948, "MIN:accuracy.min": 0.23333333333333334, "MAX:accuracy.min": 0.3333333333333333, "MIN:accuracy.mean": 0.9003999999999999, "MAX:accuracy.mean": 0.9189999999999999, "MIN:accuracy.max": 0.9666666666666667, "MAX:accuracy.max": 0.9733333333333334, "MIN:kappa.min": -0.1499999999999999, "MAX:kappa.min": 0.0, "MIN:kappa.mean": 0.8505999999999999, "MAX:kappa.mean": 0.8785000000000001, "MIN:kappa.max": 0.95, "MAX:kappa.max": 0.96}