{"MIN:log_loss.min": 0.5934773196440707, "MAX:log_loss.min": 0.5934773196440707, "MIN:log_loss.mean": 0.6642621264611147, "MAX:log_loss.mean": 0.6642621264611147, "MIN:log_loss.max": 1.0257474029135172, "MAX:log_loss.max": 1.0257474029135172, "MIN:accuracy.min": 0.5933333333333334, "MAX:accuracy.min": 0.5933333333333334, "MIN:accuracy.mean": 0.7371333333333336, "MAX:accuracy.mean": 0.7371333333333336, "MIN:accuracy.max": 0.96, "MAX:accuracy.max": 0.96, "MIN:kappa.min": 0.39, "MAX:kappa.min": 0.39, "MIN:kappa.mean": 0.6057, "MAX:kappa.mean": 0.6057, "MIN:kappa.max": 0.94, "MAX:kappa.max": 0.94}