{"MIN:log_loss.min": 0.2692302431211152, "MAX:log_loss.min": 0.33681979897382214, "MIN:log_loss.mean": 0.5420814472726455, "MAX:log_loss.mean": 0.559924678408813, "MIN:log_loss.max": 0.9946400864827808, "MAX:log_loss.max": 0.9985230640936762, "MIN:accuracy.min": 0.6533333333333333, "MAX:accuracy.min": 0.6666666666666666, "MIN:accuracy.mean": 0.8313333333333334, "MAX:accuracy.mean": 0.8745333333333335, "MIN:accuracy.max": 0.96, "MAX:accuracy.max": 0.96, "MIN:kappa.min": 0.48, "MAX:kappa.min": 0.5, "MIN:kappa.mean": 0.747, "MAX:kappa.mean": 0.8118000000000001, "MIN:kappa.max": 0.9400000000000001, "MAX:kappa.max": 0.9400000000000001}