{"MIN:log_loss.min": 0.6224317814492704, "MAX:log_loss.min": 0.7417248867337272, "MIN:log_loss.mean": 0.7826545607502609, "MAX:log_loss.mean": 4.58600980428664, "MIN:log_loss.max": 1.0986113403706403, "MAX:log_loss.max": 11.929210280240328, "MIN:accuracy.min": 0.3333333333333333, "MAX:accuracy.min": 0.62, "MIN:accuracy.mean": 0.5979333333333333, "MAX:accuracy.mean": 0.6241333333333333, "MIN:accuracy.max": 0.62, "MAX:accuracy.max": 0.96, "MIN:kappa.min": -2.220446049250313e-16, "MAX:kappa.min": 0.43000000000000005, "MIN:kappa.mean": 0.39690000000000003, "MAX:kappa.mean": 0.43620000000000003, "MIN:kappa.max": 0.43000000000000005, "MAX:kappa.max": 0.9400000000000001}