{"MIN:log_loss.min": 0.24260470468262738, "MAX:log_loss.min": 0.4545752499864086, "MIN:log_loss.mean": 0.5391294270144205, "MAX:log_loss.mean": 0.6508854700091474, "MIN:log_loss.max": 0.8936419785866053, "MAX:log_loss.max": 3.7401789052664873, "MIN:accuracy.min": 0.3333333333333333, "MAX:accuracy.min": 0.7, "MIN:accuracy.mean": 0.8342, "MAX:accuracy.mean": 0.8862666666666665, "MIN:accuracy.max": 0.9666666666666667, "MAX:accuracy.max": 0.98, "MIN:kappa.min": 0.0, "MAX:kappa.min": 0.55, "MIN:kappa.mean": 0.7512999999999999, "MAX:kappa.mean": 0.8294, "MIN:kappa.max": 0.95, "MAX:kappa.max": 0.97}