{"MIN:log_loss.min": 0.3781136518429157, "MAX:log_loss.min": 0.508707137914514, "MIN:log_loss.mean": 0.5837503514798406, "MAX:log_loss.mean": 0.6411978227473949, "MIN:log_loss.max": 1.0134755744847628, "MAX:log_loss.max": 1.1329546786010918, "MIN:accuracy.min": 0.3333333333333333, "MAX:accuracy.min": 0.6666666666666666, "MIN:accuracy.mean": 0.7611333333333333, "MAX:accuracy.mean": 0.7898000000000002, "MIN:accuracy.max": 0.9466666666666667, "MAX:accuracy.max": 0.96, "MIN:kappa.min": 0.0, "MAX:kappa.min": 0.5, "MIN:kappa.mean": 0.6417, "MAX:kappa.mean": 0.6847, "MIN:kappa.max": 0.92, "MAX:kappa.max": 0.9400000000000001}