{"MIN:log_loss.min": 0.8357006471884955, "MAX:log_loss.min": 0.8357006471884955, "MIN:log_loss.mean": 0.90884538401602, "MAX:log_loss.mean": 0.90884538401602, "MIN:log_loss.max": 1.0981290599910156, "MAX:log_loss.max": 1.0981290599910156, "MIN:accuracy.min": 0.8066666666666666, "MAX:accuracy.min": 0.8066666666666666, "MIN:accuracy.mean": 0.8088000000000002, "MAX:accuracy.mean": 0.8088000000000002, "MIN:accuracy.max": 0.8133333333333334, "MAX:accuracy.max": 0.8133333333333334, "MIN:kappa.min": 0.71, "MAX:kappa.min": 0.71, "MIN:kappa.mean": 0.7131999999999996, "MAX:kappa.mean": 0.7131999999999996, "MIN:kappa.max": 0.72, "MAX:kappa.max": 0.72}