{"MIN:log_loss.min": 0.13374716330500414, "MAX:log_loss.min": 0.16239232695931188, "MIN:log_loss.mean": 0.47963576580620193, "MAX:log_loss.mean": 0.5882897673240137, "MIN:log_loss.max": 1.0980342149547413, "MAX:log_loss.max": 1.0994272044576399, "MIN:accuracy.min": 0.3333333333333333, "MAX:accuracy.min": 0.3333333333333333, "MIN:accuracy.mean": 0.7602666666666665, "MAX:accuracy.mean": 0.7800000000000001, "MIN:accuracy.max": 0.96, "MAX:accuracy.max": 0.9666666666666667, "MIN:kappa.min": 0.0, "MAX:kappa.min": 0.0, "MIN:kappa.mean": 0.6404, "MAX:kappa.mean": 0.67, "MIN:kappa.max": 0.9400000000000001, "MAX:kappa.max": 0.95}