{"MIN:log_loss.min": 0.0951379082481594, "MAX:log_loss.min": 0.541815222245481, "MIN:log_loss.mean": 0.49346505183376194, "MAX:log_loss.mean": 1.311555485240574, "MIN:log_loss.max": 1.130411862100852, "MAX:log_loss.max": 9.081889504841444, "MIN:accuracy.min": 0.3333333333333333, "MAX:accuracy.min": 0.3333333333333333, "MIN:accuracy.mean": 0.7531333333333333, "MAX:accuracy.mean": 0.7885999999999999, "MIN:accuracy.max": 0.9666666666666667, "MAX:accuracy.max": 0.9733333333333334, "MIN:kappa.min": -2.220446049250313e-16, "MAX:kappa.min": 0.0, "MIN:kappa.mean": 0.6296999999999999, "MAX:kappa.mean": 0.6829, "MIN:kappa.max": 0.95, "MAX:kappa.max": 0.96}