{"MIN:log_loss.min": 0.35089760670177045, "MAX:log_loss.min": 0.41227645139053365, "MIN:log_loss.mean": 0.514617018146016, "MAX:log_loss.mean": 0.6416085793643529, "MIN:log_loss.max": 0.9449929422577509, "MAX:log_loss.max": 1.1666860586381376, "MIN:accuracy.min": 0.3333333333333333, "MAX:accuracy.min": 0.4066666666666667, "MIN:accuracy.mean": 0.784, "MAX:accuracy.mean": 0.8579999999999999, "MIN:accuracy.max": 0.96, "MAX:accuracy.max": 0.96, "MIN:kappa.min": 0.0, "MAX:kappa.min": 0.10999999999999999, "MIN:kappa.mean": 0.676, "MAX:kappa.mean": 0.7869999999999999, "MIN:kappa.max": 0.9400000000000001, "MAX:kappa.max": 0.9400000000000001}