{"MIN:log_loss.min": 0.2535742696039454, "MAX:log_loss.min": 0.2715381439886453, "MIN:log_loss.mean": 0.4390694236623115, "MAX:log_loss.mean": 0.4856804867666036, "MIN:log_loss.max": 0.9614933741737745, "MAX:log_loss.max": 1.603828953672964, "MIN:accuracy.min": 0.3333333333333333, "MAX:accuracy.min": 0.34, "MIN:accuracy.mean": 0.8839333333333331, "MAX:accuracy.mean": 0.9129999999999999, "MIN:accuracy.max": 0.9733333333333334, "MAX:accuracy.max": 0.9733333333333334, "MIN:kappa.min": 0.0, "MAX:kappa.min": 0.010000000000000009, "MIN:kappa.mean": 0.8259000000000001, "MAX:kappa.mean": 0.8695, "MIN:kappa.max": 0.96, "MAX:kappa.max": 0.96}