{"MIN:log_loss.min": 0.12322040608304391, "MAX:log_loss.min": 0.30593557772383123, "MIN:log_loss.mean": 0.35016443466990954, "MAX:log_loss.mean": 0.870536422989848, "MIN:log_loss.max": 2.3147388141237637, "MAX:log_loss.max": 4.477776562893047, "MIN:accuracy.min": 0.24, "MAX:accuracy.min": 0.5133333333333333, "MIN:accuracy.mean": 0.8453333333333333, "MAX:accuracy.mean": 0.8917333333333333, "MIN:accuracy.max": 0.9466666666666667, "MAX:accuracy.max": 0.96, "MIN:kappa.min": -0.1399999999999999, "MAX:kappa.min": 0.27, "MIN:kappa.mean": 0.768, "MAX:kappa.mean": 0.8376, "MIN:kappa.max": 0.92, "MAX:kappa.max": 0.9400000000000001}