{"mean accuracy": 0.5681999999999999, "max accuracy": 0.9733333333333333, "mean kappa": 0.3522999999999999, "max kappa": 0.9599999999999999}