{"MIN:log_loss.min": 0.11523662875657062, "MAX:log_loss.min": 0.11943842371280843, "MIN:log_loss.mean": 0.2724486039621965, "MAX:log_loss.mean": 0.28837639638625917, "MIN:log_loss.max": 0.891483426821205, "MAX:log_loss.max": 0.9971863024038741, "MIN:accuracy.min": 0.74, "MAX:accuracy.min": 0.84, "MIN:accuracy.mean": 0.9330000000000002, "MAX:accuracy.mean": 0.9373333333333335, "MIN:accuracy.max": 0.96, "MAX:accuracy.max": 0.96, "MIN:kappa.min": 0.61, "MAX:kappa.min": 0.76, "MIN:kappa.mean": 0.8995000000000001, "MAX:kappa.mean": 0.9059999999999999, "MIN:kappa.max": 0.94, "MAX:kappa.max": 0.94}