{"MIN:log_loss.min": 0.1308153663598106, "MAX:log_loss.min": 0.15477301163302049, "MIN:log_loss.mean": 0.47187181591184973, "MAX:log_loss.mean": 0.5861664208863132, "MIN:log_loss.max": 4.604793951315772, "MAX:log_loss.max": 6.763606030222263, "MIN:accuracy.min": 0.5533333333333333, "MAX:accuracy.min": 0.6666666666666666, "MIN:accuracy.mean": 0.8837333333333334, "MAX:accuracy.mean": 0.9025999999999997, "MIN:accuracy.max": 0.96, "MAX:accuracy.max": 0.9666666666666667, "MIN:kappa.min": 0.32999999999999996, "MAX:kappa.min": 0.5, "MIN:kappa.mean": 0.8256, "MAX:kappa.mean": 0.8538999999999999, "MIN:kappa.max": 0.9400000000000001, "MAX:kappa.max": 0.95}