{"MIN:log_loss.min": 0.3559198328793626, "MAX:log_loss.min": 0.3948904658074163, "MIN:log_loss.mean": 0.6866721858741053, "MAX:log_loss.mean": 0.698653269188769, "MIN:log_loss.max": 1.1943810142311595, "MAX:log_loss.max": 1.194666469521587, "MIN:accuracy.min": 0.41333333333333333, "MAX:accuracy.min": 0.5533333333333333, "MIN:accuracy.mean": 0.7483333333333333, "MAX:accuracy.mean": 0.8019333333333334, "MIN:accuracy.max": 0.96, "MAX:accuracy.max": 0.9733333333333334, "MIN:kappa.min": 0.12, "MAX:kappa.min": 0.32999999999999996, "MIN:kappa.mean": 0.6224999999999999, "MAX:kappa.mean": 0.7029, "MIN:kappa.max": 0.9400000000000001, "MAX:kappa.max": 0.96}