{"MIN:log_loss.min": 0.15683678364006312, "MAX:log_loss.min": 0.3343602414136156, "MIN:log_loss.mean": 0.5281930555671911, "MAX:log_loss.mean": 0.684293339039461, "MIN:log_loss.max": 1.097814329315399, "MAX:log_loss.max": 1.0984934255228176, "MIN:accuracy.min": 0.48, "MAX:accuracy.min": 0.6666666666666666, "MIN:accuracy.mean": 0.7550666666666666, "MAX:accuracy.mean": 0.8060666666666667, "MIN:accuracy.max": 0.9466666666666667, "MAX:accuracy.max": 0.96, "MIN:kappa.min": 0.21999999999999997, "MAX:kappa.min": 0.5, "MIN:kappa.mean": 0.6325999999999999, "MAX:kappa.mean": 0.7091000000000001, "MIN:kappa.max": 0.92, "MAX:kappa.max": 0.9400000000000001}