{"MIN:log_loss.min": 0.5190686094947168, "MAX:log_loss.min": 0.6373266850864099, "MIN:log_loss.mean": 1.3027645550011429, "MAX:log_loss.mean": 4.440359271858097, "MIN:log_loss.max": 2.8221830662091025, "MAX:log_loss.max": 12.028751658209927, "MIN:accuracy.min": 0.3333333333333333, "MAX:accuracy.min": 0.5266666666666666, "MIN:accuracy.mean": 0.5909333333333333, "MAX:accuracy.mean": 0.6676000000000001, "MIN:accuracy.max": 0.8933333333333333, "MAX:accuracy.max": 0.96, "MIN:kappa.min": 0.0, "MAX:kappa.min": 0.29000000000000004, "MIN:kappa.mean": 0.3863999999999999, "MAX:kappa.mean": 0.5014000000000001, "MIN:kappa.max": 0.84, "MAX:kappa.max": 0.9400000000000001}