{"MIN:log_loss.min": 0.4280521810455278, "MAX:log_loss.min": 0.5096703372433123, "MIN:log_loss.mean": 0.6009987032920329, "MAX:log_loss.mean": 0.6665612883378013, "MIN:log_loss.max": 0.9621969058157069, "MAX:log_loss.max": 1.3144462676628847, "MIN:accuracy.min": 0.09333333333333334, "MAX:accuracy.min": 0.38, "MIN:accuracy.mean": 0.8522, "MAX:accuracy.mean": 0.8750666666666667, "MIN:accuracy.max": 0.9533333333333334, "MAX:accuracy.max": 0.96, "MIN:kappa.min": -0.3600000000000001, "MAX:kappa.min": 0.06999999999999995, "MIN:kappa.mean": 0.7783000000000001, "MAX:kappa.mean": 0.8125999999999999, "MIN:kappa.max": 0.9299999999999999, "MAX:kappa.max": 0.9400000000000001}