{"MIN:log_loss.min": 0.13197877573600852, "MAX:log_loss.min": 0.7137835717942302, "MIN:log_loss.mean": 0.5718945931320231, "MAX:log_loss.mean": 6.33046868203465, "MIN:log_loss.max": 1.0530044873505806, "MAX:log_loss.max": 11.512926371529439, "MIN:accuracy.min": 0.37333333333333335, "MAX:accuracy.min": 0.6666666666666666, "MIN:accuracy.mean": 0.6536, "MAX:accuracy.mean": 0.6776000000000002, "MIN:accuracy.max": 0.6666666666666666, "MAX:accuracy.max": 0.96, "MIN:kappa.min": 0.06000000000000005, "MAX:kappa.min": 0.5, "MIN:kappa.mean": 0.4804, "MAX:kappa.mean": 0.5164, "MIN:kappa.max": 0.5, "MAX:kappa.max": 0.94}