{"MIN:log_loss.min": 0.3157333261197397, "MAX:log_loss.min": 0.35549301606094486, "MIN:log_loss.mean": 0.504875881889546, "MAX:log_loss.mean": 0.6595694891612061, "MIN:log_loss.max": 2.8211572275778525, "MAX:log_loss.max": 5.371272403365212, "MIN:accuracy.min": 0.5733333333333334, "MAX:accuracy.min": 0.64, "MIN:accuracy.mean": 0.8412666666666666, "MAX:accuracy.mean": 0.8644666666666667, "MIN:accuracy.max": 0.96, "MAX:accuracy.max": 0.96, "MIN:kappa.min": 0.36, "MAX:kappa.min": 0.45999999999999996, "MIN:kappa.mean": 0.7619, "MAX:kappa.mean": 0.7967, "MIN:kappa.max": 0.9400000000000001, "MAX:kappa.max": 0.9400000000000001}