{"mean accuracy": 0.9060000000000002, "max accuracy": 0.96, "mean kappa": 0.8590000000000001, "max kappa": 0.94}