{"MIN:log_loss.min": 0.1424522139936661, "MAX:log_loss.min": 0.22095370545181092, "MIN:log_loss.mean": 0.7920043795491033, "MAX:log_loss.mean": 3.3433476730011726, "MIN:log_loss.max": 3.7934423358187903, "MAX:log_loss.max": 11.512925469279956, "MIN:accuracy.min": 0.3333333333333333, "MAX:accuracy.min": 0.5666666666666667, "MIN:accuracy.mean": 0.7057333333333333, "MAX:accuracy.mean": 0.7351333333333335, "MIN:accuracy.max": 0.96, "MAX:accuracy.max": 0.96, "MIN:kappa.min": 0.0, "MAX:kappa.min": 0.35, "MIN:kappa.mean": 0.5586, "MAX:kappa.mean": 0.6027, "MIN:kappa.max": 0.94, "MAX:kappa.max": 0.9400000000000001}