{"MIN:log_loss.min": 0.1496418558832864, "MAX:log_loss.min": 0.16206548159173925, "MIN:log_loss.mean": 0.6154932605119984, "MAX:log_loss.mean": 0.6167121484826528, "MIN:log_loss.max": 1.0984791482017768, "MAX:log_loss.max": 1.0984791482599723, "MIN:accuracy.min": 0.4533333333333333, "MAX:accuracy.min": 0.5266666666666666, "MIN:accuracy.mean": 0.8468666666666667, "MAX:accuracy.mean": 0.8621999999999999, "MIN:accuracy.max": 0.96, "MAX:accuracy.max": 0.96, "MIN:kappa.min": 0.18000000000000005, "MAX:kappa.min": 0.29000000000000004, "MIN:kappa.mean": 0.7703, "MAX:kappa.mean": 0.7932999999999999, "MIN:kappa.max": 0.9400000000000001, "MAX:kappa.max": 0.9400000000000001}