{"MIN:log_loss.min": 0.611804622097092, "MAX:log_loss.min": 0.6914569889966943, "MIN:log_loss.mean": 0.7559351504211729, "MAX:log_loss.mean": 0.809949844618768, "MIN:log_loss.max": 1.4902339290403541, "MAX:log_loss.max": 1.5611259483985143, "MIN:accuracy.min": 0.18666666666666668, "MAX:accuracy.min": 0.3466666666666667, "MIN:accuracy.mean": 0.6884, "MAX:accuracy.mean": 0.7054666666666666, "MIN:accuracy.max": 0.96, "MAX:accuracy.max": 0.96, "MIN:kappa.min": -0.21999999999999997, "MAX:kappa.min": 0.020000000000000018, "MIN:kappa.mean": 0.5326000000000001, "MAX:kappa.mean": 0.5581999999999999, "MIN:kappa.max": 0.9400000000000001, "MAX:kappa.max": 0.9400000000000001}