{"MIN:log_loss.min": 0.5081673247102442, "MAX:log_loss.min": 0.5121601652663721, "MIN:log_loss.mean": 0.8569288846256217, "MAX:log_loss.mean": 0.8910117450071613, "MIN:log_loss.max": 6.84553789522586, "MAX:log_loss.max": 6.84553789522586, "MIN:accuracy.min": 0.3333333333333333, "MAX:accuracy.min": 0.3333333333333333, "MIN:accuracy.mean": 0.7028666666666668, "MAX:accuracy.mean": 0.7461333333333334, "MIN:accuracy.max": 0.88, "MAX:accuracy.max": 0.9466666666666667, "MIN:kappa.min": 0.0, "MAX:kappa.min": 0.0, "MIN:kappa.mean": 0.5543, "MAX:kappa.mean": 0.6192, "MIN:kappa.max": 0.8200000000000001, "MAX:kappa.max": 0.92}