{"mean accuracy": 0.6766000000000002, "max accuracy": 0.96, "mean kappa": 0.5148999999999999, "max kappa": 0.94}