{"MIN:log_loss.min": 0.11268996146846817, "MAX:log_loss.min": 0.11268996146846817, "MIN:log_loss.mean": 0.47624772850286545, "MAX:log_loss.mean": 0.4763705612776416, "MIN:log_loss.max": 1.004586897634382, "MAX:log_loss.max": 1.0077946323284082, "MIN:accuracy.min": 0.64, "MAX:accuracy.min": 0.64, "MIN:accuracy.mean": 0.9422, "MAX:accuracy.mean": 0.9422, "MIN:accuracy.max": 0.96, "MAX:accuracy.max": 0.96, "MIN:kappa.min": 0.45999999999999996, "MAX:kappa.min": 0.45999999999999996, "MIN:kappa.mean": 0.9132999999999999, "MAX:kappa.mean": 0.9132999999999999, "MIN:kappa.max": 0.9400000000000001, "MAX:kappa.max": 0.9400000000000001}