{"MIN:log_loss.min": 0.4714784433100192, "MAX:log_loss.min": 0.5335514680474347, "MIN:log_loss.mean": 0.7336462009417245, "MAX:log_loss.mean": 0.7610165450689981, "MIN:log_loss.max": 1.4946604606907548, "MAX:log_loss.max": 2.0868832187189574, "MIN:accuracy.min": 0.3, "MAX:accuracy.min": 0.32, "MIN:accuracy.mean": 0.7648666666666664, "MAX:accuracy.mean": 0.7958666666666665, "MIN:accuracy.max": 0.96, "MAX:accuracy.max": 0.96, "MIN:kappa.min": -0.050000000000000044, "MAX:kappa.min": -0.020000000000000018, "MIN:kappa.mean": 0.6473, "MAX:kappa.mean": 0.6938000000000001, "MIN:kappa.max": 0.9400000000000001, "MAX:kappa.max": 0.9400000000000001}