{"MIN:log_loss.min": 0.2297456535290386, "MAX:log_loss.min": 0.23856898976644453, "MIN:log_loss.mean": 0.32928691162543555, "MAX:log_loss.mean": 0.36743496307876294, "MIN:log_loss.max": 1.1562511395805224, "MAX:log_loss.max": 2.1986959812734224, "MIN:accuracy.min": 0.6, "MAX:accuracy.min": 0.6533333333333333, "MIN:accuracy.mean": 0.9056666666666665, "MAX:accuracy.mean": 0.9262, "MIN:accuracy.max": 0.96, "MAX:accuracy.max": 0.9666666666666667, "MIN:kappa.min": 0.4, "MAX:kappa.min": 0.48, "MIN:kappa.mean": 0.8584999999999999, "MAX:kappa.mean": 0.8893, "MIN:kappa.max": 0.9400000000000001, "MAX:kappa.max": 0.95}