{"MIN:log_loss.min": 0.15302109844300069, "MAX:log_loss.min": 0.5080710424263922, "MIN:log_loss.mean": 0.7797835620070964, "MAX:log_loss.mean": 2.0956846468201875, "MIN:log_loss.max": 1.2178668331179685, "MAX:log_loss.max": 8.988419685809834, "MIN:accuracy.min": 0.3333333333333333, "MAX:accuracy.min": 0.3333333333333333, "MIN:accuracy.mean": 0.6083333333333333, "MAX:accuracy.mean": 0.645, "MIN:accuracy.max": 0.8533333333333334, "MAX:accuracy.max": 0.96, "MIN:kappa.min": -2.220446049250313e-16, "MAX:kappa.min": 0.0, "MIN:kappa.mean": 0.4125000000000001, "MAX:kappa.mean": 0.4675000000000001, "MIN:kappa.max": 0.78, "MAX:kappa.max": 0.9400000000000001}