{"MIN:log_loss.min": 0.7797562725693734, "MAX:log_loss.min": 0.8363161374276394, "MIN:log_loss.mean": 0.8993876000783064, "MAX:log_loss.mean": 0.984855483375397, "MIN:log_loss.max": 1.0986110044004636, "MAX:log_loss.max": 1.1580907644605631, "MIN:accuracy.min": 0.14, "MAX:accuracy.min": 0.3333333333333333, "MIN:accuracy.mean": 0.5121333333333333, "MAX:accuracy.mean": 0.5975333333333334, "MIN:accuracy.max": 0.6666666666666666, "MAX:accuracy.max": 0.9266666666666666, "MIN:kappa.min": -0.2899999999999998, "MAX:kappa.min": 0.0, "MIN:kappa.mean": 0.26820000000000005, "MAX:kappa.mean": 0.39630000000000004, "MIN:kappa.max": 0.5, "MAX:kappa.max": 0.89}