{"MIN:log_loss.min": 0.11790140263765354, "MAX:log_loss.min": 0.16678119897814034, "MIN:log_loss.mean": 0.4158101988766164, "MAX:log_loss.mean": 0.47498605833505203, "MIN:log_loss.max": 0.935732966546082, "MAX:log_loss.max": 1.0096679292753787, "MIN:accuracy.min": 0.66, "MAX:accuracy.min": 0.8866666666666667, "MIN:accuracy.mean": 0.9134, "MAX:accuracy.mean": 0.952133333333333, "MIN:accuracy.max": 0.96, "MAX:accuracy.max": 0.96, "MIN:kappa.min": 0.49, "MAX:kappa.min": 0.83, "MIN:kappa.mean": 0.8701000000000001, "MAX:kappa.mean": 0.9281999999999998, "MIN:kappa.max": 0.9400000000000001, "MAX:kappa.max": 0.9400000000000001}