{"MIN:log_loss.min": 0.30868596687859423, "MAX:log_loss.min": 0.3367770861737346, "MIN:log_loss.mean": 0.6453426050140685, "MAX:log_loss.mean": 0.6754657153182206, "MIN:log_loss.max": 1.2179074692790512, "MAX:log_loss.max": 1.217941782551851, "MIN:accuracy.min": 0.3333333333333333, "MAX:accuracy.min": 0.3333333333333333, "MIN:accuracy.mean": 0.7318666666666667, "MAX:accuracy.mean": 0.7608666666666669, "MIN:accuracy.max": 0.92, "MAX:accuracy.max": 0.94, "MIN:kappa.min": 0.0, "MAX:kappa.min": 0.0, "MIN:kappa.mean": 0.5978000000000001, "MAX:kappa.mean": 0.6413, "MIN:kappa.max": 0.88, "MAX:kappa.max": 0.91}