{"MIN:log_loss.min": 0.29914039281218946, "MAX:log_loss.min": 0.6107353706538972, "MIN:log_loss.mean": 0.7103604829421858, "MAX:log_loss.mean": 0.8054093228915822, "MIN:log_loss.max": 1.1572121962679869, "MAX:log_loss.max": 1.2003316347609878, "MIN:accuracy.min": 0.3333333333333333, "MAX:accuracy.min": 0.3333333333333333, "MIN:accuracy.mean": 0.6704666666666667, "MAX:accuracy.mean": 0.7258000000000001, "MIN:accuracy.max": 0.9466666666666667, "MAX:accuracy.max": 0.96, "MIN:kappa.min": -2.220446049250313e-16, "MAX:kappa.min": 0.0, "MIN:kappa.mean": 0.5057, "MAX:kappa.mean": 0.5887, "MIN:kappa.max": 0.92, "MAX:kappa.max": 0.9400000000000001}