{"MIN:log_loss.min": 0.554814068879477, "MAX:log_loss.min": 0.6419843572031694, "MIN:log_loss.mean": 0.7307177014856552, "MAX:log_loss.mean": 0.8780170208938793, "MIN:log_loss.max": 1.6649127417086378, "MAX:log_loss.max": 3.455491881903626, "MIN:accuracy.min": 0.3333333333333333, "MAX:accuracy.min": 0.34, "MIN:accuracy.mean": 0.6976000000000002, "MAX:accuracy.mean": 0.7619333333333332, "MIN:accuracy.max": 0.92, "MAX:accuracy.max": 0.96, "MIN:kappa.min": -2.220446049250313e-16, "MAX:kappa.min": 0.010000000000000009, "MIN:kappa.mean": 0.5464, "MAX:kappa.mean": 0.6428999999999999, "MIN:kappa.max": 0.88, "MAX:kappa.max": 0.9400000000000001}