{"MIN:log_loss.min": 0.37526044476028464, "MAX:log_loss.min": 0.39086856716286655, "MIN:log_loss.mean": 0.44842278935947477, "MAX:log_loss.mean": 0.49558893390362035, "MIN:log_loss.max": 1.0645021727360768, "MAX:log_loss.max": 1.1175497862455555, "MIN:accuracy.min": 0.3333333333333333, "MAX:accuracy.min": 0.3333333333333333, "MIN:accuracy.mean": 0.8857999999999998, "MAX:accuracy.mean": 0.8954666666666669, "MIN:accuracy.max": 0.9533333333333334, "MAX:accuracy.max": 0.96, "MIN:kappa.min": 0.0, "MAX:kappa.min": 0.0, "MIN:kappa.mean": 0.8287, "MAX:kappa.mean": 0.8432000000000001, "MIN:kappa.max": 0.9299999999999999, "MAX:kappa.max": 0.9400000000000001}