{"MIN:log_loss.min": 0.18504919777236964, "MAX:log_loss.min": 0.19737013535104442, "MIN:log_loss.mean": 0.6389501472700667, "MAX:log_loss.mean": 0.6608962866769224, "MIN:log_loss.max": 7.155053073730009, "MAX:log_loss.max": 7.934425125389901, "MIN:accuracy.min": 0.47333333333333333, "MAX:accuracy.min": 0.52, "MIN:accuracy.mean": 0.8791999999999999, "MAX:accuracy.mean": 0.889, "MIN:accuracy.max": 0.96, "MAX:accuracy.max": 0.9666666666666667, "MIN:kappa.min": 0.20999999999999996, "MAX:kappa.min": 0.28, "MIN:kappa.mean": 0.8188000000000001, "MAX:kappa.mean": 0.8335000000000002, "MIN:kappa.max": 0.94, "MAX:kappa.max": 0.95}