{"MIN:log_loss.min": 0.21460447402924293, "MAX:log_loss.min": 0.4956721418330693, "MIN:log_loss.mean": 2.9028501703031107, "MAX:log_loss.mean": 4.565838632920011, "MIN:log_loss.max": 12.05219168123316, "MAX:log_loss.max": 18.881845513383844, "MIN:accuracy.min": 0.05333333333333334, "MAX:accuracy.min": 0.2866666666666667, "MIN:accuracy.mean": 0.4229333333333334, "MAX:accuracy.mean": 0.508, "MIN:accuracy.max": 0.8133333333333334, "MAX:accuracy.max": 0.96, "MIN:kappa.min": -0.41999999999999993, "MAX:kappa.min": -0.07000000000000006, "MIN:kappa.mean": 0.13440000000000002, "MAX:kappa.mean": 0.262, "MIN:kappa.max": 0.72, "MAX:kappa.max": 0.94}