{"mean accuracy": 0.9444666666666669, "max accuracy": 0.9666666666666666, "mean kappa": 0.9166999999999998, "max kappa": 0.9499999999999998}