{"MIN:log_loss.min": 0.32248095337151256, "MAX:log_loss.min": 0.4694017045969101, "MIN:log_loss.mean": 0.7686529653879738, "MAX:log_loss.mean": 0.7999582572481905, "MIN:log_loss.max": 1.0152260543898495, "MAX:log_loss.max": 1.7690191834843132, "MIN:accuracy.min": 0.5266666666666666, "MAX:accuracy.min": 0.5266666666666666, "MIN:accuracy.mean": 0.8074666666666669, "MAX:accuracy.mean": 0.8277333333333332, "MIN:accuracy.max": 0.9466666666666667, "MAX:accuracy.max": 0.9533333333333334, "MIN:kappa.min": 0.29000000000000004, "MAX:kappa.min": 0.29000000000000004, "MIN:kappa.mean": 0.7112, "MAX:kappa.mean": 0.7415999999999999, "MIN:kappa.max": 0.92, "MAX:kappa.max": 0.9299999999999999}