{"MAX:log_loss.min": 1.1316046002059985, "ARGMAX:log_loss.min": [2, 418702], "MIN:log_loss.min": 1.0981129343926455, "ARGMIN:log_loss.min": [4, 453543], "MEAN:log_loss.min": 1.108438120214634, "MAX:log_loss.mean": 1.6586414773793965, "ARGMAX:log_loss.mean": [9, 443688], "MIN:log_loss.mean": 1.625023446088127, "ARGMIN:log_loss.mean": [8, 431542], "MEAN:log_loss.mean": 1.6465170651470413, "MAX:log_loss.max": 2.418811087879419, "ARGMAX:log_loss.max": [9, 443688], "MIN:log_loss.max": 2.415894979289995, "ARGMIN:log_loss.max": [8, 431542], "MEAN:log_loss.max": 2.4173406605621857, "MAX:accuracy.min": 0.2005, "ARGMAX:accuracy.min": [2, 418702], "MIN:accuracy.min": 0.1842, "ARGMIN:accuracy.min": [0, 450426], "MEAN:accuracy.min": 0.18583, "MAX:accuracy.mean": 0.48457900000000004, "ARGMAX:accuracy.mean": [0, 450426], "MIN:accuracy.mean": 0.47259500000000004, "ARGMIN:accuracy.mean": [9, 443688], "MEAN:accuracy.mean": 0.4801526000000001, "MAX:accuracy.max": 0.6434, "ARGMAX:accuracy.max": [4, 453543], "MIN:accuracy.max": 0.6297, "ARGMIN:accuracy.max": [7, 450433], "MEAN:accuracy.max": 0.6373599999999999, "MAX:kappa.min": 0.11028050346260587, "ARGMAX:kappa.min": [2, 418702], "MIN:kappa.min": 0.09182809149599325, "ARGMIN:kappa.min": [0, 450426], "MEAN:kappa.min": 0.09367333269265452, "MAX:kappa.mean": 0.42683467806428055, "ARGMAX:kappa.mean": [0, 450426], "MIN:kappa.mean": 0.41357065943250665, "ARGMIN:kappa.mean": [9, 443688], "MEAN:kappa.mean": 0.42190652037703347, "MAX:kappa.max": 0.6037722085760427, "ARGMAX:kappa.max": [4, 453543], "MIN:kappa.max": 0.5886942387181318, "ARGMIN:kappa.max": [7, 450433], "MEAN:kappa.max": 0.5971162992452878}