{"MIN:log_loss.min": 0.3573085135601795, "MAX:log_loss.min": 0.5392342044998003, "MIN:log_loss.mean": 0.6206605613952424, "MAX:log_loss.mean": 0.7766793466960142, "MIN:log_loss.max": 0.8879958826653148, "MAX:log_loss.max": 2.2626755431033527, "MIN:accuracy.min": 0.32666666666666666, "MAX:accuracy.min": 0.5533333333333333, "MIN:accuracy.mean": 0.7377333333333331, "MAX:accuracy.mean": 0.7940666666666665, "MIN:accuracy.max": 0.8933333333333333, "MAX:accuracy.max": 0.9733333333333334, "MIN:kappa.min": -0.010000000000000009, "MAX:kappa.min": 0.32999999999999996, "MIN:kappa.mean": 0.6065999999999999, "MAX:kappa.mean": 0.6911, "MIN:kappa.max": 0.84, "MAX:kappa.max": 0.96}