{"MIN:log_loss.min": 0.29917617340835917, "MAX:log_loss.min": 0.30335406975527607, "MIN:log_loss.mean": 0.3939677805850101, "MAX:log_loss.mean": 0.4403001251224717, "MIN:log_loss.max": 0.8858878423086336, "MAX:log_loss.max": 0.9221877669786303, "MIN:accuracy.min": 0.5066666666666667, "MAX:accuracy.min": 0.66, "MIN:accuracy.mean": 0.9167333333333335, "MAX:accuracy.mean": 0.9408, "MIN:accuracy.max": 0.9666666666666667, "MAX:accuracy.max": 0.9733333333333334, "MIN:kappa.min": 0.26, "MAX:kappa.min": 0.49, "MIN:kappa.mean": 0.8750999999999999, "MAX:kappa.mean": 0.9112000000000002, "MIN:kappa.max": 0.95, "MAX:kappa.max": 0.96}