{"MIN:log_loss.min": 0.33372406665817445, "MAX:log_loss.min": 0.6384667866010373, "MIN:log_loss.mean": 0.6981267506150876, "MAX:log_loss.mean": 0.8013527839347196, "MIN:log_loss.max": 1.1718200955151197, "MAX:log_loss.max": 1.215086127218091, "MIN:accuracy.min": 0.3333333333333333, "MAX:accuracy.min": 0.34, "MIN:accuracy.mean": 0.6432666666666667, "MAX:accuracy.mean": 0.7010666666666667, "MIN:accuracy.max": 0.7933333333333333, "MAX:accuracy.max": 0.9733333333333334, "MIN:kappa.min": -2.220446049250313e-16, "MAX:kappa.min": 0.010000000000000009, "MIN:kappa.mean": 0.4648999999999999, "MAX:kappa.mean": 0.5516000000000001, "MIN:kappa.max": 0.69, "MAX:kappa.max": 0.96}