{"MIN:log_loss.min": 0.48474758148564123, "MAX:log_loss.min": 0.5500389711773115, "MIN:log_loss.mean": 0.7781561217274461, "MAX:log_loss.mean": 0.8180793626452728, "MIN:log_loss.max": 1.2153795242413317, "MAX:log_loss.max": 1.2169333042021855, "MIN:accuracy.min": 0.3333333333333333, "MAX:accuracy.min": 0.3333333333333333, "MIN:accuracy.mean": 0.6571333333333332, "MAX:accuracy.mean": 0.69, "MIN:accuracy.max": 0.9533333333333334, "MAX:accuracy.max": 0.96, "MIN:kappa.min": 0.0, "MAX:kappa.min": 0.0, "MIN:kappa.mean": 0.4856999999999999, "MAX:kappa.mean": 0.5349999999999999, "MIN:kappa.max": 0.9299999999999999, "MAX:kappa.max": 0.9400000000000001}