{"MIN:log_loss.min": 0.12816538599638372, "MAX:log_loss.min": 0.22114873858693082, "MIN:log_loss.mean": 1.2112794586112996, "MAX:log_loss.mean": 3.582260349971477, "MIN:log_loss.max": 2.0080782474592715, "MAX:log_loss.max": 11.594128384067321, "MIN:accuracy.min": 0.6466666666666666, "MAX:accuracy.min": 0.6666666666666666, "MIN:accuracy.mean": 0.7032666666666668, "MAX:accuracy.mean": 0.7302000000000001, "MIN:accuracy.max": 0.96, "MAX:accuracy.max": 0.96, "MIN:kappa.min": 0.47, "MAX:kappa.min": 0.5, "MIN:kappa.mean": 0.5549000000000001, "MAX:kappa.mean": 0.5953, "MIN:kappa.max": 0.9400000000000001, "MAX:kappa.max": 0.9400000000000001}