{"MIN:log_loss.min": 0.32065539183236824, "MAX:log_loss.min": 0.6819722601484297, "MIN:log_loss.mean": 0.7729524290233947, "MAX:log_loss.mean": 0.9506427965524074, "MIN:log_loss.max": 1.1946650197649902, "MAX:log_loss.max": 1.8261197973599614, "MIN:accuracy.min": 0.1, "MAX:accuracy.min": 0.3333333333333333, "MIN:accuracy.mean": 0.6296, "MAX:accuracy.mean": 0.7665333333333332, "MIN:accuracy.max": 0.8933333333333333, "MAX:accuracy.max": 0.96, "MIN:kappa.min": -0.3500000000000001, "MAX:kappa.min": 0.0, "MIN:kappa.mean": 0.4443999999999999, "MAX:kappa.mean": 0.6498, "MIN:kappa.max": 0.84, "MAX:kappa.max": 0.9400000000000001}