{"MIN:log_loss.min": 0.3225913897811037, "MAX:log_loss.min": 0.5201335598172641, "MIN:log_loss.mean": 0.7670840992631779, "MAX:log_loss.mean": 2.3073033013295783, "MIN:log_loss.max": 1.2180017734985797, "MAX:log_loss.max": 11.766353163078929, "MIN:accuracy.min": 0.3333333333333333, "MAX:accuracy.min": 0.3333333333333333, "MIN:accuracy.mean": 0.6054666666666667, "MAX:accuracy.mean": 0.6407333333333333, "MIN:accuracy.max": 0.9, "MAX:accuracy.max": 0.96, "MIN:kappa.min": -2.220446049250313e-16, "MAX:kappa.min": -2.220446049250313e-16, "MIN:kappa.mean": 0.4082, "MAX:kappa.mean": 0.4611, "MIN:kappa.max": 0.85, "MAX:kappa.max": 0.9400000000000001}