{"MIN:log_loss.min": 0.12395189698213765, "MAX:log_loss.min": 0.21206861649902572, "MIN:log_loss.mean": 0.6359521609959122, "MAX:log_loss.mean": 0.702799071411655, "MIN:log_loss.max": 1.2180973527613275, "MAX:log_loss.max": 1.3725350247627797, "MIN:accuracy.min": 0.3333333333333333, "MAX:accuracy.min": 0.3333333333333333, "MIN:accuracy.mean": 0.6469333333333335, "MAX:accuracy.mean": 0.7115999999999998, "MIN:accuracy.max": 0.96, "MAX:accuracy.max": 0.96, "MIN:kappa.min": -2.220446049250313e-16, "MAX:kappa.min": 0.0, "MIN:kappa.mean": 0.47040000000000004, "MAX:kappa.mean": 0.5673999999999999, "MIN:kappa.max": 0.9400000000000001, "MAX:kappa.max": 0.9400000000000001}