{"MIN:log_loss.min": 0.5663964902578155, "MAX:log_loss.min": 0.6966128275713176, "MIN:log_loss.mean": 0.9331162824632996, "MAX:log_loss.mean": 1.2685669964859527, "MIN:log_loss.max": 1.0982320816908584, "MAX:log_loss.max": 2.754137524337738, "MIN:accuracy.min": 0.4266666666666667, "MAX:accuracy.min": 0.56, "MIN:accuracy.mean": 0.6623333333333334, "MAX:accuracy.mean": 0.7151333333333334, "MIN:accuracy.max": 0.9533333333333334, "MAX:accuracy.max": 0.9533333333333334, "MIN:kappa.min": 0.14, "MAX:kappa.min": 0.33999999999999997, "MIN:kappa.mean": 0.4935, "MAX:kappa.mean": 0.5727, "MIN:kappa.max": 0.9299999999999999, "MAX:kappa.max": 0.9299999999999999}