{"MIN:log_loss.min": 0.21739398495285214, "MAX:log_loss.min": 0.5540521163286077, "MIN:log_loss.mean": 0.46111205990517456, "MAX:log_loss.mean": 0.6990800835199225, "MIN:log_loss.max": 1.046153380877031, "MAX:log_loss.max": 1.1748466121667775, "MIN:accuracy.min": 0.04, "MAX:accuracy.min": 0.46, "MIN:accuracy.mean": 0.7286000000000001, "MAX:accuracy.mean": 0.8671333333333334, "MIN:accuracy.max": 0.8933333333333333, "MAX:accuracy.max": 0.96, "MIN:kappa.min": -0.43999999999999995, "MAX:kappa.min": 0.18999999999999995, "MIN:kappa.mean": 0.5929000000000001, "MAX:kappa.mean": 0.8007000000000001, "MIN:kappa.max": 0.84, "MAX:kappa.max": 0.9400000000000001}