{"MIN:log_loss.min": 0.13358423130392513, "MAX:log_loss.min": 0.15387595426345468, "MIN:log_loss.mean": 1.1663947335997245, "MAX:log_loss.mean": 1.2675300933705835, "MIN:log_loss.max": 1.9126623492757486, "MAX:log_loss.max": 2.029278718637413, "MIN:accuracy.min": 0.6466666666666666, "MAX:accuracy.min": 0.6666666666666666, "MIN:accuracy.mean": 0.6884, "MAX:accuracy.mean": 0.6988000000000001, "MIN:accuracy.max": 0.9466666666666667, "MAX:accuracy.max": 0.96, "MIN:kappa.min": 0.47, "MAX:kappa.min": 0.5, "MIN:kappa.mean": 0.5326, "MAX:kappa.mean": 0.5482, "MIN:kappa.max": 0.92, "MAX:kappa.max": 0.9400000000000001}