{"MIN:log_loss.min": 0.5107044770287295, "MAX:log_loss.min": 0.6062209879794896, "MIN:log_loss.mean": 0.8178471934716458, "MAX:log_loss.mean": 0.897048372057788, "MIN:log_loss.max": 1.1286260267946258, "MAX:log_loss.max": 1.2176806996979745, "MIN:accuracy.min": 0.3333333333333333, "MAX:accuracy.min": 0.3333333333333333, "MIN:accuracy.mean": 0.6535333333333331, "MAX:accuracy.mean": 0.7090666666666664, "MIN:accuracy.max": 0.96, "MAX:accuracy.max": 0.96, "MIN:kappa.min": -2.220446049250313e-16, "MAX:kappa.min": 0.0, "MIN:kappa.mean": 0.4803, "MAX:kappa.mean": 0.5635999999999999, "MIN:kappa.max": 0.94, "MAX:kappa.max": 0.9400000000000001}