{"MIN:log_loss.min": 0.08060129549202832, "MAX:log_loss.min": 0.09990450352781821, "MIN:log_loss.mean": 0.22169241953861835, "MAX:log_loss.mean": 0.2981633676305653, "MIN:log_loss.max": 0.9431489808892726, "MAX:log_loss.max": 1.1029819760561386, "MIN:accuracy.min": 0.5266666666666666, "MAX:accuracy.min": 0.86, "MIN:accuracy.mean": 0.9387333333333332, "MAX:accuracy.mean": 0.9623999999999999, "MIN:accuracy.max": 0.9733333333333334, "MAX:accuracy.max": 0.9733333333333334, "MIN:kappa.min": 0.29000000000000004, "MAX:kappa.min": 0.79, "MIN:kappa.mean": 0.9081, "MAX:kappa.mean": 0.9435999999999999, "MIN:kappa.max": 0.96, "MAX:kappa.max": 0.96}