{"MIN:log_loss.min": 0.39139822714381933, "MAX:log_loss.min": 0.39888298665368316, "MIN:log_loss.mean": 0.44761173404446697, "MAX:log_loss.mean": 0.5145701842851347, "MIN:log_loss.max": 0.9240163517033488, "MAX:log_loss.max": 0.9983570227522197, "MIN:accuracy.min": 0.3333333333333333, "MAX:accuracy.min": 0.62, "MIN:accuracy.mean": 0.9032000000000001, "MAX:accuracy.mean": 0.9192666666666668, "MIN:accuracy.max": 0.96, "MAX:accuracy.max": 0.96, "MIN:kappa.min": 0.0, "MAX:kappa.min": 0.43000000000000005, "MIN:kappa.mean": 0.8548, "MAX:kappa.mean": 0.8789000000000001, "MIN:kappa.max": 0.94, "MAX:kappa.max": 0.9400000000000001}