{"MIN:log_loss.min": 0.2193116666038929, "MAX:log_loss.min": 0.29627888169365574, "MIN:log_loss.mean": 0.34339306179021745, "MAX:log_loss.mean": 0.3941954296810614, "MIN:log_loss.max": 0.7502015298616413, "MAX:log_loss.max": 1.2104960043672757, "MIN:accuracy.min": 0.3333333333333333, "MAX:accuracy.min": 0.86, "MIN:accuracy.mean": 0.8766666666666666, "MAX:accuracy.mean": 0.9249333333333332, "MIN:accuracy.max": 0.96, "MAX:accuracy.max": 0.96, "MIN:kappa.min": 0.0, "MAX:kappa.min": 0.79, "MIN:kappa.mean": 0.815, "MAX:kappa.mean": 0.8874, "MIN:kappa.max": 0.94, "MAX:kappa.max": 0.9400000000000001}