{"mean accuracy": 0.6217333333333334, "max accuracy": 0.9400000000000001, "mean kappa": 0.4326, "max kappa": 0.91}