{"MIN:log_loss.min": 0.5442205531930718, "MAX:log_loss.min": 0.637186387833284, "MIN:log_loss.mean": 0.7492516129888337, "MAX:log_loss.mean": 0.794585488821222, "MIN:log_loss.max": 1.1934447047220447, "MAX:log_loss.max": 1.193966513816517, "MIN:accuracy.min": 0.5933333333333334, "MAX:accuracy.min": 0.6666666666666666, "MIN:accuracy.mean": 0.7717999999999999, "MAX:accuracy.mean": 0.8118, "MIN:accuracy.max": 0.96, "MAX:accuracy.max": 0.9666666666666667, "MIN:kappa.min": 0.39, "MAX:kappa.min": 0.5, "MIN:kappa.mean": 0.6577000000000001, "MAX:kappa.mean": 0.7177, "MIN:kappa.max": 0.9400000000000001, "MAX:kappa.max": 0.95}