{"MIN:log_loss.min": 0.09454939259470277, "MAX:log_loss.min": 0.11253604087247107, "MIN:log_loss.mean": 0.3322574069057404, "MAX:log_loss.mean": 0.5135217376564377, "MIN:log_loss.max": 1.012447880720818, "MAX:log_loss.max": 8.522119878271448, "MIN:accuracy.min": 0.43333333333333335, "MAX:accuracy.min": 0.6666666666666666, "MIN:accuracy.mean": 0.8554666666666668, "MAX:accuracy.mean": 0.8832000000000001, "MIN:accuracy.max": 0.9666666666666667, "MAX:accuracy.max": 0.98, "MIN:kappa.min": 0.15000000000000002, "MAX:kappa.min": 0.5, "MIN:kappa.mean": 0.7831999999999999, "MAX:kappa.mean": 0.8248000000000001, "MIN:kappa.max": 0.95, "MAX:kappa.max": 0.97}