{"MIN:log_loss.min": 0.2155056001591139, "MAX:log_loss.min": 0.4689402814138062, "MIN:log_loss.mean": 3.4147077492302778, "MAX:log_loss.mean": 6.132904514946237, "MIN:log_loss.max": 15.190675562133261, "MAX:log_loss.max": 22.13371953844689, "MIN:accuracy.min": 0.3333333333333333, "MAX:accuracy.min": 0.3333333333333333, "MIN:accuracy.mean": 0.5939333333333333, "MAX:accuracy.mean": 0.6466666666666664, "MIN:accuracy.max": 0.9, "MAX:accuracy.max": 0.9666666666666667, "MIN:kappa.min": -2.220446049250313e-16, "MAX:kappa.min": 0.0, "MIN:kappa.mean": 0.3909, "MAX:kappa.mean": 0.4699999999999999, "MIN:kappa.max": 0.85, "MAX:kappa.max": 0.95}