{"MIN:log_loss.min": 0.42905119129578706, "MAX:log_loss.min": 0.8280358747746835, "MIN:log_loss.mean": 0.7337478995365216, "MAX:log_loss.mean": 1.304213020018893, "MIN:log_loss.max": 1.1942552982067187, "MAX:log_loss.max": 2.5269406564318397, "MIN:accuracy.min": 0.3333333333333333, "MAX:accuracy.min": 0.62, "MIN:accuracy.mean": 0.6492, "MAX:accuracy.mean": 0.6871333333333335, "MIN:accuracy.max": 0.9133333333333333, "MAX:accuracy.max": 0.9533333333333334, "MIN:kappa.min": 0.0, "MAX:kappa.min": 0.43000000000000005, "MIN:kappa.mean": 0.4738, "MAX:kappa.mean": 0.5307, "MIN:kappa.max": 0.87, "MAX:kappa.max": 0.9299999999999999}