{"MIN:log_loss.min": 0.33150472209062765, "MAX:log_loss.min": 0.472904483260369, "MIN:log_loss.mean": 1.6827801862132086, "MAX:log_loss.mean": 3.5069905192606985, "MIN:log_loss.max": 21.4142841963066, "MAX:log_loss.max": 23.025850929940454, "MIN:accuracy.min": 0.3333333333333333, "MAX:accuracy.min": 0.38, "MIN:accuracy.mean": 0.6388666666666666, "MAX:accuracy.mean": 0.7248000000000002, "MIN:accuracy.max": 0.9466666666666667, "MAX:accuracy.max": 0.96, "MIN:kappa.min": -2.220446049250313e-16, "MAX:kappa.min": 0.06999999999999995, "MIN:kappa.mean": 0.45830000000000004, "MAX:kappa.mean": 0.5872, "MIN:kappa.max": 0.92, "MAX:kappa.max": 0.9400000000000001}