{"MIN:log_loss.min": 0.05533212164456225, "MAX:log_loss.min": 0.2203929866670732, "MIN:log_loss.mean": 0.5319540741571774, "MAX:log_loss.mean": 0.6223897724626672, "MIN:log_loss.max": 1.0984386942215785, "MAX:log_loss.max": 1.098461491251079, "MIN:accuracy.min": 0.3333333333333333, "MAX:accuracy.min": 0.5, "MIN:accuracy.mean": 0.8183333333333332, "MAX:accuracy.mean": 0.8898666666666665, "MIN:accuracy.max": 0.96, "MAX:accuracy.max": 0.9733333333333334, "MIN:kappa.min": 0.0, "MAX:kappa.min": 0.25, "MIN:kappa.mean": 0.7274999999999998, "MAX:kappa.mean": 0.8348, "MIN:kappa.max": 0.9400000000000001, "MAX:kappa.max": 0.96}