{"mean accuracy": 0.6149333333333336, "max accuracy": 0.9533333333333334, "mean kappa": 0.4224, "max kappa": 0.93}