{"MIN:log_loss.min": 0.1267143574088064, "MAX:log_loss.min": 0.19460222994755788, "MIN:log_loss.mean": 0.3413902871571725, "MAX:log_loss.mean": 0.592173713238923, "MIN:log_loss.max": 1.2998077632719092, "MAX:log_loss.max": 10.951029876133093, "MIN:accuracy.min": 0.66, "MAX:accuracy.min": 0.8666666666666667, "MIN:accuracy.mean": 0.9127333333333334, "MAX:accuracy.mean": 0.9274666666666666, "MIN:accuracy.max": 0.9466666666666667, "MAX:accuracy.max": 0.9666666666666667, "MIN:kappa.min": 0.4899999999999999, "MAX:kappa.min": 0.8, "MIN:kappa.mean": 0.8691, "MAX:kappa.mean": 0.8912, "MIN:kappa.max": 0.92, "MAX:kappa.max": 0.95}