{"MIN:log_loss.min": 0.45352128201491276, "MAX:log_loss.min": 0.47415584773495595, "MIN:log_loss.mean": 0.7254500327559374, "MAX:log_loss.mean": 0.7368174980751289, "MIN:log_loss.max": 3.717534747977933, "MAX:log_loss.max": 3.9040194616370596, "MIN:accuracy.min": 0.3333333333333333, "MAX:accuracy.min": 0.3333333333333333, "MIN:accuracy.mean": 0.8200666666666665, "MAX:accuracy.mean": 0.8299333333333333, "MIN:accuracy.max": 0.96, "MAX:accuracy.max": 0.9666666666666667, "MIN:kappa.min": -2.220446049250313e-16, "MAX:kappa.min": -2.220446049250313e-16, "MIN:kappa.mean": 0.7300999999999999, "MAX:kappa.mean": 0.7448999999999999, "MIN:kappa.max": 0.9400000000000001, "MAX:kappa.max": 0.95}