{"MIN:log_loss.min": 0.35626558099980693, "MAX:log_loss.min": 0.6882653728932127, "MIN:log_loss.mean": 0.6066689443274922, "MAX:log_loss.mean": 4.129974890258007, "MIN:log_loss.max": 1.0962118375335925, "MAX:log_loss.max": 11.512935435277528, "MIN:accuracy.min": 0.3, "MAX:accuracy.min": 0.62, "MIN:accuracy.mean": 0.6527999999999998, "MAX:accuracy.mean": 0.6940000000000001, "MIN:accuracy.max": 0.82, "MAX:accuracy.max": 0.9133333333333333, "MIN:kappa.min": -0.050000000000000044, "MAX:kappa.min": 0.43000000000000005, "MIN:kappa.mean": 0.4792, "MAX:kappa.mean": 0.5409999999999999, "MIN:kappa.max": 0.73, "MAX:kappa.max": 0.87}