{"MIN:log_loss.min": 0.5096447365666933, "MAX:log_loss.min": 0.6149281891161085, "MIN:log_loss.mean": 0.735731222899481, "MAX:log_loss.mean": 0.8228482685097909, "MIN:log_loss.max": 0.915566108410757, "MAX:log_loss.max": 1.173561041875812, "MIN:accuracy.min": 0.48, "MAX:accuracy.min": 0.62, "MIN:accuracy.mean": 0.7144000000000001, "MAX:accuracy.mean": 0.7470666666666667, "MIN:accuracy.max": 0.9, "MAX:accuracy.max": 0.9133333333333333, "MIN:kappa.min": 0.21999999999999997, "MAX:kappa.min": 0.43000000000000005, "MIN:kappa.mean": 0.5716, "MAX:kappa.mean": 0.6205999999999999, "MIN:kappa.max": 0.85, "MAX:kappa.max": 0.87}