{"MIN:log_loss.min": 0.24237224027676224, "MAX:log_loss.min": 0.2496994716086195, "MIN:log_loss.mean": 0.40577961317174077, "MAX:log_loss.mean": 0.41517061569640584, "MIN:log_loss.max": 0.97667271902029, "MAX:log_loss.max": 0.9786227634993372, "MIN:accuracy.min": 0.3333333333333333, "MAX:accuracy.min": 0.3333333333333333, "MIN:accuracy.mean": 0.8983333333333331, "MAX:accuracy.mean": 0.9173333333333332, "MIN:accuracy.max": 0.96, "MAX:accuracy.max": 0.96, "MIN:kappa.min": 0.0, "MAX:kappa.min": 0.0, "MIN:kappa.mean": 0.8475000000000001, "MAX:kappa.mean": 0.8759999999999998, "MIN:kappa.max": 0.9400000000000001, "MAX:kappa.max": 0.9400000000000001}