{"MIN:log_loss.min": 0.5632480906452046, "MAX:log_loss.min": 0.6331918702791942, "MIN:log_loss.mean": 0.7893040865763346, "MAX:log_loss.mean": 0.8035074381914815, "MIN:log_loss.max": 1.1781308501884646, "MAX:log_loss.max": 1.2184619770865734, "MIN:accuracy.min": 0.3333333333333333, "MAX:accuracy.min": 0.44666666666666666, "MIN:accuracy.mean": 0.7274666666666666, "MAX:accuracy.mean": 0.7549333333333336, "MIN:accuracy.max": 0.9533333333333334, "MAX:accuracy.max": 0.96, "MIN:kappa.min": 0.0, "MAX:kappa.min": 0.17000000000000004, "MIN:kappa.mean": 0.5912000000000001, "MAX:kappa.mean": 0.6324000000000001, "MIN:kappa.max": 0.9299999999999999, "MAX:kappa.max": 0.9400000000000001}