{"MIN:log_loss.min": 0.1621713222816778, "MAX:log_loss.min": 0.24324363781434225, "MIN:log_loss.mean": 0.6381419523744526, "MAX:log_loss.mean": 0.9006441786963848, "MIN:log_loss.max": 1.0982685019982492, "MAX:log_loss.max": 2.2085148222529614, "MIN:accuracy.min": 0.3333333333333333, "MAX:accuracy.min": 0.43333333333333335, "MIN:accuracy.mean": 0.7373333333333334, "MAX:accuracy.mean": 0.7930666666666666, "MIN:accuracy.max": 0.96, "MAX:accuracy.max": 0.96, "MIN:kappa.min": 0.0, "MAX:kappa.min": 0.15000000000000002, "MIN:kappa.mean": 0.606, "MAX:kappa.mean": 0.6896, "MIN:kappa.max": 0.9400000000000001, "MAX:kappa.max": 0.9400000000000001}