{"MIN:log_loss.min": 0.3107251205501004, "MAX:log_loss.min": 0.34176908818191315, "MIN:log_loss.mean": 0.6601762133511733, "MAX:log_loss.mean": 0.6875623566915315, "MIN:log_loss.max": 1.1952732677818778, "MAX:log_loss.max": 1.222342306785174, "MIN:accuracy.min": 0.32666666666666666, "MAX:accuracy.min": 0.3333333333333333, "MIN:accuracy.mean": 0.7652666666666669, "MAX:accuracy.mean": 0.8069333333333333, "MIN:accuracy.max": 0.96, "MAX:accuracy.max": 0.9666666666666667, "MIN:kappa.min": -0.010000000000000231, "MAX:kappa.min": 0.0, "MIN:kappa.mean": 0.6478999999999999, "MAX:kappa.mean": 0.7103999999999999, "MIN:kappa.max": 0.94, "MAX:kappa.max": 0.95}