{"MIN:log_loss.min": 0.20090933716265552, "MAX:log_loss.min": 0.23859565704197996, "MIN:log_loss.mean": 0.43381651336125304, "MAX:log_loss.mean": 0.51231725371859, "MIN:log_loss.max": 0.9631857294572955, "MAX:log_loss.max": 1.016142618020956, "MIN:accuracy.min": 0.3333333333333333, "MAX:accuracy.min": 0.43333333333333335, "MIN:accuracy.mean": 0.8279333333333332, "MAX:accuracy.mean": 0.8455999999999999, "MIN:accuracy.max": 0.92, "MAX:accuracy.max": 0.9466666666666667, "MIN:kappa.min": 0.0, "MAX:kappa.min": 0.15000000000000002, "MIN:kappa.mean": 0.7419, "MAX:kappa.mean": 0.7684000000000001, "MIN:kappa.max": 0.88, "MAX:kappa.max": 0.92}