{"MIN:log_loss.min": 0.34911973135265484, "MAX:log_loss.min": 0.9177656910912105, "MIN:log_loss.mean": 1.2858770118931637, "MAX:log_loss.mean": 6.061169984852804, "MIN:log_loss.max": 2.5249870765907514, "MAX:log_loss.max": 12.728801932849029, "MIN:accuracy.min": 0.3333333333333333, "MAX:accuracy.min": 0.3333333333333333, "MIN:accuracy.mean": 0.519, "MAX:accuracy.mean": 0.5845333333333333, "MIN:accuracy.max": 0.6666666666666666, "MAX:accuracy.max": 0.96, "MIN:kappa.min": -2.220446049250313e-16, "MAX:kappa.min": 0.0, "MIN:kappa.mean": 0.2785, "MAX:kappa.mean": 0.3768, "MIN:kappa.max": 0.5, "MAX:kappa.max": 0.9400000000000001}