{"MIN:log_loss.min": 0.13459498165361009, "MAX:log_loss.min": 0.2768304160005321, "MIN:log_loss.mean": 0.5790691612656151, "MAX:log_loss.mean": 0.6602214296932571, "MIN:log_loss.max": 1.098530099568792, "MAX:log_loss.max": 1.0985473359660038, "MIN:accuracy.min": 0.38, "MAX:accuracy.min": 0.66, "MIN:accuracy.mean": 0.7833333333333334, "MAX:accuracy.mean": 0.8194000000000001, "MIN:accuracy.max": 0.9533333333333334, "MAX:accuracy.max": 0.96, "MIN:kappa.min": 0.06999999999999995, "MAX:kappa.min": 0.49, "MIN:kappa.mean": 0.675, "MAX:kappa.mean": 0.7291, "MIN:kappa.max": 0.9299999999999999, "MAX:kappa.max": 0.9400000000000001}