{"MIN:log_loss.min": 0.17742845219788095, "MAX:log_loss.min": 0.6121452202703002, "MIN:log_loss.mean": 0.7633087842069695, "MAX:log_loss.mean": 0.9833516733106222, "MIN:log_loss.max": 1.0985816715551322, "MAX:log_loss.max": 2.7189814632665934, "MIN:accuracy.min": 0.3, "MAX:accuracy.min": 0.3333333333333333, "MIN:accuracy.mean": 0.5278666666666667, "MAX:accuracy.mean": 0.6155333333333334, "MIN:accuracy.max": 0.8933333333333333, "MAX:accuracy.max": 0.9666666666666667, "MIN:kappa.min": -0.050000000000000044, "MAX:kappa.min": 0.0, "MIN:kappa.mean": 0.29180000000000006, "MAX:kappa.mean": 0.42330000000000007, "MIN:kappa.max": 0.8400000000000001, "MAX:kappa.max": 0.95}