{"MIN:log_loss.min": 0.5807423410224521, "MAX:log_loss.min": 1.0766435112614754, "MIN:log_loss.mean": 1.099676832320447, "MAX:log_loss.mean": 1.113278842348402, "MIN:log_loss.max": 1.128626865717253, "MAX:log_loss.max": 1.550253043444241, "MIN:accuracy.min": 0.13333333333333333, "MAX:accuracy.min": 0.3333333333333333, "MIN:accuracy.mean": 0.4339333333333334, "MAX:accuracy.mean": 0.48333333333333334, "MIN:accuracy.max": 0.6666666666666666, "MAX:accuracy.max": 0.82, "MIN:kappa.min": -0.30000000000000004, "MAX:kappa.min": 0.0, "MIN:kappa.mean": 0.1509, "MAX:kappa.mean": 0.225, "MIN:kappa.max": 0.5, "MAX:kappa.max": 0.73}