{"MIN:log_loss.min": 0.15226264833402733, "MAX:log_loss.min": 0.3462787519083947, "MIN:log_loss.mean": 0.6701269696041574, "MAX:log_loss.mean": 0.7566277294209388, "MIN:log_loss.max": 1.0982864079783208, "MAX:log_loss.max": 1.0984041993390976, "MIN:accuracy.min": 0.3333333333333333, "MAX:accuracy.min": 0.7, "MIN:accuracy.mean": 0.7328, "MAX:accuracy.mean": 0.8983333333333334, "MIN:accuracy.max": 0.9533333333333334, "MAX:accuracy.max": 0.96, "MIN:kappa.min": 0.0, "MAX:kappa.min": 0.55, "MIN:kappa.mean": 0.5992000000000001, "MAX:kappa.mean": 0.8475000000000003, "MIN:kappa.max": 0.9299999999999999, "MAX:kappa.max": 0.9400000000000001}