{"MIN:log_loss.min": 0.08032720990456362, "MAX:log_loss.min": 0.23049363431377207, "MIN:log_loss.mean": 0.3753724066125346, "MAX:log_loss.mean": 0.507735795011748, "MIN:log_loss.max": 1.0671630929836686, "MAX:log_loss.max": 1.2021312594185845, "MIN:accuracy.min": 0.5866666666666667, "MAX:accuracy.min": 0.6666666666666666, "MIN:accuracy.mean": 0.8500000000000003, "MAX:accuracy.mean": 0.8791333333333335, "MIN:accuracy.max": 0.9733333333333334, "MAX:accuracy.max": 0.9733333333333334, "MIN:kappa.min": 0.38, "MAX:kappa.min": 0.5, "MIN:kappa.mean": 0.775, "MAX:kappa.mean": 0.8186999999999998, "MIN:kappa.max": 0.96, "MAX:kappa.max": 0.96}