{"MIN:log_loss.min": 0.12055636469526416, "MAX:log_loss.min": 0.13755449762863328, "MIN:log_loss.mean": 0.7411562832982465, "MAX:log_loss.mean": 0.7681645952805342, "MIN:log_loss.max": 1.3653504519717974, "MAX:log_loss.max": 1.3653504519717974, "MIN:accuracy.min": 0.5533333333333333, "MAX:accuracy.min": 0.5533333333333333, "MIN:accuracy.mean": 0.6991333333333332, "MAX:accuracy.mean": 0.7059333333333335, "MIN:accuracy.max": 0.96, "MAX:accuracy.max": 0.96, "MIN:kappa.min": 0.32999999999999996, "MAX:kappa.min": 0.32999999999999996, "MIN:kappa.mean": 0.5486999999999999, "MAX:kappa.mean": 0.5589, "MIN:kappa.max": 0.9400000000000001, "MAX:kappa.max": 0.9400000000000001}