{"MIN:log_loss.min": 0.1983205826167217, "MAX:log_loss.min": 0.26670296961016526, "MIN:log_loss.mean": 0.37840435411360757, "MAX:log_loss.mean": 0.438684790664129, "MIN:log_loss.max": 0.8876803512924212, "MAX:log_loss.max": 1.5375147015360844, "MIN:accuracy.min": 0.62, "MAX:accuracy.min": 0.76, "MIN:accuracy.mean": 0.9259999999999998, "MAX:accuracy.mean": 0.9399999999999998, "MIN:accuracy.max": 0.96, "MAX:accuracy.max": 0.9666666666666667, "MIN:kappa.min": 0.43000000000000005, "MAX:kappa.min": 0.64, "MIN:kappa.mean": 0.8889999999999999, "MAX:kappa.mean": 0.91, "MIN:kappa.max": 0.9400000000000001, "MAX:kappa.max": 0.95}