{"MIN:log_loss.min": 0.2943264107045004, "MAX:log_loss.min": 0.31630618760418483, "MIN:log_loss.mean": 0.46539732060695194, "MAX:log_loss.mean": 0.7796612196033723, "MIN:log_loss.max": 1.0650768609494738, "MAX:log_loss.max": 11.982261175396124, "MIN:accuracy.min": 0.25333333333333335, "MAX:accuracy.min": 0.35333333333333333, "MIN:accuracy.mean": 0.7562000000000001, "MAX:accuracy.mean": 0.8087333333333332, "MIN:accuracy.max": 0.94, "MAX:accuracy.max": 0.96, "MIN:kappa.min": -0.1200000000000001, "MAX:kappa.min": 0.030000000000000138, "MIN:kappa.mean": 0.6343000000000001, "MAX:kappa.mean": 0.7130999999999998, "MIN:kappa.max": 0.91, "MAX:kappa.max": 0.94}