{"MIN:log_loss.min": 0.531401432382451, "MAX:log_loss.min": 0.941069204071927, "MIN:log_loss.mean": 1.0025790220002713, "MAX:log_loss.mean": 1.3259881052764912, "MIN:log_loss.max": 1.0986122886681096, "MAX:log_loss.max": 2.334358102708576, "MIN:accuracy.min": 0.04, "MAX:accuracy.min": 0.3333333333333333, "MIN:accuracy.mean": 0.48233333333333334, "MAX:accuracy.mean": 0.5364000000000001, "MIN:accuracy.max": 0.6666666666666666, "MAX:accuracy.max": 0.96, "MIN:kappa.min": -0.43999999999999995, "MAX:kappa.min": 0.0, "MIN:kappa.mean": 0.22349999999999998, "MAX:kappa.mean": 0.3046, "MIN:kappa.max": 0.5, "MAX:kappa.max": 0.94}