{"MIN:log_loss.min": 0.5742328186124016, "MAX:log_loss.min": 0.9236222877562049, "MIN:log_loss.mean": 0.9535072928222776, "MAX:log_loss.mean": 5.883721694674502, "MIN:log_loss.max": 1.1833116989852666, "MAX:log_loss.max": 12.39948705784372, "MIN:accuracy.min": 0.3333333333333333, "MAX:accuracy.min": 0.6066666666666667, "MIN:accuracy.mean": 0.5776666666666667, "MAX:accuracy.mean": 0.7023999999999999, "MIN:accuracy.max": 0.6666666666666666, "MAX:accuracy.max": 0.96, "MIN:kappa.min": 0.0, "MAX:kappa.min": 0.41000000000000003, "MIN:kappa.mean": 0.3665, "MAX:kappa.mean": 0.5536000000000001, "MIN:kappa.max": 0.5, "MAX:kappa.max": 0.9400000000000001}