{"MIN:log_loss.min": 0.23759905051396762, "MAX:log_loss.min": 0.4306063640592932, "MIN:log_loss.mean": 0.5561371526727911, "MAX:log_loss.mean": 0.6915956450957319, "MIN:log_loss.max": 1.0952365985868728, "MAX:log_loss.max": 1.0952872751584621, "MIN:accuracy.min": 0.3333333333333333, "MAX:accuracy.min": 0.3333333333333333, "MIN:accuracy.mean": 0.8112666666666667, "MAX:accuracy.mean": 0.8393333333333334, "MIN:accuracy.max": 0.9466666666666667, "MAX:accuracy.max": 0.9666666666666667, "MIN:kappa.min": -2.220446049250313e-16, "MAX:kappa.min": 0.0, "MIN:kappa.mean": 0.7169, "MAX:kappa.mean": 0.759, "MIN:kappa.max": 0.92, "MAX:kappa.max": 0.95}