{"MIN:log_loss.min": 0.604737501478492, "MAX:log_loss.min": 0.604737501478492, "MIN:log_loss.mean": 0.8316953770618701, "MAX:log_loss.mean": 0.8316953770618701, "MIN:log_loss.max": 1.0954775552711142, "MAX:log_loss.max": 1.0954775552711142, "MIN:accuracy.min": 0.6666666666666666, "MAX:accuracy.min": 0.6666666666666666, "MIN:accuracy.mean": 0.7435333333333335, "MAX:accuracy.mean": 0.7435333333333335, "MIN:accuracy.max": 0.9466666666666667, "MAX:accuracy.max": 0.9466666666666667, "MIN:kappa.min": 0.5, "MAX:kappa.min": 0.5, "MIN:kappa.mean": 0.6153, "MAX:kappa.mean": 0.6153, "MIN:kappa.max": 0.92, "MAX:kappa.max": 0.92}