{"MIN:log_loss.min": 0.2918767015449063, "MAX:log_loss.min": 0.3342988116339171, "MIN:log_loss.mean": 0.39072173578677705, "MAX:log_loss.mean": 0.42880997886394945, "MIN:log_loss.max": 0.8850025197102146, "MAX:log_loss.max": 0.9733984052390716, "MIN:accuracy.min": 0.3333333333333333, "MAX:accuracy.min": 0.6466666666666666, "MIN:accuracy.mean": 0.8714666666666666, "MAX:accuracy.mean": 0.9075333333333334, "MIN:accuracy.max": 0.96, "MAX:accuracy.max": 0.9666666666666667, "MIN:kappa.min": 0.0, "MAX:kappa.min": 0.47, "MIN:kappa.mean": 0.8072000000000001, "MAX:kappa.mean": 0.8613000000000001, "MIN:kappa.max": 0.9400000000000001, "MAX:kappa.max": 0.95}