{"MIN:log_loss.min": 0.21947322348142795, "MAX:log_loss.min": 0.39929842614225086, "MIN:log_loss.mean": 0.5658739429504619, "MAX:log_loss.mean": 0.6965286889190818, "MIN:log_loss.max": 1.0985169586698544, "MAX:log_loss.max": 1.098585961227021, "MIN:accuracy.min": 0.38, "MAX:accuracy.min": 0.7066666666666667, "MIN:accuracy.mean": 0.7562000000000001, "MAX:accuracy.mean": 0.8605999999999999, "MIN:accuracy.max": 0.96, "MAX:accuracy.max": 0.96, "MIN:kappa.min": 0.06999999999999995, "MAX:kappa.min": 0.56, "MIN:kappa.mean": 0.6343, "MAX:kappa.mean": 0.7909000000000002, "MIN:kappa.max": 0.9400000000000001, "MAX:kappa.max": 0.9400000000000001}