{"MIN:log_loss.min": 0.4840470523480199, "MAX:log_loss.min": 0.7211981535777099, "MIN:log_loss.mean": 0.951310784783405, "MAX:log_loss.mean": 1.0278653299326168, "MIN:log_loss.max": 1.2020014976258218, "MAX:log_loss.max": 1.3965644220677438, "MIN:accuracy.min": 0.10666666666666667, "MAX:accuracy.min": 0.3333333333333333, "MIN:accuracy.mean": 0.4882666666666666, "MAX:accuracy.mean": 0.5779333333333333, "MIN:accuracy.max": 0.76, "MAX:accuracy.max": 0.9266666666666666, "MIN:kappa.min": -0.3400000000000001, "MAX:kappa.min": 0.0, "MIN:kappa.mean": 0.23240000000000002, "MAX:kappa.mean": 0.36690000000000006, "MIN:kappa.max": 0.64, "MAX:kappa.max": 0.89}