{"MIN:log_loss.min": 0.21337862788231954, "MAX:log_loss.min": 0.4418863164632654, "MIN:log_loss.mean": 0.5469981400261247, "MAX:log_loss.mean": 1.22647152588069, "MIN:log_loss.max": 1.0971016771146882, "MAX:log_loss.max": 4.439505295692255, "MIN:accuracy.min": 0.0, "MAX:accuracy.min": 0.3466666666666667, "MIN:accuracy.mean": 0.7128666666666668, "MAX:accuracy.mean": 0.802, "MIN:accuracy.max": 0.9133333333333333, "MAX:accuracy.max": 0.9666666666666667, "MIN:kappa.min": -0.5, "MAX:kappa.min": 0.020000000000000018, "MIN:kappa.mean": 0.5693, "MAX:kappa.mean": 0.7030000000000003, "MIN:kappa.max": 0.87, "MAX:kappa.max": 0.95}