{"MIN:log_loss.min": 0.6905701043112701, "MAX:log_loss.min": 0.6927442678682855, "MIN:log_loss.mean": 0.7718582428730631, "MAX:log_loss.mean": 0.7883257264961517, "MIN:log_loss.max": 1.4673018561877258, "MAX:log_loss.max": 1.7917146388534475, "MIN:accuracy.min": 0.3333333333333333, "MAX:accuracy.min": 0.52, "MIN:accuracy.mean": 0.7810000000000001, "MAX:accuracy.mean": 0.8180000000000001, "MIN:accuracy.max": 0.8533333333333334, "MAX:accuracy.max": 0.96, "MIN:kappa.min": 0.0, "MAX:kappa.min": 0.28, "MIN:kappa.mean": 0.6714999999999999, "MAX:kappa.mean": 0.7270000000000002, "MIN:kappa.max": 0.78, "MAX:kappa.max": 0.9400000000000001}