{"MIN:log_loss.min": 0.12537027199858491, "MAX:log_loss.min": 0.12771041491653434, "MIN:log_loss.mean": 0.3831138910142935, "MAX:log_loss.mean": 0.39968093878824407, "MIN:log_loss.max": 1.0943664418736718, "MAX:log_loss.max": 1.0974728120266513, "MIN:accuracy.min": 0.96, "MAX:accuracy.min": 0.96, "MIN:accuracy.mean": 0.96, "MAX:accuracy.mean": 0.96, "MIN:accuracy.max": 0.96, "MAX:accuracy.max": 0.96, "MIN:kappa.min": 0.94, "MAX:kappa.min": 0.94, "MIN:kappa.mean": 0.9399999999999996, "MAX:kappa.mean": 0.9399999999999996, "MIN:kappa.max": 0.94, "MAX:kappa.max": 0.94}