{"MIN:log_loss.min": 0.5726527546740326, "MAX:log_loss.min": 0.6790765726906614, "MIN:log_loss.mean": 1.2772024671235203, "MAX:log_loss.mean": 5.936264176968726, "MIN:log_loss.max": 2.771154456986893, "MAX:log_loss.max": 12.75335369210077, "MIN:accuracy.min": 0.56, "MAX:accuracy.min": 0.56, "MIN:accuracy.mean": 0.6404666666666666, "MAX:accuracy.mean": 0.6659333333333335, "MIN:accuracy.max": 0.94, "MAX:accuracy.max": 0.9533333333333334, "MIN:kappa.min": 0.33999999999999997, "MAX:kappa.min": 0.33999999999999997, "MIN:kappa.mean": 0.46070000000000005, "MAX:kappa.mean": 0.4989, "MIN:kappa.max": 0.91, "MAX:kappa.max": 0.9299999999999999}