{"MIN:log_loss.min": 0.5469821300631235, "MAX:log_loss.min": 0.7178714094886662, "MIN:log_loss.mean": 0.8656238761258099, "MAX:log_loss.mean": 1.1595067648318134, "MIN:log_loss.max": 1.2185333319211735, "MAX:log_loss.max": 2.2224710629158335, "MIN:accuracy.min": 0.3333333333333333, "MAX:accuracy.min": 0.36666666666666664, "MIN:accuracy.mean": 0.5326666666666667, "MAX:accuracy.mean": 0.6212666666666666, "MIN:accuracy.max": 0.6666666666666666, "MAX:accuracy.max": 0.9533333333333334, "MIN:kappa.min": -2.220446049250313e-16, "MAX:kappa.min": 0.050000000000000044, "MIN:kappa.mean": 0.299, "MAX:kappa.mean": 0.43189999999999995, "MIN:kappa.max": 0.5, "MAX:kappa.max": 0.9299999999999999}