{"MIN:log_loss.min": 0.11534575199846958, "MAX:log_loss.min": 0.11534586881698185, "MIN:log_loss.mean": 0.485466103768607, "MAX:log_loss.mean": 0.7531073939568381, "MIN:log_loss.max": 6.0795644196232415, "MAX:log_loss.max": 17.362231375295714, "MIN:accuracy.min": 0.35333333333333333, "MAX:accuracy.min": 0.64, "MIN:accuracy.mean": 0.9266666666666669, "MAX:accuracy.mean": 0.9366666666666669, "MIN:accuracy.max": 0.96, "MAX:accuracy.max": 0.96, "MIN:kappa.min": 0.030000000000000027, "MAX:kappa.min": 0.45999999999999996, "MIN:kappa.mean": 0.89, "MAX:kappa.mean": 0.905, "MIN:kappa.max": 0.9400000000000001, "MAX:kappa.max": 0.9400000000000001}