{"MIN:log_loss.min": 0.4541495131895789, "MAX:log_loss.min": 0.7705983499267298, "MIN:log_loss.mean": 0.9095965271565114, "MAX:log_loss.mean": 3.4700689998742638, "MIN:log_loss.max": 1.1806124259307433, "MAX:log_loss.max": 11.94679189098031, "MIN:accuracy.min": 0.32666666666666666, "MAX:accuracy.min": 0.3333333333333333, "MIN:accuracy.mean": 0.5553999999999999, "MAX:accuracy.mean": 0.6232666666666666, "MIN:accuracy.max": 0.88, "MAX:accuracy.max": 0.96, "MIN:kappa.min": -0.010000000000000009, "MAX:kappa.min": 0.0, "MIN:kappa.mean": 0.3331, "MAX:kappa.mean": 0.43490000000000006, "MIN:kappa.max": 0.8200000000000001, "MAX:kappa.max": 0.9400000000000001}