{"mean accuracy": 0.7939333333333333, "max accuracy": 0.96, "mean kappa": 0.6909000000000001, "max kappa": 0.94}