{"MIN:log_loss.min": 0.20067846733379144, "MAX:log_loss.min": 0.37789242468487033, "MIN:log_loss.mean": 0.6892333494074397, "MAX:log_loss.mean": 0.7526964644521016, "MIN:log_loss.max": 1.0694693729445077, "MAX:log_loss.max": 1.1508308859362484, "MIN:accuracy.min": 0.6333333333333333, "MAX:accuracy.min": 0.66, "MIN:accuracy.mean": 0.7135333333333334, "MAX:accuracy.mean": 0.731, "MIN:accuracy.max": 0.8533333333333334, "MAX:accuracy.max": 0.92, "MIN:kappa.min": 0.44999999999999996, "MAX:kappa.min": 0.49, "MIN:kappa.mean": 0.5703, "MAX:kappa.mean": 0.5964999999999999, "MIN:kappa.max": 0.78, "MAX:kappa.max": 0.88}