{"MIN:log_loss.min": 0.9484597423411413, "MAX:log_loss.min": 1.088510350151842, "MIN:log_loss.mean": 0.9956159905601794, "MAX:log_loss.mean": 1.8097166143409655, "MIN:log_loss.max": 1.1248241535549781, "MAX:log_loss.max": 5.047250755159886, "MIN:accuracy.min": 0.06666666666666667, "MAX:accuracy.min": 0.3333333333333333, "MIN:accuracy.mean": 0.3304000000000001, "MAX:accuracy.mean": 0.6325333333333334, "MIN:accuracy.max": 0.42, "MAX:accuracy.max": 0.6666666666666666, "MIN:kappa.min": -0.3999999999999999, "MAX:kappa.min": 0.0, "MIN:kappa.mean": -0.00440000000000001, "MAX:kappa.mean": 0.4488, "MIN:kappa.max": 0.13, "MAX:kappa.max": 0.5}