{"MIN:log_loss.min": 0.27403381091090356, "MAX:log_loss.min": 0.2741958900991829, "MIN:log_loss.mean": 0.449789330120215, "MAX:log_loss.mean": 0.46079719968718025, "MIN:log_loss.max": 1.0470936730589036, "MAX:log_loss.max": 1.050112740263025, "MIN:accuracy.min": 0.7733333333333333, "MAX:accuracy.min": 0.7733333333333333, "MIN:accuracy.mean": 0.8562666666666666, "MAX:accuracy.mean": 0.8583333333333332, "MIN:accuracy.max": 0.9266666666666666, "MAX:accuracy.max": 0.9466666666666667, "MIN:kappa.min": 0.6599999999999999, "MAX:kappa.min": 0.6599999999999999, "MIN:kappa.mean": 0.7843999999999999, "MAX:kappa.mean": 0.7875, "MIN:kappa.max": 0.89, "MAX:kappa.max": 0.92}