{"MIN:log_loss.min": 0.6170720813716682, "MAX:log_loss.min": 0.8867307870699457, "MIN:log_loss.mean": 0.9302843506634838, "MAX:log_loss.mean": 1.0639568079563981, "MIN:log_loss.max": 1.1896765283203086, "MAX:log_loss.max": 1.418626873780302, "MIN:accuracy.min": 0.3333333333333333, "MAX:accuracy.min": 0.34, "MIN:accuracy.mean": 0.5349333333333334, "MAX:accuracy.mean": 0.5733333333333334, "MIN:accuracy.max": 0.6666666666666666, "MAX:accuracy.max": 0.96, "MIN:kappa.min": 0.0, "MAX:kappa.min": 0.010000000000000009, "MIN:kappa.mean": 0.3024, "MAX:kappa.mean": 0.35999999999999993, "MIN:kappa.max": 0.5, "MAX:kappa.max": 0.94}