{"mean accuracy": 0.8229333333333332, "max accuracy": 0.96, "mean kappa": 0.7343999999999999, "max kappa": 0.94}