{"MIN:log_loss.min": 0.8059024450743029, "MAX:log_loss.min": 0.8059024450743029, "MIN:log_loss.mean": 0.9117585270993738, "MAX:log_loss.mean": 0.9117585270993738, "MIN:log_loss.max": 1.0985950783956373, "MAX:log_loss.max": 1.0985950783956373, "MIN:accuracy.min": 0.6666666666666666, "MAX:accuracy.min": 0.6666666666666666, "MIN:accuracy.mean": 0.6666666666666669, "MAX:accuracy.mean": 0.6666666666666669, "MIN:accuracy.max": 0.6666666666666666, "MAX:accuracy.max": 0.6666666666666666, "MIN:kappa.min": 0.5, "MAX:kappa.min": 0.5, "MIN:kappa.mean": 0.5, "MAX:kappa.mean": 0.5, "MIN:kappa.max": 0.5, "MAX:kappa.max": 0.5}