{"MIN:log_loss.min": 0.15599057432196112, "MAX:log_loss.min": 0.1658897256536315, "MIN:log_loss.mean": 0.436159458771275, "MAX:log_loss.mean": 0.48558892647639385, "MIN:log_loss.max": 1.1348031760353876, "MAX:log_loss.max": 1.1818649832001313, "MIN:accuracy.min": 0.56, "MAX:accuracy.min": 0.6266666666666667, "MIN:accuracy.mean": 0.9225333333333334, "MAX:accuracy.mean": 0.9357333333333334, "MIN:accuracy.max": 0.96, "MAX:accuracy.max": 0.96, "MIN:kappa.min": 0.33999999999999997, "MAX:kappa.min": 0.43999999999999995, "MIN:kappa.mean": 0.8837999999999998, "MAX:kappa.mean": 0.9035999999999997, "MIN:kappa.max": 0.94, "MAX:kappa.max": 0.94}