{"MIN:log_loss.min": 0.4535853505555734, "MAX:log_loss.min": 0.6270596467635289, "MIN:log_loss.mean": 0.8069627324393538, "MAX:log_loss.mean": 0.824576233015971, "MIN:log_loss.max": 1.266154307311242, "MAX:log_loss.max": 1.4884483955857941, "MIN:accuracy.min": 0.15333333333333332, "MAX:accuracy.min": 0.34, "MIN:accuracy.mean": 0.7242000000000001, "MAX:accuracy.mean": 0.7600666666666668, "MIN:accuracy.max": 0.96, "MAX:accuracy.max": 0.96, "MIN:kappa.min": -0.27000000000000024, "MAX:kappa.min": 0.010000000000000009, "MIN:kappa.mean": 0.5863, "MAX:kappa.mean": 0.6400999999999999, "MIN:kappa.max": 0.94, "MAX:kappa.max": 0.9400000000000001}