{"MIN:log_loss.min": 0.4281534710554894, "MAX:log_loss.min": 0.4387700498680101, "MIN:log_loss.mean": 0.5406621863795725, "MAX:log_loss.mean": 0.6066699445597774, "MIN:log_loss.max": 0.8366764424811537, "MAX:log_loss.max": 0.9188556616890344, "MIN:accuracy.min": 0.5933333333333334, "MAX:accuracy.min": 0.6666666666666666, "MIN:accuracy.mean": 0.8244666666666666, "MAX:accuracy.mean": 0.8904666666666665, "MIN:accuracy.max": 0.9466666666666667, "MAX:accuracy.max": 0.9466666666666667, "MIN:kappa.min": 0.39, "MAX:kappa.min": 0.5, "MIN:kappa.mean": 0.7367, "MAX:kappa.mean": 0.8357000000000001, "MIN:kappa.max": 0.92, "MAX:kappa.max": 0.92}