{"MIN:log_loss.min": 0.5197924093303169, "MAX:log_loss.min": 0.5423678125718102, "MIN:log_loss.mean": 0.741092664298795, "MAX:log_loss.mean": 0.7782263468786301, "MIN:log_loss.max": 1.3734308864680087, "MAX:log_loss.max": 1.5870348671472543, "MIN:accuracy.min": 0.3333333333333333, "MAX:accuracy.min": 0.36666666666666664, "MIN:accuracy.mean": 0.7108000000000001, "MAX:accuracy.mean": 0.7388666666666666, "MIN:accuracy.max": 0.96, "MAX:accuracy.max": 0.96, "MIN:kappa.min": -2.220446049250313e-16, "MAX:kappa.min": 0.050000000000000044, "MIN:kappa.mean": 0.5662, "MAX:kappa.mean": 0.6083000000000001, "MIN:kappa.max": 0.9400000000000001, "MAX:kappa.max": 0.9400000000000001}