{"MIN:log_loss.min": 0.20215674925117247, "MAX:log_loss.min": 0.2999146794051205, "MIN:log_loss.mean": 0.5291369412057532, "MAX:log_loss.mean": 0.5712889129088533, "MIN:log_loss.max": 1.0083353197942762, "MAX:log_loss.max": 2.273535332656332, "MIN:accuracy.min": 0.4866666666666667, "MAX:accuracy.min": 0.8133333333333334, "MIN:accuracy.mean": 0.7913333333333332, "MAX:accuracy.mean": 0.9360666666666667, "MIN:accuracy.max": 0.9266666666666666, "MAX:accuracy.max": 0.96, "MIN:kappa.min": 0.22999999999999998, "MAX:kappa.min": 0.72, "MIN:kappa.mean": 0.687, "MAX:kappa.mean": 0.9041, "MIN:kappa.max": 0.89, "MAX:kappa.max": 0.9400000000000001}