{"MIN:log_loss.min": 0.10966695531987898, "MAX:log_loss.min": 0.11750850292923178, "MIN:log_loss.mean": 0.5316278598400155, "MAX:log_loss.mean": 0.6094541942657694, "MIN:log_loss.max": 1.098091452560621, "MAX:log_loss.max": 1.2131429286017703, "MIN:accuracy.min": 0.006666666666666667, "MAX:accuracy.min": 0.3333333333333333, "MIN:accuracy.mean": 0.7213999999999996, "MAX:accuracy.mean": 0.7736, "MIN:accuracy.max": 0.96, "MAX:accuracy.max": 0.96, "MIN:kappa.min": -0.49, "MAX:kappa.min": 0.0, "MIN:kappa.mean": 0.5821, "MAX:kappa.mean": 0.6603999999999999, "MIN:kappa.max": 0.9400000000000001, "MAX:kappa.max": 0.9400000000000001}