{"MIN:log_loss.min": 0.2947132199232981, "MAX:log_loss.min": 0.9306106492244806, "MIN:log_loss.mean": 0.5135906043766172, "MAX:log_loss.mean": 6.9030503462168396, "MIN:log_loss.max": 1.0569964110384922, "MAX:log_loss.max": 22.338289659859626, "MIN:accuracy.min": 0.3333333333333333, "MAX:accuracy.min": 0.5066666666666667, "MIN:accuracy.mean": 0.6282000000000001, "MAX:accuracy.mean": 0.6608666666666668, "MIN:accuracy.max": 0.6666666666666666, "MAX:accuracy.max": 0.96, "MIN:kappa.min": -2.220446049250313e-16, "MAX:kappa.min": 0.26, "MIN:kappa.mean": 0.44229999999999997, "MAX:kappa.mean": 0.4913, "MIN:kappa.max": 0.5, "MAX:kappa.max": 0.9400000000000001}