{"MIN:log_loss.min": 0.07957005791608837, "MAX:log_loss.min": 0.16442843116649955, "MIN:log_loss.mean": 0.17182036049936886, "MAX:log_loss.mean": 0.21957723691898828, "MIN:log_loss.max": 0.36021922133977374, "MAX:log_loss.max": 1.2525230156200284, "MIN:accuracy.min": 0.7133333333333334, "MAX:accuracy.min": 0.9266666666666666, "MIN:accuracy.mean": 0.9385333333333336, "MAX:accuracy.mean": 0.9547999999999999, "MIN:accuracy.max": 0.9466666666666667, "MAX:accuracy.max": 0.98, "MIN:kappa.min": 0.5700000000000001, "MAX:kappa.min": 0.89, "MIN:kappa.mean": 0.9077999999999997, "MAX:kappa.mean": 0.9321999999999998, "MIN:kappa.max": 0.92, "MAX:kappa.max": 0.97}