{"MIN:log_loss.min": 0.11018723973047903, "MAX:log_loss.min": 0.41633986244184756, "MIN:log_loss.mean": 0.34637600113871103, "MAX:log_loss.mean": 0.5325239814254727, "MIN:log_loss.max": 0.6377704486620054, "MAX:log_loss.max": 0.7821048601200368, "MIN:accuracy.min": 0.5266666666666666, "MAX:accuracy.min": 0.8533333333333334, "MIN:accuracy.mean": 0.8339333333333332, "MAX:accuracy.mean": 0.9069333333333334, "MIN:accuracy.max": 0.9266666666666666, "MAX:accuracy.max": 0.9666666666666667, "MIN:kappa.min": 0.29000000000000004, "MAX:kappa.min": 0.78, "MIN:kappa.mean": 0.7508999999999999, "MAX:kappa.mean": 0.8604, "MIN:kappa.max": 0.89, "MAX:kappa.max": 0.95}