{"MIN:log_loss.min": 0.11732368083485917, "MAX:log_loss.min": 0.14295685023794244, "MIN:log_loss.mean": 0.7628108093268935, "MAX:log_loss.mean": 2.5334605783832513, "MIN:log_loss.max": 10.1313744091738, "MAX:log_loss.max": 22.795592420641047, "MIN:accuracy.min": 0.3333333333333333, "MAX:accuracy.min": 0.36666666666666664, "MIN:accuracy.mean": 0.8654000000000001, "MAX:accuracy.mean": 0.8789999999999999, "MIN:accuracy.max": 0.96, "MAX:accuracy.max": 0.96, "MIN:kappa.min": -2.220446049250313e-16, "MAX:kappa.min": 0.050000000000000044, "MIN:kappa.mean": 0.7980999999999999, "MAX:kappa.mean": 0.8185000000000001, "MIN:kappa.max": 0.9400000000000001, "MAX:kappa.max": 0.9400000000000001}