{"MIN:log_loss.min": 0.16428596126925682, "MAX:log_loss.min": 0.21605328052079442, "MIN:log_loss.mean": 0.6873083564379627, "MAX:log_loss.mean": 0.9934366501526434, "MIN:log_loss.max": 3.684136148790474, "MAX:log_loss.max": 8.145607806183072, "MIN:accuracy.min": 0.35333333333333333, "MAX:accuracy.min": 0.6, "MIN:accuracy.mean": 0.8254666666666668, "MAX:accuracy.mean": 0.8588, "MIN:accuracy.max": 0.96, "MAX:accuracy.max": 0.9666666666666667, "MIN:kappa.min": 0.030000000000000027, "MAX:kappa.min": 0.4, "MIN:kappa.mean": 0.7381999999999997, "MAX:kappa.mean": 0.7881999999999999, "MIN:kappa.max": 0.94, "MAX:kappa.max": 0.95}