{"MIN:log_loss.min": 0.6847999958097243, "MAX:log_loss.min": 0.8618436117581971, "MIN:log_loss.mean": 0.9224740309121728, "MAX:log_loss.mean": 1.288257661829337, "MIN:log_loss.max": 1.1712528586976128, "MAX:log_loss.max": 2.779501650626349, "MIN:accuracy.min": 0.3333333333333333, "MAX:accuracy.min": 0.3333333333333333, "MIN:accuracy.mean": 0.5783999999999999, "MAX:accuracy.mean": 0.6187333333333334, "MIN:accuracy.max": 0.6666666666666666, "MAX:accuracy.max": 0.96, "MIN:kappa.min": -2.220446049250313e-16, "MAX:kappa.min": 0.0, "MIN:kappa.mean": 0.3675999999999999, "MAX:kappa.mean": 0.42810000000000004, "MIN:kappa.max": 0.5, "MAX:kappa.max": 0.94}