{"MIN:log_loss.min": 0.7685904023777893, "MAX:log_loss.min": 0.7807043018036622, "MIN:log_loss.mean": 1.2344497195197635, "MAX:log_loss.mean": 1.2442848631048125, "MIN:log_loss.max": 6.777701439729129, "MAX:log_loss.max": 6.778719878612921, "MIN:accuracy.min": 0.56, "MAX:accuracy.min": 0.56, "MIN:accuracy.mean": 0.7310666666666665, "MAX:accuracy.mean": 0.7373333333333334, "MIN:accuracy.max": 0.96, "MAX:accuracy.max": 0.9666666666666667, "MIN:kappa.min": 0.33999999999999997, "MAX:kappa.min": 0.33999999999999997, "MIN:kappa.mean": 0.5966, "MAX:kappa.mean": 0.606, "MIN:kappa.max": 0.94, "MAX:kappa.max": 0.95}