{"MIN:log_loss.min": 0.48147188485302406, "MAX:log_loss.min": 0.7631961777705971, "MIN:log_loss.mean": 0.8344995922776515, "MAX:log_loss.mean": 0.9859597979562639, "MIN:log_loss.max": 1.1694648051244314, "MAX:log_loss.max": 3.129560053450543, "MIN:accuracy.min": 0.19333333333333333, "MAX:accuracy.min": 0.3333333333333333, "MIN:accuracy.mean": 0.621, "MAX:accuracy.mean": 0.6553333333333333, "MIN:accuracy.max": 0.88, "MAX:accuracy.max": 0.96, "MIN:kappa.min": -0.20999999999999996, "MAX:kappa.min": 1.1102230246251565e-16, "MIN:kappa.mean": 0.43150000000000005, "MAX:kappa.mean": 0.48300000000000004, "MIN:kappa.max": 0.8200000000000001, "MAX:kappa.max": 0.9400000000000001}