{"mean accuracy": 0.9048666666666668, "max accuracy": 0.9666666666666666, "mean kappa": 0.8573, "max kappa": 0.9499999999999998}