{"MIN:log_loss.min": 0.574661780513578, "MAX:log_loss.min": 0.9526837777771847, "MIN:log_loss.mean": 0.8450854856555696, "MAX:log_loss.mean": 1.0088926325877507, "MIN:log_loss.max": 1.1493340511705648, "MAX:log_loss.max": 1.1639818797194907, "MIN:accuracy.min": 0.02666666666666667, "MAX:accuracy.min": 0.3333333333333333, "MIN:accuracy.mean": 0.5192, "MAX:accuracy.mean": 0.5583333333333333, "MIN:accuracy.max": 0.6666666666666666, "MAX:accuracy.max": 0.6666666666666666, "MIN:kappa.min": -0.45999999999999996, "MAX:kappa.min": 0.0, "MIN:kappa.mean": 0.2788, "MAX:kappa.mean": 0.3375, "MIN:kappa.max": 0.5, "MAX:kappa.max": 0.5}