{"MIN:log_loss.min": 0.3216625134034661, "MAX:log_loss.min": 0.38328417927759534, "MIN:log_loss.mean": 0.5359541060949597, "MAX:log_loss.mean": 2.102956471435787, "MIN:log_loss.max": 1.1688548328141026, "MAX:log_loss.max": 23.025850929990646, "MIN:accuracy.min": 0.3333333333333333, "MAX:accuracy.min": 0.47333333333333333, "MIN:accuracy.mean": 0.6481999999999999, "MAX:accuracy.mean": 0.7487333333333334, "MIN:accuracy.max": 0.9533333333333334, "MAX:accuracy.max": 0.9533333333333334, "MIN:kappa.min": 0.0, "MAX:kappa.min": 0.20999999999999996, "MIN:kappa.mean": 0.47230000000000005, "MAX:kappa.mean": 0.6231, "MIN:kappa.max": 0.9299999999999999, "MAX:kappa.max": 0.93}