{"mean accuracy": 0.40320000000000017, "max accuracy": 0.6666666666666666, "mean kappa": 0.1048, "max kappa": 0.49999999999999994}