{"MIN:log_loss.min": 0.19444778012257374, "MAX:log_loss.min": 0.19444778012257374, "MIN:log_loss.mean": 0.43542200545236026, "MAX:log_loss.mean": 0.43542200545236026, "MIN:log_loss.max": 0.8837711304989841, "MAX:log_loss.max": 0.8837711304989841, "MIN:accuracy.min": 0.36, "MAX:accuracy.min": 0.36, "MIN:accuracy.mean": 0.8085333333333332, "MAX:accuracy.mean": 0.8085333333333332, "MIN:accuracy.max": 0.96, "MAX:accuracy.max": 0.96, "MIN:kappa.min": 0.040000000000000036, "MAX:kappa.min": 0.040000000000000036, "MIN:kappa.mean": 0.7128, "MAX:kappa.mean": 0.7128, "MIN:kappa.max": 0.9400000000000001, "MAX:kappa.max": 0.9400000000000001}