{"MIN:log_loss.min": 0.5771238147829922, "MAX:log_loss.min": 0.880340781683575, "MIN:log_loss.mean": 0.8138151625002605, "MAX:log_loss.mean": 1.1931122411778678, "MIN:log_loss.max": 1.1245276589886675, "MAX:log_loss.max": 2.587579404573327, "MIN:accuracy.min": 0.3333333333333333, "MAX:accuracy.min": 0.64, "MIN:accuracy.mean": 0.6964666666666668, "MAX:accuracy.mean": 0.7790666666666666, "MIN:accuracy.max": 0.88, "MAX:accuracy.max": 0.96, "MIN:kappa.min": 0.0, "MAX:kappa.min": 0.45999999999999996, "MIN:kappa.mean": 0.5447, "MAX:kappa.mean": 0.6686, "MIN:kappa.max": 0.8200000000000001, "MAX:kappa.max": 0.9400000000000001}