{"MIN:log_loss.min": 0.3006754826791331, "MAX:log_loss.min": 0.3875669464092721, "MIN:log_loss.mean": 0.6388727393662433, "MAX:log_loss.mean": 0.7870426725853993, "MIN:log_loss.max": 2.514124273461672, "MAX:log_loss.max": 7.516976380302561, "MIN:accuracy.min": 0.3333333333333333, "MAX:accuracy.min": 0.5866666666666667, "MIN:accuracy.mean": 0.7750666666666668, "MAX:accuracy.mean": 0.8142666666666668, "MIN:accuracy.max": 0.94, "MAX:accuracy.max": 0.96, "MIN:kappa.min": 0.0, "MAX:kappa.min": 0.38, "MIN:kappa.mean": 0.6626000000000002, "MAX:kappa.mean": 0.7214, "MIN:kappa.max": 0.91, "MAX:kappa.max": 0.9400000000000001}