{"MIN:log_loss.min": 0.12015577222372727, "MAX:log_loss.min": 0.15946587313015115, "MIN:log_loss.mean": 0.3127167933515596, "MAX:log_loss.mean": 0.3894397152399249, "MIN:log_loss.max": 0.9261397595498306, "MAX:log_loss.max": 1.4192646755664644, "MIN:accuracy.min": 0.6666666666666666, "MAX:accuracy.min": 0.7533333333333333, "MIN:accuracy.mean": 0.9187333333333335, "MAX:accuracy.mean": 0.9262666666666667, "MIN:accuracy.max": 0.96, "MAX:accuracy.max": 0.96, "MIN:kappa.min": 0.5, "MAX:kappa.min": 0.63, "MIN:kappa.mean": 0.8781, "MAX:kappa.mean": 0.8894000000000001, "MIN:kappa.max": 0.9400000000000001, "MAX:kappa.max": 0.9400000000000001}