{"MIN:log_loss.min": 0.3045219021488046, "MAX:log_loss.min": 0.34600614962319354, "MIN:log_loss.mean": 0.48890089787326857, "MAX:log_loss.mean": 0.5106797550003234, "MIN:log_loss.max": 1.0515284507686185, "MAX:log_loss.max": 1.2547606196643093, "MIN:accuracy.min": 0.5, "MAX:accuracy.min": 0.62, "MIN:accuracy.mean": 0.8962666666666665, "MAX:accuracy.mean": 0.9161999999999999, "MIN:accuracy.max": 0.9533333333333334, "MAX:accuracy.max": 0.96, "MIN:kappa.min": 0.25, "MAX:kappa.min": 0.43000000000000005, "MIN:kappa.mean": 0.8444000000000002, "MAX:kappa.mean": 0.8743, "MIN:kappa.max": 0.9299999999999999, "MAX:kappa.max": 0.9400000000000001}