{"MIN:log_loss.min": 0.13535841318469555, "MAX:log_loss.min": 0.19314228020306462, "MIN:log_loss.mean": 0.17801437356620284, "MAX:log_loss.mean": 0.23659947851983257, "MIN:log_loss.max": 0.3685570029974762, "MAX:log_loss.max": 0.4675011358255575, "MIN:accuracy.min": 0.76, "MAX:accuracy.min": 0.8933333333333333, "MIN:accuracy.mean": 0.9242666666666668, "MAX:accuracy.mean": 0.9425333333333333, "MIN:accuracy.max": 0.9466666666666667, "MAX:accuracy.max": 0.9666666666666667, "MIN:kappa.min": 0.64, "MAX:kappa.min": 0.84, "MIN:kappa.mean": 0.8864, "MAX:kappa.mean": 0.9138, "MIN:kappa.max": 0.92, "MAX:kappa.max": 0.95}