{"MIN:log_loss.min": 0.16258436463753048, "MAX:log_loss.min": 0.22408521168370166, "MIN:log_loss.mean": 0.4193387519408775, "MAX:log_loss.mean": 0.4758526203339934, "MIN:log_loss.max": 2.367026219199226, "MAX:log_loss.max": 4.799702985197318, "MIN:accuracy.min": 0.3333333333333333, "MAX:accuracy.min": 0.3333333333333333, "MIN:accuracy.mean": 0.8157333333333334, "MAX:accuracy.mean": 0.8287333333333332, "MIN:accuracy.max": 0.96, "MAX:accuracy.max": 0.9666666666666667, "MIN:kappa.min": 0.0, "MAX:kappa.min": 0.0, "MIN:kappa.mean": 0.7235999999999998, "MAX:kappa.mean": 0.7431000000000002, "MIN:kappa.max": 0.94, "MAX:kappa.max": 0.95}