{"MIN:log_loss.min": 0.8723992244127282, "MAX:log_loss.min": 0.8723992244127282, "MIN:log_loss.mean": 0.8948509135730136, "MAX:log_loss.mean": 0.8948509135730136, "MIN:log_loss.max": 1.0066591486433885, "MAX:log_loss.max": 1.0066591486433885, "MIN:accuracy.min": 0.35333333333333333, "MAX:accuracy.min": 0.35333333333333333, "MIN:accuracy.mean": 0.6640000000000001, "MAX:accuracy.mean": 0.6640000000000001, "MIN:accuracy.max": 0.7533333333333333, "MAX:accuracy.max": 0.7533333333333333, "MIN:kappa.min": 0.030000000000000027, "MAX:kappa.min": 0.030000000000000027, "MIN:kappa.mean": 0.49599999999999994, "MAX:kappa.mean": 0.49599999999999994, "MIN:kappa.max": 0.63, "MAX:kappa.max": 0.63}