{"MIN:log_loss.min": 0.5445362608956816, "MAX:log_loss.min": 0.8099864444118557, "MIN:log_loss.mean": 1.0047955177956134, "MAX:log_loss.mean": 1.1178445286319383, "MIN:log_loss.max": 1.191514881896928, "MAX:log_loss.max": 1.7468058152654862, "MIN:accuracy.min": 0.3333333333333333, "MAX:accuracy.min": 0.3333333333333333, "MIN:accuracy.mean": 0.6215333333333333, "MAX:accuracy.mean": 0.6417333333333333, "MIN:accuracy.max": 0.6666666666666666, "MAX:accuracy.max": 0.96, "MIN:kappa.min": -2.220446049250313e-16, "MAX:kappa.min": 0.0, "MIN:kappa.mean": 0.4323, "MAX:kappa.mean": 0.46259999999999996, "MIN:kappa.max": 0.5, "MAX:kappa.max": 0.9400000000000001}