{"MIN:log_loss.min": 0.23476539090922188, "MAX:log_loss.min": 0.2575821900655933, "MIN:log_loss.mean": 0.35449369640774486, "MAX:log_loss.mean": 0.38165071288247954, "MIN:log_loss.max": 0.9170743972527164, "MAX:log_loss.max": 0.934004228417601, "MIN:accuracy.min": 0.3333333333333333, "MAX:accuracy.min": 0.35333333333333333, "MIN:accuracy.mean": 0.9438666666666667, "MAX:accuracy.mean": 0.9493333333333334, "MIN:accuracy.max": 0.9733333333333334, "MAX:accuracy.max": 0.9733333333333334, "MIN:kappa.min": 0.0, "MAX:kappa.min": 0.030000000000000027, "MIN:kappa.mean": 0.9158, "MAX:kappa.mean": 0.9239999999999998, "MIN:kappa.max": 0.96, "MAX:kappa.max": 0.96}