{"MIN:log_loss.min": 0.21620185467647834, "MAX:log_loss.min": 0.4463104856541324, "MIN:log_loss.mean": 0.6441010594898642, "MAX:log_loss.mean": 0.9336263741352171, "MIN:log_loss.max": 1.0986116362729013, "MAX:log_loss.max": 2.53897100863717, "MIN:accuracy.min": 0.6066666666666667, "MAX:accuracy.min": 0.6666666666666666, "MIN:accuracy.mean": 0.7547999999999999, "MAX:accuracy.mean": 0.7918000000000002, "MIN:accuracy.max": 0.96, "MAX:accuracy.max": 0.96, "MIN:kappa.min": 0.41000000000000003, "MAX:kappa.min": 0.5, "MIN:kappa.mean": 0.6321999999999999, "MAX:kappa.mean": 0.6877000000000001, "MIN:kappa.max": 0.94, "MAX:kappa.max": 0.9400000000000001}