{"MIN:log_loss.min": 0.3137225391859072, "MAX:log_loss.min": 0.4103846581978556, "MIN:log_loss.mean": 0.4593509120228625, "MAX:log_loss.mean": 0.5380632820258177, "MIN:log_loss.max": 0.9566805672861021, "MAX:log_loss.max": 0.9871914914228384, "MIN:accuracy.min": 0.43333333333333335, "MAX:accuracy.min": 0.8533333333333334, "MIN:accuracy.mean": 0.9448666666666665, "MAX:accuracy.mean": 0.9565999999999998, "MIN:accuracy.max": 0.96, "MAX:accuracy.max": 0.9666666666666667, "MIN:kappa.min": 0.15000000000000002, "MAX:kappa.min": 0.78, "MIN:kappa.mean": 0.9172999999999999, "MAX:kappa.mean": 0.9348999999999998, "MIN:kappa.max": 0.94, "MAX:kappa.max": 0.95}