{"MIN:log_loss.min": 0.12220801905202848, "MAX:log_loss.min": 0.2815989366037575, "MIN:log_loss.mean": 0.3739614200608444, "MAX:log_loss.mean": 0.5248841664031201, "MIN:log_loss.max": 0.9307799281807403, "MAX:log_loss.max": 5.84059864261426, "MIN:accuracy.min": 0.42, "MAX:accuracy.min": 0.6666666666666666, "MIN:accuracy.mean": 0.8548666666666667, "MAX:accuracy.mean": 0.8949333333333334, "MIN:accuracy.max": 0.9533333333333334, "MAX:accuracy.max": 0.96, "MIN:kappa.min": 0.13, "MAX:kappa.min": 0.5, "MIN:kappa.mean": 0.7823, "MAX:kappa.mean": 0.8423999999999999, "MIN:kappa.max": 0.9299999999999999, "MAX:kappa.max": 0.9400000000000001}