{"MIN:log_loss.min": 0.24256157449010468, "MAX:log_loss.min": 0.42308526140754327, "MIN:log_loss.mean": 0.7826152033078492, "MAX:log_loss.mean": 0.8918479615578291, "MIN:log_loss.max": 1.2220712416815283, "MAX:log_loss.max": 2.165448892654232, "MIN:accuracy.min": 0.19333333333333333, "MAX:accuracy.min": 0.3333333333333333, "MIN:accuracy.mean": 0.5872000000000002, "MAX:accuracy.mean": 0.6693333333333336, "MIN:accuracy.max": 0.8933333333333333, "MAX:accuracy.max": 0.96, "MIN:kappa.min": -0.20999999999999996, "MAX:kappa.min": 0.0, "MIN:kappa.mean": 0.38079999999999997, "MAX:kappa.mean": 0.504, "MIN:kappa.max": 0.84, "MAX:kappa.max": 0.9400000000000001}