{"MIN:log_loss.min": 0.2008462532531179, "MAX:log_loss.min": 0.3482541566400879, "MIN:log_loss.mean": 0.4728866390013882, "MAX:log_loss.mean": 0.5200782269815076, "MIN:log_loss.max": 0.7950774925030765, "MAX:log_loss.max": 1.0606204020484156, "MIN:accuracy.min": 0.37333333333333335, "MAX:accuracy.min": 0.5066666666666667, "MIN:accuracy.mean": 0.7322666666666666, "MAX:accuracy.mean": 0.7715999999999998, "MIN:accuracy.max": 0.94, "MAX:accuracy.max": 0.96, "MIN:kappa.min": 0.06000000000000005, "MAX:kappa.min": 0.26, "MIN:kappa.mean": 0.5984, "MAX:kappa.mean": 0.6574, "MIN:kappa.max": 0.91, "MAX:kappa.max": 0.9400000000000001}