{"MAX:log_loss.min": 1.29517488228689, "ARGMAX:log_loss.min": [3, 434858], "MIN:log_loss.min": 1.2761713140559563, "ARGMIN:log_loss.min": [1, 444629], "MEAN:log_loss.min": 1.2834704852538543, "MAX:log_loss.mean": 1.5918195836478017, "ARGMAX:log_loss.mean": [3, 434858], "MIN:log_loss.mean": 1.5760029913298994, "ARGMIN:log_loss.mean": [0, 459736], "MEAN:log_loss.mean": 1.5831268164803936, "MAX:log_loss.max": 2.4131930074315555, "ARGMAX:log_loss.max": [1, 444629], "MIN:log_loss.max": 2.4126811859104293, "ARGMIN:log_loss.max": [2, 455263], "MEAN:log_loss.max": 2.413031890008895, "MAX:accuracy.min": 0.2879, "ARGMAX:accuracy.min": [3, 434858], "MIN:accuracy.min": 0.2733, "ARGMIN:accuracy.min": [6, 431712], "MEAN:accuracy.min": 0.27906000000000003, "MAX:accuracy.mean": 0.567504, "ARGMAX:accuracy.mean": [0, 459736], "MIN:accuracy.mean": 0.555882, "ARGMIN:accuracy.mean": [9, 453692], "MEAN:accuracy.mean": 0.5612784000000002, "MAX:accuracy.max": 0.6931, "ARGMAX:accuracy.max": [1, 444629], "MIN:accuracy.max": 0.6768, "ARGMIN:accuracy.max": [9, 453692], "MEAN:accuracy.max": 0.6841700000000001, "MAX:kappa.min": 0.20964623605701527, "ARGMAX:kappa.min": [3, 434858], "MIN:kappa.min": 0.19271190931898508, "ARGMIN:kappa.min": [6, 431712], "MEAN:kappa.min": 0.19964531548178566, "MAX:kappa.mean": 0.5194271576529542, "ARGMAX:kappa.mean": [0, 459736], "MIN:kappa.mean": 0.5065478055817634, "ARGMIN:kappa.mean": [9, 453692], "MEAN:kappa.mean": 0.5124985529710687, "MAX:kappa.max": 0.6587844541396801, "ARGMAX:kappa.max": [1, 444629], "MIN:kappa.max": 0.6407139684884139, "ARGMIN:kappa.max": [9, 453692], "MEAN:kappa.max": 0.648829817317016}