{"MIN:log_loss.min": 0.15186999253600594, "MAX:log_loss.min": 0.3973403687528046, "MIN:log_loss.mean": 3.4376004125009882, "MAX:log_loss.mean": 9.890711325463577, "MIN:log_loss.max": 15.240288882273116, "MAX:log_loss.max": 23.025850929940454, "MIN:accuracy.min": 0.17333333333333334, "MAX:accuracy.min": 0.3333333333333333, "MIN:accuracy.mean": 0.5358666666666666, "MAX:accuracy.mean": 0.6232, "MIN:accuracy.max": 0.9266666666666666, "MAX:accuracy.max": 0.9933333333333333, "MIN:kappa.min": -0.2400000000000002, "MAX:kappa.min": -2.220446049250313e-16, "MIN:kappa.mean": 0.3038, "MAX:kappa.mean": 0.4348, "MIN:kappa.max": 0.89, "MAX:kappa.max": 0.99}