{"MIN:log_loss.min": 0.42979035100029533, "MAX:log_loss.min": 0.67166110745182, "MIN:log_loss.mean": 0.7747199866075634, "MAX:log_loss.mean": 0.9886204697626781, "MIN:log_loss.max": 2.2364626211994847, "MAX:log_loss.max": 7.165662414866332, "MIN:accuracy.min": 0.32666666666666666, "MAX:accuracy.min": 0.49333333333333335, "MIN:accuracy.mean": 0.6891333333333334, "MAX:accuracy.mean": 0.7522000000000001, "MIN:accuracy.max": 0.9133333333333333, "MAX:accuracy.max": 0.9666666666666667, "MIN:kappa.min": -0.010000000000000009, "MAX:kappa.min": 0.24, "MIN:kappa.mean": 0.5337000000000001, "MAX:kappa.mean": 0.6283, "MIN:kappa.max": 0.87, "MAX:kappa.max": 0.95}