{"MIN:log_loss.min": 0.40130630461279915, "MAX:log_loss.min": 0.5667063652318256, "MIN:log_loss.mean": 0.7616401070731458, "MAX:log_loss.mean": 1.2229856018113023, "MIN:log_loss.max": 1.2168468927474154, "MAX:log_loss.max": 2.681751848873915, "MIN:accuracy.min": 0.3333333333333333, "MAX:accuracy.min": 0.56, "MIN:accuracy.mean": 0.6100666666666665, "MAX:accuracy.mean": 0.6769333333333334, "MIN:accuracy.max": 0.8533333333333334, "MAX:accuracy.max": 0.96, "MIN:kappa.min": 0.0, "MAX:kappa.min": 0.33999999999999997, "MIN:kappa.mean": 0.41509999999999997, "MAX:kappa.mean": 0.5154000000000001, "MIN:kappa.max": 0.78, "MAX:kappa.max": 0.9400000000000001}