{"MIN:log_loss.min": 0.4669252392386457, "MAX:log_loss.min": 0.9070009493295286, "MIN:log_loss.mean": 0.9701671452390183, "MAX:log_loss.mean": 3.9894214833517907, "MIN:log_loss.max": 1.1865219937096276, "MAX:log_loss.max": 11.88321506496815, "MIN:accuracy.min": 0.3333333333333333, "MAX:accuracy.min": 0.56, "MIN:accuracy.mean": 0.5360666666666666, "MAX:accuracy.mean": 0.6871333333333334, "MIN:accuracy.max": 0.6666666666666666, "MAX:accuracy.max": 0.96, "MIN:kappa.min": 0.0, "MAX:kappa.min": 0.33999999999999997, "MIN:kappa.mean": 0.3041, "MAX:kappa.mean": 0.5307, "MIN:kappa.max": 0.5, "MAX:kappa.max": 0.9400000000000001}