{"MIN:log_loss.min": 0.2927669478499069, "MAX:log_loss.min": 0.4014216643712557, "MIN:log_loss.mean": 0.6299695477762344, "MAX:log_loss.mean": 0.7173691705501417, "MIN:log_loss.max": 1.0985423235555463, "MAX:log_loss.max": 1.0985699142885494, "MIN:accuracy.min": 0.5666666666666667, "MAX:accuracy.min": 0.6666666666666666, "MIN:accuracy.mean": 0.7723333333333335, "MAX:accuracy.mean": 0.7753333333333333, "MIN:accuracy.max": 0.9466666666666667, "MAX:accuracy.max": 0.96, "MIN:kappa.min": 0.35, "MAX:kappa.min": 0.5, "MIN:kappa.mean": 0.6585000000000001, "MAX:kappa.mean": 0.6629999999999999, "MIN:kappa.max": 0.92, "MAX:kappa.max": 0.9400000000000001}