{"MIN:log_loss.min": 0.21928936186746278, "MAX:log_loss.min": 0.31084943114969643, "MIN:log_loss.mean": 0.6849323744698844, "MAX:log_loss.mean": 0.8666429790530512, "MIN:log_loss.max": 1.2026235998504102, "MAX:log_loss.max": 3.451923161294003, "MIN:accuracy.min": 0.2733333333333333, "MAX:accuracy.min": 0.3333333333333333, "MIN:accuracy.mean": 0.6083999999999999, "MAX:accuracy.mean": 0.6669333333333332, "MIN:accuracy.max": 0.9266666666666666, "MAX:accuracy.max": 0.96, "MIN:kappa.min": -0.09000000000000008, "MAX:kappa.min": -2.220446049250313e-16, "MIN:kappa.mean": 0.41259999999999997, "MAX:kappa.mean": 0.5004, "MIN:kappa.max": 0.89, "MAX:kappa.max": 0.94}