{"mean accuracy": 0.8499333333333337, "max accuracy": 0.96, "mean kappa": 0.7749000000000001, "max kappa": 0.94}