{"MIN:log_loss.min": 0.7695483702979322, "MAX:log_loss.min": 1.0356636277490936, "MIN:log_loss.mean": 1.0920510412453013, "MAX:log_loss.mean": 1.350256711965989, "MIN:log_loss.max": 1.1742406795108549, "MAX:log_loss.max": 2.7307001825011463, "MIN:accuracy.min": 0.0, "MAX:accuracy.min": 0.3333333333333333, "MIN:accuracy.mean": 0.5333333333333332, "MAX:accuracy.mean": 0.6002666666666666, "MIN:accuracy.max": 0.6666666666666666, "MAX:accuracy.max": 0.94, "MIN:kappa.min": -0.4999999999999998, "MAX:kappa.min": 0.0, "MIN:kappa.mean": 0.3, "MAX:kappa.mean": 0.4003999999999999, "MIN:kappa.max": 0.5, "MAX:kappa.max": 0.91}