{"MIN:log_loss.min": 0.6613304116380302, "MAX:log_loss.min": 0.7113552090808559, "MIN:log_loss.mean": 0.8461330489769572, "MAX:log_loss.mean": 0.98698577855508, "MIN:log_loss.max": 1.1883743929734842, "MAX:log_loss.max": 1.351147495661817, "MIN:accuracy.min": 0.3333333333333333, "MAX:accuracy.min": 0.36666666666666664, "MIN:accuracy.mean": 0.6171333333333333, "MAX:accuracy.mean": 0.6302, "MIN:accuracy.max": 0.8933333333333333, "MAX:accuracy.max": 0.94, "MIN:kappa.min": 0.0, "MAX:kappa.min": 0.050000000000000044, "MIN:kappa.mean": 0.4257, "MAX:kappa.mean": 0.44530000000000003, "MIN:kappa.max": 0.84, "MAX:kappa.max": 0.91}