{"MIN:log_loss.min": 0.19768334364174134, "MAX:log_loss.min": 0.4167151070151868, "MIN:log_loss.mean": 0.5843160093958448, "MAX:log_loss.mean": 1.1094037695384265, "MIN:log_loss.max": 2.707138152953655, "MAX:log_loss.max": 20.7866489590719, "MIN:accuracy.min": 0.3333333333333333, "MAX:accuracy.min": 0.4266666666666667, "MIN:accuracy.mean": 0.7901333333333334, "MAX:accuracy.mean": 0.8119999999999998, "MIN:accuracy.max": 0.9, "MAX:accuracy.max": 0.9466666666666667, "MIN:kappa.min": -2.220446049250313e-16, "MAX:kappa.min": 0.14, "MIN:kappa.mean": 0.6851999999999999, "MAX:kappa.mean": 0.7179999999999999, "MIN:kappa.max": 0.85, "MAX:kappa.max": 0.92}