{"MIN:log_loss.min": 0.23836130533607247, "MAX:log_loss.min": 0.4861901176766105, "MIN:log_loss.mean": 0.6064161337102046, "MAX:log_loss.mean": 1.2757757157775524, "MIN:log_loss.max": 1.3486877356733002, "MAX:log_loss.max": 16.20335681233971, "MIN:accuracy.min": 0.32666666666666666, "MAX:accuracy.min": 0.5266666666666666, "MIN:accuracy.mean": 0.732, "MAX:accuracy.mean": 0.7872000000000001, "MIN:accuracy.max": 0.94, "MAX:accuracy.max": 0.96, "MIN:kappa.min": -0.010000000000000009, "MAX:kappa.min": 0.29000000000000004, "MIN:kappa.mean": 0.5980000000000001, "MAX:kappa.mean": 0.6808000000000001, "MIN:kappa.max": 0.91, "MAX:kappa.max": 0.9400000000000001}