{"MIN:log_loss.min": 0.13302365222269377, "MAX:log_loss.min": 0.28689593906644756, "MIN:log_loss.mean": 0.4115469303625996, "MAX:log_loss.mean": 0.5038210981174134, "MIN:log_loss.max": 0.8871965312596941, "MAX:log_loss.max": 2.8190073690158535, "MIN:accuracy.min": 0.37333333333333335, "MAX:accuracy.min": 0.6333333333333333, "MIN:accuracy.mean": 0.8479333333333333, "MAX:accuracy.mean": 0.9023333333333333, "MIN:accuracy.max": 0.9466666666666667, "MAX:accuracy.max": 0.96, "MIN:kappa.min": 0.06000000000000005, "MAX:kappa.min": 0.44999999999999996, "MIN:kappa.mean": 0.7718999999999998, "MAX:kappa.mean": 0.8535, "MIN:kappa.max": 0.92, "MAX:kappa.max": 0.9400000000000001}