{"MIN:log_loss.min": 0.47982020454777585, "MAX:log_loss.min": 0.5234962154615456, "MIN:log_loss.mean": 0.6981294119651931, "MAX:log_loss.mean": 0.740029718149368, "MIN:log_loss.max": 1.216533877519223, "MAX:log_loss.max": 1.216613699532296, "MIN:accuracy.min": 0.3333333333333333, "MAX:accuracy.min": 0.3333333333333333, "MIN:accuracy.mean": 0.6746666666666666, "MAX:accuracy.mean": 0.7383333333333333, "MIN:accuracy.max": 0.8933333333333333, "MAX:accuracy.max": 0.9533333333333334, "MIN:kappa.min": 0.0, "MAX:kappa.min": 0.0, "MIN:kappa.mean": 0.512, "MAX:kappa.mean": 0.6074999999999999, "MIN:kappa.max": 0.84, "MAX:kappa.max": 0.9299999999999999}