{"MIN:log_loss.min": 0.2954057517451232, "MAX:log_loss.min": 0.3508729643565634, "MIN:log_loss.mean": 0.5910108057931641, "MAX:log_loss.mean": 0.6218959209239217, "MIN:log_loss.max": 1.0654562323828756, "MAX:log_loss.max": 1.8121233968887434, "MIN:accuracy.min": 0.3333333333333333, "MAX:accuracy.min": 0.3333333333333333, "MIN:accuracy.mean": 0.8345999999999999, "MAX:accuracy.mean": 0.8590666666666664, "MIN:accuracy.max": 0.96, "MAX:accuracy.max": 0.96, "MIN:kappa.min": 0.0, "MAX:kappa.min": 0.0, "MIN:kappa.mean": 0.7519, "MAX:kappa.mean": 0.7886, "MIN:kappa.max": 0.9400000000000001, "MAX:kappa.max": 0.9400000000000001}