{"MIN:log_loss.min": 0.22195292160532062, "MAX:log_loss.min": 0.2747415696770584, "MIN:log_loss.mean": 0.8507964845988235, "MAX:log_loss.mean": 1.2533004927890448, "MIN:log_loss.max": 3.756237836109417, "MAX:log_loss.max": 11.120465505535913, "MIN:accuracy.min": 0.3333333333333333, "MAX:accuracy.min": 0.3333333333333333, "MIN:accuracy.mean": 0.748, "MAX:accuracy.mean": 0.7818000000000002, "MIN:accuracy.max": 0.96, "MAX:accuracy.max": 0.96, "MIN:kappa.min": 0.0, "MAX:kappa.min": 0.0, "MIN:kappa.mean": 0.6220000000000001, "MAX:kappa.mean": 0.6727, "MIN:kappa.max": 0.9400000000000001, "MAX:kappa.max": 0.9400000000000001}