{"MIN:log_loss.min": 0.11085329376989653, "MAX:log_loss.min": 0.11635408117372706, "MIN:log_loss.mean": 0.4578870146477933, "MAX:log_loss.mean": 0.5052105293376056, "MIN:log_loss.max": 1.0983559956735738, "MAX:log_loss.max": 1.0983574144892252, "MIN:accuracy.min": 0.3333333333333333, "MAX:accuracy.min": 0.5266666666666666, "MIN:accuracy.mean": 0.7953333333333332, "MAX:accuracy.mean": 0.8506666666666665, "MIN:accuracy.max": 0.96, "MAX:accuracy.max": 0.96, "MIN:kappa.min": 0.0, "MAX:kappa.min": 0.29000000000000004, "MIN:kappa.mean": 0.6930000000000001, "MAX:kappa.mean": 0.7760000000000001, "MIN:kappa.max": 0.9400000000000001, "MAX:kappa.max": 0.9400000000000001}