{"MIN:log_loss.min": 0.5386705932414445, "MAX:log_loss.min": 0.9177906300022681, "MIN:log_loss.mean": 0.8959178748837968, "MAX:log_loss.mean": 7.2566324579609525, "MIN:log_loss.max": 1.1829991415698784, "MAX:log_loss.max": 13.983154903056878, "MIN:accuracy.min": 0.12666666666666668, "MAX:accuracy.min": 0.42, "MIN:accuracy.mean": 0.5647333333333332, "MAX:accuracy.mean": 0.6010666666666666, "MIN:accuracy.max": 0.6666666666666666, "MAX:accuracy.max": 0.96, "MIN:kappa.min": -0.31000000000000005, "MAX:kappa.min": 0.13, "MIN:kappa.mean": 0.3471, "MAX:kappa.mean": 0.4016, "MIN:kappa.max": 0.5, "MAX:kappa.max": 0.9400000000000001}