{"MIN:log_loss.min": 0.9372609250169827, "MAX:log_loss.min": 0.9991307941759289, "MIN:log_loss.mean": 1.052659857824464, "MAX:log_loss.mean": 1.065224218978508, "MIN:log_loss.max": 1.1873457543218011, "MAX:log_loss.max": 1.1921671035528274, "MIN:accuracy.min": 0.3333333333333333, "MAX:accuracy.min": 0.6466666666666666, "MIN:accuracy.mean": 0.5897333333333332, "MAX:accuracy.mean": 0.6622000000000001, "MIN:accuracy.max": 0.62, "MAX:accuracy.max": 0.6666666666666666, "MIN:kappa.min": 0.0, "MAX:kappa.min": 0.47, "MIN:kappa.mean": 0.38460000000000005, "MAX:kappa.mean": 0.49330000000000007, "MIN:kappa.max": 0.43000000000000005, "MAX:kappa.max": 0.5}