{"MIN:log_loss.min": 0.07450216376132404, "MAX:log_loss.min": 0.10443589897676807, "MIN:log_loss.mean": 0.3486847791928577, "MAX:log_loss.mean": 0.38738414786023695, "MIN:log_loss.max": 1.1356167868720335, "MAX:log_loss.max": 1.4890231181166538, "MIN:accuracy.min": 0.38, "MAX:accuracy.min": 0.5933333333333334, "MIN:accuracy.mean": 0.9091333333333332, "MAX:accuracy.mean": 0.9365333333333332, "MIN:accuracy.max": 0.98, "MAX:accuracy.max": 0.9933333333333333, "MIN:kappa.min": 0.06999999999999995, "MAX:kappa.min": 0.39, "MIN:kappa.mean": 0.8637, "MAX:kappa.mean": 0.9048, "MIN:kappa.max": 0.97, "MAX:kappa.max": 0.99}