{"MIN:log_loss.min": 0.778143089557993, "MAX:log_loss.min": 1.0106773432089953, "MIN:log_loss.mean": 0.980462705212676, "MAX:log_loss.mean": 1.3447706689860581, "MIN:log_loss.max": 1.628290061838822, "MAX:log_loss.max": 7.142176528252016, "MIN:accuracy.min": 0.3333333333333333, "MAX:accuracy.min": 0.3333333333333333, "MIN:accuracy.mean": 0.5987333333333333, "MAX:accuracy.mean": 0.6315333333333333, "MIN:accuracy.max": 0.6666666666666666, "MAX:accuracy.max": 0.6666666666666666, "MIN:kappa.min": 0.0, "MAX:kappa.min": 0.0, "MIN:kappa.mean": 0.39809999999999995, "MAX:kappa.mean": 0.4473000000000001, "MIN:kappa.max": 0.5, "MAX:kappa.max": 0.5}