{"MIN:log_loss.min": 0.33888437217751294, "MAX:log_loss.min": 0.3734267807508361, "MIN:log_loss.mean": 0.96775611600251, "MAX:log_loss.mean": 1.1646038818256288, "MIN:log_loss.max": 3.7933169124381516, "MAX:log_loss.max": 4.306699606877167, "MIN:accuracy.min": 0.3333333333333333, "MAX:accuracy.min": 0.3333333333333333, "MIN:accuracy.mean": 0.63, "MAX:accuracy.mean": 0.6891333333333334, "MIN:accuracy.max": 0.9466666666666667, "MAX:accuracy.max": 0.96, "MIN:kappa.min": 0.0, "MAX:kappa.min": 0.0, "MIN:kappa.mean": 0.44499999999999995, "MAX:kappa.mean": 0.5337, "MIN:kappa.max": 0.92, "MAX:kappa.max": 0.9400000000000001}