{"MIN:log_loss.min": 0.4754216488527151, "MAX:log_loss.min": 0.5983439109069902, "MIN:log_loss.mean": 0.7301988659779051, "MAX:log_loss.mean": 0.7853690646634337, "MIN:log_loss.max": 1.1925496732396803, "MAX:log_loss.max": 1.192778794754919, "MIN:accuracy.min": 0.41333333333333333, "MAX:accuracy.min": 0.66, "MIN:accuracy.mean": 0.7536666666666666, "MAX:accuracy.mean": 0.7580666666666667, "MIN:accuracy.max": 0.9533333333333334, "MAX:accuracy.max": 0.96, "MIN:kappa.min": 0.12, "MAX:kappa.min": 0.49, "MIN:kappa.mean": 0.6305000000000001, "MAX:kappa.mean": 0.6371, "MIN:kappa.max": 0.9299999999999999, "MAX:kappa.max": 0.9400000000000001}