{"MIN:log_loss.min": 0.2640979266073911, "MAX:log_loss.min": 0.3271874572675304, "MIN:log_loss.mean": 0.54992006808019, "MAX:log_loss.mean": 0.6031689359627891, "MIN:log_loss.max": 1.0911211720107503, "MAX:log_loss.max": 2.0051091058197574, "MIN:accuracy.min": 0.3333333333333333, "MAX:accuracy.min": 0.62, "MIN:accuracy.mean": 0.8732666666666665, "MAX:accuracy.mean": 0.8813333333333331, "MIN:accuracy.max": 0.96, "MAX:accuracy.max": 0.9666666666666667, "MIN:kappa.min": 0.0, "MAX:kappa.min": 0.43000000000000005, "MIN:kappa.mean": 0.8098999999999998, "MAX:kappa.mean": 0.8219999999999997, "MIN:kappa.max": 0.94, "MAX:kappa.max": 0.95}