{"mean accuracy": 0.779, "max accuracy": 0.9666666666666668, "mean kappa": 0.6684999999999997, "max kappa": 0.9500000000000002}