{"MIN:log_loss.min": 0.11567315077418923, "MAX:log_loss.min": 0.12126065963419858, "MIN:log_loss.mean": 0.4236325313656933, "MAX:log_loss.mean": 0.44339266602167965, "MIN:log_loss.max": 0.9767549651642522, "MAX:log_loss.max": 1.058774973251181, "MIN:accuracy.min": 0.42, "MAX:accuracy.min": 0.6866666666666666, "MIN:accuracy.mean": 0.8562666666666666, "MAX:accuracy.mean": 0.8778, "MIN:accuracy.max": 0.96, "MAX:accuracy.max": 0.96, "MIN:kappa.min": 0.13, "MAX:kappa.min": 0.53, "MIN:kappa.mean": 0.7844000000000001, "MAX:kappa.mean": 0.8167000000000002, "MIN:kappa.max": 0.9400000000000001, "MAX:kappa.max": 0.9400000000000001}