{"MIN:log_loss.min": 0.1974128174926215, "MAX:log_loss.min": 0.3438515824695074, "MIN:log_loss.mean": 0.7207023687828388, "MAX:log_loss.mean": 0.8054930130443972, "MIN:log_loss.max": 1.2161467181753827, "MAX:log_loss.max": 1.6233600617568593, "MIN:accuracy.min": 0.3333333333333333, "MAX:accuracy.min": 0.3333333333333333, "MIN:accuracy.mean": 0.6255333333333334, "MAX:accuracy.mean": 0.6558666666666667, "MIN:accuracy.max": 0.96, "MAX:accuracy.max": 0.98, "MIN:kappa.min": 0.0, "MAX:kappa.min": 0.0, "MIN:kappa.mean": 0.43829999999999997, "MAX:kappa.mean": 0.4838, "MIN:kappa.max": 0.94, "MAX:kappa.max": 0.97}