{"MIN:log_loss.min": 0.47180974198443654, "MAX:log_loss.min": 0.6552416781511944, "MIN:log_loss.mean": 0.6664426820720845, "MAX:log_loss.mean": 4.359055475592768, "MIN:log_loss.max": 0.8933738131645653, "MAX:log_loss.max": 15.940652452235318, "MIN:accuracy.min": 0.3333333333333333, "MAX:accuracy.min": 0.56, "MIN:accuracy.mean": 0.6338666666666666, "MAX:accuracy.mean": 0.7838, "MIN:accuracy.max": 0.9333333333333333, "MAX:accuracy.max": 0.9666666666666667, "MIN:kappa.min": -2.220446049250313e-16, "MAX:kappa.min": 0.33999999999999997, "MIN:kappa.mean": 0.4508, "MAX:kappa.mean": 0.6757000000000002, "MIN:kappa.max": 0.9, "MAX:kappa.max": 0.95}