{"MIN:log_loss.min": 0.283180055254376, "MAX:log_loss.min": 0.8867344234784472, "MIN:log_loss.mean": 0.9459533488641526, "MAX:log_loss.mean": 5.629821281901559, "MIN:log_loss.max": 1.3902614152142325, "MAX:log_loss.max": 22.057269028148628, "MIN:accuracy.min": 0.3333333333333333, "MAX:accuracy.min": 0.6066666666666667, "MIN:accuracy.mean": 0.6781333333333334, "MAX:accuracy.mean": 0.7298666666666668, "MIN:accuracy.max": 0.9466666666666667, "MAX:accuracy.max": 0.96, "MIN:kappa.min": 0.0, "MAX:kappa.min": 0.41000000000000003, "MIN:kappa.mean": 0.5172, "MAX:kappa.mean": 0.5948, "MIN:kappa.max": 0.92, "MAX:kappa.max": 0.9400000000000001}