{"MIN:log_loss.min": 0.13556158148857397, "MAX:log_loss.min": 0.28955102868475163, "MIN:log_loss.mean": 0.3317372821133819, "MAX:log_loss.mean": 0.4137080291511761, "MIN:log_loss.max": 0.8099671200522933, "MAX:log_loss.max": 0.9358844179662746, "MIN:accuracy.min": 0.64, "MAX:accuracy.min": 0.7866666666666666, "MIN:accuracy.mean": 0.9069333333333333, "MAX:accuracy.mean": 0.9260666666666666, "MIN:accuracy.max": 0.9533333333333334, "MAX:accuracy.max": 0.96, "MIN:kappa.min": 0.45999999999999996, "MAX:kappa.min": 0.6799999999999999, "MIN:kappa.mean": 0.8604000000000002, "MAX:kappa.mean": 0.8890999999999998, "MIN:kappa.max": 0.9299999999999999, "MAX:kappa.max": 0.9400000000000001}