{"MIN:log_loss.min": 0.42336298342844275, "MAX:log_loss.min": 0.7033642122405986, "MIN:log_loss.mean": 0.5924711741683419, "MAX:log_loss.mean": 0.8053683507450994, "MIN:log_loss.max": 0.9157665820136552, "MAX:log_loss.max": 1.0814279594614151, "MIN:accuracy.min": 0.3466666666666667, "MAX:accuracy.min": 0.4666666666666667, "MIN:accuracy.mean": 0.8063333333333333, "MAX:accuracy.mean": 0.8553999999999999, "MIN:accuracy.max": 0.9466666666666667, "MAX:accuracy.max": 0.9666666666666667, "MIN:kappa.min": 0.020000000000000018, "MAX:kappa.min": 0.19999999999999996, "MIN:kappa.mean": 0.7095000000000004, "MAX:kappa.mean": 0.7830999999999999, "MIN:kappa.max": 0.92, "MAX:kappa.max": 0.95}