{"MIN:log_loss.min": 0.13221860463448554, "MAX:log_loss.min": 0.8935970798515885, "MIN:log_loss.mean": 0.9510900126562842, "MAX:log_loss.mean": 5.613511664764836, "MIN:log_loss.max": 1.1108853689202094, "MAX:log_loss.max": 23.09076433743763, "MIN:accuracy.min": 0.0, "MAX:accuracy.min": 0.3333333333333333, "MIN:accuracy.mean": 0.49, "MAX:accuracy.mean": 0.5494666666666668, "MIN:accuracy.max": 0.6666666666666666, "MAX:accuracy.max": 0.98, "MIN:kappa.min": -0.4999999999999998, "MAX:kappa.min": 0.0, "MIN:kappa.mean": 0.23500000000000004, "MAX:kappa.mean": 0.32420000000000004, "MIN:kappa.max": 0.5, "MAX:kappa.max": 0.97}