{"MIN:log_loss.min": 0.46170017013093134, "MAX:log_loss.min": 0.7195620120516313, "MIN:log_loss.mean": 0.8044201605416726, "MAX:log_loss.mean": 1.0385079990520412, "MIN:log_loss.max": 1.192130197930887, "MAX:log_loss.max": 2.058741302359746, "MIN:accuracy.min": 0.3333333333333333, "MAX:accuracy.min": 0.36666666666666664, "MIN:accuracy.mean": 0.6355333333333332, "MAX:accuracy.mean": 0.6979333333333334, "MIN:accuracy.max": 0.88, "MAX:accuracy.max": 0.96, "MIN:kappa.min": -2.220446049250313e-16, "MAX:kappa.min": 0.050000000000000044, "MIN:kappa.mean": 0.45330000000000004, "MAX:kappa.mean": 0.5468999999999999, "MIN:kappa.max": 0.8200000000000001, "MAX:kappa.max": 0.9400000000000001}