{"MIN:log_loss.min": 0.44726945986285577, "MAX:log_loss.min": 0.5247442596066095, "MIN:log_loss.mean": 0.8023030408484524, "MAX:log_loss.mean": 0.9292061939871623, "MIN:log_loss.max": 2.077255351237656, "MAX:log_loss.max": 4.032326410976801, "MIN:accuracy.min": 0.19333333333333333, "MAX:accuracy.min": 0.3333333333333333, "MIN:accuracy.mean": 0.6814666666666667, "MAX:accuracy.mean": 0.7395999999999999, "MIN:accuracy.max": 0.9466666666666667, "MAX:accuracy.max": 0.96, "MIN:kappa.min": -0.20999999999999996, "MAX:kappa.min": 0.0, "MIN:kappa.mean": 0.5222, "MAX:kappa.mean": 0.6093999999999999, "MIN:kappa.max": 0.92, "MAX:kappa.max": 0.9400000000000001}