{"MIN:log_loss.min": 0.2013588690334886, "MAX:log_loss.min": 0.2104004528507923, "MIN:log_loss.mean": 0.526931839314502, "MAX:log_loss.mean": 0.545551359147098, "MIN:log_loss.max": 1.0984297609681557, "MAX:log_loss.max": 1.0984308441632857, "MIN:accuracy.min": 0.3333333333333333, "MAX:accuracy.min": 0.3333333333333333, "MIN:accuracy.mean": 0.7672666666666664, "MAX:accuracy.mean": 0.7877333333333333, "MIN:accuracy.max": 0.96, "MAX:accuracy.max": 0.9666666666666667, "MIN:kappa.min": 0.0, "MAX:kappa.min": 0.0, "MIN:kappa.mean": 0.6508999999999999, "MAX:kappa.mean": 0.6816000000000001, "MIN:kappa.max": 0.9400000000000001, "MAX:kappa.max": 0.95}