{"MIN:log_loss.min": 0.4620981203732982, "MAX:log_loss.min": 1.8461709742916648, "MIN:log_loss.mean": 0.545385672817791, "MAX:log_loss.mean": 4.484662092380182, "MIN:log_loss.max": 0.8613610321445762, "MAX:log_loss.max": 15.59168552070164, "MIN:accuracy.min": 0.35333333333333333, "MAX:accuracy.min": 0.6333333333333333, "MIN:accuracy.mean": 0.6588, "MAX:accuracy.mean": 0.6662000000000002, "MIN:accuracy.max": 0.6666666666666666, "MAX:accuracy.max": 0.8066666666666666, "MIN:kappa.min": 0.030000000000000027, "MAX:kappa.min": 0.44999999999999996, "MIN:kappa.mean": 0.4882, "MAX:kappa.mean": 0.4993, "MIN:kappa.max": 0.5, "MAX:kappa.max": 0.71}