{"MIN:log_loss.min": 0.11499442376721118, "MAX:log_loss.min": 0.2040706494676454, "MIN:log_loss.mean": 0.4650611194049316, "MAX:log_loss.mean": 0.5607230719219888, "MIN:log_loss.max": 1.0573545079877888, "MAX:log_loss.max": 1.0963547039925192, "MIN:accuracy.min": 0.4266666666666667, "MAX:accuracy.min": 0.6533333333333333, "MIN:accuracy.mean": 0.8841333333333334, "MAX:accuracy.mean": 0.9242666666666666, "MIN:accuracy.max": 0.96, "MAX:accuracy.max": 0.96, "MIN:kappa.min": 0.14, "MAX:kappa.min": 0.48, "MIN:kappa.mean": 0.8261999999999999, "MAX:kappa.mean": 0.8864, "MIN:kappa.max": 0.94, "MAX:kappa.max": 0.94}