{"MIN:log_loss.min": 0.1379259946021798, "MAX:log_loss.min": 0.1585841599301311, "MIN:log_loss.mean": 0.40605665228021853, "MAX:log_loss.mean": 0.45902074130240406, "MIN:log_loss.max": 1.036315887701374, "MAX:log_loss.max": 1.0398026938707388, "MIN:accuracy.min": 0.6066666666666667, "MAX:accuracy.min": 0.64, "MIN:accuracy.mean": 0.9282666666666668, "MAX:accuracy.mean": 0.9505333333333335, "MIN:accuracy.max": 0.96, "MAX:accuracy.max": 0.9666666666666667, "MIN:kappa.min": 0.41000000000000003, "MAX:kappa.min": 0.45999999999999996, "MIN:kappa.mean": 0.8924, "MAX:kappa.mean": 0.9257999999999998, "MIN:kappa.max": 0.94, "MAX:kappa.max": 0.95}