{"MIN:log_loss.min": 0.12723135727601645, "MAX:log_loss.min": 0.1948108095262073, "MIN:log_loss.mean": 0.4590650425307309, "MAX:log_loss.mean": 0.4982070793550497, "MIN:log_loss.max": 1.098531909382724, "MAX:log_loss.max": 1.098825468646166, "MIN:accuracy.min": 0.14, "MAX:accuracy.min": 0.6666666666666666, "MIN:accuracy.mean": 0.7663333333333333, "MAX:accuracy.mean": 0.8063999999999997, "MIN:accuracy.max": 0.96, "MAX:accuracy.max": 0.9666666666666667, "MIN:kappa.min": -0.29000000000000004, "MAX:kappa.min": 0.5, "MIN:kappa.mean": 0.6495000000000002, "MAX:kappa.mean": 0.7095999999999998, "MIN:kappa.max": 0.9400000000000001, "MAX:kappa.max": 0.95}