{"MIN:log_loss.min": 0.5965903893573163, "MAX:log_loss.min": 0.639522402913711, "MIN:log_loss.mean": 0.7970107227737379, "MAX:log_loss.mean": 0.843613332100274, "MIN:log_loss.max": 1.0985148797473123, "MAX:log_loss.max": 1.0985256710119695, "MIN:accuracy.min": 0.32, "MAX:accuracy.min": 0.6466666666666666, "MIN:accuracy.mean": 0.7739333333333334, "MAX:accuracy.mean": 0.8042666666666668, "MIN:accuracy.max": 0.9266666666666666, "MAX:accuracy.max": 0.9733333333333334, "MIN:kappa.min": -0.020000000000000018, "MAX:kappa.min": 0.47, "MIN:kappa.mean": 0.6609000000000002, "MAX:kappa.mean": 0.7064, "MIN:kappa.max": 0.89, "MAX:kappa.max": 0.96}