{"MIN:log_loss.min": 0.4421353861946096, "MAX:log_loss.min": 0.7004466905514521, "MIN:log_loss.mean": 0.851797146308171, "MAX:log_loss.mean": 1.3531216268518527, "MIN:log_loss.max": 1.1934028901879008, "MAX:log_loss.max": 2.7921314144647718, "MIN:accuracy.min": 0.3333333333333333, "MAX:accuracy.min": 0.56, "MIN:accuracy.mean": 0.6026666666666667, "MAX:accuracy.mean": 0.6625333333333333, "MIN:accuracy.max": 0.9266666666666666, "MAX:accuracy.max": 0.9666666666666667, "MIN:kappa.min": -2.220446049250313e-16, "MAX:kappa.min": 0.33999999999999997, "MIN:kappa.mean": 0.40399999999999997, "MAX:kappa.mean": 0.49380000000000007, "MIN:kappa.max": 0.89, "MAX:kappa.max": 0.95}