{"MIN:log_loss.min": 0.23962811257702205, "MAX:log_loss.min": 0.2623269915217608, "MIN:log_loss.mean": 0.6912837981399026, "MAX:log_loss.mean": 0.6938995102469531, "MIN:log_loss.max": 1.094280537334757, "MAX:log_loss.max": 1.094331347053889, "MIN:accuracy.min": 0.3333333333333333, "MAX:accuracy.min": 0.56, "MIN:accuracy.mean": 0.7112666666666664, "MAX:accuracy.mean": 0.7809333333333334, "MIN:accuracy.max": 0.9133333333333333, "MAX:accuracy.max": 0.96, "MIN:kappa.min": -2.220446049250313e-16, "MAX:kappa.min": 0.33999999999999997, "MIN:kappa.mean": 0.5668999999999998, "MAX:kappa.mean": 0.6714000000000001, "MIN:kappa.max": 0.87, "MAX:kappa.max": 0.9400000000000001}