{"mean accuracy": 0.6224000000000001, "max accuracy": 0.84, "mean kappa": 0.43359999999999993, "max kappa": 0.7599999999999999}