{"mean accuracy": 0.39593333333333336, "max accuracy": 0.6533333333333333, "mean kappa": 0.09389999999999997, "max kappa": 0.48000000000000004}