{"MIN:log_loss.min": 0.24818429833379058, "MAX:log_loss.min": 0.5587726802623821, "MIN:log_loss.mean": 0.7216285141231354, "MAX:log_loss.mean": 0.8160599716214556, "MIN:log_loss.max": 1.2180221453816993, "MAX:log_loss.max": 1.5820484744354513, "MIN:accuracy.min": 0.3333333333333333, "MAX:accuracy.min": 0.3333333333333333, "MIN:accuracy.mean": 0.6365999999999999, "MAX:accuracy.mean": 0.6869999999999998, "MIN:accuracy.max": 0.96, "MAX:accuracy.max": 0.96, "MIN:kappa.min": 0.0, "MAX:kappa.min": 0.0, "MIN:kappa.mean": 0.45489999999999997, "MAX:kappa.mean": 0.5305000000000001, "MIN:kappa.max": 0.94, "MAX:kappa.max": 0.9400000000000001}