{"MIN:log_loss.min": 0.6111352890683713, "MAX:log_loss.min": 0.6747795935493076, "MIN:log_loss.mean": 0.7446225999120024, "MAX:log_loss.mean": 0.7718025942385487, "MIN:log_loss.max": 2.2815099368921263, "MAX:log_loss.max": 2.311815527459646, "MIN:accuracy.min": 0.0, "MAX:accuracy.min": 0.3333333333333333, "MIN:accuracy.mean": 0.7046666666666667, "MAX:accuracy.mean": 0.8373333333333332, "MIN:accuracy.max": 0.96, "MAX:accuracy.max": 0.96, "MIN:kappa.min": -0.5, "MAX:kappa.min": 0.0, "MIN:kappa.mean": 0.557, "MAX:kappa.mean": 0.7559999999999999, "MIN:kappa.max": 0.94, "MAX:kappa.max": 0.9400000000000001}