{"MIN:log_loss.min": 0.28701979115053655, "MAX:log_loss.min": 0.2877606064878114, "MIN:log_loss.mean": 0.4558269729411203, "MAX:log_loss.mean": 0.4808401293351218, "MIN:log_loss.max": 0.867674459847553, "MAX:log_loss.max": 0.8771366864217496, "MIN:accuracy.min": 0.6666666666666666, "MAX:accuracy.min": 0.6666666666666666, "MIN:accuracy.mean": 0.8643333333333335, "MAX:accuracy.mean": 0.8856, "MIN:accuracy.max": 0.96, "MAX:accuracy.max": 0.96, "MIN:kappa.min": 0.5, "MAX:kappa.min": 0.5, "MIN:kappa.mean": 0.7965000000000001, "MAX:kappa.mean": 0.8284000000000001, "MIN:kappa.max": 0.9400000000000001, "MAX:kappa.max": 0.9400000000000001}