{"MIN:log_loss.min": 0.13023193343194464, "MAX:log_loss.min": 0.17213769879732518, "MIN:log_loss.mean": 0.5532088042479286, "MAX:log_loss.mean": 0.6354984480370259, "MIN:log_loss.max": 1.0985091471411597, "MAX:log_loss.max": 1.0985249894438136, "MIN:accuracy.min": 0.3333333333333333, "MAX:accuracy.min": 0.43333333333333335, "MIN:accuracy.mean": 0.7237333333333332, "MAX:accuracy.mean": 0.7705333333333334, "MIN:accuracy.max": 0.96, "MAX:accuracy.max": 0.96, "MIN:kappa.min": 0.0, "MAX:kappa.min": 0.15000000000000002, "MIN:kappa.mean": 0.5856, "MAX:kappa.mean": 0.6558000000000002, "MIN:kappa.max": 0.9400000000000001, "MAX:kappa.max": 0.9400000000000001}