{"MIN:log_loss.min": 0.11394583533694046, "MAX:log_loss.min": 0.2869843978516889, "MIN:log_loss.mean": 0.5363541362865623, "MAX:log_loss.mean": 0.5643030073576657, "MIN:log_loss.max": 1.0929557061748154, "MAX:log_loss.max": 1.0957356629397448, "MIN:accuracy.min": 0.4266666666666667, "MAX:accuracy.min": 0.82, "MIN:accuracy.mean": 0.8193999999999998, "MAX:accuracy.mean": 0.8826666666666667, "MIN:accuracy.max": 0.82, "MAX:accuracy.max": 0.96, "MIN:kappa.min": 0.14, "MAX:kappa.min": 0.73, "MIN:kappa.mean": 0.7291000000000003, "MAX:kappa.mean": 0.8240000000000001, "MIN:kappa.max": 0.73, "MAX:kappa.max": 0.9400000000000001}