{"MIN:log_loss.min": 0.11680945806246783, "MAX:log_loss.min": 0.21030011446887178, "MIN:log_loss.mean": 0.3318787813512232, "MAX:log_loss.mean": 0.4053191864067365, "MIN:log_loss.max": 0.9439033625508523, "MAX:log_loss.max": 3.3466773076835383, "MIN:accuracy.min": 0.3333333333333333, "MAX:accuracy.min": 0.6666666666666666, "MIN:accuracy.mean": 0.8874, "MAX:accuracy.mean": 0.9283333333333332, "MIN:accuracy.max": 0.96, "MAX:accuracy.max": 0.96, "MIN:kappa.min": -2.220446049250313e-16, "MAX:kappa.min": 0.5, "MIN:kappa.mean": 0.8311, "MAX:kappa.mean": 0.8925, "MIN:kappa.max": 0.9400000000000001, "MAX:kappa.max": 0.9400000000000001}