{"MIN:log_loss.min": 0.42539642000969, "MAX:log_loss.min": 0.505700306047861, "MIN:log_loss.mean": 0.7569816339689198, "MAX:log_loss.mean": 0.77945564069328, "MIN:log_loss.max": 1.0917127755101854, "MAX:log_loss.max": 1.0945103394532354, "MIN:accuracy.min": 0.6666666666666666, "MAX:accuracy.min": 0.6666666666666666, "MIN:accuracy.mean": 0.7558666666666666, "MAX:accuracy.mean": 0.7902000000000002, "MIN:accuracy.max": 0.96, "MAX:accuracy.max": 0.9666666666666667, "MIN:kappa.min": 0.5, "MAX:kappa.min": 0.5, "MIN:kappa.mean": 0.6338, "MAX:kappa.mean": 0.6853000000000001, "MIN:kappa.max": 0.9400000000000001, "MAX:kappa.max": 0.95}