{"MIN:log_loss.min": 0.5479762332269348, "MAX:log_loss.min": 0.5896600152173389, "MIN:log_loss.mean": 0.8486319079164807, "MAX:log_loss.mean": 0.9549187508002679, "MIN:log_loss.max": 1.3115012907433503, "MAX:log_loss.max": 1.5540530061423894, "MIN:accuracy.min": 0.1, "MAX:accuracy.min": 0.38666666666666666, "MIN:accuracy.mean": 0.6293333333333333, "MAX:accuracy.mean": 0.7025333333333335, "MIN:accuracy.max": 0.96, "MAX:accuracy.max": 0.96, "MIN:kappa.min": -0.3500000000000001, "MAX:kappa.min": 0.07999999999999996, "MIN:kappa.mean": 0.44400000000000006, "MAX:kappa.mean": 0.5538000000000001, "MIN:kappa.max": 0.94, "MAX:kappa.max": 0.9400000000000001}