{"MIN:log_loss.min": 0.39787059463821656, "MAX:log_loss.min": 0.4064306019743299, "MIN:log_loss.mean": 0.6002934396864958, "MAX:log_loss.mean": 0.6279894345487304, "MIN:log_loss.max": 1.1862668621374848, "MAX:log_loss.max": 1.2303853219254843, "MIN:accuracy.min": 0.3333333333333333, "MAX:accuracy.min": 0.37333333333333335, "MIN:accuracy.mean": 0.8110666666666667, "MAX:accuracy.mean": 0.8277999999999999, "MIN:accuracy.max": 0.96, "MAX:accuracy.max": 0.96, "MIN:kappa.min": 0.0, "MAX:kappa.min": 0.06000000000000005, "MIN:kappa.mean": 0.7166000000000001, "MAX:kappa.mean": 0.7417, "MIN:kappa.max": 0.9400000000000001, "MAX:kappa.max": 0.9400000000000001}