{"MIN:log_loss.min": 0.12238348382992624, "MAX:log_loss.min": 0.16047198484710493, "MIN:log_loss.mean": 0.3425601627998218, "MAX:log_loss.mean": 0.3776884951860204, "MIN:log_loss.max": 1.7360873140247823, "MAX:log_loss.max": 2.5775217640596715, "MIN:accuracy.min": 0.66, "MAX:accuracy.min": 0.6666666666666666, "MIN:accuracy.mean": 0.8830666666666667, "MAX:accuracy.mean": 0.8909333333333334, "MIN:accuracy.max": 0.96, "MAX:accuracy.max": 0.96, "MIN:kappa.min": 0.49, "MAX:kappa.min": 0.5, "MIN:kappa.mean": 0.8245999999999999, "MAX:kappa.mean": 0.8364000000000001, "MIN:kappa.max": 0.9400000000000001, "MAX:kappa.max": 0.9400000000000001}