{"MIN:log_loss.min": 0.23861607316803013, "MAX:log_loss.min": 0.255568734003447, "MIN:log_loss.mean": 0.34482109538301847, "MAX:log_loss.mean": 0.3956736744856027, "MIN:log_loss.max": 0.9156193708674023, "MAX:log_loss.max": 4.332258240371574, "MIN:accuracy.min": 0.3333333333333333, "MAX:accuracy.min": 0.3466666666666667, "MIN:accuracy.mean": 0.9019333333333337, "MAX:accuracy.mean": 0.9095333333333331, "MIN:accuracy.max": 0.96, "MAX:accuracy.max": 0.9733333333333334, "MIN:kappa.min": 0.0, "MAX:kappa.min": 0.020000000000000018, "MIN:kappa.mean": 0.8529000000000001, "MAX:kappa.mean": 0.8643, "MIN:kappa.max": 0.9400000000000001, "MAX:kappa.max": 0.96}