{"MIN:log_loss.min": 0.7684488590134118, "MAX:log_loss.min": 0.9993030488849945, "MIN:log_loss.mean": 0.9177302777882566, "MAX:log_loss.mean": 1.0658241129108073, "MIN:log_loss.max": 1.098599647002469, "MAX:log_loss.max": 1.1953018781518192, "MIN:accuracy.min": 0.19333333333333333, "MAX:accuracy.min": 0.62, "MIN:accuracy.mean": 0.6199999999999999, "MAX:accuracy.mean": 0.6766, "MIN:accuracy.max": 0.62, "MAX:accuracy.max": 0.96, "MIN:kappa.min": -0.20999999999999996, "MAX:kappa.min": 0.43000000000000005, "MIN:kappa.mean": 0.43, "MAX:kappa.mean": 0.5149, "MIN:kappa.max": 0.43000000000000005, "MAX:kappa.max": 0.9400000000000001}