{"MIN:log_loss.min": 0.12161895481893079, "MAX:log_loss.min": 0.18831490240005902, "MIN:log_loss.mean": 0.4623499809890888, "MAX:log_loss.mean": 0.5466585346186935, "MIN:log_loss.max": 1.0034874584449633, "MAX:log_loss.max": 2.1237413851896894, "MIN:accuracy.min": 0.4666666666666667, "MAX:accuracy.min": 0.7666666666666667, "MIN:accuracy.mean": 0.9126666666666666, "MAX:accuracy.mean": 0.9331333333333335, "MIN:accuracy.max": 0.96, "MAX:accuracy.max": 0.96, "MIN:kappa.min": 0.19999999999999996, "MAX:kappa.min": 0.65, "MIN:kappa.mean": 0.8690000000000001, "MAX:kappa.mean": 0.8996999999999999, "MIN:kappa.max": 0.94, "MAX:kappa.max": 0.94}