{"MIN:log_loss.min": 0.2352596821814322, "MAX:log_loss.min": 0.3179522112924931, "MIN:log_loss.mean": 0.379539931753752, "MAX:log_loss.mean": 0.5225319953904777, "MIN:log_loss.max": 0.9358846287594292, "MAX:log_loss.max": 1.286470963808342, "MIN:accuracy.min": 0.66, "MAX:accuracy.min": 0.9, "MIN:accuracy.mean": 0.9263999999999999, "MAX:accuracy.mean": 0.9567333333333332, "MIN:accuracy.max": 0.9733333333333334, "MAX:accuracy.max": 0.9733333333333334, "MIN:kappa.min": 0.49, "MAX:kappa.min": 0.85, "MIN:kappa.mean": 0.8895999999999998, "MAX:kappa.mean": 0.9350999999999999, "MIN:kappa.max": 0.96, "MAX:kappa.max": 0.96}