{"mean accuracy": 0.6491333333333335, "max accuracy": 0.96, "mean kappa": 0.4736999999999999, "max kappa": 0.94}