{"MIN:log_loss.min": 0.16214507899725988, "MAX:log_loss.min": 0.2920809007267608, "MIN:log_loss.mean": 0.4615239012950469, "MAX:log_loss.mean": 0.5258725889943535, "MIN:log_loss.max": 0.8977356796551724, "MAX:log_loss.max": 2.5649937248041024, "MIN:accuracy.min": 0.3333333333333333, "MAX:accuracy.min": 0.6666666666666666, "MIN:accuracy.mean": 0.7689333333333335, "MAX:accuracy.mean": 0.8387333333333331, "MIN:accuracy.max": 0.96, "MAX:accuracy.max": 0.9666666666666667, "MIN:kappa.min": 0.0, "MAX:kappa.min": 0.5, "MIN:kappa.mean": 0.6534, "MAX:kappa.mean": 0.7581000000000002, "MIN:kappa.max": 0.9400000000000001, "MAX:kappa.max": 0.95}