{"MIN:log_loss.min": 0.1126209678116432, "MAX:log_loss.min": 0.1227438466070331, "MIN:log_loss.mean": 0.654255838135466, "MAX:log_loss.mean": 1.3126161393837754, "MIN:log_loss.max": 8.05904782547916, "MAX:log_loss.max": 19.111456271850578, "MIN:accuracy.min": 0.3333333333333333, "MAX:accuracy.min": 0.34, "MIN:accuracy.mean": 0.8334, "MAX:accuracy.mean": 0.8479333333333333, "MIN:accuracy.max": 0.96, "MAX:accuracy.max": 0.96, "MIN:kappa.min": -2.220446049250313e-16, "MAX:kappa.min": 0.009999999999999898, "MIN:kappa.mean": 0.7501000000000001, "MAX:kappa.mean": 0.7719000000000001, "MIN:kappa.max": 0.9400000000000001, "MAX:kappa.max": 0.9400000000000001}