{"MIN:log_loss.min": 0.09484616293629315, "MAX:log_loss.min": 0.18673846717531853, "MIN:log_loss.mean": 0.3015903727541356, "MAX:log_loss.mean": 0.35303680556171096, "MIN:log_loss.max": 0.8281716900952714, "MAX:log_loss.max": 1.674754860256103, "MIN:accuracy.min": 0.8133333333333334, "MAX:accuracy.min": 0.9466666666666667, "MIN:accuracy.mean": 0.9420666666666665, "MAX:accuracy.mean": 0.9521333333333335, "MIN:accuracy.max": 0.9533333333333334, "MAX:accuracy.max": 0.9733333333333334, "MIN:kappa.min": 0.72, "MAX:kappa.min": 0.92, "MIN:kappa.mean": 0.9130999999999997, "MAX:kappa.mean": 0.9282, "MIN:kappa.max": 0.9299999999999999, "MAX:kappa.max": 0.96}