{"MIN:log_loss.min": 0.09971055332013791, "MAX:log_loss.min": 0.2754845535544553, "MIN:log_loss.mean": 0.5710201044109097, "MAX:log_loss.mean": 0.8680819556431425, "MIN:log_loss.max": 1.0985661870323218, "MAX:log_loss.max": 4.650561817356539, "MIN:accuracy.min": 0.56, "MAX:accuracy.min": 0.8, "MIN:accuracy.mean": 0.7690666666666668, "MAX:accuracy.mean": 0.872, "MIN:accuracy.max": 0.8733333333333333, "MAX:accuracy.max": 0.9666666666666667, "MIN:kappa.min": 0.33999999999999997, "MAX:kappa.min": 0.7, "MIN:kappa.mean": 0.6536000000000002, "MAX:kappa.mean": 0.8080000000000002, "MIN:kappa.max": 0.81, "MAX:kappa.max": 0.95}