{"MIN:log_loss.min": 0.12191245936627079, "MAX:log_loss.min": 0.396931140864586, "MIN:log_loss.mean": 0.6260759184758862, "MAX:log_loss.mean": 0.9879701657995221, "MIN:log_loss.max": 1.12705307406752, "MAX:log_loss.max": 8.612493504554434, "MIN:accuracy.min": 0.3333333333333333, "MAX:accuracy.min": 0.3333333333333333, "MIN:accuracy.mean": 0.6755333333333333, "MAX:accuracy.mean": 0.7053333333333335, "MIN:accuracy.max": 0.9533333333333334, "MAX:accuracy.max": 0.96, "MIN:kappa.min": -2.220446049250313e-16, "MAX:kappa.min": 0.0, "MIN:kappa.mean": 0.5133000000000001, "MAX:kappa.mean": 0.558, "MIN:kappa.max": 0.9299999999999999, "MAX:kappa.max": 0.9400000000000001}