{"MIN:log_loss.min": 0.3843437197432008, "MAX:log_loss.min": 0.7730081514561994, "MIN:log_loss.mean": 0.8600310997099454, "MAX:log_loss.mean": 7.117685226945104, "MIN:log_loss.max": 1.4082308815596867, "MAX:log_loss.max": 21.901693702406984, "MIN:accuracy.min": 0.3333333333333333, "MAX:accuracy.min": 0.3333333333333333, "MIN:accuracy.mean": 0.6529333333333334, "MAX:accuracy.mean": 0.7222, "MIN:accuracy.max": 0.88, "MAX:accuracy.max": 0.9666666666666667, "MIN:kappa.min": -2.220446049250313e-16, "MAX:kappa.min": 1.1102230246251565e-16, "MIN:kappa.mean": 0.47940000000000005, "MAX:kappa.mean": 0.5833, "MIN:kappa.max": 0.8200000000000001, "MAX:kappa.max": 0.95}