{"mean accuracy": 0.6635333333333332, "max accuracy": 0.96, "mean kappa": 0.49529999999999985, "max kappa": 0.94}