{"mean accuracy": 0.7898666666666665, "max accuracy": 0.9733333333333332, "mean kappa": 0.6847999999999996, "max kappa": 0.9599999999999997}