{"MIN:log_loss.min": 0.383985448421134, "MAX:log_loss.min": 0.5934862489842113, "MIN:log_loss.mean": 0.74991605105589, "MAX:log_loss.mean": 0.8763419191250849, "MIN:log_loss.max": 1.0985464404891099, "MAX:log_loss.max": 1.2181111132740812, "MIN:accuracy.min": 0.3333333333333333, "MAX:accuracy.min": 0.52, "MIN:accuracy.mean": 0.6238666666666666, "MAX:accuracy.mean": 0.6345333333333332, "MIN:accuracy.max": 0.7866666666666666, "MAX:accuracy.max": 0.96, "MIN:kappa.min": 0.0, "MAX:kappa.min": 0.28, "MIN:kappa.mean": 0.43579999999999997, "MAX:kappa.mean": 0.4518, "MIN:kappa.max": 0.6799999999999999, "MAX:kappa.max": 0.94}