{"MIN:log_loss.min": 0.212084411169157, "MAX:log_loss.min": 0.368313215999112, "MIN:log_loss.mean": 0.4112022847127008, "MAX:log_loss.mean": 0.6394264869061622, "MIN:log_loss.max": 1.0098473563373875, "MAX:log_loss.max": 1.0857257986770192, "MIN:accuracy.min": 0.32666666666666666, "MAX:accuracy.min": 0.6666666666666666, "MIN:accuracy.mean": 0.8109999999999998, "MAX:accuracy.mean": 0.8643333333333334, "MIN:accuracy.max": 0.96, "MAX:accuracy.max": 0.96, "MIN:kappa.min": -0.010000000000000009, "MAX:kappa.min": 0.5, "MIN:kappa.mean": 0.7165, "MAX:kappa.mean": 0.7965000000000001, "MIN:kappa.max": 0.9400000000000001, "MAX:kappa.max": 0.9400000000000001}