{"MIN:log_loss.min": 0.198024678268453, "MAX:log_loss.min": 0.22180511603626987, "MIN:log_loss.mean": 0.5098887866480313, "MAX:log_loss.mean": 0.5292097537971912, "MIN:log_loss.max": 1.0975124468599051, "MAX:log_loss.max": 1.0975124551086746, "MIN:accuracy.min": 0.66, "MAX:accuracy.min": 0.6666666666666666, "MIN:accuracy.mean": 0.8240666666666665, "MAX:accuracy.mean": 0.8404666666666668, "MIN:accuracy.max": 0.9466666666666667, "MAX:accuracy.max": 0.9466666666666667, "MIN:kappa.min": 0.49, "MAX:kappa.min": 0.5, "MIN:kappa.mean": 0.7361, "MAX:kappa.mean": 0.7607, "MIN:kappa.max": 0.92, "MAX:kappa.max": 0.92}