{"MIN:log_loss.min": 0.14299428051459206, "MAX:log_loss.min": 0.19156597619485224, "MIN:log_loss.mean": 0.5619983779869386, "MAX:log_loss.mean": 0.7752700463246773, "MIN:log_loss.max": 1.098336426418604, "MAX:log_loss.max": 1.3682004402168706, "MIN:accuracy.min": 0.6533333333333333, "MAX:accuracy.min": 0.7, "MIN:accuracy.mean": 0.8023333333333333, "MAX:accuracy.mean": 0.8412000000000002, "MIN:accuracy.max": 0.96, "MAX:accuracy.max": 0.96, "MIN:kappa.min": 0.47999999999999987, "MAX:kappa.min": 0.55, "MIN:kappa.mean": 0.7035000000000001, "MAX:kappa.mean": 0.7617999999999999, "MIN:kappa.max": 0.94, "MAX:kappa.max": 0.9400000000000001}