{"MIN:log_loss.min": 0.13668858214940674, "MAX:log_loss.min": 0.1964060429906527, "MIN:log_loss.mean": 0.345399486908438, "MAX:log_loss.mean": 0.40927980845597195, "MIN:log_loss.max": 0.7690360862153358, "MAX:log_loss.max": 0.8452872222575362, "MIN:accuracy.min": 0.6133333333333333, "MAX:accuracy.min": 0.6866666666666666, "MIN:accuracy.mean": 0.9046, "MAX:accuracy.mean": 0.9083999999999999, "MIN:accuracy.max": 0.9666666666666667, "MAX:accuracy.max": 0.9666666666666667, "MIN:kappa.min": 0.42000000000000004, "MAX:kappa.min": 0.53, "MIN:kappa.mean": 0.8569, "MAX:kappa.mean": 0.8625999999999999, "MIN:kappa.max": 0.95, "MAX:kappa.max": 0.95}