{"MIN:log_loss.min": 0.6921651483076083, "MAX:log_loss.min": 0.8125684135024197, "MIN:log_loss.mean": 0.8652040727276992, "MAX:log_loss.mean": 0.9092658016664708, "MIN:log_loss.max": 1.0980336959233954, "MAX:log_loss.max": 1.09853513822032, "MIN:accuracy.min": 0.3333333333333333, "MAX:accuracy.min": 0.62, "MIN:accuracy.mean": 0.6199999999999999, "MAX:accuracy.mean": 0.6409333333333334, "MIN:accuracy.max": 0.62, "MAX:accuracy.max": 0.6666666666666666, "MIN:kappa.min": 0.0, "MAX:kappa.min": 0.43000000000000005, "MIN:kappa.mean": 0.43, "MAX:kappa.mean": 0.46140000000000003, "MIN:kappa.max": 0.43000000000000005, "MAX:kappa.max": 0.5}