{"MIN:log_loss.min": 0.5065811086037965, "MAX:log_loss.min": 0.5065847229625168, "MIN:log_loss.mean": 0.5990291104509152, "MAX:log_loss.mean": 0.6335107345787623, "MIN:log_loss.max": 1.0419735069860572, "MAX:log_loss.max": 1.0419735069860572, "MIN:accuracy.min": 0.35333333333333333, "MAX:accuracy.min": 0.44666666666666666, "MIN:accuracy.mean": 0.8392666666666667, "MAX:accuracy.mean": 0.8640000000000001, "MIN:accuracy.max": 0.9266666666666666, "MAX:accuracy.max": 0.9666666666666667, "MIN:kappa.min": 0.029999999999999916, "MAX:kappa.min": 0.17000000000000004, "MIN:kappa.mean": 0.7589, "MAX:kappa.mean": 0.7959999999999999, "MIN:kappa.max": 0.89, "MAX:kappa.max": 0.95}