{"MIN:log_loss.min": 0.6192821264216699, "MAX:log_loss.min": 0.8279674930131067, "MIN:log_loss.mean": 0.7868699261364754, "MAX:log_loss.mean": 0.9779559770564377, "MIN:log_loss.max": 1.1639067323175072, "MAX:log_loss.max": 1.1956178350652404, "MIN:accuracy.min": 0.3333333333333333, "MAX:accuracy.min": 0.6066666666666667, "MIN:accuracy.mean": 0.6610666666666666, "MAX:accuracy.mean": 0.6913333333333334, "MIN:accuracy.max": 0.8866666666666667, "MAX:accuracy.max": 0.9666666666666667, "MIN:kappa.min": 0.0, "MAX:kappa.min": 0.41000000000000003, "MIN:kappa.mean": 0.4916, "MAX:kappa.mean": 0.537, "MIN:kappa.max": 0.83, "MAX:kappa.max": 0.95}