{"MIN:log_loss.min": 0.43474714087244287, "MAX:log_loss.min": 0.457596554265317, "MIN:log_loss.mean": 0.5165875174167979, "MAX:log_loss.mean": 0.5287033958831668, "MIN:log_loss.max": 0.7368712865131009, "MAX:log_loss.max": 0.8738510890687454, "MIN:accuracy.min": 0.72, "MAX:accuracy.min": 0.8266666666666667, "MIN:accuracy.mean": 0.9398666666666665, "MAX:accuracy.mean": 0.9531333333333332, "MIN:accuracy.max": 0.9733333333333334, "MAX:accuracy.max": 0.9733333333333334, "MIN:kappa.min": 0.5800000000000001, "MAX:kappa.min": 0.74, "MIN:kappa.mean": 0.9098, "MAX:kappa.mean": 0.9296999999999999, "MIN:kappa.max": 0.96, "MAX:kappa.max": 0.96}