{"MIN:log_loss.min": 0.09532129852921242, "MAX:log_loss.min": 0.09552609288645934, "MIN:log_loss.mean": 0.29136569225884995, "MAX:log_loss.mean": 0.2977630297076956, "MIN:log_loss.max": 0.7376589200960663, "MAX:log_loss.max": 0.7602295634809696, "MIN:accuracy.min": 0.7066666666666667, "MAX:accuracy.min": 0.9466666666666667, "MIN:accuracy.mean": 0.9486, "MAX:accuracy.mean": 0.9512666666666667, "MIN:accuracy.max": 0.9533333333333334, "MAX:accuracy.max": 0.98, "MIN:kappa.min": 0.56, "MAX:kappa.min": 0.92, "MIN:kappa.mean": 0.9229, "MAX:kappa.mean": 0.9269000000000003, "MIN:kappa.max": 0.9299999999999999, "MAX:kappa.max": 0.97}