{"MIN:log_loss.min": 0.32435296885973525, "MAX:log_loss.min": 0.6049471041406198, "MIN:log_loss.mean": 0.6767554400894703, "MAX:log_loss.mean": 0.818393944471346, "MIN:log_loss.max": 1.0953445614078987, "MAX:log_loss.max": 1.0955544477985657, "MIN:accuracy.min": 0.5666666666666667, "MAX:accuracy.min": 0.6666666666666666, "MIN:accuracy.mean": 0.747, "MAX:accuracy.mean": 0.7618666666666667, "MIN:accuracy.max": 0.9266666666666666, "MAX:accuracy.max": 0.96, "MIN:kappa.min": 0.35, "MAX:kappa.min": 0.5, "MIN:kappa.mean": 0.6204999999999999, "MAX:kappa.mean": 0.6428, "MIN:kappa.max": 0.89, "MAX:kappa.max": 0.9400000000000001}