{"MIN:log_loss.min": 0.7844843194148023, "MAX:log_loss.min": 0.9022200937864032, "MIN:log_loss.mean": 7.5710124729205, "MAX:log_loss.mean": 7.642899642800717, "MIN:log_loss.max": 11.512948713550513, "MAX:log_loss.max": 11.512948718484676, "MIN:accuracy.min": 0.3333333333333333, "MAX:accuracy.min": 0.3333333333333333, "MIN:accuracy.mean": 0.6431333333333333, "MAX:accuracy.mean": 0.6560000000000002, "MIN:accuracy.max": 0.6666666666666666, "MAX:accuracy.max": 0.92, "MIN:kappa.min": 0.0, "MAX:kappa.min": 0.0, "MIN:kappa.mean": 0.4647, "MAX:kappa.mean": 0.48400000000000004, "MIN:kappa.max": 0.5, "MAX:kappa.max": 0.88}