{"MIN:log_loss.min": 0.3864156115743617, "MAX:log_loss.min": 0.5045597911331174, "MIN:log_loss.mean": 0.7039543103026488, "MAX:log_loss.mean": 0.7825316904252685, "MIN:log_loss.max": 0.9103099724651729, "MAX:log_loss.max": 1.0926966551763655, "MIN:accuracy.min": 0.62, "MAX:accuracy.min": 0.6666666666666666, "MIN:accuracy.mean": 0.7258, "MAX:accuracy.mean": 0.7485333333333334, "MIN:accuracy.max": 0.9133333333333333, "MAX:accuracy.max": 0.96, "MIN:kappa.min": 0.43000000000000005, "MAX:kappa.min": 0.5, "MIN:kappa.mean": 0.5886999999999999, "MAX:kappa.mean": 0.6228, "MIN:kappa.max": 0.87, "MAX:kappa.max": 0.9400000000000001}