{"MIN:log_loss.min": 0.43807999359227184, "MAX:log_loss.min": 0.4576050686423121, "MIN:log_loss.mean": 0.5164029788459951, "MAX:log_loss.mean": 0.5543789212034635, "MIN:log_loss.max": 0.8955841490553513, "MAX:log_loss.max": 1.896781364067452, "MIN:accuracy.min": 0.74, "MAX:accuracy.min": 0.88, "MIN:accuracy.mean": 0.9440666666666668, "MAX:accuracy.mean": 0.9507333333333335, "MIN:accuracy.max": 0.9466666666666667, "MAX:accuracy.max": 0.96, "MIN:kappa.min": 0.61, "MAX:kappa.min": 0.8200000000000001, "MIN:kappa.mean": 0.9161000000000001, "MAX:kappa.mean": 0.9260999999999998, "MIN:kappa.max": 0.92, "MAX:kappa.max": 0.9400000000000001}