{"MIN:log_loss.min": 0.6942488425210332, "MAX:log_loss.min": 1.0609417983827287, "MIN:log_loss.mean": 1.0780792870315803, "MAX:log_loss.mean": 1.268666091940078, "MIN:log_loss.max": 1.1582840171770636, "MAX:log_loss.max": 2.4424931739283937, "MIN:accuracy.min": 0.013333333333333334, "MAX:accuracy.min": 0.3333333333333333, "MIN:accuracy.mean": 0.41580000000000006, "MAX:accuracy.mean": 0.6087333333333333, "MIN:accuracy.max": 0.6666666666666666, "MAX:accuracy.max": 0.96, "MIN:kappa.min": -0.48, "MAX:kappa.min": 0.0, "MIN:kappa.mean": 0.1237, "MAX:kappa.mean": 0.4131, "MIN:kappa.max": 0.5, "MAX:kappa.max": 0.9400000000000001}