{"mean accuracy": 0.6481333333333335, "max accuracy": 0.6666666666666666, "mean kappa": 0.47219999999999984, "max kappa": 0.49999999999999994}