{"MIN:log_loss.min": 0.44647329369360395, "MAX:log_loss.min": 0.7101027558279212, "MIN:log_loss.mean": 0.7084371158130293, "MAX:log_loss.mean": 0.8132712023150951, "MIN:log_loss.max": 1.0064103569466953, "MAX:log_loss.max": 1.6638205693687511, "MIN:accuracy.min": 0.013333333333333334, "MAX:accuracy.min": 0.5133333333333333, "MIN:accuracy.mean": 0.7102666666666666, "MAX:accuracy.mean": 0.8295333333333333, "MIN:accuracy.max": 0.96, "MAX:accuracy.max": 0.96, "MIN:kappa.min": -0.48, "MAX:kappa.min": 0.27, "MIN:kappa.mean": 0.5654, "MAX:kappa.mean": 0.7443000000000001, "MIN:kappa.max": 0.9400000000000001, "MAX:kappa.max": 0.9400000000000001}