{"mean accuracy": 0.6504666666666666, "max accuracy": 0.96, "mean kappa": 0.47569999999999996, "max kappa": 0.94}