{"MIN:log_loss.min": 0.14170684472556652, "MAX:log_loss.min": 0.1771893408467662, "MIN:log_loss.mean": 0.43168227586487434, "MAX:log_loss.mean": 0.5279640808240673, "MIN:log_loss.max": 1.5525835082882433, "MAX:log_loss.max": 8.176406494721153, "MIN:accuracy.min": 0.3333333333333333, "MAX:accuracy.min": 0.3333333333333333, "MIN:accuracy.mean": 0.8352, "MAX:accuracy.mean": 0.9028, "MIN:accuracy.max": 0.96, "MAX:accuracy.max": 0.96, "MIN:kappa.min": 0.0, "MAX:kappa.min": 0.0, "MIN:kappa.mean": 0.7528, "MAX:kappa.mean": 0.8542000000000001, "MIN:kappa.max": 0.94, "MAX:kappa.max": 0.9400000000000001}