{"mean accuracy": 0.8529333333333335, "max accuracy": 0.9666666666666666, "mean kappa": 0.7794, "max kappa": 0.9499999999999998}