{"MIN:log_loss.min": 0.23786563645836153, "MAX:log_loss.min": 0.6506514846674837, "MIN:log_loss.mean": 0.6719892015702646, "MAX:log_loss.mean": 1.0493667832960103, "MIN:log_loss.max": 1.2157739223940236, "MAX:log_loss.max": 1.9539705059780499, "MIN:accuracy.min": 0.3333333333333333, "MAX:accuracy.min": 0.66, "MIN:accuracy.mean": 0.7071999999999999, "MAX:accuracy.mean": 0.7340000000000003, "MIN:accuracy.max": 0.96, "MAX:accuracy.max": 0.9733333333333334, "MIN:kappa.min": 0.0, "MAX:kappa.min": 0.49, "MIN:kappa.mean": 0.5608, "MAX:kappa.mean": 0.601, "MIN:kappa.max": 0.9400000000000001, "MAX:kappa.max": 0.96}