{"mean accuracy": 0.5217333333333333, "max accuracy": 0.6666666666666666, "mean kappa": 0.2825999999999999, "max kappa": 0.5}