{"MIN:log_loss.min": 0.5765475902476059, "MAX:log_loss.min": 0.827985199772187, "MIN:log_loss.mean": 0.9521075677211717, "MAX:log_loss.mean": 1.0114897397730913, "MIN:log_loss.max": 1.1930508726817126, "MAX:log_loss.max": 1.4566046420939571, "MIN:accuracy.min": 0.3333333333333333, "MAX:accuracy.min": 0.6066666666666667, "MIN:accuracy.mean": 0.5765333333333332, "MAX:accuracy.mean": 0.6670666666666669, "MIN:accuracy.max": 0.9133333333333333, "MAX:accuracy.max": 0.96, "MIN:kappa.min": 0.0, "MAX:kappa.min": 0.41000000000000003, "MIN:kappa.mean": 0.3647999999999999, "MAX:kappa.mean": 0.5006, "MIN:kappa.max": 0.87, "MAX:kappa.max": 0.94}