{"MIN:log_loss.min": 0.14215014771192833, "MAX:log_loss.min": 0.25755788531311113, "MIN:log_loss.mean": 0.6496298709473193, "MAX:log_loss.mean": 0.7473570906529106, "MIN:log_loss.max": 1.4309649818641086, "MAX:log_loss.max": 1.5373237736060437, "MIN:accuracy.min": 0.32666666666666666, "MAX:accuracy.min": 0.32666666666666666, "MIN:accuracy.mean": 0.6608666666666666, "MAX:accuracy.mean": 0.7210666666666665, "MIN:accuracy.max": 0.96, "MAX:accuracy.max": 0.96, "MIN:kappa.min": -0.010000000000000009, "MAX:kappa.min": -0.010000000000000009, "MIN:kappa.mean": 0.4913, "MAX:kappa.mean": 0.5816, "MIN:kappa.max": 0.94, "MAX:kappa.max": 0.9400000000000001}