{"mean accuracy": 0.7214666666666669, "max accuracy": 0.96, "mean kappa": 0.5821999999999999, "max kappa": 0.94}