{"MAX:accuracy.min": 0.2201, "ARGMAX:accuracy.min": [0, 45436], "MIN:accuracy.min": 0.2165, "ARGMIN:accuracy.min": [6, 43849], "MEAN:accuracy.min": 0.2177, "MAX:accuracy.mean": 0.346959, "ARGMAX:accuracy.mean": [0, 45436], "MIN:accuracy.mean": 0.336844, "ARGMIN:accuracy.mean": [9, 43728], "MEAN:accuracy.mean": 0.3405475, "MAX:accuracy.max": 0.4661, "ARGMAX:accuracy.max": [4, 39794], "MIN:accuracy.max": 0.4293, "ARGMIN:accuracy.max": [9, 43728], "MEAN:accuracy.max": 0.43814000000000003, "MAX:kappa.min": 0.13558168032125795, "ARGMAX:kappa.min": [0, 45436], "MIN:kappa.min": 0.13028205028601714, "ARGMIN:kappa.min": [6, 43849], "MEAN:kappa.min": 0.13201887090198833, "MAX:kappa.mean": 0.27439505024022054, "ARGMAX:kappa.mean": [0, 45436], "MIN:kappa.mean": 0.2626402482060453, "ARGMIN:kappa.mean": [9, 43728], "MEAN:kappa.mean": 0.2669245491957211, "MAX:kappa.max": 0.4061290001046587, "ARGMAX:kappa.max": [4, 39794], "MIN:kappa.max": 0.3652174299926144, "ARGMIN:kappa.max": [9, 43728], "MEAN:kappa.max": 0.3750316832234811, "MAX:log_loss.min": 1.8173390626907349, "ARGMAX:log_loss.min": [8, 36864], "MIN:log_loss.min": 1.7924082279205322, "ARGMIN:log_loss.min": [7, 43897], "MEAN:log_loss.min": 1.8043622970581055, "MAX:log_loss.mean": 2.062622547149658, "ARGMAX:log_loss.mean": [8, 36864], "MIN:log_loss.mean": 2.036381959915161, "ARGMIN:log_loss.mean": [0, 45436], "MEAN:log_loss.mean": 2.0454955101013184, "MAX:log_loss.max": 2.3991897106170654, "ARGMAX:log_loss.max": [8, 36864], "MIN:log_loss.max": 2.3987972736358643, "ARGMIN:log_loss.max": [4, 39794], "MEAN:log_loss.max": 2.3989522457122803}