{"mean accuracy": 0.5562666666666667, "max accuracy": 0.6666666666666666, "mean kappa": 0.3343999999999999, "max kappa": 0.5}