{"MIN:log_loss.min": 0.4572699098586138, "MAX:log_loss.min": 0.5798031829438025, "MIN:log_loss.mean": 0.7399577122058838, "MAX:log_loss.mean": 1.994490158156666, "MIN:log_loss.max": 1.1928887829856558, "MAX:log_loss.max": 13.861232621724175, "MIN:accuracy.min": 0.3333333333333333, "MAX:accuracy.min": 0.5866666666666667, "MIN:accuracy.mean": 0.6524666666666668, "MAX:accuracy.mean": 0.7627999999999999, "MIN:accuracy.max": 0.9466666666666667, "MAX:accuracy.max": 0.96, "MIN:kappa.min": -2.220446049250313e-16, "MAX:kappa.min": 0.38, "MIN:kappa.mean": 0.47869999999999996, "MAX:kappa.mean": 0.6442, "MIN:kappa.max": 0.92, "MAX:kappa.max": 0.9400000000000001}