{"MIN:log_loss.min": 0.6330894042338077, "MAX:log_loss.min": 0.9551556344634082, "MIN:log_loss.mean": 0.8251869146820866, "MAX:log_loss.mean": 1.0314092167941455, "MIN:log_loss.max": 1.0986111272171626, "MAX:log_loss.max": 1.21818428120156, "MIN:accuracy.min": 0.3333333333333333, "MAX:accuracy.min": 0.64, "MIN:accuracy.mean": 0.6221333333333333, "MAX:accuracy.mean": 0.6807333333333335, "MIN:accuracy.max": 0.6666666666666666, "MAX:accuracy.max": 0.96, "MIN:kappa.min": 0.0, "MAX:kappa.min": 0.45999999999999996, "MIN:kappa.mean": 0.43320000000000003, "MAX:kappa.mean": 0.5211000000000001, "MIN:kappa.max": 0.5, "MAX:kappa.max": 0.9400000000000001}