{"MIN:log_loss.min": 0.42159549315463124, "MAX:log_loss.min": 0.4434888885647562, "MIN:log_loss.mean": 0.6351075849045446, "MAX:log_loss.mean": 0.6942030445773345, "MIN:log_loss.max": 1.206342043899886, "MAX:log_loss.max": 1.6703037635305718, "MIN:accuracy.min": 0.3333333333333333, "MAX:accuracy.min": 0.3333333333333333, "MIN:accuracy.mean": 0.7165333333333334, "MAX:accuracy.mean": 0.7518666666666666, "MIN:accuracy.max": 0.92, "MAX:accuracy.max": 0.94, "MIN:kappa.min": 0.0, "MAX:kappa.min": 0.0, "MIN:kappa.mean": 0.5748000000000001, "MAX:kappa.mean": 0.6278000000000001, "MIN:kappa.max": 0.88, "MAX:kappa.max": 0.91}