{"MIN:log_loss.min": 0.2827147827992696, "MAX:log_loss.min": 0.30386897288969034, "MIN:log_loss.mean": 0.5594057595934686, "MAX:log_loss.mean": 0.5909876672501804, "MIN:log_loss.max": 1.1938437615324289, "MAX:log_loss.max": 1.213547667001247, "MIN:accuracy.min": 0.20666666666666667, "MAX:accuracy.min": 0.3333333333333333, "MIN:accuracy.mean": 0.7867999999999999, "MAX:accuracy.mean": 0.8264666666666665, "MIN:accuracy.max": 0.96, "MAX:accuracy.max": 0.96, "MIN:kappa.min": -0.18999999999999972, "MAX:kappa.min": 0.0, "MIN:kappa.mean": 0.6801999999999999, "MAX:kappa.mean": 0.7397, "MIN:kappa.max": 0.94, "MAX:kappa.max": 0.9400000000000001}