{"MIN:log_loss.min": 0.11539254469727238, "MAX:log_loss.min": 0.30169583505206826, "MIN:log_loss.mean": 0.6031601517408065, "MAX:log_loss.mean": 0.6968136498849166, "MIN:log_loss.max": 1.0986109559445147, "MAX:log_loss.max": 1.0989593904557318, "MIN:accuracy.min": 0.66, "MAX:accuracy.min": 0.6666666666666666, "MIN:accuracy.mean": 0.7774, "MAX:accuracy.mean": 0.7871333333333336, "MIN:accuracy.max": 0.9466666666666667, "MAX:accuracy.max": 0.96, "MIN:kappa.min": 0.49, "MAX:kappa.min": 0.5, "MIN:kappa.mean": 0.6661000000000001, "MAX:kappa.mean": 0.6807, "MIN:kappa.max": 0.92, "MAX:kappa.max": 0.9400000000000001}