{"MIN:log_loss.min": 0.40418977184791155, "MAX:log_loss.min": 0.4243279563162053, "MIN:log_loss.mean": 0.7158294282330643, "MAX:log_loss.mean": 0.7480142104244873, "MIN:log_loss.max": 1.1416906444141184, "MAX:log_loss.max": 1.3578621552806573, "MIN:accuracy.min": 0.2, "MAX:accuracy.min": 0.32, "MIN:accuracy.mean": 0.7152, "MAX:accuracy.mean": 0.7407999999999998, "MIN:accuracy.max": 0.9533333333333334, "MAX:accuracy.max": 0.96, "MIN:kappa.min": -0.19999999999999996, "MAX:kappa.min": -0.020000000000000018, "MIN:kappa.mean": 0.5728, "MAX:kappa.mean": 0.6112000000000001, "MIN:kappa.max": 0.9299999999999999, "MAX:kappa.max": 0.94}