{"MIN:log_loss.min": 0.1108166348397531, "MAX:log_loss.min": 0.2753202278937215, "MIN:log_loss.mean": 0.29281461473665776, "MAX:log_loss.mean": 0.5256449272854397, "MIN:log_loss.max": 0.7652279703622498, "MAX:log_loss.max": 16.178277281608757, "MIN:accuracy.min": 0.52, "MAX:accuracy.min": 0.82, "MIN:accuracy.mean": 0.9001999999999998, "MAX:accuracy.mean": 0.9239333333333332, "MIN:accuracy.max": 0.96, "MAX:accuracy.max": 0.96, "MIN:kappa.min": 0.28, "MAX:kappa.min": 0.73, "MIN:kappa.mean": 0.8503000000000001, "MAX:kappa.mean": 0.8858999999999999, "MIN:kappa.max": 0.9400000000000001, "MAX:kappa.max": 0.9400000000000001}