{"MIN:log_loss.min": 0.616883360447326, "MAX:log_loss.min": 0.8868889775692973, "MIN:log_loss.mean": 0.8249254242118121, "MAX:log_loss.mean": 1.2318943974775936, "MIN:log_loss.max": 1.1797192306426603, "MAX:log_loss.max": 2.3674424604428115, "MIN:accuracy.min": 0.3333333333333333, "MAX:accuracy.min": 0.3333333333333333, "MIN:accuracy.mean": 0.5743333333333333, "MAX:accuracy.mean": 0.6697333333333333, "MIN:accuracy.max": 0.6666666666666666, "MAX:accuracy.max": 0.9533333333333334, "MIN:kappa.min": -2.220446049250313e-16, "MAX:kappa.min": 0.0, "MIN:kappa.mean": 0.36150000000000004, "MAX:kappa.mean": 0.5046, "MIN:kappa.max": 0.5, "MAX:kappa.max": 0.9299999999999999}