{"mean accuracy": 0.8342666666666666, "max accuracy": 0.96, "mean kappa": 0.7514000000000002, "max kappa": 0.94}