{"MIN:log_loss.min": 0.30776752544213504, "MAX:log_loss.min": 0.35586101422601024, "MIN:log_loss.mean": 0.6545489611127532, "MAX:log_loss.mean": 0.6826117899549875, "MIN:log_loss.max": 1.0984535536880315, "MAX:log_loss.max": 1.0984884761996758, "MIN:accuracy.min": 0.66, "MAX:accuracy.min": 0.6666666666666666, "MIN:accuracy.mean": 0.7505333333333334, "MAX:accuracy.mean": 0.8103333333333333, "MIN:accuracy.max": 0.96, "MAX:accuracy.max": 0.96, "MIN:kappa.min": 0.49, "MAX:kappa.min": 0.5, "MIN:kappa.mean": 0.6258, "MAX:kappa.mean": 0.7155, "MIN:kappa.max": 0.9400000000000001, "MAX:kappa.max": 0.9400000000000001}