{"MIN:log_loss.min": 0.4549152169629831, "MAX:log_loss.min": 0.45651196436080654, "MIN:log_loss.mean": 0.7446839142096354, "MAX:log_loss.mean": 0.7672459152412574, "MIN:log_loss.max": 1.2008350577438023, "MAX:log_loss.max": 1.2008509636306055, "MIN:accuracy.min": 0.3333333333333333, "MAX:accuracy.min": 0.3333333333333333, "MIN:accuracy.mean": 0.6982666666666666, "MAX:accuracy.mean": 0.7163333333333333, "MIN:accuracy.max": 0.96, "MAX:accuracy.max": 0.96, "MIN:kappa.min": 0.0, "MAX:kappa.min": 0.0, "MIN:kappa.mean": 0.5474, "MAX:kappa.mean": 0.5745, "MIN:kappa.max": 0.94, "MAX:kappa.max": 0.9400000000000001}