{"MIN:log_loss.min": 0.17070267259322217, "MAX:log_loss.min": 0.18892807777139164, "MIN:log_loss.mean": 0.9394984786428118, "MAX:log_loss.mean": 0.9741588128858961, "MIN:log_loss.max": 2.6794591270645243, "MAX:log_loss.max": 3.257289131544972, "MIN:accuracy.min": 0.04666666666666667, "MAX:accuracy.min": 0.6, "MIN:accuracy.mean": 0.6375333333333333, "MAX:accuracy.mean": 0.7356666666666668, "MIN:accuracy.max": 0.94, "MAX:accuracy.max": 0.96, "MIN:kappa.min": -0.42999999999999994, "MAX:kappa.min": 0.4, "MIN:kappa.mean": 0.45629999999999993, "MAX:kappa.mean": 0.6035, "MIN:kappa.max": 0.91, "MAX:kappa.max": 0.9400000000000001}