{"MIN:log_loss.min": 0.3621463337905836, "MAX:log_loss.min": 0.7111794705570924, "MIN:log_loss.mean": 0.8496642945050463, "MAX:log_loss.mean": 3.909218537667328, "MIN:log_loss.max": 1.720023423891616, "MAX:log_loss.max": 23.025850929940454, "MIN:accuracy.min": 0.04, "MAX:accuracy.min": 0.3333333333333333, "MIN:accuracy.mean": 0.5406, "MAX:accuracy.mean": 0.6289333333333333, "MIN:accuracy.max": 0.6666666666666666, "MAX:accuracy.max": 0.96, "MIN:kappa.min": -0.44000000000000017, "MAX:kappa.min": 0.0, "MIN:kappa.mean": 0.3109, "MAX:kappa.mean": 0.4433999999999999, "MIN:kappa.max": 0.5, "MAX:kappa.max": 0.9400000000000001}