{"MIN:log_loss.min": 0.2224278123094539, "MAX:log_loss.min": 0.25418275432254933, "MIN:log_loss.mean": 0.33806492036458624, "MAX:log_loss.mean": 0.3863601346309496, "MIN:log_loss.max": 0.9158741862440003, "MAX:log_loss.max": 0.9727696116129277, "MIN:accuracy.min": 0.3333333333333333, "MAX:accuracy.min": 0.6, "MIN:accuracy.mean": 0.8862666666666668, "MAX:accuracy.mean": 0.9107999999999999, "MIN:accuracy.max": 0.9733333333333334, "MAX:accuracy.max": 0.9866666666666667, "MIN:kappa.min": 0.0, "MAX:kappa.min": 0.4, "MIN:kappa.mean": 0.8293999999999998, "MAX:kappa.mean": 0.8661999999999997, "MIN:kappa.max": 0.96, "MAX:kappa.max": 0.98}