{"MIN:log_loss.min": 0.3916069344292053, "MAX:log_loss.min": 0.48140665206167443, "MIN:log_loss.mean": 1.0056440068855281, "MAX:log_loss.mean": 1.113727716191786, "MIN:log_loss.max": 6.007081861377397, "MAX:log_loss.max": 8.71401660262732, "MIN:accuracy.min": 0.3333333333333333, "MAX:accuracy.min": 0.5266666666666666, "MIN:accuracy.mean": 0.7151333333333334, "MAX:accuracy.mean": 0.7688000000000001, "MIN:accuracy.max": 0.9466666666666667, "MAX:accuracy.max": 0.96, "MIN:kappa.min": 0.0, "MAX:kappa.min": 0.29000000000000004, "MIN:kappa.mean": 0.5727, "MAX:kappa.mean": 0.6531999999999999, "MIN:kappa.max": 0.92, "MAX:kappa.max": 0.9400000000000001}