{"MIN:log_loss.min": 0.18322915361344563, "MAX:log_loss.min": 0.3041706057625854, "MIN:log_loss.mean": 0.4108051622544675, "MAX:log_loss.mean": 1.8454997665371382, "MIN:log_loss.max": 0.94561291259547, "MAX:log_loss.max": 13.720014621012009, "MIN:accuracy.min": 0.3466666666666667, "MAX:accuracy.min": 0.6133333333333333, "MIN:accuracy.mean": 0.8020666666666666, "MAX:accuracy.mean": 0.8356666666666664, "MIN:accuracy.max": 0.96, "MAX:accuracy.max": 0.96, "MIN:kappa.min": 0.020000000000000018, "MAX:kappa.min": 0.42000000000000004, "MIN:kappa.mean": 0.7031000000000001, "MAX:kappa.mean": 0.7534999999999998, "MIN:kappa.max": 0.9400000000000001, "MAX:kappa.max": 0.9400000000000001}