{"MIN:log_loss.min": 0.101293316026352, "MAX:log_loss.min": 0.25291654538050107, "MIN:log_loss.mean": 0.5728644750318943, "MAX:log_loss.mean": 2.617270861439921, "MIN:log_loss.max": 1.098562829043852, "MAX:log_loss.max": 11.51292900676292, "MIN:accuracy.min": 0.31333333333333335, "MAX:accuracy.min": 0.43333333333333335, "MIN:accuracy.mean": 0.6793333333333333, "MAX:accuracy.mean": 0.7700666666666669, "MIN:accuracy.max": 0.9666666666666667, "MAX:accuracy.max": 0.9666666666666667, "MIN:kappa.min": -0.03000000000000025, "MAX:kappa.min": 0.15000000000000002, "MIN:kappa.mean": 0.519, "MAX:kappa.mean": 0.6551, "MIN:kappa.max": 0.95, "MAX:kappa.max": 0.95}