{"MIN:log_loss.min": 0.08421678325003736, "MAX:log_loss.min": 0.29132452252182095, "MIN:log_loss.mean": 0.3596952544593355, "MAX:log_loss.mean": 0.5073808264338336, "MIN:log_loss.max": 0.7705108227958556, "MAX:log_loss.max": 8.642982407395845, "MIN:accuracy.min": 0.47333333333333333, "MAX:accuracy.min": 0.6666666666666666, "MIN:accuracy.mean": 0.8540666666666668, "MAX:accuracy.mean": 0.8986666666666668, "MIN:accuracy.max": 0.96, "MAX:accuracy.max": 0.9866666666666667, "MIN:kappa.min": 0.20999999999999985, "MAX:kappa.min": 0.5, "MIN:kappa.mean": 0.7810999999999999, "MAX:kappa.mean": 0.848, "MIN:kappa.max": 0.9400000000000001, "MAX:kappa.max": 0.98}