{"MIN:log_loss.min": 0.1316640839030225, "MAX:log_loss.min": 0.13609754129767573, "MIN:log_loss.mean": 0.5263475515411844, "MAX:log_loss.mean": 0.5814900192019803, "MIN:log_loss.max": 1.0982799749046046, "MAX:log_loss.max": 1.1404441521211346, "MIN:accuracy.min": 0.0, "MAX:accuracy.min": 0.66, "MIN:accuracy.mean": 0.7278666666666667, "MAX:accuracy.mean": 0.8119333333333334, "MIN:accuracy.max": 0.96, "MAX:accuracy.max": 0.96, "MIN:kappa.min": -0.4999999999999998, "MAX:kappa.min": 0.49, "MIN:kappa.mean": 0.5918, "MAX:kappa.mean": 0.7179000000000001, "MIN:kappa.max": 0.9400000000000001, "MAX:kappa.max": 0.9400000000000001}