{"mean accuracy": 0.5317333333333333, "max accuracy": 0.6666666666666666, "mean kappa": 0.2976, "max kappa": 0.49999999999999994}