{"MIN:log_loss.min": 0.5663012590970653, "MAX:log_loss.min": 0.6176560172618237, "MIN:log_loss.mean": 0.9525649946450013, "MAX:log_loss.mean": 0.9940882709119123, "MIN:log_loss.max": 1.3304498880340747, "MAX:log_loss.max": 1.4314153281412454, "MIN:accuracy.min": 0.36, "MAX:accuracy.min": 0.36, "MIN:accuracy.mean": 0.5845333333333333, "MAX:accuracy.mean": 0.6147333333333334, "MIN:accuracy.max": 0.9066666666666666, "MAX:accuracy.max": 0.9666666666666667, "MIN:kappa.min": 0.040000000000000036, "MAX:kappa.min": 0.040000000000000036, "MIN:kappa.mean": 0.3768000000000001, "MAX:kappa.mean": 0.4220999999999999, "MIN:kappa.max": 0.86, "MAX:kappa.max": 0.95}