{"MIN:log_loss.min": 0.1778373146739868, "MAX:log_loss.min": 0.28429168522874, "MIN:log_loss.mean": 0.6125091093558264, "MAX:log_loss.mean": 0.6862265747728031, "MIN:log_loss.max": 1.183586012766403, "MAX:log_loss.max": 1.3431059806766037, "MIN:accuracy.min": 0.10666666666666667, "MAX:accuracy.min": 0.38, "MIN:accuracy.mean": 0.6687333333333332, "MAX:accuracy.mean": 0.7592666666666669, "MIN:accuracy.max": 0.96, "MAX:accuracy.max": 0.96, "MIN:kappa.min": -0.3400000000000001, "MAX:kappa.min": 0.06999999999999984, "MIN:kappa.mean": 0.5031, "MAX:kappa.mean": 0.6388999999999999, "MIN:kappa.max": 0.94, "MAX:kappa.max": 0.9400000000000001}