{"mean accuracy": 0.5104666666666668, "max accuracy": 0.6666666666666666, "mean kappa": 0.2657, "max kappa": 0.5}