{"mean accuracy": 0.7159333333333332, "max accuracy": 0.96, "mean kappa": 0.5739000000000001, "max kappa": 0.94}