{"MIN:log_loss.min": 0.5289829499965458, "MAX:log_loss.min": 0.8867952452968818, "MIN:log_loss.mean": 0.964156089163352, "MAX:log_loss.mean": 1.3961899646933287, "MIN:log_loss.max": 1.2137546056058177, "MAX:log_loss.max": 2.6806183416987603, "MIN:accuracy.min": 0.3333333333333333, "MAX:accuracy.min": 0.3333333333333333, "MIN:accuracy.mean": 0.5487333333333334, "MAX:accuracy.mean": 0.5922, "MIN:accuracy.max": 0.6666666666666666, "MAX:accuracy.max": 0.9666666666666667, "MIN:kappa.min": 0.0, "MAX:kappa.min": 0.0, "MIN:kappa.mean": 0.32309999999999994, "MAX:kappa.mean": 0.38830000000000003, "MIN:kappa.max": 0.5, "MAX:kappa.max": 0.95}