{"MIN:log_loss.min": 0.40250175453165543, "MAX:log_loss.min": 0.6079271522989453, "MIN:log_loss.mean": 0.8350375501770262, "MAX:log_loss.mean": 0.9049239053236476, "MIN:log_loss.max": 1.2139310190311745, "MAX:log_loss.max": 1.2177646189771179, "MIN:accuracy.min": 0.3333333333333333, "MAX:accuracy.min": 0.3333333333333333, "MIN:accuracy.mean": 0.5883333333333333, "MAX:accuracy.mean": 0.6217333333333334, "MIN:accuracy.max": 0.9466666666666667, "MAX:accuracy.max": 0.96, "MIN:kappa.min": -2.220446049250313e-16, "MAX:kappa.min": 0.0, "MIN:kappa.mean": 0.3825, "MAX:kappa.mean": 0.43260000000000004, "MIN:kappa.max": 0.92, "MAX:kappa.max": 0.9400000000000001}