{"MIN:log_loss.min": 0.5116334550270795, "MAX:log_loss.min": 0.8279222798498725, "MIN:log_loss.mean": 0.97620463268796, "MAX:log_loss.mean": 1.4062916100248288, "MIN:log_loss.max": 1.195326617346439, "MAX:log_loss.max": 5.705217480350921, "MIN:accuracy.min": 0.3333333333333333, "MAX:accuracy.min": 0.6066666666666667, "MIN:accuracy.mean": 0.5980666666666666, "MAX:accuracy.mean": 0.6437999999999999, "MIN:accuracy.max": 0.8466666666666667, "MAX:accuracy.max": 0.9466666666666667, "MIN:kappa.min": 0.0, "MAX:kappa.min": 0.41000000000000003, "MIN:kappa.mean": 0.3971, "MAX:kappa.mean": 0.46569999999999995, "MIN:kappa.max": 0.77, "MAX:kappa.max": 0.92}