{"mean accuracy": 0.6666666666666669, "max accuracy": 0.8933333333333333, "mean kappa": 0.49999999999999994, "max kappa": 0.84}