{"MIN:log_loss.min": 0.34789811327353165, "MAX:log_loss.min": 0.5422103612687718, "MIN:log_loss.mean": 0.5241278094609776, "MAX:log_loss.mean": 0.7625904617722213, "MIN:log_loss.max": 0.7332182781056411, "MAX:log_loss.max": 2.084343139991982, "MIN:accuracy.min": 0.46, "MAX:accuracy.min": 0.6866666666666666, "MIN:accuracy.mean": 0.7383333333333334, "MAX:accuracy.mean": 0.802333333333333, "MIN:accuracy.max": 0.88, "MAX:accuracy.max": 0.94, "MIN:kappa.min": 0.18999999999999995, "MAX:kappa.min": 0.53, "MIN:kappa.mean": 0.6075, "MAX:kappa.mean": 0.7035000000000002, "MIN:kappa.max": 0.8200000000000001, "MAX:kappa.max": 0.91}