{"MIN:log_loss.min": 0.3155799046918823, "MAX:log_loss.min": 0.4598291907169513, "MIN:log_loss.mean": 0.3781875412441796, "MAX:log_loss.mean": 0.6651143770747805, "MIN:log_loss.max": 0.607761990977605, "MAX:log_loss.max": 1.5722469523167093, "MIN:accuracy.min": 0.5533333333333333, "MAX:accuracy.min": 0.7733333333333333, "MIN:accuracy.mean": 0.8596, "MAX:accuracy.mean": 0.9111999999999999, "MIN:accuracy.max": 0.96, "MAX:accuracy.max": 0.96, "MIN:kappa.min": 0.32999999999999996, "MAX:kappa.min": 0.6599999999999999, "MIN:kappa.mean": 0.7894, "MAX:kappa.mean": 0.8667999999999999, "MIN:kappa.max": 0.94, "MAX:kappa.max": 0.9400000000000001}