{"MIN:log_loss.min": 0.36891845832801434, "MAX:log_loss.min": 0.5606109075453343, "MIN:log_loss.mean": 0.6490020238228017, "MAX:log_loss.mean": 0.748961158130332, "MIN:log_loss.max": 1.0475564358797882, "MAX:log_loss.max": 1.5821606094480216, "MIN:accuracy.min": 0.21333333333333335, "MAX:accuracy.min": 0.66, "MIN:accuracy.mean": 0.7972666666666668, "MAX:accuracy.mean": 0.8530666666666665, "MIN:accuracy.max": 0.9533333333333334, "MAX:accuracy.max": 0.96, "MIN:kappa.min": -0.17999999999999994, "MAX:kappa.min": 0.49, "MIN:kappa.mean": 0.6958999999999999, "MAX:kappa.mean": 0.7796, "MIN:kappa.max": 0.9299999999999999, "MAX:kappa.max": 0.9400000000000001}