{"mean accuracy": 0.6765333333333333, "max accuracy": 0.96, "mean kappa": 0.5147999999999999, "max kappa": 0.94}