{"MIN:log_loss.min": 0.5791081474630484, "MAX:log_loss.min": 0.704711056024356, "MIN:log_loss.mean": 0.7625439986035016, "MAX:log_loss.mean": 1.551793860371399, "MIN:log_loss.max": 1.1946812598302574, "MAX:log_loss.max": 6.949412690276792, "MIN:accuracy.min": 0.54, "MAX:accuracy.min": 0.66, "MIN:accuracy.mean": 0.7307333333333333, "MAX:accuracy.mean": 0.7603333333333333, "MIN:accuracy.max": 0.9533333333333334, "MAX:accuracy.max": 0.96, "MIN:kappa.min": 0.31000000000000005, "MAX:kappa.min": 0.49, "MIN:kappa.mean": 0.5961, "MAX:kappa.mean": 0.6405, "MIN:kappa.max": 0.9299999999999999, "MAX:kappa.max": 0.9400000000000001}