{"MIN:log_loss.min": 0.36558612488697567, "MAX:log_loss.min": 0.40926245637668934, "MIN:log_loss.mean": 0.8788471046711888, "MAX:log_loss.mean": 0.9069823925028824, "MIN:log_loss.max": 1.10382998425042, "MAX:log_loss.max": 1.1188804482237378, "MIN:accuracy.min": 0.3333333333333333, "MAX:accuracy.min": 0.3333333333333333, "MIN:accuracy.mean": 0.505, "MAX:accuracy.mean": 0.5302000000000001, "MIN:accuracy.max": 0.9466666666666667, "MAX:accuracy.max": 0.98, "MIN:kappa.min": 0.0, "MAX:kappa.min": 0.0, "MIN:kappa.mean": 0.2575, "MAX:kappa.mean": 0.29530000000000006, "MIN:kappa.max": 0.92, "MAX:kappa.max": 0.97}