{"MIN:log_loss.min": 0.39534296829537546, "MAX:log_loss.min": 0.4620981203732982, "MIN:log_loss.mean": 0.6243094439183651, "MAX:log_loss.mean": 7.5483998078902825, "MIN:log_loss.max": 1.098489570229481, "MAX:log_loss.max": 11.580992271687922, "MIN:accuracy.min": 0.43333333333333335, "MAX:accuracy.min": 0.6666666666666666, "MIN:accuracy.mean": 0.6413333333333333, "MAX:accuracy.mean": 0.6666666666666669, "MIN:accuracy.max": 0.6666666666666666, "MAX:accuracy.max": 0.6666666666666666, "MIN:kappa.min": 0.15000000000000002, "MAX:kappa.min": 0.5, "MIN:kappa.mean": 0.4620000000000001, "MAX:kappa.mean": 0.5, "MIN:kappa.max": 0.5, "MAX:kappa.max": 0.5}