{"MIN:log_loss.min": 0.27818076769141137, "MAX:log_loss.min": 0.42598801441893563, "MIN:log_loss.mean": 1.3226895260021392, "MAX:log_loss.mean": 6.09654546386901, "MIN:log_loss.max": 3.0305842462815322, "MAX:log_loss.max": 23.025850930202648, "MIN:accuracy.min": 0.0, "MAX:accuracy.min": 0.3333333333333333, "MIN:accuracy.mean": 0.4885333333333334, "MAX:accuracy.mean": 0.5504666666666668, "MIN:accuracy.max": 0.9133333333333333, "MAX:accuracy.max": 0.96, "MIN:kappa.min": -0.5, "MAX:kappa.min": 0.0, "MIN:kappa.mean": 0.2328, "MAX:kappa.mean": 0.3257, "MIN:kappa.max": 0.87, "MAX:kappa.max": 0.9400000000000001}