{"MIN:log_loss.min": 0.11837278180564269, "MAX:log_loss.min": 0.12060297591640906, "MIN:log_loss.mean": 0.2892109620377633, "MAX:log_loss.mean": 0.3004575404907463, "MIN:log_loss.max": 0.873211960533731, "MAX:log_loss.max": 0.9212489579288969, "MIN:accuracy.min": 0.36, "MAX:accuracy.min": 0.6666666666666666, "MIN:accuracy.mean": 0.9317999999999996, "MAX:accuracy.mean": 0.942133333333333, "MIN:accuracy.max": 0.96, "MAX:accuracy.max": 0.9666666666666667, "MIN:kappa.min": 0.040000000000000036, "MAX:kappa.min": 0.5, "MIN:kappa.mean": 0.8976999999999997, "MAX:kappa.mean": 0.9131999999999997, "MIN:kappa.max": 0.9400000000000001, "MAX:kappa.max": 0.95}