{"MIN:log_loss.min": 0.8133270798896203, "MAX:log_loss.min": 0.9195107146117837, "MIN:log_loss.mean": 0.9114787564362891, "MAX:log_loss.mean": 0.9879575703724757, "MIN:log_loss.max": 1.0965584214480673, "MAX:log_loss.max": 1.1931518100373455, "MIN:accuracy.min": 0.6666666666666666, "MAX:accuracy.min": 0.6666666666666666, "MIN:accuracy.mean": 0.6666666666666669, "MAX:accuracy.mean": 0.6666666666666669, "MIN:accuracy.max": 0.6666666666666666, "MAX:accuracy.max": 0.6666666666666666, "MIN:kappa.min": 0.5, "MAX:kappa.min": 0.5, "MIN:kappa.mean": 0.5, "MAX:kappa.mean": 0.5, "MIN:kappa.max": 0.5, "MAX:kappa.max": 0.5}