{"MIN:log_loss.min": 0.37446071925657287, "MAX:log_loss.min": 0.604658833755026, "MIN:log_loss.mean": 0.7887781896782332, "MAX:log_loss.mean": 0.8263470409119141, "MIN:log_loss.max": 1.0913757098342587, "MAX:log_loss.max": 1.0947356712279717, "MIN:accuracy.min": 0.36666666666666664, "MAX:accuracy.min": 0.56, "MIN:accuracy.mean": 0.684466666666667, "MAX:accuracy.mean": 0.7324, "MIN:accuracy.max": 0.94, "MAX:accuracy.max": 0.96, "MIN:kappa.min": 0.050000000000000044, "MAX:kappa.min": 0.33999999999999997, "MIN:kappa.mean": 0.5267000000000001, "MAX:kappa.mean": 0.5986, "MIN:kappa.max": 0.91, "MAX:kappa.max": 0.9400000000000001}