{"MIN:log_loss.min": 0.4874008258927472, "MAX:log_loss.min": 0.6215727447371832, "MIN:log_loss.mean": 0.748860979071787, "MAX:log_loss.mean": 0.8027360880780959, "MIN:log_loss.max": 1.0931014582694707, "MAX:log_loss.max": 1.123923904548356, "MIN:accuracy.min": 0.62, "MAX:accuracy.min": 0.66, "MIN:accuracy.mean": 0.7350000000000001, "MAX:accuracy.mean": 0.775, "MIN:accuracy.max": 0.9133333333333333, "MAX:accuracy.max": 0.9533333333333334, "MIN:kappa.min": 0.43000000000000005, "MAX:kappa.min": 0.49, "MIN:kappa.mean": 0.6025, "MAX:kappa.mean": 0.6624999999999999, "MIN:kappa.max": 0.87, "MAX:kappa.max": 0.9299999999999999}