{"MIN:log_loss.min": 0.8279281568877072, "MAX:log_loss.min": 0.9070028498905509, "MIN:log_loss.mean": 0.9309989276651974, "MAX:log_loss.mean": 0.9940290288817912, "MIN:log_loss.max": 1.4227547329095016, "MAX:log_loss.max": 1.7013669287399993, "MIN:accuracy.min": 0.3333333333333333, "MAX:accuracy.min": 0.56, "MIN:accuracy.mean": 0.637, "MAX:accuracy.mean": 0.6848666666666667, "MIN:accuracy.max": 0.6666666666666666, "MAX:accuracy.max": 0.9133333333333333, "MIN:kappa.min": 0.0, "MAX:kappa.min": 0.33999999999999997, "MIN:kappa.mean": 0.45549999999999996, "MAX:kappa.mean": 0.5273, "MIN:kappa.max": 0.5, "MAX:kappa.max": 0.87}