{"MIN:log_loss.min": 0.4620981203732982, "MAX:log_loss.min": 0.7883320187913334, "MIN:log_loss.mean": 0.4714629724890072, "MAX:log_loss.mean": 1.2896186517164003, "MIN:log_loss.max": 0.7718218631597462, "MAX:log_loss.max": 7.9213900638265065, "MIN:accuracy.min": 0.34, "MAX:accuracy.min": 0.66, "MIN:accuracy.mean": 0.6665333333333335, "MAX:accuracy.mean": 0.7328, "MIN:accuracy.max": 0.6666666666666666, "MAX:accuracy.max": 0.9666666666666667, "MIN:kappa.min": 0.010000000000000009, "MAX:kappa.min": 0.49, "MIN:kappa.mean": 0.4998, "MAX:kappa.mean": 0.5992000000000001, "MIN:kappa.max": 0.5, "MAX:kappa.max": 0.95}