{"MIN:log_loss.min": 0.526380398578643, "MAX:log_loss.min": 0.7249540875441086, "MIN:log_loss.mean": 1.1717524564492654, "MAX:log_loss.mean": 7.642019225543635, "MIN:log_loss.max": 2.5337428013390992, "MAX:log_loss.max": 15.374375170528635, "MIN:accuracy.min": 0.3333333333333333, "MAX:accuracy.min": 0.3333333333333333, "MIN:accuracy.mean": 0.5322, "MAX:accuracy.mean": 0.6368, "MIN:accuracy.max": 0.6666666666666666, "MAX:accuracy.max": 0.96, "MIN:kappa.min": -2.220446049250313e-16, "MAX:kappa.min": 0.0, "MIN:kappa.mean": 0.2983, "MAX:kappa.mean": 0.4551999999999999, "MIN:kappa.max": 0.5, "MAX:kappa.max": 0.94}