{"mean accuracy": 0.6305333333333333, "max accuracy": 0.6666666666666666, "mean kappa": 0.44579999999999986, "max kappa": 0.49999999999999994}