{"mean accuracy": 0.8118000000000001, "max accuracy": 0.9266666666666666, "mean kappa": 0.7177, "max kappa": 0.89}