{"MIN:log_loss.min": 0.08555427029023159, "MAX:log_loss.min": 0.10924519194641583, "MIN:log_loss.mean": 0.20463315865836054, "MAX:log_loss.mean": 0.23422569854807607, "MIN:log_loss.max": 0.9210502145440508, "MAX:log_loss.max": 0.9210815755639692, "MIN:accuracy.min": 0.7333333333333333, "MAX:accuracy.min": 0.96, "MIN:accuracy.mean": 0.9578666666666666, "MAX:accuracy.mean": 0.9636666666666664, "MIN:accuracy.max": 0.9733333333333334, "MAX:accuracy.max": 0.9733333333333334, "MIN:kappa.min": 0.6, "MAX:kappa.min": 0.94, "MIN:kappa.mean": 0.9367999999999997, "MAX:kappa.mean": 0.9454999999999998, "MIN:kappa.max": 0.96, "MAX:kappa.max": 0.96}