{"MIN:log_loss.min": 0.17721979952480088, "MAX:log_loss.min": 0.20762223890906667, "MIN:log_loss.mean": 0.24547440723761096, "MAX:log_loss.mean": 0.28994868830252524, "MIN:log_loss.max": 0.501176196748468, "MAX:log_loss.max": 0.7564713143167368, "MIN:accuracy.min": 0.68, "MAX:accuracy.min": 0.82, "MIN:accuracy.mean": 0.9282, "MAX:accuracy.mean": 0.9386666666666666, "MIN:accuracy.max": 0.9533333333333334, "MAX:accuracy.max": 0.96, "MIN:kappa.min": 0.52, "MAX:kappa.min": 0.73, "MIN:kappa.mean": 0.8923000000000002, "MAX:kappa.mean": 0.9080000000000001, "MIN:kappa.max": 0.9299999999999999, "MAX:kappa.max": 0.9400000000000001}