{"MIN:log_loss.min": 0.26282960851681064, "MAX:log_loss.min": 0.28608488283111605, "MIN:log_loss.mean": 0.5636755405265389, "MAX:log_loss.mean": 0.6057660502568919, "MIN:log_loss.max": 1.1523420522341932, "MAX:log_loss.max": 2.227557204318153, "MIN:accuracy.min": 0.5466666666666666, "MAX:accuracy.min": 0.66, "MIN:accuracy.mean": 0.8687999999999999, "MAX:accuracy.mean": 0.8939999999999998, "MIN:accuracy.max": 0.96, "MAX:accuracy.max": 0.96, "MIN:kappa.min": 0.31999999999999995, "MAX:kappa.min": 0.49, "MIN:kappa.mean": 0.8031999999999998, "MAX:kappa.mean": 0.841, "MIN:kappa.max": 0.94, "MAX:kappa.max": 0.9400000000000001}