{"mean accuracy": 0.8910666666666668, "max accuracy": 0.9666666666666667, "mean kappa": 0.8366, "max kappa": 0.95}