{"MIN:log_loss.min": 0.7687207761426805, "MAX:log_loss.min": 0.7687207761426805, "MIN:log_loss.mean": 0.8866748483141859, "MAX:log_loss.mean": 0.8866748483141859, "MIN:log_loss.max": 1.1947148028995742, "MAX:log_loss.max": 1.1947148028995742, "MIN:accuracy.min": 0.6066666666666667, "MAX:accuracy.min": 0.6066666666666667, "MIN:accuracy.mean": 0.7046000000000001, "MAX:accuracy.mean": 0.7046000000000001, "MIN:accuracy.max": 0.9533333333333334, "MAX:accuracy.max": 0.9533333333333334, "MIN:kappa.min": 0.41000000000000003, "MAX:kappa.min": 0.41000000000000003, "MIN:kappa.mean": 0.5569000000000001, "MAX:kappa.mean": 0.5569000000000001, "MIN:kappa.max": 0.9299999999999999, "MAX:kappa.max": 0.9299999999999999}