{"MIN:log_loss.min": 0.3878423086431918, "MAX:log_loss.min": 0.946039489629723, "MIN:log_loss.mean": 0.9280487306633636, "MAX:log_loss.mean": 1.3174035670811617, "MIN:log_loss.max": 1.1696802539085422, "MAX:log_loss.max": 4.363219098084116, "MIN:accuracy.min": 0.3333333333333333, "MAX:accuracy.min": 0.5066666666666667, "MIN:accuracy.mean": 0.5732666666666667, "MAX:accuracy.mean": 0.6656666666666665, "MIN:accuracy.max": 0.6666666666666666, "MAX:accuracy.max": 0.96, "MIN:kappa.min": -2.220446049250313e-16, "MAX:kappa.min": 0.26, "MIN:kappa.mean": 0.35989999999999994, "MAX:kappa.mean": 0.49849999999999994, "MIN:kappa.max": 0.5, "MAX:kappa.max": 0.9400000000000001}