{"MIN:log_loss.min": 0.4656473976914458, "MAX:log_loss.min": 0.6212944911488512, "MIN:log_loss.mean": 0.9633648799154558, "MAX:log_loss.mean": 0.9951194742352465, "MIN:log_loss.max": 1.4158952634416468, "MAX:log_loss.max": 1.4485466078644484, "MIN:accuracy.min": 0.14, "MAX:accuracy.min": 0.23333333333333334, "MIN:accuracy.mean": 0.5341333333333332, "MAX:accuracy.mean": 0.5582, "MIN:accuracy.max": 0.9333333333333333, "MAX:accuracy.max": 0.9533333333333334, "MIN:kappa.min": -0.29000000000000004, "MAX:kappa.min": -0.1499999999999999, "MIN:kappa.mean": 0.3012, "MAX:kappa.mean": 0.3373, "MIN:kappa.max": 0.9, "MAX:kappa.max": 0.9299999999999999}