{"mean accuracy": 0.6869333333333333, "max accuracy": 0.9666666666666666, "mean kappa": 0.5304000000000001, "max kappa": 0.9499999999999998}