{"MIN:log_loss.min": 0.15592599849432154, "MAX:log_loss.min": 0.3522665714671594, "MIN:log_loss.mean": 0.32741906636261775, "MAX:log_loss.mean": 0.5163615073246166, "MIN:log_loss.max": 0.6336009847676356, "MAX:log_loss.max": 13.312195844821103, "MIN:accuracy.min": 0.5066666666666667, "MAX:accuracy.min": 0.8466666666666667, "MIN:accuracy.mean": 0.8947333333333333, "MAX:accuracy.mean": 0.9075333333333333, "MIN:accuracy.max": 0.9466666666666667, "MAX:accuracy.max": 0.9666666666666667, "MIN:kappa.min": 0.26, "MAX:kappa.min": 0.77, "MIN:kappa.mean": 0.8421000000000001, "MAX:kappa.mean": 0.8613000000000003, "MIN:kappa.max": 0.92, "MAX:kappa.max": 0.95}