{"MIN:log_loss.min": 0.6813858239665986, "MAX:log_loss.min": 0.7346459212854894, "MIN:log_loss.mean": 0.844694362317207, "MAX:log_loss.mean": 0.8922967875488342, "MIN:log_loss.max": 1.098611567605091, "MAX:log_loss.max": 1.1246858784029512, "MIN:accuracy.min": 0.5133333333333333, "MAX:accuracy.min": 0.58, "MIN:accuracy.mean": 0.7888666666666666, "MAX:accuracy.mean": 0.8298666666666666, "MIN:accuracy.max": 0.9466666666666667, "MAX:accuracy.max": 0.9666666666666667, "MIN:kappa.min": 0.27, "MAX:kappa.min": 0.37, "MIN:kappa.mean": 0.6833000000000001, "MAX:kappa.mean": 0.7447999999999999, "MIN:kappa.max": 0.92, "MAX:kappa.max": 0.95}