{"MIN:log_loss.min": 0.4621000070507647, "MAX:log_loss.min": 0.709505117139376, "MIN:log_loss.mean": 0.7434110740337841, "MAX:log_loss.mean": 4.701019359557667, "MIN:log_loss.max": 1.2173576216353872, "MAX:log_loss.max": 11.696718789488175, "MIN:accuracy.min": 0.3333333333333333, "MAX:accuracy.min": 0.3333333333333333, "MIN:accuracy.mean": 0.5339999999999999, "MAX:accuracy.mean": 0.5888666666666666, "MIN:accuracy.max": 0.6666666666666666, "MAX:accuracy.max": 0.7533333333333333, "MIN:kappa.min": -2.220446049250313e-16, "MAX:kappa.min": 0.0, "MIN:kappa.mean": 0.301, "MAX:kappa.mean": 0.38330000000000003, "MIN:kappa.max": 0.5, "MAX:kappa.max": 0.63}