{"MIN:log_loss.min": 0.35929373655546487, "MAX:log_loss.min": 0.42929932861606357, "MIN:log_loss.mean": 0.6983957037693331, "MAX:log_loss.mean": 0.730324730819965, "MIN:log_loss.max": 1.0811258485816089, "MAX:log_loss.max": 1.1154051632928084, "MIN:accuracy.min": 0.5533333333333333, "MAX:accuracy.min": 0.6666666666666666, "MIN:accuracy.mean": 0.8446666666666665, "MAX:accuracy.mean": 0.8617999999999999, "MIN:accuracy.max": 0.96, "MAX:accuracy.max": 0.96, "MIN:kappa.min": 0.32999999999999996, "MAX:kappa.min": 0.5, "MIN:kappa.mean": 0.767, "MAX:kappa.mean": 0.7927, "MIN:kappa.max": 0.94, "MAX:kappa.max": 0.9400000000000001}