{"MIN:log_loss.min": 0.12695853816573782, "MAX:log_loss.min": 0.48047953377759695, "MIN:log_loss.mean": 0.6780201862056723, "MAX:log_loss.mean": 0.8108573169709691, "MIN:log_loss.max": 1.004710951383436, "MAX:log_loss.max": 3.156911245476672, "MIN:accuracy.min": 0.3333333333333333, "MAX:accuracy.min": 0.8066666666666666, "MIN:accuracy.mean": 0.7954666666666668, "MAX:accuracy.mean": 0.8640666666666666, "MIN:accuracy.max": 0.8533333333333334, "MAX:accuracy.max": 0.96, "MIN:kappa.min": 0.0, "MAX:kappa.min": 0.71, "MIN:kappa.mean": 0.6932, "MAX:kappa.mean": 0.7961, "MIN:kappa.max": 0.78, "MAX:kappa.max": 0.9400000000000001}