{"MIN:log_loss.min": 0.1788879472917352, "MAX:log_loss.min": 0.3542613237401792, "MIN:log_loss.mean": 6.56131037742512, "MAX:log_loss.mean": 10.896961535571155, "MIN:log_loss.max": 11.512925464970227, "MAX:log_loss.max": 13.58525204866487, "MIN:accuracy.min": 0.41333333333333333, "MAX:accuracy.min": 0.62, "MIN:accuracy.mean": 0.6656666666666667, "MAX:accuracy.mean": 0.6734666666666669, "MIN:accuracy.max": 0.78, "MAX:accuracy.max": 0.9533333333333334, "MIN:kappa.min": 0.12, "MAX:kappa.min": 0.43000000000000005, "MIN:kappa.mean": 0.4985, "MAX:kappa.mean": 0.5102, "MIN:kappa.max": 0.6699999999999999, "MAX:kappa.max": 0.93}