{"MIN:log_loss.min": 0.5963086830256927, "MAX:log_loss.min": 0.6423461396301369, "MIN:log_loss.mean": 0.7292430288539614, "MAX:log_loss.mean": 0.7636200702923827, "MIN:log_loss.max": 1.1773589699427558, "MAX:log_loss.max": 1.178053819629068, "MIN:accuracy.min": 0.3333333333333333, "MAX:accuracy.min": 0.5666666666666667, "MIN:accuracy.mean": 0.7428666666666666, "MAX:accuracy.mean": 0.8523999999999999, "MIN:accuracy.max": 0.8933333333333333, "MAX:accuracy.max": 0.96, "MIN:kappa.min": 0.0, "MAX:kappa.min": 0.35, "MIN:kappa.mean": 0.6143, "MAX:kappa.mean": 0.7785999999999998, "MIN:kappa.max": 0.84, "MAX:kappa.max": 0.94}