{"MIN:log_loss.min": 0.06252076540607689, "MAX:log_loss.min": 0.09719382142437559, "MIN:log_loss.mean": 0.2790452650602273, "MAX:log_loss.mean": 0.4430354556401655, "MIN:log_loss.max": 0.7879657112548127, "MAX:log_loss.max": 3.84951377263779, "MIN:accuracy.min": 0.6666666666666666, "MAX:accuracy.min": 0.7266666666666667, "MIN:accuracy.mean": 0.9307333333333332, "MAX:accuracy.mean": 0.9409333333333335, "MIN:accuracy.max": 0.9733333333333334, "MAX:accuracy.max": 0.98, "MIN:kappa.min": 0.5, "MAX:kappa.min": 0.5900000000000001, "MIN:kappa.mean": 0.8961000000000001, "MAX:kappa.mean": 0.9114000000000001, "MIN:kappa.max": 0.96, "MAX:kappa.max": 0.97}