{"MIN:log_loss.min": 0.3340703135544116, "MAX:log_loss.min": 1.0387298505758387, "MIN:log_loss.mean": 1.0817448111106454, "MAX:log_loss.mean": 5.870666790292624, "MIN:log_loss.max": 1.1554394647227313, "MAX:log_loss.max": 23.025850929940454, "MIN:accuracy.min": 0.3333333333333333, "MAX:accuracy.min": 0.6666666666666666, "MIN:accuracy.mean": 0.6385999999999998, "MAX:accuracy.mean": 0.7106666666666669, "MIN:accuracy.max": 0.6666666666666666, "MAX:accuracy.max": 0.96, "MIN:kappa.min": -2.220446049250313e-16, "MAX:kappa.min": 0.5, "MIN:kappa.mean": 0.4579000000000001, "MAX:kappa.mean": 0.5660000000000001, "MIN:kappa.max": 0.5, "MAX:kappa.max": 0.9400000000000001}