{"MIN:log_loss.min": 0.10518410421899695, "MAX:log_loss.min": 0.1865481638366894, "MIN:log_loss.mean": 0.5455711832653419, "MAX:log_loss.mean": 0.6134581262060245, "MIN:log_loss.max": 1.0979699714185356, "MAX:log_loss.max": 1.0985652660862524, "MIN:accuracy.min": 0.3333333333333333, "MAX:accuracy.min": 0.5666666666666667, "MIN:accuracy.mean": 0.7160000000000001, "MAX:accuracy.mean": 0.7996, "MIN:accuracy.max": 0.94, "MAX:accuracy.max": 0.9733333333333334, "MIN:kappa.min": 0.0, "MAX:kappa.min": 0.35, "MIN:kappa.mean": 0.574, "MAX:kappa.mean": 0.6993999999999998, "MIN:kappa.max": 0.91, "MAX:kappa.max": 0.96}