{"MIN:log_loss.min": 0.7445116337498235, "MAX:log_loss.min": 0.7936890300279492, "MIN:log_loss.mean": 1.1963577652936304, "MAX:log_loss.mean": 1.2674355059682691, "MIN:log_loss.max": 2.326174773787609, "MAX:log_loss.max": 2.548857347835738, "MIN:accuracy.min": 0.3333333333333333, "MAX:accuracy.min": 0.3333333333333333, "MIN:accuracy.mean": 0.6001333333333332, "MAX:accuracy.mean": 0.6001333333333332, "MIN:accuracy.max": 0.6666666666666666, "MAX:accuracy.max": 0.6666666666666666, "MIN:kappa.min": 0.0, "MAX:kappa.min": 0.0, "MIN:kappa.mean": 0.40020000000000006, "MAX:kappa.mean": 0.40020000000000006, "MIN:kappa.max": 0.5, "MAX:kappa.max": 0.5}