{"MIN:log_loss.min": 0.42223486707383556, "MAX:log_loss.min": 1.0034139761272804, "MIN:log_loss.mean": 0.9589495340400035, "MAX:log_loss.mean": 4.81301905386968, "MIN:log_loss.max": 1.0970819897948685, "MAX:log_loss.max": 12.024719080391272, "MIN:accuracy.min": 0.3333333333333333, "MAX:accuracy.min": 0.6466666666666666, "MIN:accuracy.mean": 0.6112000000000001, "MAX:accuracy.mean": 0.6662, "MIN:accuracy.max": 0.62, "MAX:accuracy.max": 0.9533333333333334, "MIN:kappa.min": -2.220446049250313e-16, "MAX:kappa.min": 0.47, "MIN:kappa.mean": 0.4168, "MAX:kappa.mean": 0.4993, "MIN:kappa.max": 0.43000000000000005, "MAX:kappa.max": 0.9299999999999999}