{"MIN:log_loss.min": 0.11008047163452585, "MAX:log_loss.min": 0.9529062548920872, "MIN:log_loss.mean": 0.74460330520331, "MAX:log_loss.mean": 1.2353817904893676, "MIN:log_loss.max": 1.1896668824724184, "MAX:log_loss.max": 2.1175858648331367, "MIN:accuracy.min": 0.0, "MAX:accuracy.min": 0.64, "MIN:accuracy.mean": 0.6037333333333332, "MAX:accuracy.mean": 0.6862000000000001, "MIN:accuracy.max": 0.6666666666666666, "MAX:accuracy.max": 0.9666666666666667, "MIN:kappa.min": -0.4999999999999998, "MAX:kappa.min": 0.45999999999999996, "MIN:kappa.mean": 0.4056, "MAX:kappa.mean": 0.5293, "MIN:kappa.max": 0.5, "MAX:kappa.max": 0.95}