{"MIN:log_loss.min": 0.4126451497960248, "MAX:log_loss.min": 0.5646741001242152, "MIN:log_loss.mean": 3.2412149315968053, "MAX:log_loss.mean": 5.407344405530191, "MIN:log_loss.max": 20.426629137163808, "MAX:log_loss.max": 23.025850929940454, "MIN:accuracy.min": 0.3333333333333333, "MAX:accuracy.min": 0.3333333333333333, "MIN:accuracy.mean": 0.6640666666666668, "MAX:accuracy.mean": 0.6823999999999998, "MIN:accuracy.max": 0.9533333333333334, "MAX:accuracy.max": 0.96, "MIN:kappa.min": 0.0, "MAX:kappa.min": 1.1102230246251565e-16, "MIN:kappa.mean": 0.4961, "MAX:kappa.mean": 0.5236, "MIN:kappa.max": 0.9299999999999999, "MAX:kappa.max": 0.9400000000000001}