{"MIN:log_loss.min": 0.22922600061418005, "MAX:log_loss.min": 0.42221349198376096, "MIN:log_loss.mean": 0.656110208052008, "MAX:log_loss.mean": 0.7527016113769095, "MIN:log_loss.max": 1.0964308760137031, "MAX:log_loss.max": 1.219749303158456, "MIN:accuracy.min": 0.3333333333333333, "MAX:accuracy.min": 0.3333333333333333, "MIN:accuracy.mean": 0.6431333333333333, "MAX:accuracy.mean": 0.6585999999999999, "MIN:accuracy.max": 0.9333333333333333, "MAX:accuracy.max": 0.96, "MIN:kappa.min": 0.0, "MAX:kappa.min": 0.0, "MIN:kappa.mean": 0.46470000000000006, "MAX:kappa.mean": 0.48790000000000006, "MIN:kappa.max": 0.9, "MAX:kappa.max": 0.9400000000000001}