{"MIN:log_loss.min": 0.32115547523931137, "MAX:log_loss.min": 0.39461301166369916, "MIN:log_loss.mean": 0.6098845401649161, "MAX:log_loss.mean": 0.7411695323214742, "MIN:log_loss.max": 4.361859834316092, "MAX:log_loss.max": 10.271303591774622, "MIN:accuracy.min": 0.3333333333333333, "MAX:accuracy.min": 0.5133333333333333, "MIN:accuracy.mean": 0.8627999999999997, "MAX:accuracy.mean": 0.9129333333333333, "MIN:accuracy.max": 0.96, "MAX:accuracy.max": 0.96, "MIN:kappa.min": 0.0, "MAX:kappa.min": 0.27, "MIN:kappa.mean": 0.7941999999999999, "MAX:kappa.mean": 0.8693999999999998, "MIN:kappa.max": 0.94, "MAX:kappa.max": 0.9400000000000001}