{"MIN:log_loss.min": 0.4761742395071266, "MAX:log_loss.min": 0.5252097969478787, "MIN:log_loss.mean": 0.7519655034823005, "MAX:log_loss.mean": 0.7822023568862381, "MIN:log_loss.max": 1.1952430305762396, "MAX:log_loss.max": 1.1952430305849986, "MIN:accuracy.min": 0.36666666666666664, "MAX:accuracy.min": 0.6666666666666666, "MIN:accuracy.mean": 0.8206666666666667, "MAX:accuracy.mean": 0.8431333333333331, "MIN:accuracy.max": 0.96, "MAX:accuracy.max": 0.96, "MIN:kappa.min": 0.050000000000000044, "MAX:kappa.min": 0.5, "MIN:kappa.mean": 0.7310000000000001, "MAX:kappa.mean": 0.7646999999999999, "MIN:kappa.max": 0.9400000000000001, "MAX:kappa.max": 0.9400000000000001}