{"MIN:log_loss.min": 0.1356687632374723, "MAX:log_loss.min": 0.2082080877438733, "MIN:log_loss.mean": 0.5464371321383329, "MAX:log_loss.mean": 0.6655769552607077, "MIN:log_loss.max": 2.8839556484917352, "MAX:log_loss.max": 3.042922594937268, "MIN:accuracy.min": 0.3333333333333333, "MAX:accuracy.min": 0.44, "MIN:accuracy.mean": 0.7965333333333332, "MAX:accuracy.mean": 0.8305999999999999, "MIN:accuracy.max": 0.96, "MAX:accuracy.max": 0.9666666666666667, "MIN:kappa.min": 0.0, "MAX:kappa.min": 0.16000000000000003, "MIN:kappa.mean": 0.6947999999999999, "MAX:kappa.mean": 0.7459000000000002, "MIN:kappa.max": 0.9400000000000001, "MAX:kappa.max": 0.95}