{"MIN:log_loss.min": 0.26722105985262784, "MAX:log_loss.min": 0.4703935440130488, "MIN:log_loss.mean": 0.4647995485194087, "MAX:log_loss.mean": 0.9166654104493958, "MIN:log_loss.max": 0.8077336763478804, "MAX:log_loss.max": 9.742788786480402, "MIN:accuracy.min": 0.24, "MAX:accuracy.min": 0.6066666666666667, "MIN:accuracy.mean": 0.6976, "MAX:accuracy.mean": 0.9074000000000001, "MIN:accuracy.max": 0.9066666666666666, "MAX:accuracy.max": 0.96, "MIN:kappa.min": -0.1399999999999999, "MAX:kappa.min": 0.41000000000000003, "MIN:kappa.mean": 0.5463999999999999, "MAX:kappa.mean": 0.8611, "MIN:kappa.max": 0.86, "MAX:kappa.max": 0.9400000000000001}