{"MIN:log_loss.min": 0.10380912917473817, "MAX:log_loss.min": 0.18454934652553173, "MIN:log_loss.mean": 0.4797574349538365, "MAX:log_loss.mean": 0.5925430931512605, "MIN:log_loss.max": 9.820588077325729, "MAX:log_loss.max": 20.53551962477623, "MIN:accuracy.min": 0.34, "MAX:accuracy.min": 0.52, "MIN:accuracy.mean": 0.9237999999999998, "MAX:accuracy.mean": 0.940533333333333, "MIN:accuracy.max": 0.96, "MAX:accuracy.max": 0.9666666666666667, "MIN:kappa.min": 0.010000000000000009, "MAX:kappa.min": 0.28, "MIN:kappa.mean": 0.8856999999999999, "MAX:kappa.mean": 0.9107999999999999, "MIN:kappa.max": 0.94, "MAX:kappa.max": 0.95}