{"MIN:log_loss.min": 0.29230228098561534, "MAX:log_loss.min": 0.34020525582807287, "MIN:log_loss.mean": 0.3949212199885338, "MAX:log_loss.mean": 0.4226652707101152, "MIN:log_loss.max": 0.6985756183444022, "MAX:log_loss.max": 0.7711818976331909, "MIN:accuracy.min": 0.7066666666666667, "MAX:accuracy.min": 0.8533333333333334, "MIN:accuracy.mean": 0.9426666666666668, "MAX:accuracy.mean": 0.9495333333333332, "MIN:accuracy.max": 0.96, "MAX:accuracy.max": 0.9666666666666667, "MIN:kappa.min": 0.56, "MAX:kappa.min": 0.78, "MIN:kappa.mean": 0.914, "MAX:kappa.mean": 0.9242999999999998, "MIN:kappa.max": 0.9400000000000001, "MAX:kappa.max": 0.95}