{"MIN:log_loss.min": 0.5080723897582059, "MAX:log_loss.min": 0.5201260739943105, "MIN:log_loss.mean": 0.7513815431674523, "MAX:log_loss.mean": 0.7608428105571289, "MIN:log_loss.max": 1.2180090786995197, "MAX:log_loss.max": 1.2180090787020337, "MIN:accuracy.min": 0.3333333333333333, "MAX:accuracy.min": 0.3333333333333333, "MIN:accuracy.mean": 0.6406000000000001, "MAX:accuracy.mean": 0.6426666666666668, "MIN:accuracy.max": 0.8533333333333334, "MAX:accuracy.max": 0.8533333333333334, "MIN:kappa.min": 0.0, "MAX:kappa.min": 0.0, "MIN:kappa.mean": 0.4609, "MAX:kappa.mean": 0.46399999999999997, "MIN:kappa.max": 0.78, "MAX:kappa.max": 0.78}