{"MIN:log_loss.min": 0.3358296479599205, "MAX:log_loss.min": 0.3589437331666217, "MIN:log_loss.mean": 0.654548046669713, "MAX:log_loss.mean": 0.6655295844323948, "MIN:log_loss.max": 1.2172517876487858, "MAX:log_loss.max": 1.2185518949978194, "MIN:accuracy.min": 0.3333333333333333, "MAX:accuracy.min": 0.3333333333333333, "MIN:accuracy.mean": 0.766133333333333, "MAX:accuracy.mean": 0.8119333333333332, "MIN:accuracy.max": 0.96, "MAX:accuracy.max": 0.9666666666666667, "MIN:kappa.min": -2.220446049250313e-16, "MAX:kappa.min": 0.0, "MIN:kappa.mean": 0.6492, "MAX:kappa.mean": 0.7178999999999999, "MIN:kappa.max": 0.9400000000000001, "MAX:kappa.max": 0.95}