{"MIN:log_loss.min": 0.6910463240642154, "MAX:log_loss.min": 0.8290273736349195, "MIN:log_loss.mean": 0.860848407347585, "MAX:log_loss.mean": 1.0653795392076608, "MIN:log_loss.max": 1.0945806649872103, "MAX:log_loss.max": 1.554208247320801, "MIN:accuracy.min": 0.6066666666666667, "MAX:accuracy.min": 0.66, "MIN:accuracy.mean": 0.6627333333333335, "MAX:accuracy.mean": 0.6695333333333336, "MIN:accuracy.max": 0.6666666666666666, "MAX:accuracy.max": 0.9, "MIN:kappa.min": 0.41000000000000003, "MAX:kappa.min": 0.49, "MIN:kappa.mean": 0.4941000000000001, "MAX:kappa.mean": 0.5043, "MIN:kappa.max": 0.5, "MAX:kappa.max": 0.85}