{"mean accuracy": 0.7143333333333334, "max accuracy": 0.9466666666666667, "mean kappa": 0.5715000000000002, "max kappa": 0.9199999999999999}