{"mean accuracy": 0.9134666666666666, "max accuracy": 0.9666666666666666, "mean kappa": 0.8701999999999999, "max kappa": 0.9499999999999998}