{"MIN:log_loss.min": 0.5583086033228329, "MAX:log_loss.min": 0.5583086033228329, "MIN:log_loss.mean": 0.6782875883745585, "MAX:log_loss.mean": 0.6782875883745585, "MIN:log_loss.max": 1.0590421806389059, "MAX:log_loss.max": 1.0590421806389059, "MIN:accuracy.min": 0.6666666666666666, "MAX:accuracy.min": 0.6666666666666666, "MIN:accuracy.mean": 0.8793333333333334, "MAX:accuracy.mean": 0.8793333333333334, "MIN:accuracy.max": 0.9733333333333334, "MAX:accuracy.max": 0.9733333333333334, "MIN:kappa.min": 0.5, "MAX:kappa.min": 0.5, "MIN:kappa.mean": 0.8190000000000001, "MAX:kappa.mean": 0.8190000000000001, "MIN:kappa.max": 0.96, "MAX:kappa.max": 0.96}