{"mean accuracy": 0.6790666666666665, "max accuracy": 0.9666666666666666, "mean kappa": 0.5186000000000001, "max kappa": 0.9499999999999998}