{"MIN:log_loss.min": 0.3318190679692169, "MAX:log_loss.min": 0.5860059934165179, "MIN:log_loss.mean": 1.0458725542976552, "MAX:log_loss.mean": 3.2911527961711067, "MIN:log_loss.max": 1.5857461571762361, "MAX:log_loss.max": 4.552696644407197, "MIN:accuracy.min": 0.3333333333333333, "MAX:accuracy.min": 0.3333333333333333, "MIN:accuracy.mean": 0.3969333333333334, "MAX:accuracy.mean": 0.5752666666666666, "MIN:accuracy.max": 0.8866666666666667, "MAX:accuracy.max": 0.9066666666666666, "MIN:kappa.min": -2.220446049250313e-16, "MAX:kappa.min": 0.0, "MIN:kappa.mean": 0.09540000000000001, "MAX:kappa.mean": 0.3629, "MIN:kappa.max": 0.83, "MAX:kappa.max": 0.86}