{"MIN:log_loss.min": 0.31442390469539505, "MAX:log_loss.min": 0.31455377501994, "MIN:log_loss.mean": 0.4717756778776399, "MAX:log_loss.mean": 0.49800469543735276, "MIN:log_loss.max": 0.791782481289262, "MAX:log_loss.max": 0.868567463602959, "MIN:accuracy.min": 0.66, "MAX:accuracy.min": 0.66, "MIN:accuracy.mean": 0.8619999999999999, "MAX:accuracy.mean": 0.8623333333333332, "MIN:accuracy.max": 0.96, "MAX:accuracy.max": 0.96, "MIN:kappa.min": 0.49, "MAX:kappa.min": 0.49, "MIN:kappa.mean": 0.7929999999999999, "MAX:kappa.mean": 0.7935, "MIN:kappa.max": 0.9400000000000001, "MAX:kappa.max": 0.9400000000000001}