{"MIN:log_loss.min": 0.694259874120769, "MAX:log_loss.min": 0.8142267145525522, "MIN:log_loss.mean": 0.8571196271869309, "MAX:log_loss.mean": 0.9358431431763967, "MIN:log_loss.max": 1.109018876907001, "MAX:log_loss.max": 1.3681103952558973, "MIN:accuracy.min": 0.3333333333333333, "MAX:accuracy.min": 0.3333333333333333, "MIN:accuracy.mean": 0.6178666666666667, "MAX:accuracy.mean": 0.6332666666666668, "MIN:accuracy.max": 0.9266666666666666, "MAX:accuracy.max": 0.9533333333333334, "MIN:kappa.min": -2.220446049250313e-16, "MAX:kappa.min": 1.1102230246251565e-16, "MIN:kappa.mean": 0.4268, "MAX:kappa.mean": 0.4499, "MIN:kappa.max": 0.89, "MAX:kappa.max": 0.9299999999999999}