{"MIN:log_loss.min": 0.3696795583593027, "MAX:log_loss.min": 0.3917554223689157, "MIN:log_loss.mean": 0.6010232316616114, "MAX:log_loss.mean": 0.6209072548741649, "MIN:log_loss.max": 1.0985411304837245, "MAX:log_loss.max": 1.223920378569552, "MIN:accuracy.min": 0.3333333333333333, "MAX:accuracy.min": 0.38, "MIN:accuracy.mean": 0.7963333333333331, "MAX:accuracy.mean": 0.8270666666666666, "MIN:accuracy.max": 0.9533333333333334, "MAX:accuracy.max": 0.9666666666666667, "MIN:kappa.min": 0.0, "MAX:kappa.min": 0.06999999999999995, "MIN:kappa.mean": 0.6944999999999998, "MAX:kappa.mean": 0.7405999999999999, "MIN:kappa.max": 0.9299999999999999, "MAX:kappa.max": 0.95}