{"mean accuracy": 0.6276, "max accuracy": 0.8999999999999999, "mean kappa": 0.4414000000000001, "max kappa": 0.8499999999999999}