{"MIN:log_loss.min": 0.10248286170915412, "MAX:log_loss.min": 0.3923362510681377, "MIN:log_loss.mean": 0.7962237899836968, "MAX:log_loss.mean": 1.8430952924728186, "MIN:log_loss.max": 1.4602361407062863, "MAX:log_loss.max": 19.72519238810599, "MIN:accuracy.min": 0.18, "MAX:accuracy.min": 0.3333333333333333, "MIN:accuracy.mean": 0.36226666666666674, "MAX:accuracy.mean": 0.7141333333333332, "MIN:accuracy.max": 0.9133333333333333, "MAX:accuracy.max": 0.9666666666666667, "MIN:kappa.min": -0.22999999999999998, "MAX:kappa.min": 1.1102230246251565e-16, "MIN:kappa.mean": 0.043400000000000084, "MAX:kappa.mean": 0.5711999999999999, "MIN:kappa.max": 0.87, "MAX:kappa.max": 0.95}