{"MIN:log_loss.min": 0.4510185684315987, "MAX:log_loss.min": 0.5870620322174299, "MIN:log_loss.mean": 0.7422377406950094, "MAX:log_loss.mean": 0.7984697590924498, "MIN:log_loss.max": 1.069455220086847, "MAX:log_loss.max": 1.6931169485790072, "MIN:accuracy.min": 0.44666666666666666, "MAX:accuracy.min": 0.66, "MIN:accuracy.mean": 0.7471333333333332, "MAX:accuracy.mean": 0.7879999999999999, "MIN:accuracy.max": 0.96, "MAX:accuracy.max": 0.96, "MIN:kappa.min": 0.17000000000000004, "MAX:kappa.min": 0.49, "MIN:kappa.mean": 0.6207, "MAX:kappa.mean": 0.682, "MIN:kappa.max": 0.94, "MAX:kappa.max": 0.9400000000000001}