{"mean accuracy": 0.9353333333333333, "max accuracy": 0.96, "mean kappa": 0.9030000000000001, "max kappa": 0.94}