{"MIN:log_loss.min": 0.11299908877922188, "MAX:log_loss.min": 0.18755789490121585, "MIN:log_loss.mean": 1.1471433070745554, "MAX:log_loss.mean": 1.5016184158291421, "MIN:log_loss.max": 2.0723265836946423, "MAX:log_loss.max": 4.591621898298733, "MIN:accuracy.min": 0.3333333333333333, "MAX:accuracy.min": 0.3333333333333333, "MIN:accuracy.mean": 0.7283333333333333, "MAX:accuracy.mean": 0.7611333333333333, "MIN:accuracy.max": 0.9666666666666667, "MAX:accuracy.max": 0.9666666666666667, "MIN:kappa.min": 0.0, "MAX:kappa.min": 0.0, "MIN:kappa.mean": 0.5925, "MAX:kappa.mean": 0.6416999999999998, "MIN:kappa.max": 0.95, "MAX:kappa.max": 0.95}