{"MIN:log_loss.min": 0.13303312255982022, "MAX:log_loss.min": 0.15146976168794368, "MIN:log_loss.mean": 0.33694528338679564, "MAX:log_loss.mean": 0.39040440457616504, "MIN:log_loss.max": 0.7076464199630412, "MAX:log_loss.max": 0.7565309118896671, "MIN:accuracy.min": 0.7333333333333333, "MAX:accuracy.min": 0.86, "MIN:accuracy.mean": 0.9058666666666666, "MAX:accuracy.mean": 0.9189999999999998, "MIN:accuracy.max": 0.96, "MAX:accuracy.max": 0.96, "MIN:kappa.min": 0.6, "MAX:kappa.min": 0.79, "MIN:kappa.mean": 0.8588, "MAX:kappa.mean": 0.8785000000000001, "MIN:kappa.max": 0.9400000000000001, "MAX:kappa.max": 0.9400000000000001}