{"MIN:log_loss.min": 0.6703288150938482, "MAX:log_loss.min": 0.9460338760790815, "MIN:log_loss.mean": 0.8689318614971636, "MAX:log_loss.mean": 1.0742207477056602, "MIN:log_loss.max": 1.1196947588118817, "MAX:log_loss.max": 1.3393658754560602, "MIN:accuracy.min": 0.3333333333333333, "MAX:accuracy.min": 0.3333333333333333, "MIN:accuracy.mean": 0.5833999999999999, "MAX:accuracy.mean": 0.632, "MIN:accuracy.max": 0.6666666666666666, "MAX:accuracy.max": 0.8466666666666667, "MIN:kappa.min": -2.220446049250313e-16, "MAX:kappa.min": 0.0, "MIN:kappa.mean": 0.37510000000000004, "MAX:kappa.mean": 0.44800000000000006, "MIN:kappa.max": 0.5, "MAX:kappa.max": 0.77}