{"MIN:log_loss.min": 0.1533126398645106, "MAX:log_loss.min": 0.17752477127934288, "MIN:log_loss.mean": 0.5989472512342554, "MAX:log_loss.mean": 0.7159486681391907, "MIN:log_loss.max": 1.3092554545614146, "MAX:log_loss.max": 1.3815542594506454, "MIN:accuracy.min": 0.56, "MAX:accuracy.min": 0.6666666666666666, "MIN:accuracy.mean": 0.8306666666666667, "MAX:accuracy.mean": 0.8664666666666667, "MIN:accuracy.max": 0.96, "MAX:accuracy.max": 0.9666666666666667, "MIN:kappa.min": 0.33999999999999997, "MAX:kappa.min": 0.5, "MIN:kappa.mean": 0.7460000000000001, "MAX:kappa.mean": 0.7997000000000001, "MIN:kappa.max": 0.9400000000000001, "MAX:kappa.max": 0.95}