{"MIN:log_loss.min": 0.5074804359544332, "MAX:log_loss.min": 0.5941713985052153, "MIN:log_loss.mean": 0.64424365030495, "MAX:log_loss.mean": 0.6972493807712038, "MIN:log_loss.max": 0.9782228759052384, "MAX:log_loss.max": 1.0038952431886483, "MIN:accuracy.min": 0.36666666666666664, "MAX:accuracy.min": 0.56, "MIN:accuracy.mean": 0.8536666666666665, "MAX:accuracy.mean": 0.8737999999999999, "MIN:accuracy.max": 0.96, "MAX:accuracy.max": 0.96, "MIN:kappa.min": 0.04999999999999982, "MAX:kappa.min": 0.33999999999999997, "MIN:kappa.mean": 0.7804999999999999, "MAX:kappa.mean": 0.8107000000000001, "MIN:kappa.max": 0.94, "MAX:kappa.max": 0.9400000000000001}