{"MIN:log_loss.min": 0.11614113749861488, "MAX:log_loss.min": 1.0874873107828322, "MIN:log_loss.mean": 0.7185617219097648, "MAX:log_loss.mean": 4.233922400061398, "MIN:log_loss.max": 1.0986122783169732, "MAX:log_loss.max": 11.499262725537811, "MIN:accuracy.min": 0.3333333333333333, "MAX:accuracy.min": 0.4866666666666667, "MIN:accuracy.mean": 0.6007333333333333, "MAX:accuracy.mean": 0.7024000000000001, "MIN:accuracy.max": 0.6666666666666666, "MAX:accuracy.max": 0.96, "MIN:kappa.min": 0.0, "MAX:kappa.min": 0.22999999999999998, "MIN:kappa.mean": 0.4011, "MAX:kappa.mean": 0.5535999999999999, "MIN:kappa.max": 0.5, "MAX:kappa.max": 0.9400000000000001}