{"MIN:log_loss.min": 0.4040909067315527, "MAX:log_loss.min": 0.4280613655527615, "MIN:log_loss.mean": 0.5725216157706012, "MAX:log_loss.mean": 0.7691500735210738, "MIN:log_loss.max": 1.3557495519947516, "MAX:log_loss.max": 3.6342228620494357, "MIN:accuracy.min": 0.48, "MAX:accuracy.min": 0.52, "MIN:accuracy.mean": 0.7972, "MAX:accuracy.mean": 0.8181333333333334, "MIN:accuracy.max": 0.96, "MAX:accuracy.max": 0.96, "MIN:kappa.min": 0.21999999999999997, "MAX:kappa.min": 0.28, "MIN:kappa.mean": 0.6957999999999999, "MAX:kappa.mean": 0.7272, "MIN:kappa.max": 0.94, "MAX:kappa.max": 0.9400000000000001}