{"MIN:log_loss.min": 0.2888900619304795, "MAX:log_loss.min": 0.9411921241909621, "MIN:log_loss.mean": 0.6428429116438761, "MAX:log_loss.mean": 0.9791716358317761, "MIN:log_loss.max": 1.0982233481771648, "MAX:log_loss.max": 1.3939366081052675, "MIN:accuracy.min": 0.04666666666666667, "MAX:accuracy.min": 0.66, "MIN:accuracy.mean": 0.6003333333333333, "MAX:accuracy.mean": 0.6792000000000001, "MIN:accuracy.max": 0.66, "MAX:accuracy.max": 0.96, "MIN:kappa.min": -0.42999999999999994, "MAX:kappa.min": 0.49, "MIN:kappa.mean": 0.40049999999999997, "MAX:kappa.mean": 0.5188, "MIN:kappa.max": 0.49, "MAX:kappa.max": 0.9400000000000001}