{"MIN:log_loss.min": 0.13660296785484227, "MAX:log_loss.min": 0.19079347089932247, "MIN:log_loss.mean": 0.43330752982788895, "MAX:log_loss.mean": 0.4798783811497287, "MIN:log_loss.max": 1.5587473305970294, "MAX:log_loss.max": 4.492528174332152, "MIN:accuracy.min": 0.6, "MAX:accuracy.min": 0.6533333333333333, "MIN:accuracy.mean": 0.8751999999999996, "MAX:accuracy.mean": 0.9019333333333333, "MIN:accuracy.max": 0.96, "MAX:accuracy.max": 0.9666666666666667, "MIN:kappa.min": 0.40000000000000013, "MAX:kappa.min": 0.4800000000000001, "MIN:kappa.mean": 0.8127999999999999, "MAX:kappa.mean": 0.8529000000000001, "MIN:kappa.max": 0.9400000000000001, "MAX:kappa.max": 0.95}