{"MIN:log_loss.min": 0.09859362039983029, "MAX:log_loss.min": 0.1715257096421233, "MIN:log_loss.mean": 0.28595660756926633, "MAX:log_loss.mean": 0.37864143241600756, "MIN:log_loss.max": 0.7245862100320494, "MAX:log_loss.max": 0.8454448035090307, "MIN:accuracy.min": 0.6466666666666666, "MAX:accuracy.min": 0.9466666666666667, "MIN:accuracy.mean": 0.9469333333333334, "MAX:accuracy.mean": 0.9564666666666666, "MIN:accuracy.max": 0.9533333333333334, "MAX:accuracy.max": 0.9733333333333334, "MIN:kappa.min": 0.47, "MAX:kappa.min": 0.92, "MIN:kappa.mean": 0.9203999999999999, "MAX:kappa.mean": 0.9346999999999999, "MIN:kappa.max": 0.9299999999999999, "MAX:kappa.max": 0.96}