{"MIN:log_loss.min": 0.7697486179242915, "MAX:log_loss.min": 0.8059470500192334, "MIN:log_loss.mean": 0.8734039221086678, "MAX:log_loss.mean": 0.9343771467018361, "MIN:log_loss.max": 1.0161068681294576, "MAX:log_loss.max": 3.778010482612655, "MIN:accuracy.min": 0.6666666666666666, "MAX:accuracy.min": 0.6666666666666666, "MIN:accuracy.mean": 0.6666666666666669, "MAX:accuracy.mean": 0.6666666666666669, "MIN:accuracy.max": 0.6666666666666666, "MAX:accuracy.max": 0.6666666666666666, "MIN:kappa.min": 0.5, "MAX:kappa.min": 0.5, "MIN:kappa.mean": 0.5, "MAX:kappa.mean": 0.5, "MIN:kappa.max": 0.5, "MAX:kappa.max": 0.5}