{"MIN:log_loss.min": 0.1522828234158475, "MAX:log_loss.min": 0.3864966672497956, "MIN:log_loss.mean": 0.7582240671688695, "MAX:log_loss.mean": 2.4614885993624487, "MIN:log_loss.max": 1.1988630154082243, "MAX:log_loss.max": 14.833851985452958, "MIN:accuracy.min": 0.04666666666666667, "MAX:accuracy.min": 0.3333333333333333, "MIN:accuracy.mean": 0.6301333333333333, "MAX:accuracy.mean": 0.7298, "MIN:accuracy.max": 0.8933333333333333, "MAX:accuracy.max": 0.9666666666666667, "MIN:kappa.min": -0.42999999999999994, "MAX:kappa.min": 0.0, "MIN:kappa.mean": 0.4452, "MAX:kappa.mean": 0.5947, "MIN:kappa.max": 0.8400000000000001, "MAX:kappa.max": 0.95}