{"MIN:log_loss.min": 0.301853284909328, "MAX:log_loss.min": 0.4726908696658122, "MIN:log_loss.mean": 0.6533933162823131, "MAX:log_loss.mean": 3.299827244449947, "MIN:log_loss.max": 1.1199175943068764, "MAX:log_loss.max": 23.025850929940454, "MIN:accuracy.min": 0.26666666666666666, "MAX:accuracy.min": 0.3333333333333333, "MIN:accuracy.mean": 0.6815333333333333, "MAX:accuracy.mean": 0.7326, "MIN:accuracy.max": 0.9466666666666667, "MAX:accuracy.max": 0.96, "MIN:kappa.min": -0.10000000000000009, "MAX:kappa.min": 1.1102230246251565e-16, "MIN:kappa.mean": 0.5223, "MAX:kappa.mean": 0.5989, "MIN:kappa.max": 0.92, "MAX:kappa.max": 0.9400000000000001}