{"MIN:log_loss.min": 0.1366521671088867, "MAX:log_loss.min": 0.33441534910148824, "MIN:log_loss.mean": 0.4562819465519368, "MAX:log_loss.mean": 0.5809071421988318, "MIN:log_loss.max": 0.8691902806128174, "MAX:log_loss.max": 0.9321995700267479, "MIN:accuracy.min": 0.6533333333333333, "MAX:accuracy.min": 0.7666666666666667, "MIN:accuracy.mean": 0.7912666666666668, "MAX:accuracy.mean": 0.9072, "MIN:accuracy.max": 0.94, "MAX:accuracy.max": 0.96, "MIN:kappa.min": 0.48, "MAX:kappa.min": 0.65, "MIN:kappa.mean": 0.6869, "MAX:kappa.mean": 0.8608, "MIN:kappa.max": 0.91, "MAX:kappa.max": 0.9400000000000001}