{"MIN:log_loss.min": 0.21113585643500102, "MAX:log_loss.min": 0.2212072167132347, "MIN:log_loss.mean": 0.47176620263465785, "MAX:log_loss.mean": 0.5195286095207646, "MIN:log_loss.max": 1.1210144503105364, "MAX:log_loss.max": 1.128148901239678, "MIN:accuracy.min": 0.3333333333333333, "MAX:accuracy.min": 0.3333333333333333, "MIN:accuracy.mean": 0.7704, "MAX:accuracy.mean": 0.8130666666666667, "MIN:accuracy.max": 0.96, "MAX:accuracy.max": 0.9733333333333334, "MIN:kappa.min": 0.0, "MAX:kappa.min": 0.0, "MIN:kappa.mean": 0.6556000000000001, "MAX:kappa.mean": 0.7196000000000001, "MIN:kappa.max": 0.9400000000000001, "MAX:kappa.max": 0.96}