{"MIN:log_loss.min": 0.07101488871522714, "MAX:log_loss.min": 0.20588720790732956, "MIN:log_loss.mean": 0.4796083011856914, "MAX:log_loss.mean": 0.593821385624355, "MIN:log_loss.max": 1.0979246307109518, "MAX:log_loss.max": 1.1271674423272195, "MIN:accuracy.min": 0.3333333333333333, "MAX:accuracy.min": 0.6666666666666666, "MIN:accuracy.mean": 0.7656666666666665, "MAX:accuracy.mean": 0.8055333333333333, "MIN:accuracy.max": 0.96, "MAX:accuracy.max": 0.9733333333333334, "MIN:kappa.min": 0.0, "MAX:kappa.min": 0.5, "MIN:kappa.mean": 0.6485000000000001, "MAX:kappa.mean": 0.7082999999999999, "MIN:kappa.max": 0.94, "MAX:kappa.max": 0.96}