{"MIN:log_loss.min": 0.8679162571609447, "MAX:log_loss.min": 1.0397498893749257, "MIN:log_loss.mean": 1.0320270771202624, "MAX:log_loss.mean": 1.109179645660891, "MIN:log_loss.max": 1.1222448055809349, "MAX:log_loss.max": 1.1744356556072353, "MIN:accuracy.min": 0.3333333333333333, "MAX:accuracy.min": 0.3333333333333333, "MIN:accuracy.mean": 0.43079999999999996, "MAX:accuracy.mean": 0.4896666666666667, "MIN:accuracy.max": 0.66, "MAX:accuracy.max": 0.9533333333333334, "MIN:kappa.min": 0.0, "MAX:kappa.min": 0.0, "MIN:kappa.mean": 0.1462, "MAX:kappa.mean": 0.23450000000000004, "MIN:kappa.max": 0.49, "MAX:kappa.max": 0.9299999999999999}