{"MIN:log_loss.min": 0.11196127473633316, "MAX:log_loss.min": 0.12458553464709345, "MIN:log_loss.mean": 0.6135578679534347, "MAX:log_loss.mean": 0.7905451042992486, "MIN:log_loss.max": 5.087947968225614, "MAX:log_loss.max": 8.932706255463254, "MIN:accuracy.min": 0.3333333333333333, "MAX:accuracy.min": 0.6533333333333333, "MIN:accuracy.mean": 0.7902666666666666, "MAX:accuracy.mean": 0.809, "MIN:accuracy.max": 0.96, "MAX:accuracy.max": 0.96, "MIN:kappa.min": 0.0, "MAX:kappa.min": 0.48, "MIN:kappa.mean": 0.6853999999999999, "MAX:kappa.mean": 0.7135000000000002, "MIN:kappa.max": 0.9400000000000001, "MAX:kappa.max": 0.9400000000000001}