{"MIN:log_loss.min": 0.47045515580020636, "MAX:log_loss.min": 0.47754889064749423, "MIN:log_loss.mean": 0.7508067347301198, "MAX:log_loss.mean": 0.7730270468052441, "MIN:log_loss.max": 1.1925019733778948, "MAX:log_loss.max": 1.1962074730374748, "MIN:accuracy.min": 0.56, "MAX:accuracy.min": 0.6666666666666666, "MIN:accuracy.mean": 0.7777999999999998, "MAX:accuracy.mean": 0.7813999999999999, "MIN:accuracy.max": 0.96, "MAX:accuracy.max": 0.96, "MIN:kappa.min": 0.33999999999999997, "MAX:kappa.min": 0.5, "MIN:kappa.mean": 0.6667000000000002, "MAX:kappa.mean": 0.6721, "MIN:kappa.max": 0.9400000000000001, "MAX:kappa.max": 0.9400000000000001}