{"MIN:log_loss.min": 0.20524548168194315, "MAX:log_loss.min": 0.24259078504811205, "MIN:log_loss.mean": 0.5018029535251067, "MAX:log_loss.mean": 0.51456272488654, "MIN:log_loss.max": 1.0968658090689383, "MAX:log_loss.max": 1.0968663087011847, "MIN:accuracy.min": 0.6666666666666666, "MAX:accuracy.min": 0.6666666666666666, "MIN:accuracy.mean": 0.8717999999999999, "MAX:accuracy.mean": 0.8795999999999999, "MIN:accuracy.max": 0.96, "MAX:accuracy.max": 0.96, "MIN:kappa.min": 0.5, "MAX:kappa.min": 0.5, "MIN:kappa.mean": 0.8077, "MAX:kappa.mean": 0.8194, "MIN:kappa.max": 0.9400000000000001, "MAX:kappa.max": 0.9400000000000001}