{"MIN:log_loss.min": 0.500791166248302, "MAX:log_loss.min": 0.5881530482427166, "MIN:log_loss.mean": 0.8478723528484505, "MAX:log_loss.mean": 1.0373428189653426, "MIN:log_loss.max": 2.8082685103908704, "MAX:log_loss.max": 3.1094396600730194, "MIN:accuracy.min": 0.3333333333333333, "MAX:accuracy.min": 0.3333333333333333, "MIN:accuracy.mean": 0.7023333333333333, "MAX:accuracy.mean": 0.7550666666666666, "MIN:accuracy.max": 0.9533333333333334, "MAX:accuracy.max": 0.96, "MIN:kappa.min": -2.220446049250313e-16, "MAX:kappa.min": 0.0, "MIN:kappa.mean": 0.5535, "MAX:kappa.mean": 0.6325999999999999, "MIN:kappa.max": 0.9299999999999999, "MAX:kappa.max": 0.9400000000000001}