{"MIN:log_loss.min": 0.20355630518315782, "MAX:log_loss.min": 0.2462558840756187, "MIN:log_loss.mean": 0.3702391326519015, "MAX:log_loss.mean": 0.4166655711849676, "MIN:log_loss.max": 1.0033770962701238, "MAX:log_loss.max": 1.112084074334929, "MIN:accuracy.min": 0.32, "MAX:accuracy.min": 0.3333333333333333, "MIN:accuracy.mean": 0.8400000000000002, "MAX:accuracy.mean": 0.8663333333333333, "MIN:accuracy.max": 0.96, "MAX:accuracy.max": 0.9666666666666667, "MIN:kappa.min": -0.019999999999999796, "MAX:kappa.min": 0.0, "MIN:kappa.mean": 0.76, "MAX:kappa.mean": 0.7995, "MIN:kappa.max": 0.94, "MAX:kappa.max": 0.95}