{"MIN:log_loss.min": 0.09392003910529917, "MAX:log_loss.min": 0.12480825756140052, "MIN:log_loss.mean": 0.2678003573851386, "MAX:log_loss.mean": 0.361623604531135, "MIN:log_loss.max": 1.4937981687305637, "MAX:log_loss.max": 5.885204176701412, "MIN:accuracy.min": 0.3333333333333333, "MAX:accuracy.min": 0.66, "MIN:accuracy.mean": 0.9119999999999997, "MAX:accuracy.mean": 0.9267333333333332, "MIN:accuracy.max": 0.9533333333333334, "MAX:accuracy.max": 0.9666666666666667, "MIN:kappa.min": 0.0, "MAX:kappa.min": 0.49, "MIN:kappa.mean": 0.868, "MAX:kappa.mean": 0.8900999999999998, "MIN:kappa.max": 0.9299999999999999, "MAX:kappa.max": 0.95}