{"MIN:log_loss.min": 0.1548092670639292, "MAX:log_loss.min": 0.32640949974682293, "MIN:log_loss.mean": 0.6709315361143432, "MAX:log_loss.mean": 0.7827390101684454, "MIN:log_loss.max": 1.098461722412584, "MAX:log_loss.max": 1.1298329599182653, "MIN:accuracy.min": 0.3333333333333333, "MAX:accuracy.min": 0.6466666666666666, "MIN:accuracy.mean": 0.6848666666666666, "MAX:accuracy.mean": 0.7346, "MIN:accuracy.max": 0.96, "MAX:accuracy.max": 0.96, "MIN:kappa.min": 0.0, "MAX:kappa.min": 0.47, "MIN:kappa.mean": 0.5273, "MAX:kappa.mean": 0.6019000000000001, "MIN:kappa.max": 0.94, "MAX:kappa.max": 0.9400000000000001}