{"MIN:log_loss.min": 0.22028574945201626, "MAX:log_loss.min": 0.30076330440770876, "MIN:log_loss.mean": 0.41308293990568706, "MAX:log_loss.mean": 0.5500065189270676, "MIN:log_loss.max": 0.9607485658825946, "MAX:log_loss.max": 1.1442844410365103, "MIN:accuracy.min": 0.3333333333333333, "MAX:accuracy.min": 0.5266666666666666, "MIN:accuracy.mean": 0.8008666666666668, "MAX:accuracy.mean": 0.8170000000000002, "MIN:accuracy.max": 0.96, "MAX:accuracy.max": 0.96, "MIN:kappa.min": 0.0, "MAX:kappa.min": 0.29000000000000004, "MIN:kappa.mean": 0.7013000000000003, "MAX:kappa.mean": 0.7255000000000001, "MIN:kappa.max": 0.9400000000000001, "MAX:kappa.max": 0.9400000000000001}