{"MIN:log_loss.min": 0.6783731422925007, "MAX:log_loss.min": 0.997375377053926, "MIN:log_loss.mean": 0.8850011355672788, "MAX:log_loss.mean": 1.1952508715253136, "MIN:log_loss.max": 1.0768309540255547, "MAX:log_loss.max": 9.087094855840814, "MIN:accuracy.min": 0.34, "MAX:accuracy.min": 0.66, "MIN:accuracy.mean": 0.7208666666666668, "MAX:accuracy.mean": 0.7677333333333334, "MIN:accuracy.max": 0.9, "MAX:accuracy.max": 0.96, "MIN:kappa.min": 0.009999999999999898, "MAX:kappa.min": 0.49, "MIN:kappa.mean": 0.5813, "MAX:kappa.mean": 0.6516000000000001, "MIN:kappa.max": 0.85, "MAX:kappa.max": 0.9400000000000001}