{"MIN:log_loss.min": 0.18339727973621062, "MAX:log_loss.min": 0.19706711435009397, "MIN:log_loss.mean": 0.5939787165801419, "MAX:log_loss.mean": 0.7753059020878463, "MIN:log_loss.max": 1.0977677953284057, "MAX:log_loss.max": 2.4812214782917303, "MIN:accuracy.min": 0.43333333333333335, "MAX:accuracy.min": 0.6666666666666666, "MIN:accuracy.mean": 0.7624000000000002, "MAX:accuracy.mean": 0.7967333333333335, "MIN:accuracy.max": 0.96, "MAX:accuracy.max": 0.96, "MIN:kappa.min": 0.15000000000000002, "MAX:kappa.min": 0.5, "MIN:kappa.mean": 0.6436, "MAX:kappa.mean": 0.6951000000000002, "MIN:kappa.max": 0.9400000000000001, "MAX:kappa.max": 0.9400000000000001}