{"MIN:log_loss.min": 0.08898748157898213, "MAX:log_loss.min": 0.09538643992611798, "MIN:log_loss.mean": 0.25187386682671414, "MAX:log_loss.mean": 0.27960355737205644, "MIN:log_loss.max": 0.7307984829578148, "MAX:log_loss.max": 0.8237870811845946, "MIN:accuracy.min": 0.8333333333333334, "MAX:accuracy.min": 0.9466666666666667, "MIN:accuracy.mean": 0.9615333333333334, "MAX:accuracy.mean": 0.9662666666666665, "MIN:accuracy.max": 0.9666666666666667, "MAX:accuracy.max": 0.9733333333333334, "MIN:kappa.min": 0.75, "MAX:kappa.min": 0.92, "MIN:kappa.mean": 0.9422999999999998, "MAX:kappa.mean": 0.9493999999999998, "MIN:kappa.max": 0.95, "MAX:kappa.max": 0.96}