{"MIN:log_loss.min": 0.5789268229165827, "MAX:log_loss.min": 1.062408700473136, "MIN:log_loss.mean": 0.8912602138416389, "MAX:log_loss.mean": 4.910399480431789, "MIN:log_loss.max": 1.1238965881951106, "MAX:log_loss.max": 14.13367069377646, "MIN:accuracy.min": 0.3333333333333333, "MAX:accuracy.min": 0.6666666666666666, "MIN:accuracy.mean": 0.6041333333333334, "MAX:accuracy.mean": 0.6666666666666669, "MIN:accuracy.max": 0.6666666666666666, "MAX:accuracy.max": 0.96, "MIN:kappa.min": -2.220446049250313e-16, "MAX:kappa.min": 0.5, "MIN:kappa.mean": 0.40620000000000006, "MAX:kappa.mean": 0.5, "MIN:kappa.max": 0.5, "MAX:kappa.max": 0.94}