{"MIN:log_loss.min": 0.18319921859659105, "MAX:log_loss.min": 0.3563373196694455, "MIN:log_loss.mean": 0.5951385202539998, "MAX:log_loss.mean": 0.6760198171727246, "MIN:log_loss.max": 1.0934474344730194, "MAX:log_loss.max": 1.0961189140257999, "MIN:accuracy.min": 0.4866666666666667, "MAX:accuracy.min": 0.6666666666666666, "MIN:accuracy.mean": 0.8096000000000001, "MAX:accuracy.mean": 0.88, "MIN:accuracy.max": 0.96, "MAX:accuracy.max": 0.96, "MIN:kappa.min": 0.22999999999999998, "MAX:kappa.min": 0.5, "MIN:kappa.mean": 0.7143999999999999, "MAX:kappa.mean": 0.82, "MIN:kappa.max": 0.94, "MAX:kappa.max": 0.9400000000000001}