{"MIN:log_loss.min": 0.2710584395695226, "MAX:log_loss.min": 0.3336315618407853, "MIN:log_loss.mean": 0.5406400213480136, "MAX:log_loss.mean": 0.5729719367180344, "MIN:log_loss.max": 0.9801149999427933, "MAX:log_loss.max": 1.1381785805754356, "MIN:accuracy.min": 0.36666666666666664, "MAX:accuracy.min": 0.6666666666666666, "MIN:accuracy.mean": 0.8548666666666667, "MAX:accuracy.mean": 0.8871333333333333, "MIN:accuracy.max": 0.96, "MAX:accuracy.max": 0.96, "MIN:kappa.min": 0.050000000000000044, "MAX:kappa.min": 0.5, "MIN:kappa.mean": 0.7823, "MAX:kappa.mean": 0.8306999999999998, "MIN:kappa.max": 0.9400000000000001, "MAX:kappa.max": 0.9400000000000001}