{"MIN:log_loss.min": 0.27507643988191394, "MAX:log_loss.min": 0.4040524579091083, "MIN:log_loss.mean": 0.5029352712439306, "MAX:log_loss.mean": 0.6129449361786791, "MIN:log_loss.max": 1.0859526969602014, "MAX:log_loss.max": 2.0071720088927707, "MIN:accuracy.min": 0.5666666666666667, "MAX:accuracy.min": 0.6666666666666666, "MIN:accuracy.mean": 0.7840000000000003, "MAX:accuracy.mean": 0.8276, "MIN:accuracy.max": 0.9133333333333333, "MAX:accuracy.max": 0.96, "MIN:kappa.min": 0.35, "MAX:kappa.min": 0.5, "MIN:kappa.mean": 0.6759999999999999, "MAX:kappa.mean": 0.7414000000000002, "MIN:kappa.max": 0.87, "MAX:kappa.max": 0.9400000000000001}