{"MIN:log_loss.min": 0.26059743052042533, "MAX:log_loss.min": 0.2973602702504841, "MIN:log_loss.mean": 0.6170593176486453, "MAX:log_loss.mean": 0.6578841340847632, "MIN:log_loss.max": 1.097940879898871, "MAX:log_loss.max": 1.0982445526062767, "MIN:accuracy.min": 0.62, "MAX:accuracy.min": 0.6666666666666666, "MIN:accuracy.mean": 0.7644000000000001, "MAX:accuracy.mean": 0.7746666666666667, "MIN:accuracy.max": 0.9533333333333334, "MAX:accuracy.max": 0.96, "MIN:kappa.min": 0.43000000000000005, "MAX:kappa.min": 0.5, "MIN:kappa.mean": 0.6466, "MAX:kappa.mean": 0.6620000000000001, "MIN:kappa.max": 0.9299999999999999, "MAX:kappa.max": 0.94}