{"mean accuracy": 0.6402666666666668, "max accuracy": 0.9533333333333334, "mean kappa": 0.4603999999999999, "max kappa": 0.93}