{"MIN:log_loss.min": 0.17326308040567062, "MAX:log_loss.min": 0.3206657797536451, "MIN:log_loss.mean": 0.40448271593657636, "MAX:log_loss.mean": 0.5374924585604801, "MIN:log_loss.max": 1.5902825292021063, "MAX:log_loss.max": 1.9100149365670587, "MIN:accuracy.min": 0.3333333333333333, "MAX:accuracy.min": 0.6666666666666666, "MIN:accuracy.mean": 0.9076, "MAX:accuracy.mean": 0.938, "MIN:accuracy.max": 0.96, "MAX:accuracy.max": 0.9666666666666667, "MIN:kappa.min": -2.220446049250313e-16, "MAX:kappa.min": 0.5, "MIN:kappa.mean": 0.8613999999999998, "MAX:kappa.mean": 0.9069999999999999, "MIN:kappa.max": 0.94, "MAX:kappa.max": 0.95}