{"MIN:log_loss.min": 0.4432239828057258, "MAX:log_loss.min": 0.6392061870145793, "MIN:log_loss.mean": 0.6616414429960468, "MAX:log_loss.mean": 0.7775963427144461, "MIN:log_loss.max": 1.0009190183996672, "MAX:log_loss.max": 1.0258071685840673, "MIN:accuracy.min": 0.3333333333333333, "MAX:accuracy.min": 0.3333333333333333, "MIN:accuracy.mean": 0.7593333333333331, "MAX:accuracy.mean": 0.8348, "MIN:accuracy.max": 0.9533333333333334, "MAX:accuracy.max": 0.9666666666666667, "MIN:kappa.min": -2.220446049250313e-16, "MAX:kappa.min": 0.0, "MIN:kappa.mean": 0.6389999999999999, "MAX:kappa.mean": 0.7522, "MIN:kappa.max": 0.9299999999999999, "MAX:kappa.max": 0.95}