{"MIN:log_loss.min": 0.5704876679386807, "MAX:log_loss.min": 1.0356619429129452, "MIN:log_loss.mean": 0.9578009567694684, "MAX:log_loss.mean": 1.1069543825790324, "MIN:log_loss.max": 1.1136120177341335, "MAX:log_loss.max": 1.3674734363399315, "MIN:accuracy.min": 0.0, "MAX:accuracy.min": 0.6666666666666666, "MIN:accuracy.mean": 0.5307333333333334, "MAX:accuracy.mean": 0.6666666666666669, "MIN:accuracy.max": 0.6666666666666666, "MAX:accuracy.max": 0.96, "MIN:kappa.min": -0.5, "MAX:kappa.min": 0.5, "MIN:kappa.mean": 0.29610000000000003, "MAX:kappa.mean": 0.5, "MIN:kappa.max": 0.5, "MAX:kappa.max": 0.9400000000000001}