{"MIN:log_loss.min": 0.1530762256385084, "MAX:log_loss.min": 0.28744055742810865, "MIN:log_loss.mean": 0.9047555493928792, "MAX:log_loss.mean": 3.912793269455433, "MIN:log_loss.max": 9.12202741405085, "MAX:log_loss.max": 11.512925464970227, "MIN:accuracy.min": 0.3333333333333333, "MAX:accuracy.min": 0.66, "MIN:accuracy.mean": 0.574, "MAX:accuracy.mean": 0.7400000000000001, "MIN:accuracy.max": 0.9533333333333334, "MAX:accuracy.max": 0.9666666666666667, "MIN:kappa.min": 0.0, "MAX:kappa.min": 0.49, "MIN:kappa.mean": 0.361, "MAX:kappa.mean": 0.61, "MIN:kappa.max": 0.9299999999999999, "MAX:kappa.max": 0.95}