{"MIN:log_loss.min": 0.6314817843464632, "MAX:log_loss.min": 0.6437793720154421, "MIN:log_loss.mean": 0.7958281224307746, "MAX:log_loss.mean": 0.8024694499237492, "MIN:log_loss.max": 1.097846997083338, "MAX:log_loss.max": 1.0980146801325656, "MIN:accuracy.min": 0.6466666666666666, "MAX:accuracy.min": 0.6666666666666666, "MIN:accuracy.mean": 0.7932000000000001, "MAX:accuracy.mean": 0.8028, "MIN:accuracy.max": 0.9733333333333334, "MAX:accuracy.max": 0.98, "MIN:kappa.min": 0.47, "MAX:kappa.min": 0.5, "MIN:kappa.mean": 0.6897999999999999, "MAX:kappa.mean": 0.7042, "MIN:kappa.max": 0.96, "MAX:kappa.max": 0.97}