{"MIN:log_loss.min": 0.13829688312169547, "MAX:log_loss.min": 0.18664994431937376, "MIN:log_loss.mean": 1.5435319002518255, "MAX:log_loss.mean": 1.6184366547242879, "MIN:log_loss.max": 17.960163725353556, "MAX:log_loss.max": 18.65093925844745, "MIN:accuracy.min": 0.3333333333333333, "MAX:accuracy.min": 0.46, "MIN:accuracy.mean": 0.8352666666666666, "MAX:accuracy.mean": 0.8906666666666666, "MIN:accuracy.max": 0.96, "MAX:accuracy.max": 0.96, "MIN:kappa.min": -2.220446049250313e-16, "MAX:kappa.min": 0.18999999999999995, "MIN:kappa.mean": 0.7528999999999999, "MAX:kappa.mean": 0.836, "MIN:kappa.max": 0.94, "MAX:kappa.max": 0.9400000000000001}