{"MIN:log_loss.min": 0.5964093657536408, "MAX:log_loss.min": 0.7921285894364203, "MIN:log_loss.mean": 0.8792002874837098, "MAX:log_loss.mean": 1.1894055638835719, "MIN:log_loss.max": 1.0922336492244278, "MAX:log_loss.max": 2.6268780713155913, "MIN:accuracy.min": 0.44, "MAX:accuracy.min": 0.8533333333333334, "MIN:accuracy.mean": 0.7476666666666667, "MAX:accuracy.mean": 0.8533333333333336, "MIN:accuracy.max": 0.8533333333333334, "MAX:accuracy.max": 0.9466666666666667, "MIN:kappa.min": 0.16000000000000014, "MAX:kappa.min": 0.78, "MIN:kappa.mean": 0.6214999999999999, "MAX:kappa.mean": 0.7800000000000001, "MIN:kappa.max": 0.78, "MAX:kappa.max": 0.92}