{"MIN:log_loss.min": 0.3631824954050362, "MAX:log_loss.min": 0.5206104395446649, "MIN:log_loss.mean": 0.6860747976602188, "MAX:log_loss.mean": 1.8865801132491842, "MIN:log_loss.max": 1.8287534093929858, "MAX:log_loss.max": 16.348354160257724, "MIN:accuracy.min": 0.3333333333333333, "MAX:accuracy.min": 0.36666666666666664, "MIN:accuracy.mean": 0.7582000000000002, "MAX:accuracy.mean": 0.8229333333333332, "MIN:accuracy.max": 0.9, "MAX:accuracy.max": 0.96, "MIN:kappa.min": 0.0, "MAX:kappa.min": 0.04999999999999982, "MIN:kappa.mean": 0.6373000000000001, "MAX:kappa.mean": 0.7343999999999999, "MIN:kappa.max": 0.85, "MAX:kappa.max": 0.9400000000000001}