{"MIN:log_loss.min": 0.14983786577876781, "MAX:log_loss.min": 0.22718418516821742, "MIN:log_loss.mean": 0.5929012967682161, "MAX:log_loss.mean": 0.6804688472988226, "MIN:log_loss.max": 1.098585097964592, "MAX:log_loss.max": 1.815728609707182, "MIN:accuracy.min": 0.6533333333333333, "MAX:accuracy.min": 0.6666666666666666, "MIN:accuracy.mean": 0.7902666666666667, "MAX:accuracy.mean": 0.8146666666666667, "MIN:accuracy.max": 0.96, "MAX:accuracy.max": 0.96, "MIN:kappa.min": 0.4800000000000001, "MAX:kappa.min": 0.5, "MIN:kappa.mean": 0.6854, "MAX:kappa.mean": 0.722, "MIN:kappa.max": 0.94, "MAX:kappa.max": 0.9400000000000001}