{"MIN:log_loss.min": 0.09384786725502718, "MAX:log_loss.min": 0.4639548631591155, "MIN:log_loss.mean": 0.8496565779338368, "MAX:log_loss.mean": 5.403658302223258, "MIN:log_loss.max": 1.0986120263478714, "MAX:log_loss.max": 11.74318403186045, "MIN:accuracy.min": 0.0, "MAX:accuracy.min": 0.38666666666666666, "MIN:accuracy.mean": 0.5801999999999999, "MAX:accuracy.mean": 0.6697333333333336, "MIN:accuracy.max": 0.6666666666666666, "MAX:accuracy.max": 0.9666666666666667, "MIN:kappa.min": -0.5, "MAX:kappa.min": 0.07999999999999996, "MIN:kappa.mean": 0.3703, "MAX:kappa.mean": 0.5046, "MIN:kappa.max": 0.5, "MAX:kappa.max": 0.95}