{"MIN:log_loss.min": 0.6332360073796498, "MAX:log_loss.min": 0.7768991004293512, "MIN:log_loss.mean": 0.8902401525950681, "MAX:log_loss.mean": 1.0464546800590626, "MIN:log_loss.max": 1.1246509136871032, "MAX:log_loss.max": 1.3760772048352208, "MIN:accuracy.min": 0.3333333333333333, "MAX:accuracy.min": 0.66, "MIN:accuracy.mean": 0.7098666666666668, "MAX:accuracy.mean": 0.7460666666666664, "MIN:accuracy.max": 0.9533333333333334, "MAX:accuracy.max": 0.9666666666666667, "MIN:kappa.min": 0.0, "MAX:kappa.min": 0.49, "MIN:kappa.mean": 0.5647999999999999, "MAX:kappa.mean": 0.6191, "MIN:kappa.max": 0.9299999999999999, "MAX:kappa.max": 0.95}