{"MIN:log_loss.min": 0.14349811384513061, "MAX:log_loss.min": 0.16537793611646773, "MIN:log_loss.mean": 0.5386598525682369, "MAX:log_loss.mean": 0.6259356126861677, "MIN:log_loss.max": 1.0986121449989283, "MAX:log_loss.max": 1.098612251082685, "MIN:accuracy.min": 0.3333333333333333, "MAX:accuracy.min": 0.4533333333333333, "MIN:accuracy.mean": 0.7328, "MAX:accuracy.mean": 0.8495333333333335, "MIN:accuracy.max": 0.9466666666666667, "MAX:accuracy.max": 0.96, "MIN:kappa.min": 0.0, "MAX:kappa.min": 0.18000000000000005, "MIN:kappa.mean": 0.5992000000000001, "MAX:kappa.mean": 0.7743000000000001, "MIN:kappa.max": 0.92, "MAX:kappa.max": 0.9400000000000001}