{"MIN:log_loss.min": 0.05870235693969468, "MAX:log_loss.min": 0.3341768762735113, "MIN:log_loss.mean": 0.3962018822622928, "MAX:log_loss.mean": 0.7500155296026059, "MIN:log_loss.max": 0.9376827070732825, "MAX:log_loss.max": 13.62704759630408, "MIN:accuracy.min": 0.3333333333333333, "MAX:accuracy.min": 0.6666666666666666, "MIN:accuracy.mean": 0.8028666666666666, "MAX:accuracy.mean": 0.9268666666666665, "MIN:accuracy.max": 0.9733333333333334, "MAX:accuracy.max": 0.98, "MIN:kappa.min": 0.0, "MAX:kappa.min": 0.5, "MIN:kappa.mean": 0.7043, "MAX:kappa.mean": 0.8903, "MIN:kappa.max": 0.96, "MAX:kappa.max": 0.97}