{"MIN:log_loss.min": 0.11519964414036948, "MAX:log_loss.min": 0.3075474666125803, "MIN:log_loss.mean": 0.508947565008835, "MAX:log_loss.mean": 0.5931865194930477, "MIN:log_loss.max": 1.1139481488403673, "MAX:log_loss.max": 1.2180061203929893, "MIN:accuracy.min": 0.08, "MAX:accuracy.min": 0.3333333333333333, "MIN:accuracy.mean": 0.7417333333333334, "MAX:accuracy.mean": 0.7987333333333332, "MIN:accuracy.max": 0.96, "MAX:accuracy.max": 0.96, "MIN:kappa.min": -0.3799999999999999, "MAX:kappa.min": 0.0, "MIN:kappa.mean": 0.6126, "MAX:kappa.mean": 0.6981, "MIN:kappa.max": 0.9400000000000001, "MAX:kappa.max": 0.9400000000000001}