{"MIN:log_loss.min": 0.1254032162589451, "MAX:log_loss.min": 0.24977360405487228, "MIN:log_loss.mean": 0.4038689469954199, "MAX:log_loss.mean": 0.7925639600279437, "MIN:log_loss.max": 1.1030852445320116, "MAX:log_loss.max": 11.512925464970229, "MIN:accuracy.min": 0.3333333333333333, "MAX:accuracy.min": 0.7, "MIN:accuracy.mean": 0.8511333333333336, "MAX:accuracy.mean": 0.9026666666666668, "MIN:accuracy.max": 0.96, "MAX:accuracy.max": 0.96, "MIN:kappa.min": -2.220446049250313e-16, "MAX:kappa.min": 0.55, "MIN:kappa.mean": 0.7767000000000002, "MAX:kappa.mean": 0.8540000000000001, "MIN:kappa.max": 0.94, "MAX:kappa.max": 0.9400000000000001}