{"mean accuracy": 0.5270666666666668, "max accuracy": 0.8, "mean kappa": 0.2905999999999999, "max kappa": 0.7000000000000001}