{"MIN:log_loss.min": 0.14422230726102486, "MAX:log_loss.min": 0.18471105299927867, "MIN:log_loss.mean": 0.5656104158714964, "MAX:log_loss.mean": 0.6658920842173914, "MIN:log_loss.max": 1.0985932702777652, "MAX:log_loss.max": 2.3371533436650713, "MIN:accuracy.min": 0.5933333333333334, "MAX:accuracy.min": 0.6666666666666666, "MIN:accuracy.mean": 0.783466666666667, "MAX:accuracy.mean": 0.8408666666666669, "MIN:accuracy.max": 0.96, "MAX:accuracy.max": 0.96, "MIN:kappa.min": 0.39, "MAX:kappa.min": 0.5, "MIN:kappa.mean": 0.6751999999999999, "MAX:kappa.mean": 0.7613, "MIN:kappa.max": 0.9400000000000001, "MAX:kappa.max": 0.9400000000000001}