{"MIN:log_loss.min": 0.16260125279012158, "MAX:log_loss.min": 0.16343232571906716, "MIN:log_loss.mean": 0.4930652969149895, "MAX:log_loss.mean": 0.4933067674999987, "MIN:log_loss.max": 1.0970782331526339, "MAX:log_loss.max": 1.0970787818496615, "MIN:accuracy.min": 0.7133333333333334, "MAX:accuracy.min": 0.7133333333333334, "MIN:accuracy.mean": 0.8943999999999999, "MAX:accuracy.mean": 0.9112666666666666, "MIN:accuracy.max": 0.96, "MAX:accuracy.max": 0.96, "MIN:kappa.min": 0.5700000000000001, "MAX:kappa.min": 0.5700000000000001, "MIN:kappa.mean": 0.8416, "MAX:kappa.mean": 0.8669, "MIN:kappa.max": 0.9400000000000001, "MAX:kappa.max": 0.9400000000000001}