{"MIN:log_loss.min": 0.3132056542859338, "MAX:log_loss.min": 0.326186906044418, "MIN:log_loss.mean": 0.48281741576940596, "MAX:log_loss.mean": 0.5936995735559596, "MIN:log_loss.max": 2.790753526399165, "MAX:log_loss.max": 13.072280404020733, "MIN:accuracy.min": 0.3333333333333333, "MAX:accuracy.min": 0.5133333333333333, "MIN:accuracy.mean": 0.8341333333333335, "MAX:accuracy.mean": 0.8585333333333333, "MIN:accuracy.max": 0.96, "MAX:accuracy.max": 0.96, "MIN:kappa.min": 0.0, "MAX:kappa.min": 0.27, "MIN:kappa.mean": 0.7512000000000001, "MAX:kappa.mean": 0.7878000000000001, "MIN:kappa.max": 0.94, "MAX:kappa.max": 0.9400000000000001}