{"MIN:log_loss.min": 0.09992845064130504, "MAX:log_loss.min": 0.24152646671843536, "MIN:log_loss.mean": 3.1070000856357938, "MAX:log_loss.mean": 5.53704211363609, "MIN:log_loss.max": 11.363664879849054, "MAX:log_loss.max": 23.025850929949634, "MIN:accuracy.min": 0.32666666666666666, "MAX:accuracy.min": 0.3333333333333333, "MIN:accuracy.mean": 0.5453333333333333, "MAX:accuracy.mean": 0.5746, "MIN:accuracy.max": 0.9533333333333334, "MAX:accuracy.max": 0.9733333333333334, "MIN:kappa.min": -0.010000000000000231, "MAX:kappa.min": 0.0, "MIN:kappa.mean": 0.318, "MAX:kappa.mean": 0.3618999999999999, "MIN:kappa.max": 0.9299999999999999, "MAX:kappa.max": 0.96}