{"MIN:log_loss.min": 0.5922024527456043, "MAX:log_loss.min": 0.6291914411108102, "MIN:log_loss.mean": 0.7141241191519004, "MAX:log_loss.mean": 0.7392740965859744, "MIN:log_loss.max": 1.1267769985361142, "MAX:log_loss.max": 1.188001441654232, "MIN:accuracy.min": 0.32, "MAX:accuracy.min": 0.6666666666666666, "MIN:accuracy.mean": 0.7617333333333334, "MAX:accuracy.mean": 0.8051333333333334, "MIN:accuracy.max": 0.92, "MAX:accuracy.max": 0.9466666666666667, "MIN:kappa.min": -0.019999999999999796, "MAX:kappa.min": 0.5, "MIN:kappa.mean": 0.6426000000000001, "MAX:kappa.mean": 0.7077000000000002, "MIN:kappa.max": 0.88, "MAX:kappa.max": 0.92}