{"MIN:log_loss.min": 0.11457692489283912, "MAX:log_loss.min": 0.15638064921056294, "MIN:log_loss.mean": 0.30475000314327577, "MAX:log_loss.mean": 0.3351558713981728, "MIN:log_loss.max": 0.9538036770649393, "MAX:log_loss.max": 0.987826580531058, "MIN:accuracy.min": 0.66, "MAX:accuracy.min": 0.6666666666666666, "MIN:accuracy.mean": 0.8467333333333333, "MAX:accuracy.mean": 0.8732, "MIN:accuracy.max": 0.96, "MAX:accuracy.max": 0.96, "MIN:kappa.min": 0.49, "MAX:kappa.min": 0.5, "MIN:kappa.mean": 0.7700999999999999, "MAX:kappa.mean": 0.8098000000000001, "MIN:kappa.max": 0.9400000000000001, "MAX:kappa.max": 0.9400000000000001}