{"MIN:log_loss.min": 0.6205766883893227, "MAX:log_loss.min": 0.9460281921053462, "MIN:log_loss.mean": 0.926971994916516, "MAX:log_loss.mean": 1.0512828869773843, "MIN:log_loss.max": 1.1691220111799696, "MAX:log_loss.max": 1.6937447539675778, "MIN:accuracy.min": 0.31333333333333335, "MAX:accuracy.min": 0.36666666666666664, "MIN:accuracy.mean": 0.5576666666666665, "MAX:accuracy.mean": 0.6198, "MIN:accuracy.max": 0.6666666666666666, "MAX:accuracy.max": 0.9666666666666667, "MIN:kappa.min": -0.030000000000000027, "MAX:kappa.min": 0.050000000000000044, "MIN:kappa.mean": 0.33649999999999997, "MAX:kappa.mean": 0.42969999999999997, "MIN:kappa.max": 0.5, "MAX:kappa.max": 0.95}