{"mean accuracy": 0.8778666666666664, "max accuracy": 0.96, "mean kappa": 0.8168000000000001, "max kappa": 0.94}