{"MIN:log_loss.min": 0.0954664129813864, "MAX:log_loss.min": 0.1825764749786316, "MIN:log_loss.mean": 0.3313501044914849, "MAX:log_loss.mean": 0.6995031806257116, "MIN:log_loss.max": 0.7792012829207628, "MAX:log_loss.max": 6.845494040627165, "MIN:accuracy.min": 0.5933333333333334, "MAX:accuracy.min": 0.68, "MIN:accuracy.mean": 0.8589333333333333, "MAX:accuracy.mean": 0.8941333333333334, "MIN:accuracy.max": 0.96, "MAX:accuracy.max": 0.9666666666666667, "MIN:kappa.min": 0.39, "MAX:kappa.min": 0.52, "MIN:kappa.mean": 0.7884000000000002, "MAX:kappa.mean": 0.8412, "MIN:kappa.max": 0.9400000000000001, "MAX:kappa.max": 0.95}