{"mean accuracy": 0.6097333333333335, "max accuracy": 0.96, "mean kappa": 0.41459999999999986, "max kappa": 0.94}