{"MIN:log_loss.min": 0.300458007698367, "MAX:log_loss.min": 0.3438099132072847, "MIN:log_loss.mean": 0.5017067537289922, "MAX:log_loss.mean": 0.5093939659278729, "MIN:log_loss.max": 0.9578909415182796, "MAX:log_loss.max": 0.9652267293689245, "MIN:accuracy.min": 0.3333333333333333, "MAX:accuracy.min": 0.3333333333333333, "MIN:accuracy.mean": 0.8728, "MAX:accuracy.mean": 0.8741333333333334, "MIN:accuracy.max": 0.9466666666666667, "MAX:accuracy.max": 0.9466666666666667, "MIN:kappa.min": 0.0, "MAX:kappa.min": 0.0, "MIN:kappa.mean": 0.8092, "MAX:kappa.mean": 0.8112, "MIN:kappa.max": 0.92, "MAX:kappa.max": 0.92}