{"MIN:log_loss.min": 0.4597745987083841, "MAX:log_loss.min": 0.773536804458526, "MIN:log_loss.mean": 0.7317764508022019, "MAX:log_loss.mean": 3.669744566314467, "MIN:log_loss.max": 1.3569802397354405, "MAX:log_loss.max": 13.253452955855996, "MIN:accuracy.min": 0.3333333333333333, "MAX:accuracy.min": 0.38666666666666666, "MIN:accuracy.mean": 0.7158666666666668, "MAX:accuracy.mean": 0.7304, "MIN:accuracy.max": 0.9466666666666667, "MAX:accuracy.max": 0.96, "MIN:kappa.min": 0.0, "MAX:kappa.min": 0.07999999999999996, "MIN:kappa.mean": 0.5738, "MAX:kappa.mean": 0.5955999999999999, "MIN:kappa.max": 0.92, "MAX:kappa.max": 0.9400000000000001}