{"mean accuracy": 0.8239333333333332, "max accuracy": 0.9733333333333334, "mean kappa": 0.7359, "max kappa": 0.9600000000000001}