{"mean accuracy": 0.9588666666666668, "max accuracy": 0.9666666666666666, "mean kappa": 0.9382999999999996, "max kappa": 0.9499999999999998}