{"MIN:log_loss.min": 0.4573086131874866, "MAX:log_loss.min": 0.6198573179430168, "MIN:log_loss.mean": 0.7435282444781892, "MAX:log_loss.mean": 0.7724884975746528, "MIN:log_loss.max": 1.068117009707908, "MAX:log_loss.max": 1.434918623228436, "MIN:accuracy.min": 0.30666666666666664, "MAX:accuracy.min": 0.35333333333333333, "MIN:accuracy.mean": 0.6215333333333333, "MAX:accuracy.mean": 0.6725333333333334, "MIN:accuracy.max": 0.7933333333333333, "MAX:accuracy.max": 0.9, "MIN:kappa.min": -0.040000000000000036, "MAX:kappa.min": 0.030000000000000027, "MIN:kappa.mean": 0.43229999999999996, "MAX:kappa.mean": 0.5088000000000001, "MIN:kappa.max": 0.69, "MAX:kappa.max": 0.85}