{"mean accuracy": 0.7203333333333333, "max accuracy": 0.96, "mean kappa": 0.5805000000000001, "max kappa": 0.94}