{"MIN:log_loss.min": 0.3328394419078819, "MAX:log_loss.min": 0.6130075771527608, "MIN:log_loss.mean": 0.5218412017831217, "MAX:log_loss.mean": 0.7278837138471524, "MIN:log_loss.max": 1.0507536629697831, "MAX:log_loss.max": 1.4408914515319144, "MIN:accuracy.min": 0.3333333333333333, "MAX:accuracy.min": 0.5266666666666666, "MIN:accuracy.mean": 0.7769333333333333, "MAX:accuracy.mean": 0.8289333333333333, "MIN:accuracy.max": 0.9466666666666667, "MAX:accuracy.max": 0.96, "MIN:kappa.min": 0.0, "MAX:kappa.min": 0.29000000000000004, "MIN:kappa.mean": 0.6654000000000001, "MAX:kappa.mean": 0.7434000000000001, "MIN:kappa.max": 0.92, "MAX:kappa.max": 0.9400000000000001}