{"MIN:log_loss.min": 0.13104581024210887, "MAX:log_loss.min": 0.1964037601632212, "MIN:log_loss.mean": 0.4623142653820944, "MAX:log_loss.mean": 0.581681275552414, "MIN:log_loss.max": 1.1004635023578355, "MAX:log_loss.max": 1.1285795773921523, "MIN:accuracy.min": 0.29333333333333333, "MAX:accuracy.min": 0.38, "MIN:accuracy.mean": 0.7221333333333333, "MAX:accuracy.mean": 0.8340666666666666, "MIN:accuracy.max": 0.96, "MAX:accuracy.max": 0.96, "MIN:kappa.min": -0.06000000000000005, "MAX:kappa.min": 0.06999999999999984, "MIN:kappa.mean": 0.5832, "MAX:kappa.mean": 0.7511, "MIN:kappa.max": 0.9400000000000001, "MAX:kappa.max": 0.9400000000000001}