{"MIN:log_loss.min": 0.5302805591303263, "MAX:log_loss.min": 1.0625252564472, "MIN:log_loss.mean": 0.6884056967591371, "MAX:log_loss.mean": 1.195676600887571, "MIN:log_loss.max": 1.073908773269839, "MAX:log_loss.max": 1.4661736392294373, "MIN:accuracy.min": 0.3333333333333333, "MAX:accuracy.min": 0.6666666666666666, "MIN:accuracy.mean": 0.6220666666666667, "MAX:accuracy.mean": 0.6751333333333335, "MIN:accuracy.max": 0.6666666666666666, "MAX:accuracy.max": 0.9666666666666667, "MIN:kappa.min": 0.0, "MAX:kappa.min": 0.5, "MIN:kappa.mean": 0.43310000000000004, "MAX:kappa.mean": 0.5127000000000002, "MIN:kappa.max": 0.5, "MAX:kappa.max": 0.95}