{"MIN:log_loss.min": 0.3510135036671407, "MAX:log_loss.min": 0.4291653115628621, "MIN:log_loss.mean": 0.6318738152756486, "MAX:log_loss.mean": 0.6427327113697906, "MIN:log_loss.max": 1.0165561018657854, "MAX:log_loss.max": 1.0950014949345794, "MIN:accuracy.min": 0.3333333333333333, "MAX:accuracy.min": 0.4066666666666667, "MIN:accuracy.mean": 0.7817333333333335, "MAX:accuracy.mean": 0.8502666666666666, "MIN:accuracy.max": 0.96, "MAX:accuracy.max": 0.96, "MIN:kappa.min": 0.0, "MAX:kappa.min": 0.10999999999999999, "MIN:kappa.mean": 0.6726000000000001, "MAX:kappa.mean": 0.7754000000000001, "MIN:kappa.max": 0.9400000000000001, "MAX:kappa.max": 0.9400000000000001}