{"MIN:log_loss.min": 0.06336616129902437, "MAX:log_loss.min": 0.09216353755600247, "MIN:log_loss.mean": 0.13759544735379692, "MAX:log_loss.mean": 0.4107722170820409, "MIN:log_loss.max": 0.48478815134178677, "MAX:log_loss.max": 4.366595186360012, "MIN:accuracy.min": 0.86, "MAX:accuracy.min": 0.88, "MIN:accuracy.mean": 0.9399333333333333, "MAX:accuracy.mean": 0.9539333333333334, "MIN:accuracy.max": 0.9666666666666667, "MAX:accuracy.max": 0.9733333333333334, "MIN:kappa.min": 0.79, "MAX:kappa.min": 0.8200000000000001, "MIN:kappa.mean": 0.9098999999999998, "MAX:kappa.mean": 0.9308999999999998, "MIN:kappa.max": 0.95, "MAX:kappa.max": 0.96}