{"MIN:log_loss.min": 0.19734341814056505, "MAX:log_loss.min": 0.3294755338505246, "MIN:log_loss.mean": 0.4351955575241339, "MAX:log_loss.mean": 0.56682931656352, "MIN:log_loss.max": 2.432083858089836, "MAX:log_loss.max": 2.4321128194318393, "MIN:accuracy.min": 0.3333333333333333, "MAX:accuracy.min": 0.6666666666666666, "MIN:accuracy.mean": 0.8551333333333333, "MAX:accuracy.mean": 0.8648666666666667, "MIN:accuracy.max": 0.9266666666666666, "MAX:accuracy.max": 0.9333333333333333, "MIN:kappa.min": 0.0, "MAX:kappa.min": 0.5, "MIN:kappa.mean": 0.7827, "MAX:kappa.mean": 0.7973, "MIN:kappa.max": 0.89, "MAX:kappa.max": 0.9}