{"MIN:log_loss.min": 0.25353093319411146, "MAX:log_loss.min": 0.3324309917645487, "MIN:log_loss.mean": 0.35245957826313684, "MAX:log_loss.mean": 0.4191841887903325, "MIN:log_loss.max": 0.8810938720061494, "MAX:log_loss.max": 0.9681867887811919, "MIN:accuracy.min": 0.5866666666666667, "MAX:accuracy.min": 0.62, "MIN:accuracy.mean": 0.9398000000000002, "MAX:accuracy.mean": 0.9491333333333333, "MIN:accuracy.max": 0.9733333333333334, "MAX:accuracy.max": 0.98, "MIN:kappa.min": 0.38, "MAX:kappa.min": 0.43000000000000005, "MIN:kappa.mean": 0.9096999999999997, "MAX:kappa.mean": 0.9237000000000001, "MIN:kappa.max": 0.96, "MAX:kappa.max": 0.97}