{"MIN:log_loss.min": 0.13134477189877447, "MAX:log_loss.min": 0.20170515942065598, "MIN:log_loss.mean": 0.6494646979075904, "MAX:log_loss.mean": 1.034897896631753, "MIN:log_loss.max": 1.1308602399570196, "MAX:log_loss.max": 4.046171042746452, "MIN:accuracy.min": 0.32, "MAX:accuracy.min": 0.62, "MIN:accuracy.mean": 0.6478666666666666, "MAX:accuracy.mean": 0.7440000000000002, "MIN:accuracy.max": 0.96, "MAX:accuracy.max": 0.96, "MIN:kappa.min": -0.02000000000000024, "MAX:kappa.min": 0.43000000000000005, "MIN:kappa.mean": 0.47180000000000005, "MAX:kappa.mean": 0.616, "MIN:kappa.max": 0.9400000000000001, "MAX:kappa.max": 0.9400000000000001}