{"MIN:log_loss.min": 0.06411905533954461, "MAX:log_loss.min": 0.3152593114308483, "MIN:log_loss.mean": 0.5227124410886179, "MAX:log_loss.mean": 0.5778743453775506, "MIN:log_loss.max": 0.9162227201685967, "MAX:log_loss.max": 1.0986121786693464, "MIN:accuracy.min": 0.66, "MAX:accuracy.min": 0.6666666666666666, "MIN:accuracy.mean": 0.8154666666666668, "MAX:accuracy.mean": 0.8392000000000002, "MIN:accuracy.max": 0.9533333333333334, "MAX:accuracy.max": 0.98, "MIN:kappa.min": 0.49, "MAX:kappa.min": 0.5, "MIN:kappa.mean": 0.7232000000000002, "MAX:kappa.mean": 0.7588000000000001, "MIN:kappa.max": 0.9299999999999999, "MAX:kappa.max": 0.97}