{"MIN:log_loss.min": 0.5474881112015699, "MAX:log_loss.min": 1.0628128157712786, "MIN:log_loss.mean": 0.7585569617261395, "MAX:log_loss.mean": 1.096987452885639, "MIN:log_loss.max": 1.1244757974072002, "MAX:log_loss.max": 1.5224131152826998, "MIN:accuracy.min": 0.2866666666666667, "MAX:accuracy.min": 0.6666666666666666, "MIN:accuracy.mean": 0.6029333333333333, "MAX:accuracy.mean": 0.6666666666666669, "MIN:accuracy.max": 0.6666666666666666, "MAX:accuracy.max": 0.96, "MIN:kappa.min": -0.07000000000000006, "MAX:kappa.min": 0.5, "MIN:kappa.mean": 0.4044, "MAX:kappa.mean": 0.5, "MIN:kappa.max": 0.5, "MAX:kappa.max": 0.9400000000000001}