{"MIN:log_loss.min": 0.32849447811558125, "MAX:log_loss.min": 0.3610460036132325, "MIN:log_loss.mean": 1.6638978101744843, "MAX:log_loss.mean": 1.8297235174889976, "MIN:log_loss.max": 15.177129045769446, "MAX:log_loss.max": 16.348354160257724, "MIN:accuracy.min": 0.3333333333333333, "MAX:accuracy.min": 0.3333333333333333, "MIN:accuracy.mean": 0.6753333333333333, "MAX:accuracy.mean": 0.7050666666666666, "MIN:accuracy.max": 0.96, "MAX:accuracy.max": 0.96, "MIN:kappa.min": -2.220446049250313e-16, "MAX:kappa.min": 0.0, "MIN:kappa.mean": 0.5129999999999999, "MAX:kappa.mean": 0.5576, "MIN:kappa.max": 0.9400000000000001, "MAX:kappa.max": 0.9400000000000001}