{"MIN:log_loss.min": 0.13183850726427984, "MAX:log_loss.min": 0.24443061471568805, "MIN:log_loss.mean": 0.43306831298502646, "MAX:log_loss.mean": 0.9187522236576889, "MIN:log_loss.max": 1.743873223138357, "MAX:log_loss.max": 9.132959655014307, "MIN:accuracy.min": 0.44666666666666666, "MAX:accuracy.min": 0.6666666666666666, "MIN:accuracy.mean": 0.8239333333333333, "MAX:accuracy.mean": 0.9252666666666666, "MIN:accuracy.max": 0.9466666666666667, "MAX:accuracy.max": 0.96, "MIN:kappa.min": 0.17000000000000004, "MAX:kappa.min": 0.5, "MIN:kappa.mean": 0.7358999999999999, "MAX:kappa.mean": 0.8878999999999998, "MIN:kappa.max": 0.92, "MAX:kappa.max": 0.9400000000000001}