{"MIN:log_loss.min": 0.22211024570338586, "MAX:log_loss.min": 0.2681568866621122, "MIN:log_loss.mean": 0.3622533151485532, "MAX:log_loss.mean": 0.4415593382447714, "MIN:log_loss.max": 0.8089290898820989, "MAX:log_loss.max": 0.9069001593876599, "MIN:accuracy.min": 0.5266666666666666, "MAX:accuracy.min": 0.6666666666666666, "MIN:accuracy.mean": 0.8592000000000002, "MAX:accuracy.mean": 0.8952, "MIN:accuracy.max": 0.96, "MAX:accuracy.max": 0.9666666666666667, "MIN:kappa.min": 0.29000000000000004, "MAX:kappa.min": 0.5, "MIN:kappa.mean": 0.7888000000000001, "MAX:kappa.mean": 0.8428, "MIN:kappa.max": 0.9400000000000001, "MAX:kappa.max": 0.95}