{"MIN:log_loss.min": 0.21943886949598332, "MAX:log_loss.min": 0.22866371267934588, "MIN:log_loss.mean": 0.43445430968230325, "MAX:log_loss.mean": 0.6053112066123542, "MIN:log_loss.max": 1.014812398566361, "MAX:log_loss.max": 11.09665979398955, "MIN:accuracy.min": 0.3333333333333333, "MAX:accuracy.min": 0.3333333333333333, "MIN:accuracy.mean": 0.8737999999999998, "MAX:accuracy.mean": 0.9004666666666665, "MIN:accuracy.max": 0.96, "MAX:accuracy.max": 0.96, "MIN:kappa.min": 0.0, "MAX:kappa.min": 0.0, "MIN:kappa.mean": 0.8106999999999998, "MAX:kappa.mean": 0.8506999999999999, "MIN:kappa.max": 0.9400000000000001, "MAX:kappa.max": 0.9400000000000001}