{"MIN:log_loss.min": 0.45064085272832927, "MAX:log_loss.min": 0.6572331846462187, "MIN:log_loss.mean": 0.8368313057047512, "MAX:log_loss.mean": 6.065144990342242, "MIN:log_loss.max": 1.2175893564495728, "MAX:log_loss.max": 12.810010084586622, "MIN:accuracy.min": 0.3333333333333333, "MAX:accuracy.min": 0.3333333333333333, "MIN:accuracy.mean": 0.5908, "MAX:accuracy.mean": 0.6175333333333334, "MIN:accuracy.max": 0.7133333333333334, "MAX:accuracy.max": 0.9533333333333334, "MIN:kappa.min": -2.220446049250313e-16, "MAX:kappa.min": 0.0, "MIN:kappa.mean": 0.3862, "MAX:kappa.mean": 0.4263, "MIN:kappa.max": 0.5700000000000001, "MAX:kappa.max": 0.9299999999999999}