{"MIN:log_loss.min": 0.39825856377798247, "MAX:log_loss.min": 1.2465521309266003, "MIN:log_loss.mean": 0.9372779976912777, "MAX:log_loss.mean": 8.323246056730238, "MIN:log_loss.max": 1.4096603129623986, "MAX:log_loss.max": 11.513004238550918, "MIN:accuracy.min": 0.15333333333333332, "MAX:accuracy.min": 0.6666666666666666, "MIN:accuracy.mean": 0.5300666666666667, "MAX:accuracy.mean": 0.6666666666666669, "MIN:accuracy.max": 0.6666666666666666, "MAX:accuracy.max": 0.96, "MIN:kappa.min": -0.27, "MAX:kappa.min": 0.5, "MIN:kappa.mean": 0.29510000000000003, "MAX:kappa.mean": 0.5, "MIN:kappa.max": 0.5, "MAX:kappa.max": 0.9400000000000001}