{"MIN:log_loss.min": 0.793709973397247, "MAX:log_loss.min": 1.0635829497626927, "MIN:log_loss.mean": 1.0234899307775307, "MAX:log_loss.mean": 1.3375861888362208, "MIN:log_loss.max": 1.0582414172984538, "MAX:log_loss.max": 5.319956519200899, "MIN:accuracy.min": 0.3333333333333333, "MAX:accuracy.min": 0.6666666666666666, "MIN:accuracy.mean": 0.6402666666666665, "MAX:accuracy.mean": 0.6666666666666669, "MIN:accuracy.max": 0.6666666666666666, "MAX:accuracy.max": 0.6666666666666666, "MIN:kappa.min": 0.0, "MAX:kappa.min": 0.5, "MIN:kappa.mean": 0.4604, "MAX:kappa.mean": 0.5, "MIN:kappa.max": 0.5, "MAX:kappa.max": 0.5}