{"MIN:log_loss.min": 0.4620981203732982, "MAX:log_loss.min": 0.5545871792281635, "MIN:log_loss.mean": 0.6434274199607944, "MAX:log_loss.mean": 0.8520859600506064, "MIN:log_loss.max": 1.098449697204063, "MAX:log_loss.max": 1.0996804285319173, "MIN:accuracy.min": 0.3333333333333333, "MAX:accuracy.min": 0.62, "MIN:accuracy.mean": 0.6038666666666667, "MAX:accuracy.mean": 0.6404000000000001, "MIN:accuracy.max": 0.62, "MAX:accuracy.max": 0.6666666666666666, "MIN:kappa.min": -2.220446049250313e-16, "MAX:kappa.min": 0.43000000000000005, "MIN:kappa.mean": 0.4058, "MAX:kappa.mean": 0.4606, "MIN:kappa.max": 0.43000000000000005, "MAX:kappa.max": 0.5}