{"MIN:log_loss.min": 0.40828463202332543, "MAX:log_loss.min": 0.44054461342782975, "MIN:log_loss.mean": 1.0633198546079905, "MAX:log_loss.mean": 1.291991941709191, "MIN:log_loss.max": 14.99062219973485, "MAX:log_loss.max": 19.706096501036214, "MIN:accuracy.min": 0.35333333333333333, "MAX:accuracy.min": 0.35333333333333333, "MIN:accuracy.mean": 0.7182666666666667, "MAX:accuracy.mean": 0.7335333333333333, "MIN:accuracy.max": 0.92, "MAX:accuracy.max": 0.94, "MIN:kappa.min": 0.030000000000000027, "MAX:kappa.min": 0.030000000000000138, "MIN:kappa.mean": 0.5773999999999999, "MAX:kappa.mean": 0.6003000000000001, "MIN:kappa.max": 0.88, "MAX:kappa.max": 0.91}