{"MIN:log_loss.min": 0.0560996352502748, "MAX:log_loss.min": 0.08321747394083491, "MIN:log_loss.mean": 0.20368830070233673, "MAX:log_loss.mean": 0.21684438112034723, "MIN:log_loss.max": 0.8150804828361086, "MAX:log_loss.max": 0.9671383852438977, "MIN:accuracy.min": 0.7333333333333333, "MAX:accuracy.min": 0.8533333333333334, "MIN:accuracy.mean": 0.9625333333333334, "MAX:accuracy.mean": 0.9678, "MIN:accuracy.max": 0.98, "MAX:accuracy.max": 0.9866666666666667, "MIN:kappa.min": 0.6, "MAX:kappa.min": 0.78, "MIN:kappa.mean": 0.9438, "MAX:kappa.mean": 0.9516999999999999, "MIN:kappa.max": 0.97, "MAX:kappa.max": 0.98}