{"MIN:log_loss.min": 0.3721092290266987, "MAX:log_loss.min": 0.3813790372380381, "MIN:log_loss.mean": 0.4725557652198249, "MAX:log_loss.mean": 0.5426734707946858, "MIN:log_loss.max": 1.1929812868449512, "MAX:log_loss.max": 1.48993497510265, "MIN:accuracy.min": 0.5066666666666667, "MAX:accuracy.min": 0.6666666666666666, "MIN:accuracy.mean": 0.8421333333333333, "MAX:accuracy.mean": 0.8647999999999999, "MIN:accuracy.max": 0.96, "MAX:accuracy.max": 0.96, "MIN:kappa.min": 0.26, "MAX:kappa.min": 0.5, "MIN:kappa.mean": 0.7631999999999999, "MAX:kappa.mean": 0.7972000000000001, "MIN:kappa.max": 0.9400000000000001, "MAX:kappa.max": 0.9400000000000001}