{"MIN:log_loss.min": 0.05560310432942789, "MAX:log_loss.min": 0.08851281110831101, "MIN:log_loss.mean": 0.2551437174515206, "MAX:log_loss.mean": 0.27283299852313075, "MIN:log_loss.max": 0.7614030840199465, "MAX:log_loss.max": 0.862040509797824, "MIN:accuracy.min": 0.6666666666666666, "MAX:accuracy.min": 0.82, "MIN:accuracy.mean": 0.9071999999999999, "MAX:accuracy.mean": 0.9474666666666667, "MIN:accuracy.max": 0.9666666666666667, "MAX:accuracy.max": 0.98, "MIN:kappa.min": 0.5, "MAX:kappa.min": 0.73, "MIN:kappa.mean": 0.8607999999999998, "MAX:kappa.mean": 0.9212, "MIN:kappa.max": 0.95, "MAX:kappa.max": 0.97}