{"MIN:log_loss.min": 0.3997682172302622, "MAX:log_loss.min": 0.41965011968554033, "MIN:log_loss.mean": 0.8217594703739368, "MAX:log_loss.mean": 0.8623272874817396, "MIN:log_loss.max": 1.2177952485856505, "MAX:log_loss.max": 1.2177952485856505, "MIN:accuracy.min": 0.3333333333333333, "MAX:accuracy.min": 0.3333333333333333, "MIN:accuracy.mean": 0.6223333333333333, "MAX:accuracy.mean": 0.6442666666666668, "MIN:accuracy.max": 0.96, "MAX:accuracy.max": 0.96, "MIN:kappa.min": 0.0, "MAX:kappa.min": 0.0, "MIN:kappa.mean": 0.43349999999999994, "MAX:kappa.mean": 0.4664, "MIN:kappa.max": 0.9400000000000001, "MAX:kappa.max": 0.9400000000000001}