{"MIN:log_loss.min": 0.7466902411812861, "MAX:log_loss.min": 1.0622355942431325, "MIN:log_loss.mean": 0.8438319153556434, "MAX:log_loss.mean": 1.217835172924751, "MIN:log_loss.max": 1.0975885259463534, "MAX:log_loss.max": 6.224864693025206, "MIN:accuracy.min": 0.3333333333333333, "MAX:accuracy.min": 0.6666666666666666, "MIN:accuracy.mean": 0.6556666666666665, "MAX:accuracy.mean": 0.7328666666666668, "MIN:accuracy.max": 0.6666666666666666, "MAX:accuracy.max": 0.9666666666666667, "MIN:kappa.min": 0.0, "MAX:kappa.min": 0.5, "MIN:kappa.mean": 0.4835000000000001, "MAX:kappa.mean": 0.5992999999999999, "MIN:kappa.max": 0.5, "MAX:kappa.max": 0.95}