{"MIN:log_loss.min": 0.3804827897464588, "MAX:log_loss.min": 0.3804827897464588, "MIN:log_loss.mean": 0.6382284855655042, "MAX:log_loss.mean": 0.6382284855655042, "MIN:log_loss.max": 1.0983548497599023, "MAX:log_loss.max": 1.0983548497599023, "MIN:accuracy.min": 0.86, "MAX:accuracy.min": 0.86, "MIN:accuracy.mean": 0.86, "MAX:accuracy.mean": 0.86, "MIN:accuracy.max": 0.86, "MAX:accuracy.max": 0.86, "MIN:kappa.min": 0.79, "MAX:kappa.min": 0.79, "MIN:kappa.mean": 0.7900000000000003, "MAX:kappa.mean": 0.7900000000000003, "MIN:kappa.max": 0.79, "MAX:kappa.max": 0.79}