{"MIN:log_loss.min": 0.31653371707294387, "MAX:log_loss.min": 0.6657775924977862, "MIN:log_loss.mean": 0.8140450701318741, "MAX:log_loss.mean": 1.5940986139246456, "MIN:log_loss.max": 2.217867277201209, "MAX:log_loss.max": 18.664976534936894, "MIN:accuracy.min": 0.10666666666666667, "MAX:accuracy.min": 0.3333333333333333, "MIN:accuracy.mean": 0.6572666666666666, "MAX:accuracy.mean": 0.7353999999999999, "MIN:accuracy.max": 0.8466666666666667, "MAX:accuracy.max": 0.96, "MIN:kappa.min": -0.3400000000000001, "MAX:kappa.min": 0.0, "MIN:kappa.mean": 0.4859000000000001, "MAX:kappa.mean": 0.6031, "MIN:kappa.max": 0.77, "MAX:kappa.max": 0.9400000000000001}