{"MIN:log_loss.min": 0.09487474407797168, "MAX:log_loss.min": 0.09496071328484328, "MIN:log_loss.mean": 0.10192715500934608, "MAX:log_loss.mean": 0.10449162788405418, "MIN:log_loss.max": 0.14893337363970646, "MAX:log_loss.max": 0.26457896648476775, "MIN:accuracy.min": 0.9466666666666667, "MAX:accuracy.min": 0.9533333333333334, "MIN:accuracy.mean": 0.9567333333333333, "MAX:accuracy.mean": 0.9574666666666667, "MIN:accuracy.max": 0.9666666666666667, "MAX:accuracy.max": 0.9666666666666667, "MIN:kappa.min": 0.92, "MAX:kappa.min": 0.9299999999999999, "MIN:kappa.mean": 0.9351000000000002, "MAX:kappa.mean": 0.9362, "MIN:kappa.max": 0.95, "MAX:kappa.max": 0.95}