{"MIN:log_loss.min": 0.1237012688323459, "MAX:log_loss.min": 0.13320817453723793, "MIN:log_loss.mean": 0.5766040841904112, "MAX:log_loss.mean": 1.2352950821206004, "MIN:log_loss.max": 5.090202738991938, "MAX:log_loss.max": 18.042242739836794, "MIN:accuracy.min": 0.44666666666666666, "MAX:accuracy.min": 0.6666666666666666, "MIN:accuracy.mean": 0.895933333333333, "MAX:accuracy.mean": 0.9105999999999999, "MIN:accuracy.max": 0.96, "MAX:accuracy.max": 0.96, "MIN:kappa.min": 0.17000000000000004, "MAX:kappa.min": 0.5, "MIN:kappa.mean": 0.8439, "MAX:kappa.mean": 0.8658999999999999, "MIN:kappa.max": 0.9400000000000001, "MAX:kappa.max": 0.9400000000000001}