{"MIN:log_loss.min": 0.29767038875773866, "MAX:log_loss.min": 0.3176005660187373, "MIN:log_loss.mean": 0.5601888328437562, "MAX:log_loss.mean": 0.6176117956713043, "MIN:log_loss.max": 0.9998667695013546, "MAX:log_loss.max": 1.2262649813354503, "MIN:accuracy.min": 0.37333333333333335, "MAX:accuracy.min": 0.6666666666666666, "MIN:accuracy.mean": 0.7091999999999998, "MAX:accuracy.mean": 0.7576666666666667, "MIN:accuracy.max": 0.9533333333333334, "MAX:accuracy.max": 0.96, "MIN:kappa.min": 0.06000000000000005, "MAX:kappa.min": 0.5, "MIN:kappa.mean": 0.5638000000000001, "MAX:kappa.mean": 0.6365000000000001, "MIN:kappa.max": 0.9299999999999999, "MAX:kappa.max": 0.9400000000000001}