{"mean accuracy": 0.6969999999999998, "max accuracy": 0.9666666666666666, "mean kappa": 0.5455000000000001, "max kappa": 0.9499999999999998}