{"MIN:log_loss.min": 0.4714229695568256, "MAX:log_loss.min": 0.5469789732064386, "MIN:log_loss.mean": 0.6470915078455416, "MAX:log_loss.mean": 0.7166543309019857, "MIN:log_loss.max": 5.193666713636819, "MAX:log_loss.max": 5.208637112100857, "MIN:accuracy.min": 0.3333333333333333, "MAX:accuracy.min": 0.3333333333333333, "MIN:accuracy.mean": 0.8318666666666666, "MAX:accuracy.mean": 0.8525333333333331, "MIN:accuracy.max": 0.96, "MAX:accuracy.max": 0.9666666666666667, "MIN:kappa.min": -2.220446049250313e-16, "MAX:kappa.min": 0.0, "MIN:kappa.mean": 0.7478, "MAX:kappa.mean": 0.7788, "MIN:kappa.max": 0.9400000000000001, "MAX:kappa.max": 0.95}