{"MAX:accuracy.min": 0.3084, "ARGMAX:accuracy.min": [0, 45433], "MIN:accuracy.min": 0.3083, "ARGMIN:accuracy.min": [9, 41563], "MEAN:accuracy.min": 0.30839, "MAX:accuracy.mean": 0.4277119999999999, "ARGMAX:accuracy.mean": [0, 45433], "MIN:accuracy.mean": 0.41102299999999997, "ARGMIN:accuracy.mean": [9, 41563], "MEAN:accuracy.mean": 0.41829599999999995, "MAX:accuracy.max": 0.5265, "ARGMAX:accuracy.max": [0, 45433], "MIN:accuracy.max": 0.4861, "ARGMIN:accuracy.max": [9, 41563], "MEAN:accuracy.max": 0.50754, "MAX:kappa.min": 0.23226152520483956, "ARGMAX:kappa.min": [0, 45433], "MIN:kappa.min": 0.23216926812388294, "ARGMIN:kappa.min": [9, 41563], "MEAN:kappa.min": 0.2322522994967439, "MAX:kappa.mean": 0.3637354559707262, "ARGMAX:kappa.mean": [0, 45433], "MIN:kappa.mean": 0.3451625314369261, "ARGMIN:kappa.mean": [9, 41563], "MEAN:kappa.mean": 0.3532848203119116, "MAX:kappa.max": 0.4732298174484886, "ARGMAX:kappa.max": [0, 45433], "MIN:kappa.max": 0.42831583903798676, "ARGMIN:kappa.max": [9, 41563], "MEAN:kappa.max": 0.4521571521350481, "MAX:log_loss.min": 1.699150800704956, "ARGMAX:log_loss.min": [8, 42795], "MIN:log_loss.min": 1.6304059028625488, "ARGMIN:log_loss.min": [0, 45433], "MEAN:log_loss.min": 1.6702998876571655, "MAX:log_loss.mean": 1.959937572479248, "ARGMAX:log_loss.mean": [6, 45212], "MIN:log_loss.mean": 1.909271240234375, "ARGMIN:log_loss.mean": [0, 45433], "MEAN:log_loss.mean": 1.931502103805542, "MAX:log_loss.max": 2.3992202281951904, "ARGMAX:log_loss.max": [6, 45212], "MIN:log_loss.max": 2.3974661827087402, "ARGMIN:log_loss.max": [7, 42942], "MEAN:log_loss.max": 2.397728681564331}