{"MIN:log_loss.min": 0.07423567379031903, "MAX:log_loss.min": 0.10879504186976341, "MIN:log_loss.mean": 0.2581375523478546, "MAX:log_loss.mean": 0.29254004774716275, "MIN:log_loss.max": 0.9688109593188384, "MAX:log_loss.max": 1.5889116506785046, "MIN:accuracy.min": 0.3333333333333333, "MAX:accuracy.min": 0.38, "MIN:accuracy.mean": 0.9027333333333329, "MAX:accuracy.mean": 0.9280666666666666, "MIN:accuracy.max": 0.9733333333333334, "MAX:accuracy.max": 0.98, "MIN:kappa.min": 0.0, "MAX:kappa.min": 0.06999999999999995, "MIN:kappa.mean": 0.8540999999999996, "MAX:kappa.mean": 0.8920999999999998, "MIN:kappa.max": 0.96, "MAX:kappa.max": 0.97}