{"MIN:log_loss.min": 0.23811797109799368, "MAX:log_loss.min": 1.0555138391955756, "MIN:log_loss.mean": 1.2885731158940337, "MAX:log_loss.mean": 10.523654034062877, "MIN:log_loss.max": 2.700212132646811, "MAX:log_loss.max": 11.560705139899222, "MIN:accuracy.min": 0.21333333333333335, "MAX:accuracy.min": 0.6666666666666666, "MIN:accuracy.mean": 0.6491333333333332, "MAX:accuracy.mean": 0.6858000000000003, "MIN:accuracy.max": 0.6666666666666666, "MAX:accuracy.max": 0.96, "MIN:kappa.min": -0.17999999999999994, "MAX:kappa.min": 0.5, "MIN:kappa.mean": 0.47370000000000007, "MAX:kappa.mean": 0.5287000000000001, "MIN:kappa.max": 0.5, "MAX:kappa.max": 0.9400000000000001}