{"MIN:log_loss.min": 0.2257998866635558, "MAX:log_loss.min": 0.28779991664516896, "MIN:log_loss.mean": 0.3952405932489444, "MAX:log_loss.mean": 0.8948137898637626, "MIN:log_loss.max": 1.0197705525595147, "MAX:log_loss.max": 2.854742256502369, "MIN:accuracy.min": 0.3333333333333333, "MAX:accuracy.min": 0.3333333333333333, "MIN:accuracy.mean": 0.8294, "MAX:accuracy.mean": 0.8634000000000001, "MIN:accuracy.max": 0.94, "MAX:accuracy.max": 0.96, "MIN:kappa.min": 0.0, "MAX:kappa.min": 0.0, "MIN:kappa.mean": 0.7441000000000001, "MAX:kappa.mean": 0.7951, "MIN:kappa.max": 0.91, "MAX:kappa.max": 0.9400000000000001}