{"MIN:log_loss.min": 0.11983530661868812, "MAX:log_loss.min": 0.14694049518653873, "MIN:log_loss.mean": 0.5388363564447154, "MAX:log_loss.mean": 0.6082920484939339, "MIN:log_loss.max": 1.1750568658118146, "MAX:log_loss.max": 2.067916067406309, "MIN:accuracy.min": 0.6466666666666666, "MAX:accuracy.min": 0.6666666666666666, "MIN:accuracy.mean": 0.8498666666666665, "MAX:accuracy.mean": 0.8623999999999998, "MIN:accuracy.max": 0.96, "MAX:accuracy.max": 0.96, "MIN:kappa.min": 0.47, "MAX:kappa.min": 0.5, "MIN:kappa.mean": 0.7748, "MAX:kappa.mean": 0.7935999999999999, "MIN:kappa.max": 0.94, "MAX:kappa.max": 0.9400000000000001}