{"MIN:log_loss.min": 0.1634655478467031, "MAX:log_loss.min": 0.44733144429293076, "MIN:log_loss.mean": 0.5564101247851644, "MAX:log_loss.mean": 1.9519676159196606, "MIN:log_loss.max": 1.098609785256955, "MAX:log_loss.max": 22.480795223937264, "MIN:accuracy.min": 0.3333333333333333, "MAX:accuracy.min": 0.6666666666666666, "MIN:accuracy.mean": 0.6666666666666669, "MAX:accuracy.mean": 0.7062666666666668, "MIN:accuracy.max": 0.6666666666666666, "MAX:accuracy.max": 0.96, "MIN:kappa.min": -2.220446049250313e-16, "MAX:kappa.min": 0.5, "MIN:kappa.mean": 0.5, "MAX:kappa.mean": 0.5594, "MIN:kappa.max": 0.5, "MAX:kappa.max": 0.9400000000000001}