{"MIN:log_loss.min": 0.3533780342153284, "MAX:log_loss.min": 0.5265367289660032, "MIN:log_loss.mean": 0.63059151360398, "MAX:log_loss.mean": 1.6208339383069745, "MIN:log_loss.max": 2.015047483497084, "MAX:log_loss.max": 27.24513594377474, "MIN:accuracy.min": 0.13333333333333333, "MAX:accuracy.min": 0.3333333333333333, "MIN:accuracy.mean": 0.7027333333333334, "MAX:accuracy.mean": 0.7407333333333334, "MIN:accuracy.max": 0.9133333333333333, "MAX:accuracy.max": 0.96, "MIN:kappa.min": -0.30000000000000004, "MAX:kappa.min": 0.0, "MIN:kappa.mean": 0.5540999999999999, "MAX:kappa.mean": 0.6111, "MIN:kappa.max": 0.87, "MAX:kappa.max": 0.9400000000000001}