{"MIN:log_loss.min": 0.06499475272760091, "MAX:log_loss.min": 0.22580881548669476, "MIN:log_loss.mean": 0.48972174749376224, "MAX:log_loss.mean": 0.5801313101526879, "MIN:log_loss.max": 1.1011003394087, "MAX:log_loss.max": 1.1277081472885888, "MIN:accuracy.min": 0.3333333333333333, "MAX:accuracy.min": 0.3333333333333333, "MIN:accuracy.mean": 0.7307999999999999, "MAX:accuracy.mean": 0.8247333333333333, "MIN:accuracy.max": 0.9666666666666667, "MAX:accuracy.max": 0.9733333333333334, "MIN:kappa.min": 0.0, "MAX:kappa.min": 0.0, "MIN:kappa.mean": 0.5962, "MAX:kappa.mean": 0.7371000000000002, "MIN:kappa.max": 0.95, "MAX:kappa.max": 0.96}