{"MIN:log_loss.min": 0.17790521616590443, "MAX:log_loss.min": 0.2611609073026153, "MIN:log_loss.mean": 0.6271034510814402, "MAX:log_loss.mean": 0.7104179604551153, "MIN:log_loss.max": 1.2180342898005854, "MAX:log_loss.max": 1.2234994389485265, "MIN:accuracy.min": 0.3333333333333333, "MAX:accuracy.min": 0.3333333333333333, "MIN:accuracy.mean": 0.6616666666666666, "MAX:accuracy.mean": 0.7211999999999997, "MIN:accuracy.max": 0.9466666666666667, "MAX:accuracy.max": 0.9666666666666667, "MIN:kappa.min": -2.220446049250313e-16, "MAX:kappa.min": 0.0, "MIN:kappa.mean": 0.4925, "MAX:kappa.mean": 0.5817999999999999, "MIN:kappa.max": 0.92, "MAX:kappa.max": 0.95}