{"MIN:log_loss.min": 0.20482486304849853, "MAX:log_loss.min": 0.2509053230499097, "MIN:log_loss.mean": 0.49193588499268537, "MAX:log_loss.mean": 0.521937310966013, "MIN:log_loss.max": 1.0962767205145434, "MAX:log_loss.max": 1.8071312183715138, "MIN:accuracy.min": 0.58, "MAX:accuracy.min": 0.6666666666666666, "MIN:accuracy.mean": 0.8442666666666667, "MAX:accuracy.mean": 0.8539333333333332, "MIN:accuracy.max": 0.94, "MAX:accuracy.max": 0.9466666666666667, "MIN:kappa.min": 0.37, "MAX:kappa.min": 0.5, "MIN:kappa.mean": 0.7664, "MAX:kappa.mean": 0.7809, "MIN:kappa.max": 0.91, "MAX:kappa.max": 0.92}