{"MIN:log_loss.min": 0.37895078369112745, "MAX:log_loss.min": 0.5941766891480791, "MIN:log_loss.mean": 0.5665249307270203, "MAX:log_loss.mean": 0.7110480868851426, "MIN:log_loss.max": 0.9177753965485904, "MAX:log_loss.max": 1.03909991729892, "MIN:accuracy.min": 0.30666666666666664, "MAX:accuracy.min": 0.5133333333333333, "MIN:accuracy.mean": 0.8209333333333333, "MAX:accuracy.mean": 0.8763333333333333, "MIN:accuracy.max": 0.96, "MAX:accuracy.max": 0.9866666666666667, "MIN:kappa.min": -0.040000000000000036, "MAX:kappa.min": 0.27, "MIN:kappa.mean": 0.7314000000000002, "MAX:kappa.mean": 0.8145, "MIN:kappa.max": 0.94, "MAX:kappa.max": 0.98}