{"MIN:log_loss.min": 0.19420571010595472, "MAX:log_loss.min": 0.29110487868495427, "MIN:log_loss.mean": 0.5685100948339963, "MAX:log_loss.mean": 0.6370594161740996, "MIN:log_loss.max": 1.1555285231755872, "MAX:log_loss.max": 1.3469750393236184, "MIN:accuracy.min": 0.3333333333333333, "MAX:accuracy.min": 0.3333333333333333, "MIN:accuracy.mean": 0.7038666666666668, "MAX:accuracy.mean": 0.7672666666666668, "MIN:accuracy.max": 0.9466666666666667, "MAX:accuracy.max": 0.9733333333333334, "MIN:kappa.min": 0.0, "MAX:kappa.min": 0.0, "MIN:kappa.mean": 0.5558000000000001, "MAX:kappa.mean": 0.6508999999999999, "MIN:kappa.max": 0.92, "MAX:kappa.max": 0.96}