{"MIN:log_loss.min": 0.13326860970058627, "MAX:log_loss.min": 0.2936805233356667, "MIN:log_loss.mean": 0.5330378659422614, "MAX:log_loss.mean": 0.5951861806224508, "MIN:log_loss.max": 1.0981776873273, "MAX:log_loss.max": 1.1477894310866674, "MIN:accuracy.min": 0.3333333333333333, "MAX:accuracy.min": 0.6666666666666666, "MIN:accuracy.mean": 0.723, "MAX:accuracy.mean": 0.8142000000000001, "MIN:accuracy.max": 0.82, "MAX:accuracy.max": 0.96, "MIN:kappa.min": 0.0, "MAX:kappa.min": 0.5, "MIN:kappa.mean": 0.5844999999999999, "MAX:kappa.mean": 0.7212999999999999, "MIN:kappa.max": 0.73, "MAX:kappa.max": 0.9400000000000001}