{"MIN:log_loss.min": 0.5097809344495476, "MAX:log_loss.min": 1.0626411691488729, "MIN:log_loss.mean": 1.0619711466077493, "MAX:log_loss.mean": 6.376907060082378, "MIN:log_loss.max": 1.0955590800853805, "MAX:log_loss.max": 16.48119568446738, "MIN:accuracy.min": 0.3333333333333333, "MAX:accuracy.min": 0.6666666666666666, "MIN:accuracy.mean": 0.6171333333333333, "MAX:accuracy.mean": 0.6674666666666665, "MIN:accuracy.max": 0.6666666666666666, "MAX:accuracy.max": 0.96, "MIN:kappa.min": -2.220446049250313e-16, "MAX:kappa.min": 0.5, "MIN:kappa.mean": 0.4257000000000001, "MAX:kappa.mean": 0.5012000000000001, "MIN:kappa.max": 0.5, "MAX:kappa.max": 0.9400000000000001}