{"MIN:log_loss.min": 0.0655323119086324, "MAX:log_loss.min": 0.2569866573760361, "MIN:log_loss.mean": 4.625727136736694, "MAX:log_loss.mean": 5.576785928040043, "MIN:log_loss.max": 6.131827879261014, "MAX:log_loss.max": 7.308611822377496, "MIN:accuracy.min": 0.3333333333333333, "MAX:accuracy.min": 0.6666666666666666, "MIN:accuracy.mean": 0.3930666666666668, "MAX:accuracy.mean": 0.6865333333333337, "MIN:accuracy.max": 0.9666666666666667, "MAX:accuracy.max": 0.98, "MIN:kappa.min": -2.220446049250313e-16, "MAX:kappa.min": 0.5, "MIN:kappa.mean": 0.08959999999999999, "MAX:kappa.mean": 0.5297999999999999, "MIN:kappa.max": 0.95, "MAX:kappa.max": 0.97}