{"MIN:log_loss.min": 0.3030150855720175, "MAX:log_loss.min": 0.3222538282133909, "MIN:log_loss.mean": 0.3478905574482254, "MAX:log_loss.mean": 0.369381798003156, "MIN:log_loss.max": 0.4100751088560683, "MAX:log_loss.max": 0.6151051063713017, "MIN:accuracy.min": 0.8333333333333334, "MAX:accuracy.min": 0.8933333333333333, "MIN:accuracy.mean": 0.9583333333333333, "MAX:accuracy.mean": 0.9620666666666666, "MIN:accuracy.max": 0.9733333333333334, "MAX:accuracy.max": 0.9733333333333334, "MIN:kappa.min": 0.75, "MAX:kappa.min": 0.84, "MIN:kappa.mean": 0.9375, "MAX:kappa.mean": 0.9430999999999998, "MIN:kappa.max": 0.96, "MAX:kappa.max": 0.96}