{"MIN:log_loss.min": 0.5778016012164483, "MAX:log_loss.min": 0.7316688355711695, "MIN:log_loss.mean": 0.808748935114325, "MAX:log_loss.mean": 0.8921936426665767, "MIN:log_loss.max": 1.1835570146140109, "MAX:log_loss.max": 1.1949245677617868, "MIN:accuracy.min": 0.3333333333333333, "MAX:accuracy.min": 0.3333333333333333, "MIN:accuracy.mean": 0.6079333333333333, "MAX:accuracy.mean": 0.6843333333333333, "MIN:accuracy.max": 0.96, "MAX:accuracy.max": 0.96, "MIN:kappa.min": -2.220446049250313e-16, "MAX:kappa.min": 0.0, "MIN:kappa.mean": 0.41190000000000004, "MAX:kappa.mean": 0.5265000000000001, "MIN:kappa.max": 0.94, "MAX:kappa.max": 0.9400000000000001}