{"MIN:log_loss.min": 0.07503482400489926, "MAX:log_loss.min": 0.08955014323403353, "MIN:log_loss.mean": 0.2114929881753534, "MAX:log_loss.mean": 0.2401437908316387, "MIN:log_loss.max": 1.030201275179161, "MAX:log_loss.max": 1.1886356984263122, "MIN:accuracy.min": 0.9, "MAX:accuracy.min": 0.9133333333333333, "MIN:accuracy.mean": 0.9612, "MAX:accuracy.mean": 0.9648000000000002, "MIN:accuracy.max": 0.9666666666666667, "MAX:accuracy.max": 0.98, "MIN:kappa.min": 0.85, "MAX:kappa.min": 0.87, "MIN:kappa.mean": 0.9417999999999997, "MAX:kappa.mean": 0.9471999999999998, "MIN:kappa.max": 0.95, "MAX:kappa.max": 0.97}