{"MIN:log_loss.min": 0.3371991431713964, "MAX:log_loss.min": 0.6992251906449621, "MIN:log_loss.mean": 0.7695217147891202, "MAX:log_loss.mean": 0.8118858081700056, "MIN:log_loss.max": 1.102813754761076, "MAX:log_loss.max": 1.217585639230762, "MIN:accuracy.min": 0.3333333333333333, "MAX:accuracy.min": 0.3333333333333333, "MIN:accuracy.mean": 0.6861333333333335, "MAX:accuracy.mean": 0.7070666666666667, "MIN:accuracy.max": 0.9, "MAX:accuracy.max": 0.9533333333333334, "MIN:kappa.min": 0.0, "MAX:kappa.min": 0.0, "MIN:kappa.mean": 0.5292000000000001, "MAX:kappa.mean": 0.5606, "MIN:kappa.max": 0.85, "MAX:kappa.max": 0.9299999999999999}