{"MIN:log_loss.min": 0.6672524865107983, "MAX:log_loss.min": 1.0106379851476364, "MIN:log_loss.mean": 0.9737035369370042, "MAX:log_loss.mean": 1.37869275033147, "MIN:log_loss.max": 1.2037260318825889, "MAX:log_loss.max": 2.6825764477173175, "MIN:accuracy.min": 0.3333333333333333, "MAX:accuracy.min": 0.34, "MIN:accuracy.mean": 0.5446, "MAX:accuracy.mean": 0.6072, "MIN:accuracy.max": 0.6666666666666666, "MAX:accuracy.max": 0.96, "MIN:kappa.min": -2.220446049250313e-16, "MAX:kappa.min": 0.010000000000000009, "MIN:kappa.mean": 0.31689999999999996, "MAX:kappa.mean": 0.41080000000000005, "MIN:kappa.max": 0.5, "MAX:kappa.max": 0.9400000000000001}