{"MIN:log_loss.min": 0.7937195457502669, "MAX:log_loss.min": 0.9460269153320856, "MIN:log_loss.mean": 0.9686135197231731, "MAX:log_loss.mean": 1.2593415127465997, "MIN:log_loss.max": 1.1732975673231918, "MAX:log_loss.max": 2.3346917379860836, "MIN:accuracy.min": 0.3333333333333333, "MAX:accuracy.min": 0.3333333333333333, "MIN:accuracy.mean": 0.5878666666666665, "MAX:accuracy.mean": 0.5918000000000001, "MIN:accuracy.max": 0.6666666666666666, "MAX:accuracy.max": 0.6666666666666666, "MIN:kappa.min": 0.0, "MAX:kappa.min": 0.0, "MIN:kappa.mean": 0.3818, "MAX:kappa.mean": 0.38770000000000004, "MIN:kappa.max": 0.5, "MAX:kappa.max": 0.5}