{"MIN:log_loss.min": 0.37452656905243153, "MAX:log_loss.min": 0.5521705126924881, "MIN:log_loss.mean": 0.547145823345147, "MAX:log_loss.mean": 0.6474080991955661, "MIN:log_loss.max": 0.6182023652402311, "MAX:log_loss.max": 0.9242415720279948, "MIN:accuracy.min": 0.5933333333333334, "MAX:accuracy.min": 0.7066666666666667, "MIN:accuracy.mean": 0.7424666666666666, "MAX:accuracy.mean": 0.8183333333333336, "MIN:accuracy.max": 0.96, "MAX:accuracy.max": 0.96, "MIN:kappa.min": 0.39, "MAX:kappa.min": 0.56, "MIN:kappa.mean": 0.6137000000000001, "MAX:kappa.mean": 0.7275000000000001, "MIN:kappa.max": 0.94, "MAX:kappa.max": 0.9400000000000001}