{"MIN:log_loss.min": 0.23062218638619442, "MAX:log_loss.min": 0.3756430392877701, "MIN:log_loss.mean": 0.4715919563883994, "MAX:log_loss.mean": 0.5267837673373896, "MIN:log_loss.max": 0.8512317110953419, "MAX:log_loss.max": 1.1416847286750458, "MIN:accuracy.min": 0.34, "MAX:accuracy.min": 0.5066666666666667, "MIN:accuracy.mean": 0.7444, "MAX:accuracy.mean": 0.7754666666666669, "MIN:accuracy.max": 0.92, "MAX:accuracy.max": 0.9733333333333334, "MIN:kappa.min": 0.010000000000000009, "MAX:kappa.min": 0.26, "MIN:kappa.mean": 0.6165999999999999, "MAX:kappa.mean": 0.6631999999999999, "MIN:kappa.max": 0.88, "MAX:kappa.max": 0.96}