{"MIN:log_loss.min": 0.4610088927832255, "MAX:log_loss.min": 0.5781912105160065, "MIN:log_loss.mean": 1.0124277385238805, "MAX:log_loss.mean": 1.1618631069587537, "MIN:log_loss.max": 1.4139601733867193, "MAX:log_loss.max": 1.6004490451735496, "MIN:accuracy.min": 0.11333333333333333, "MAX:accuracy.min": 0.25333333333333335, "MIN:accuracy.mean": 0.42180000000000006, "MAX:accuracy.mean": 0.5070666666666667, "MIN:accuracy.max": 0.8533333333333334, "MAX:accuracy.max": 0.9466666666666667, "MIN:kappa.min": -0.3300000000000003, "MAX:kappa.min": -0.1200000000000001, "MIN:kappa.mean": 0.13269999999999998, "MAX:kappa.mean": 0.2606, "MIN:kappa.max": 0.78, "MAX:kappa.max": 0.92}