{"MIN:log_loss.min": 0.47701857951688625, "MAX:log_loss.min": 0.6266312873784489, "MIN:log_loss.mean": 0.5885498364416002, "MAX:log_loss.mean": 0.7245314280424116, "MIN:log_loss.max": 1.051654424542903, "MAX:log_loss.max": 1.1341403496361764, "MIN:accuracy.min": 0.3333333333333333, "MAX:accuracy.min": 0.3333333333333333, "MIN:accuracy.mean": 0.8348, "MAX:accuracy.mean": 0.858, "MIN:accuracy.max": 0.92, "MAX:accuracy.max": 0.96, "MIN:kappa.min": -2.220446049250313e-16, "MAX:kappa.min": 0.0, "MIN:kappa.mean": 0.7522, "MAX:kappa.mean": 0.787, "MIN:kappa.max": 0.88, "MAX:kappa.max": 0.9400000000000001}