{"mean accuracy": 0.9322666666666669, "max accuracy": 0.96, "mean kappa": 0.8983999999999998, "max kappa": 0.94}