{"MIN:log_loss.min": 0.3237454079191394, "MAX:log_loss.min": 0.5000689830253738, "MIN:log_loss.mean": 0.6676937791210369, "MAX:log_loss.mean": 1.5294869944999316, "MIN:log_loss.max": 2.3661856169385262, "MAX:log_loss.max": 17.14289268555704, "MIN:accuracy.min": 0.12666666666666668, "MAX:accuracy.min": 0.5666666666666667, "MIN:accuracy.mean": 0.7179999999999999, "MAX:accuracy.mean": 0.7780666666666667, "MIN:accuracy.max": 0.9466666666666667, "MAX:accuracy.max": 0.96, "MIN:kappa.min": -0.31000000000000005, "MAX:kappa.min": 0.35, "MIN:kappa.mean": 0.5769999999999998, "MAX:kappa.mean": 0.6671, "MIN:kappa.max": 0.92, "MAX:kappa.max": 0.9400000000000001}