{"MIN:log_loss.min": 0.3816455101435161, "MAX:log_loss.min": 0.45071299922494934, "MIN:log_loss.mean": 0.4958827030063032, "MAX:log_loss.mean": 0.5663798168600571, "MIN:log_loss.max": 0.8137587816064474, "MAX:log_loss.max": 0.850501031451656, "MIN:accuracy.min": 0.6466666666666666, "MAX:accuracy.min": 0.68, "MIN:accuracy.mean": 0.9181999999999999, "MAX:accuracy.mean": 0.9533999999999999, "MIN:accuracy.max": 0.9733333333333334, "MAX:accuracy.max": 0.9733333333333334, "MIN:kappa.min": 0.47, "MAX:kappa.min": 0.52, "MIN:kappa.mean": 0.8773000000000001, "MAX:kappa.mean": 0.9300999999999999, "MIN:kappa.max": 0.96, "MAX:kappa.max": 0.96}