{"MIN:log_loss.min": 0.5290103400936026, "MAX:log_loss.min": 0.7247549761085206, "MIN:log_loss.mean": 1.2909308181422952, "MAX:log_loss.mean": 1.3420484790272358, "MIN:log_loss.max": 2.5437487774278966, "MAX:log_loss.max": 2.7430684245972854, "MIN:accuracy.min": 0.3333333333333333, "MAX:accuracy.min": 0.3333333333333333, "MIN:accuracy.mean": 0.5326666666666667, "MAX:accuracy.mean": 0.6108666666666668, "MIN:accuracy.max": 0.8466666666666667, "MAX:accuracy.max": 0.96, "MIN:kappa.min": -2.220446049250313e-16, "MAX:kappa.min": 0.0, "MIN:kappa.mean": 0.299, "MAX:kappa.mean": 0.41629999999999995, "MIN:kappa.max": 0.77, "MAX:kappa.max": 0.94}