{"MIN:log_loss.min": 0.47015152512042, "MAX:log_loss.min": 0.4954967225909842, "MIN:log_loss.mean": 0.7231807872787174, "MAX:log_loss.mean": 0.7556354283800615, "MIN:log_loss.max": 1.214480528523213, "MAX:log_loss.max": 1.2156734314010125, "MIN:accuracy.min": 0.3333333333333333, "MAX:accuracy.min": 0.3333333333333333, "MIN:accuracy.mean": 0.6834666666666668, "MAX:accuracy.mean": 0.7468666666666667, "MIN:accuracy.max": 0.9533333333333334, "MAX:accuracy.max": 0.96, "MIN:kappa.min": -2.220446049250313e-16, "MAX:kappa.min": -2.220446049250313e-16, "MIN:kappa.mean": 0.5252, "MAX:kappa.mean": 0.6203, "MIN:kappa.max": 0.9299999999999999, "MAX:kappa.max": 0.9400000000000001}