{"MIN:log_loss.min": 0.11872166967033522, "MAX:log_loss.min": 0.12001529137964757, "MIN:log_loss.mean": 0.5805861139934566, "MAX:log_loss.mean": 0.5930852843683876, "MIN:log_loss.max": 1.08680242699508, "MAX:log_loss.max": 1.0910579425514384, "MIN:accuracy.min": 0.3333333333333333, "MAX:accuracy.min": 0.3333333333333333, "MIN:accuracy.mean": 0.6713333333333336, "MAX:accuracy.mean": 0.6760000000000003, "MIN:accuracy.max": 0.96, "MAX:accuracy.max": 0.96, "MIN:kappa.min": -2.220446049250313e-16, "MAX:kappa.min": 0.0, "MIN:kappa.mean": 0.507, "MAX:kappa.mean": 0.514, "MIN:kappa.max": 0.9400000000000001, "MAX:kappa.max": 0.9400000000000001}