{"MIN:log_loss.min": 0.41058847499469303, "MAX:log_loss.min": 0.5035881266998936, "MIN:log_loss.mean": 0.9734463714619662, "MAX:log_loss.mean": 1.0077990971384765, "MIN:log_loss.max": 1.5498458793581111, "MAX:log_loss.max": 1.6216197676343442, "MIN:accuracy.min": 0.0, "MAX:accuracy.min": 0.18, "MIN:accuracy.mean": 0.54, "MAX:accuracy.mean": 0.563, "MIN:accuracy.max": 0.8733333333333333, "MAX:accuracy.max": 0.9666666666666667, "MIN:kappa.min": -0.5, "MAX:kappa.min": -0.22999999999999998, "MIN:kappa.mean": 0.30999999999999994, "MAX:kappa.mean": 0.3445, "MIN:kappa.max": 0.81, "MAX:kappa.max": 0.95}