{"MIN:log_loss.min": 0.8691549759253614, "MAX:log_loss.min": 1.0632018172731477, "MIN:log_loss.mean": 0.9437715045137636, "MAX:log_loss.mean": 1.231754233801961, "MIN:log_loss.max": 1.085763352844648, "MAX:log_loss.max": 1.5360681128197364, "MIN:accuracy.min": 0.3333333333333333, "MAX:accuracy.min": 0.6666666666666666, "MIN:accuracy.mean": 0.6414666666666666, "MAX:accuracy.mean": 0.7364, "MIN:accuracy.max": 0.6666666666666666, "MAX:accuracy.max": 0.96, "MIN:kappa.min": 0.0, "MAX:kappa.min": 0.5, "MIN:kappa.mean": 0.46220000000000006, "MAX:kappa.mean": 0.6045999999999999, "MIN:kappa.max": 0.5, "MAX:kappa.max": 0.9400000000000001}