{"mean accuracy": 0.6127333333333331, "max accuracy": 0.84, "mean kappa": 0.4191, "max kappa": 0.7599999999999999}