{"MIN:log_loss.min": 0.31472229886744807, "MAX:log_loss.min": 0.4092920543898398, "MIN:log_loss.mean": 0.5653288692884194, "MAX:log_loss.mean": 0.6601974647911365, "MIN:log_loss.max": 1.9410850799461794, "MAX:log_loss.max": 11.622472105080972, "MIN:accuracy.min": 0.3333333333333333, "MAX:accuracy.min": 0.37333333333333335, "MIN:accuracy.mean": 0.8042666666666668, "MAX:accuracy.mean": 0.8451999999999998, "MIN:accuracy.max": 0.9466666666666667, "MAX:accuracy.max": 0.96, "MIN:kappa.min": 0.0, "MAX:kappa.min": 0.06000000000000005, "MIN:kappa.mean": 0.7064, "MAX:kappa.mean": 0.7677999999999997, "MIN:kappa.max": 0.92, "MAX:kappa.max": 0.9400000000000001}