{"MIN:log_loss.min": 0.7083525459594722, "MAX:log_loss.min": 0.8514762727743237, "MIN:log_loss.mean": 0.8918218594801104, "MAX:log_loss.mean": 1.020865115970968, "MIN:log_loss.max": 1.188188787096905, "MAX:log_loss.max": 1.1957997359621406, "MIN:accuracy.min": 0.2866666666666667, "MAX:accuracy.min": 0.3333333333333333, "MIN:accuracy.mean": 0.5992000000000001, "MAX:accuracy.mean": 0.6576000000000001, "MIN:accuracy.max": 0.9133333333333333, "MAX:accuracy.max": 0.9533333333333334, "MIN:kappa.min": -0.06999999999999984, "MAX:kappa.min": 0.0, "MIN:kappa.mean": 0.39880000000000004, "MAX:kappa.mean": 0.4864, "MIN:kappa.max": 0.87, "MAX:kappa.max": 0.9299999999999999}