{"MIN:log_loss.min": 0.36384362018949995, "MAX:log_loss.min": 0.3753215471996585, "MIN:log_loss.mean": 0.5222287192472264, "MAX:log_loss.mean": 0.5534986369714787, "MIN:log_loss.max": 0.8223888779658226, "MAX:log_loss.max": 1.0976188344053943, "MIN:accuracy.min": 0.5333333333333333, "MAX:accuracy.min": 0.6666666666666666, "MIN:accuracy.mean": 0.8490666666666669, "MAX:accuracy.mean": 0.8630666666666668, "MIN:accuracy.max": 0.96, "MAX:accuracy.max": 0.96, "MIN:kappa.min": 0.30000000000000004, "MAX:kappa.min": 0.5, "MIN:kappa.mean": 0.7736, "MAX:kappa.mean": 0.7946000000000001, "MIN:kappa.max": 0.9400000000000001, "MAX:kappa.max": 0.9400000000000001}