{"MIN:log_loss.min": 0.5691794104244963, "MAX:log_loss.min": 1.0106366505325604, "MIN:log_loss.mean": 0.9590014331483294, "MAX:log_loss.mean": 1.4540684906532026, "MIN:log_loss.max": 1.8603107191888735, "MAX:log_loss.max": 11.525786852817019, "MIN:accuracy.min": 0.3333333333333333, "MAX:accuracy.min": 0.37333333333333335, "MIN:accuracy.mean": 0.5874, "MAX:accuracy.mean": 0.645, "MIN:accuracy.max": 0.6666666666666666, "MAX:accuracy.max": 0.9466666666666667, "MIN:kappa.min": 0.0, "MAX:kappa.min": 0.06000000000000005, "MIN:kappa.mean": 0.38109999999999994, "MAX:kappa.mean": 0.4675, "MIN:kappa.max": 0.5, "MAX:kappa.max": 0.92}