{"mean accuracy": 0.8800666666666666, "max accuracy": 0.9666666666666666, "mean kappa": 0.8201000000000002, "max kappa": 0.9499999999999998}