{"MIN:log_loss.min": 0.12117861522690433, "MAX:log_loss.min": 0.18411521941800837, "MIN:log_loss.mean": 0.6550295778956376, "MAX:log_loss.mean": 0.7820758551624561, "MIN:log_loss.max": 1.0933921314865696, "MAX:log_loss.max": 1.2820884069212053, "MIN:accuracy.min": 0.04, "MAX:accuracy.min": 0.3333333333333333, "MIN:accuracy.mean": 0.6364666666666666, "MAX:accuracy.mean": 0.6858666666666667, "MIN:accuracy.max": 0.96, "MAX:accuracy.max": 0.96, "MIN:kappa.min": -0.44000000000000017, "MAX:kappa.min": 0.0, "MIN:kappa.mean": 0.4547, "MAX:kappa.mean": 0.5287999999999999, "MIN:kappa.max": 0.9400000000000001, "MAX:kappa.max": 0.9400000000000001}