{"MIN:log_loss.min": 0.5662944669971182, "MAX:log_loss.min": 0.7641663513871325, "MIN:log_loss.mean": 0.7978731874137438, "MAX:log_loss.mean": 0.8331096812585196, "MIN:log_loss.max": 0.9927503169077208, "MAX:log_loss.max": 1.3745471510716283, "MIN:accuracy.min": 0.12666666666666668, "MAX:accuracy.min": 0.44666666666666666, "MIN:accuracy.mean": 0.7027333333333331, "MAX:accuracy.mean": 0.7588666666666668, "MIN:accuracy.max": 0.8933333333333333, "MAX:accuracy.max": 0.96, "MIN:kappa.min": -0.31000000000000005, "MAX:kappa.min": 0.17000000000000004, "MIN:kappa.mean": 0.5540999999999999, "MAX:kappa.mean": 0.6382999999999999, "MIN:kappa.max": 0.84, "MAX:kappa.max": 0.94}