{"MIN:log_loss.min": 0.35877323452877113, "MAX:log_loss.min": 0.5091186866676399, "MIN:log_loss.mean": 0.6842151961734685, "MAX:log_loss.mean": 0.8352302037233948, "MIN:log_loss.max": 0.9977351690351687, "MAX:log_loss.max": 4.467717861144103, "MIN:accuracy.min": 0.3333333333333333, "MAX:accuracy.min": 0.7733333333333333, "MIN:accuracy.mean": 0.7531999999999998, "MAX:accuracy.mean": 0.7745333333333331, "MIN:accuracy.max": 0.8133333333333334, "MAX:accuracy.max": 0.9133333333333333, "MIN:kappa.min": 0.0, "MAX:kappa.min": 0.6599999999999999, "MIN:kappa.mean": 0.6298, "MAX:kappa.mean": 0.6617999999999999, "MIN:kappa.max": 0.72, "MAX:kappa.max": 0.87}