{"MIN:log_loss.min": 0.19230701188930693, "MAX:log_loss.min": 0.2638010374279791, "MIN:log_loss.mean": 0.777934526518498, "MAX:log_loss.mean": 0.8013605092774906, "MIN:log_loss.max": 1.217881198271397, "MAX:log_loss.max": 1.2182119272162761, "MIN:accuracy.min": 0.3333333333333333, "MAX:accuracy.min": 0.3333333333333333, "MIN:accuracy.mean": 0.6069333333333333, "MAX:accuracy.mean": 0.6347999999999999, "MIN:accuracy.max": 0.9466666666666667, "MAX:accuracy.max": 0.96, "MIN:kappa.min": 0.0, "MAX:kappa.min": 0.0, "MIN:kappa.mean": 0.4104, "MAX:kappa.mean": 0.4522, "MIN:kappa.max": 0.92, "MAX:kappa.max": 0.9400000000000001}