{"MIN:log_loss.min": 0.2826342667838685, "MAX:log_loss.min": 0.6817863704832668, "MIN:log_loss.mean": 0.4798333791634624, "MAX:log_loss.mean": 0.772091532117459, "MIN:log_loss.max": 0.7725695801552493, "MAX:log_loss.max": 2.065092103731738, "MIN:accuracy.min": 0.44, "MAX:accuracy.min": 0.6733333333333333, "MIN:accuracy.mean": 0.7539999999999999, "MAX:accuracy.mean": 0.7946000000000001, "MIN:accuracy.max": 0.8933333333333333, "MAX:accuracy.max": 0.96, "MIN:kappa.min": 0.16000000000000003, "MAX:kappa.min": 0.51, "MIN:kappa.mean": 0.6309999999999999, "MAX:kappa.mean": 0.6918999999999998, "MIN:kappa.max": 0.84, "MAX:kappa.max": 0.9400000000000001}