{"MIN:log_loss.min": 0.08741004221619317, "MAX:log_loss.min": 0.15055746091998323, "MIN:log_loss.mean": 0.45373940858833073, "MAX:log_loss.mean": 0.5066118517134895, "MIN:log_loss.max": 1.0984294054281118, "MAX:log_loss.max": 1.2178554024011805, "MIN:accuracy.min": 0.3333333333333333, "MAX:accuracy.min": 0.6666666666666666, "MIN:accuracy.mean": 0.8038666666666667, "MAX:accuracy.mean": 0.8425333333333335, "MIN:accuracy.max": 0.96, "MAX:accuracy.max": 0.9666666666666667, "MIN:kappa.min": 0.0, "MAX:kappa.min": 0.5, "MIN:kappa.mean": 0.7058, "MAX:kappa.mean": 0.7637999999999999, "MIN:kappa.max": 0.9400000000000001, "MAX:kappa.max": 0.95}