{"MIN:log_loss.min": 0.7048714898635722, "MAX:log_loss.min": 0.7642994249415644, "MIN:log_loss.mean": 0.9625796491438798, "MAX:log_loss.mean": 0.9923302175231943, "MIN:log_loss.max": 1.1953280800324508, "MAX:log_loss.max": 1.2334761190697876, "MIN:accuracy.min": 0.3333333333333333, "MAX:accuracy.min": 0.56, "MIN:accuracy.mean": 0.6348, "MAX:accuracy.mean": 0.6675333333333334, "MIN:accuracy.max": 0.9533333333333334, "MAX:accuracy.max": 0.9666666666666667, "MIN:kappa.min": 0.0, "MAX:kappa.min": 0.33999999999999997, "MIN:kappa.mean": 0.45219999999999994, "MAX:kappa.mean": 0.5013, "MIN:kappa.max": 0.9299999999999999, "MAX:kappa.max": 0.95}