{"MIN:log_loss.min": 0.2131239206337515, "MAX:log_loss.min": 0.346414444975321, "MIN:log_loss.mean": 0.6669579780503527, "MAX:log_loss.mean": 0.7169367582660106, "MIN:log_loss.max": 1.0916529055311348, "MAX:log_loss.max": 1.0918695960618827, "MIN:accuracy.min": 0.3333333333333333, "MAX:accuracy.min": 0.35333333333333333, "MIN:accuracy.mean": 0.6901999999999998, "MAX:accuracy.mean": 0.7265333333333333, "MIN:accuracy.max": 0.9466666666666667, "MAX:accuracy.max": 0.96, "MIN:kappa.min": -2.220446049250313e-16, "MAX:kappa.min": 0.029999999999999916, "MIN:kappa.mean": 0.5353000000000001, "MAX:kappa.mean": 0.5898, "MIN:kappa.max": 0.92, "MAX:kappa.max": 0.9400000000000001}