{"MIN:log_loss.min": 0.18437367612742459, "MAX:log_loss.min": 1.049270279421956, "MIN:log_loss.mean": 0.730872863913919, "MAX:log_loss.mean": 5.86145381110533, "MIN:log_loss.max": 1.068329123517713, "MAX:log_loss.max": 15.1970616137607, "MIN:accuracy.min": 0.04, "MAX:accuracy.min": 0.66, "MIN:accuracy.mean": 0.6137333333333332, "MAX:accuracy.mean": 0.6981333333333333, "MIN:accuracy.max": 0.66, "MAX:accuracy.max": 0.96, "MIN:kappa.min": -0.44000000000000017, "MAX:kappa.min": 0.49, "MIN:kappa.mean": 0.4206, "MAX:kappa.mean": 0.5472, "MIN:kappa.max": 0.49, "MAX:kappa.max": 0.94}