{"MIN:log_loss.min": 0.31934167641142835, "MAX:log_loss.min": 0.4774549063663871, "MIN:log_loss.mean": 0.5541284189008668, "MAX:log_loss.mean": 6.500384608537406, "MIN:log_loss.max": 1.013182236632653, "MAX:log_loss.max": 21.874558383443432, "MIN:accuracy.min": 0.3333333333333333, "MAX:accuracy.min": 0.5933333333333334, "MIN:accuracy.mean": 0.6971333333333334, "MAX:accuracy.mean": 0.7393333333333332, "MIN:accuracy.max": 0.8666666666666667, "MAX:accuracy.max": 0.9666666666666667, "MIN:kappa.min": 0.0, "MAX:kappa.min": 0.39, "MIN:kappa.mean": 0.5457, "MAX:kappa.mean": 0.609, "MIN:kappa.max": 0.8, "MAX:kappa.max": 0.95}