{"MIN:log_loss.min": 0.5331053525055713, "MAX:log_loss.min": 0.8279218861888828, "MIN:log_loss.mean": 0.8653817879048843, "MAX:log_loss.mean": 1.2354804829441768, "MIN:log_loss.max": 1.1760684301491213, "MAX:log_loss.max": 2.660685898257978, "MIN:accuracy.min": 0.3333333333333333, "MAX:accuracy.min": 0.6066666666666667, "MIN:accuracy.mean": 0.6183999999999998, "MAX:accuracy.mean": 0.7218666666666665, "MIN:accuracy.max": 0.9133333333333333, "MAX:accuracy.max": 0.96, "MIN:kappa.min": 0.0, "MAX:kappa.min": 0.41000000000000003, "MIN:kappa.mean": 0.4275999999999999, "MAX:kappa.mean": 0.5828, "MIN:kappa.max": 0.87, "MAX:kappa.max": 0.9400000000000001}