{"MIN:log_loss.min": 0.3678824410787254, "MAX:log_loss.min": 0.4020319618804424, "MIN:log_loss.mean": 0.4969058651085706, "MAX:log_loss.mean": 0.7828058227931095, "MIN:log_loss.max": 0.9310951007605112, "MAX:log_loss.max": 8.261327936313513, "MIN:accuracy.min": 0.3333333333333333, "MAX:accuracy.min": 0.37333333333333335, "MIN:accuracy.mean": 0.8091333333333333, "MAX:accuracy.mean": 0.8542666666666665, "MIN:accuracy.max": 0.9, "MAX:accuracy.max": 0.96, "MIN:kappa.min": 0.0, "MAX:kappa.min": 0.06000000000000005, "MIN:kappa.mean": 0.7136999999999999, "MAX:kappa.mean": 0.7813999999999999, "MIN:kappa.max": 0.85, "MAX:kappa.max": 0.9400000000000001}