{"MIN:log_loss.min": 0.6168143193988818, "MAX:log_loss.min": 0.853641004378109, "MIN:log_loss.mean": 0.7678477575771541, "MAX:log_loss.mean": 1.1990436868761134, "MIN:log_loss.max": 1.0985785663778342, "MAX:log_loss.max": 1.9380559697916655, "MIN:accuracy.min": 0.3333333333333333, "MAX:accuracy.min": 0.6666666666666666, "MIN:accuracy.mean": 0.6549333333333334, "MAX:accuracy.mean": 0.6847333333333335, "MIN:accuracy.max": 0.6666666666666666, "MAX:accuracy.max": 0.9533333333333334, "MIN:kappa.min": 0.0, "MAX:kappa.min": 0.5, "MIN:kappa.mean": 0.4824, "MAX:kappa.mean": 0.5271, "MIN:kappa.max": 0.5, "MAX:kappa.max": 0.9299999999999999}