{"MIN:log_loss.min": 0.47489199061024956, "MAX:log_loss.min": 0.5075378389705443, "MIN:log_loss.mean": 0.6967739605454619, "MAX:log_loss.mean": 0.7470142158880679, "MIN:log_loss.max": 1.9298846799263683, "MAX:log_loss.max": 2.3162008634953146, "MIN:accuracy.min": 0.3333333333333333, "MAX:accuracy.min": 0.3333333333333333, "MIN:accuracy.mean": 0.8033333333333335, "MAX:accuracy.mean": 0.8436, "MIN:accuracy.max": 0.9466666666666667, "MAX:accuracy.max": 0.96, "MIN:kappa.min": 0.0, "MAX:kappa.min": 0.0, "MIN:kappa.mean": 0.705, "MAX:kappa.mean": 0.7654, "MIN:kappa.max": 0.92, "MAX:kappa.max": 0.94}