{"MIN:log_loss.min": 0.4117196131687526, "MAX:log_loss.min": 0.6738261735828589, "MIN:log_loss.mean": 0.7991725998848197, "MAX:log_loss.mean": 1.0868691913716562, "MIN:log_loss.max": 1.1875376942360658, "MAX:log_loss.max": 2.9081573042669726, "MIN:accuracy.min": 0.3333333333333333, "MAX:accuracy.min": 0.5866666666666667, "MIN:accuracy.mean": 0.6362666666666665, "MAX:accuracy.mean": 0.7340666666666668, "MIN:accuracy.max": 0.8733333333333333, "MAX:accuracy.max": 0.9533333333333334, "MIN:kappa.min": -2.220446049250313e-16, "MAX:kappa.min": 0.38, "MIN:kappa.mean": 0.4544, "MAX:kappa.mean": 0.6011, "MIN:kappa.max": 0.81, "MAX:kappa.max": 0.9299999999999999}