{"MIN:log_loss.min": 0.619046736713612, "MAX:log_loss.min": 0.8183736606070919, "MIN:log_loss.mean": 1.0053221802015495, "MAX:log_loss.mean": 1.168126066067336, "MIN:log_loss.max": 1.179099702546153, "MAX:log_loss.max": 2.99450428176327, "MIN:accuracy.min": 0.0, "MAX:accuracy.min": 0.32666666666666666, "MIN:accuracy.mean": 0.5079333333333333, "MAX:accuracy.mean": 0.5614, "MIN:accuracy.max": 0.76, "MAX:accuracy.max": 0.96, "MIN:kappa.min": -0.5, "MAX:kappa.min": -0.010000000000000009, "MIN:kappa.mean": 0.2619, "MAX:kappa.mean": 0.34209999999999996, "MIN:kappa.max": 0.64, "MAX:kappa.max": 0.9400000000000001}