{"MIN:log_loss.min": 0.16823423808825438, "MAX:log_loss.min": 0.29339857281546367, "MIN:log_loss.mean": 0.5602003872563639, "MAX:log_loss.mean": 0.6568712024497383, "MIN:log_loss.max": 3.877461876545108, "MAX:log_loss.max": 5.174035554011548, "MIN:accuracy.min": 0.3333333333333333, "MAX:accuracy.min": 0.64, "MIN:accuracy.mean": 0.7709333333333335, "MAX:accuracy.mean": 0.8532666666666668, "MIN:accuracy.max": 0.96, "MAX:accuracy.max": 0.96, "MIN:kappa.min": 0.0, "MAX:kappa.min": 0.45999999999999996, "MIN:kappa.mean": 0.6564, "MAX:kappa.mean": 0.7798999999999999, "MIN:kappa.max": 0.9400000000000001, "MAX:kappa.max": 0.9400000000000001}