{"MIN:log_loss.min": 0.4359627436559986, "MAX:log_loss.min": 0.9611290515453773, "MIN:log_loss.mean": 0.7495745052655235, "MAX:log_loss.mean": 3.934163451631163, "MIN:log_loss.max": 1.0986118661444455, "MAX:log_loss.max": 12.020969751179766, "MIN:accuracy.min": 0.3333333333333333, "MAX:accuracy.min": 0.3333333333333333, "MIN:accuracy.mean": 0.5677333333333333, "MAX:accuracy.mean": 0.6045333333333334, "MIN:accuracy.max": 0.6666666666666666, "MAX:accuracy.max": 0.96, "MIN:kappa.min": -2.220446049250313e-16, "MAX:kappa.min": 0.0, "MIN:kappa.mean": 0.35159999999999997, "MAX:kappa.mean": 0.4068, "MIN:kappa.max": 0.5, "MAX:kappa.max": 0.9400000000000001}