{"mean accuracy": 0.6749333333333333, "max accuracy": 0.9733333333333334, "mean kappa": 0.5124000000000001, "max kappa": 0.9600000000000001}