{"MIN:log_loss.min": 0.8437261205855768, "MAX:log_loss.min": 0.9484597423411413, "MIN:log_loss.mean": 0.9810439018653528, "MAX:log_loss.mean": 1.2096179604667117, "MIN:log_loss.max": 1.1248241535549781, "MAX:log_loss.max": 1.417758042640803, "MIN:accuracy.min": 0.013333333333333334, "MAX:accuracy.min": 0.3333333333333333, "MIN:accuracy.mean": 0.3048, "MAX:accuracy.mean": 0.6325333333333334, "MIN:accuracy.max": 0.6333333333333333, "MAX:accuracy.max": 0.6666666666666666, "MIN:kappa.min": -0.48, "MAX:kappa.min": 0.0, "MIN:kappa.mean": -0.04279999999999999, "MAX:kappa.mean": 0.4488, "MIN:kappa.max": 0.44999999999999996, "MAX:kappa.max": 0.5}