{"MIN:log_loss.min": 0.5436662354337588, "MAX:log_loss.min": 1.0106429420575513, "MIN:log_loss.mean": 0.966692985189879, "MAX:log_loss.mean": 1.1791299161674822, "MIN:log_loss.max": 1.1832861817846887, "MAX:log_loss.max": 2.3383207706982883, "MIN:accuracy.min": 0.12, "MAX:accuracy.min": 0.35333333333333333, "MIN:accuracy.mean": 0.5480666666666667, "MAX:accuracy.mean": 0.5837333333333333, "MIN:accuracy.max": 0.6666666666666666, "MAX:accuracy.max": 0.96, "MIN:kappa.min": -0.32000000000000006, "MAX:kappa.min": 0.029999999999999916, "MIN:kappa.mean": 0.3221, "MAX:kappa.mean": 0.37560000000000004, "MIN:kappa.max": 0.5, "MAX:kappa.max": 0.9400000000000001}