{"MIN:log_loss.min": 0.10935171962191466, "MAX:log_loss.min": 0.11389736308111267, "MIN:log_loss.mean": 0.33785657876353214, "MAX:log_loss.mean": 0.3676768508393202, "MIN:log_loss.max": 3.889716463948729, "MAX:log_loss.max": 4.954252448384422, "MIN:accuracy.min": 0.52, "MAX:accuracy.min": 0.7533333333333333, "MIN:accuracy.mean": 0.9306666666666669, "MAX:accuracy.mean": 0.9467333333333332, "MIN:accuracy.max": 0.96, "MAX:accuracy.max": 0.96, "MIN:kappa.min": 0.28, "MAX:kappa.min": 0.63, "MIN:kappa.mean": 0.8960000000000001, "MAX:kappa.mean": 0.9200999999999996, "MIN:kappa.max": 0.9400000000000001, "MAX:kappa.max": 0.9400000000000001}