{"MIN:log_loss.min": 0.13167069589943592, "MAX:log_loss.min": 0.22551571931663836, "MIN:log_loss.mean": 1.0602025066342902, "MAX:log_loss.mean": 2.9243655316792503, "MIN:log_loss.max": 12.294446174857217, "MAX:log_loss.max": 22.995005795611597, "MIN:accuracy.min": 0.3333333333333333, "MAX:accuracy.min": 0.6066666666666667, "MIN:accuracy.mean": 0.7398666666666667, "MAX:accuracy.mean": 0.7742, "MIN:accuracy.max": 0.9533333333333334, "MAX:accuracy.max": 0.9666666666666667, "MIN:kappa.min": 0.0, "MAX:kappa.min": 0.41000000000000003, "MIN:kappa.mean": 0.6098, "MAX:kappa.mean": 0.6613, "MIN:kappa.max": 0.9299999999999999, "MAX:kappa.max": 0.95}