{"mean accuracy": 0.7610666666666666, "max accuracy": 0.9733333333333334, "mean kappa": 0.6416, "max kappa": 0.9600000000000001}