{"MIN:log_loss.min": 0.15954500814358166, "MAX:log_loss.min": 0.5451987001317402, "MIN:log_loss.mean": 0.6130577531200525, "MAX:log_loss.mean": 0.808403228487889, "MIN:log_loss.max": 1.097097362552937, "MAX:log_loss.max": 1.102625172707925, "MIN:accuracy.min": 0.03333333333333333, "MAX:accuracy.min": 0.6533333333333333, "MIN:accuracy.mean": 0.7055333333333331, "MAX:accuracy.mean": 0.7460666666666667, "MIN:accuracy.max": 0.96, "MAX:accuracy.max": 0.96, "MIN:kappa.min": -0.44999999999999996, "MAX:kappa.min": 0.48, "MIN:kappa.mean": 0.5583, "MAX:kappa.mean": 0.6191, "MIN:kappa.max": 0.94, "MAX:kappa.max": 0.9400000000000001}