{"MIN:log_loss.min": 0.5292292787992764, "MAX:log_loss.min": 0.6382447217609556, "MIN:log_loss.mean": 0.8631641072265048, "MAX:log_loss.mean": 0.8978595236920753, "MIN:log_loss.max": 1.5912644321043403, "MAX:log_loss.max": 1.9039139769138345, "MIN:accuracy.min": 0.17333333333333334, "MAX:accuracy.min": 0.2866666666666667, "MIN:accuracy.mean": 0.6547333333333334, "MAX:accuracy.mean": 0.6951333333333332, "MIN:accuracy.max": 0.8933333333333333, "MAX:accuracy.max": 0.96, "MIN:kappa.min": -0.23999999999999977, "MAX:kappa.min": -0.07000000000000006, "MIN:kappa.mean": 0.48210000000000014, "MAX:kappa.mean": 0.5427000000000001, "MIN:kappa.max": 0.84, "MAX:kappa.max": 0.9400000000000001}