{"MIN:log_loss.min": 0.29961323710810434, "MAX:log_loss.min": 0.29962252457976224, "MIN:log_loss.mean": 0.5142874461882313, "MAX:log_loss.mean": 0.5307387696586231, "MIN:log_loss.max": 0.9145237705604691, "MAX:log_loss.max": 1.0116026127336968, "MIN:accuracy.min": 0.36, "MAX:accuracy.min": 0.6666666666666666, "MIN:accuracy.mean": 0.7913333333333334, "MAX:accuracy.mean": 0.7993333333333333, "MIN:accuracy.max": 0.96, "MAX:accuracy.max": 0.96, "MIN:kappa.min": 0.040000000000000036, "MAX:kappa.min": 0.5, "MIN:kappa.mean": 0.687, "MAX:kappa.mean": 0.6990000000000001, "MIN:kappa.max": 0.9400000000000001, "MAX:kappa.max": 0.9400000000000001}