{"MIN:log_loss.min": 0.78031971465867, "MAX:log_loss.min": 0.7966292780264576, "MIN:log_loss.mean": 0.8404001701988022, "MAX:log_loss.mean": 0.8702961203995946, "MIN:log_loss.max": 1.103633147405778, "MAX:log_loss.max": 1.1053771209266112, "MIN:accuracy.min": 0.2866666666666667, "MAX:accuracy.min": 0.2866666666666667, "MIN:accuracy.mean": 0.7595999999999999, "MAX:accuracy.mean": 0.7652, "MIN:accuracy.max": 0.9066666666666666, "MAX:accuracy.max": 0.9066666666666666, "MIN:kappa.min": -0.07000000000000006, "MAX:kappa.min": -0.07000000000000006, "MIN:kappa.mean": 0.6394000000000001, "MAX:kappa.mean": 0.6478, "MIN:kappa.max": 0.86, "MAX:kappa.max": 0.86}