{"MIN:log_loss.min": 0.37506878177551123, "MAX:log_loss.min": 0.940429159771785, "MIN:log_loss.mean": 0.9640401944678126, "MAX:log_loss.mean": 2.397679691617691, "MIN:log_loss.max": 1.047642905184637, "MAX:log_loss.max": 4.152277470962208, "MIN:accuracy.min": 0.3333333333333333, "MAX:accuracy.min": 0.6666666666666666, "MIN:accuracy.mean": 0.36433333333333345, "MAX:accuracy.mean": 0.7020000000000001, "MIN:accuracy.max": 0.6666666666666666, "MAX:accuracy.max": 0.9533333333333334, "MIN:kappa.min": -2.220446049250313e-16, "MAX:kappa.min": 0.5, "MIN:kappa.mean": 0.04649999999999999, "MAX:kappa.mean": 0.553, "MIN:kappa.max": 0.5, "MAX:kappa.max": 0.9299999999999999}