{"MIN:log_loss.min": 0.36795177284616887, "MAX:log_loss.min": 0.37537601021481254, "MIN:log_loss.mean": 0.5422051279932179, "MAX:log_loss.mean": 0.568724184101897, "MIN:log_loss.max": 0.9104267251942691, "MAX:log_loss.max": 0.9565211503672777, "MIN:accuracy.min": 0.5266666666666666, "MAX:accuracy.min": 0.5266666666666666, "MIN:accuracy.mean": 0.861, "MAX:accuracy.mean": 0.8863333333333333, "MIN:accuracy.max": 0.96, "MAX:accuracy.max": 0.96, "MIN:kappa.min": 0.29000000000000004, "MAX:kappa.min": 0.29000000000000004, "MIN:kappa.mean": 0.7915000000000001, "MAX:kappa.mean": 0.8295, "MIN:kappa.max": 0.9400000000000001, "MAX:kappa.max": 0.9400000000000001}