{"MIN:log_loss.min": 0.21234856870344335, "MAX:log_loss.min": 0.4496947478584559, "MIN:log_loss.mean": 4.019626655843764, "MAX:log_loss.mean": 5.661467168390535, "MIN:log_loss.max": 11.515436362395473, "MAX:log_loss.max": 19.24863903779838, "MIN:accuracy.min": 0.44, "MAX:accuracy.min": 0.6666666666666666, "MIN:accuracy.mean": 0.7138666666666666, "MAX:accuracy.mean": 0.7202666666666669, "MIN:accuracy.max": 0.96, "MAX:accuracy.max": 0.96, "MIN:kappa.min": 0.16000000000000003, "MAX:kappa.min": 0.5, "MIN:kappa.mean": 0.5708, "MAX:kappa.mean": 0.5804, "MIN:kappa.max": 0.9400000000000001, "MAX:kappa.max": 0.9400000000000001}