{"MIN:log_loss.min": 0.5635636051923808, "MAX:log_loss.min": 0.8467903832979181, "MIN:log_loss.mean": 0.9232393370870029, "MAX:log_loss.mean": 1.0088161935618414, "MIN:log_loss.max": 1.262951083070391, "MAX:log_loss.max": 1.4880734194519967, "MIN:accuracy.min": 0.07333333333333333, "MAX:accuracy.min": 0.37333333333333335, "MIN:accuracy.mean": 0.5504, "MAX:accuracy.mean": 0.6076, "MIN:accuracy.max": 0.6666666666666666, "MAX:accuracy.max": 0.96, "MIN:kappa.min": -0.3899999999999999, "MAX:kappa.min": 0.06000000000000005, "MIN:kappa.mean": 0.32559999999999995, "MAX:kappa.mean": 0.4114000000000001, "MIN:kappa.max": 0.5, "MAX:kappa.max": 0.94}