{"MIN:log_loss.min": 0.11100051915551035, "MAX:log_loss.min": 0.2757753925369782, "MIN:log_loss.mean": 0.41456381714129614, "MAX:log_loss.mean": 0.5147891498262163, "MIN:log_loss.max": 0.935554036719506, "MAX:log_loss.max": 2.321196772571397, "MIN:accuracy.min": 0.6, "MAX:accuracy.min": 0.86, "MIN:accuracy.mean": 0.9015999999999997, "MAX:accuracy.mean": 0.9438666666666665, "MIN:accuracy.max": 0.96, "MAX:accuracy.max": 0.9666666666666667, "MIN:kappa.min": 0.4, "MAX:kappa.min": 0.79, "MIN:kappa.mean": 0.8524, "MAX:kappa.mean": 0.9157999999999998, "MIN:kappa.max": 0.9400000000000001, "MAX:kappa.max": 0.95}