{"MIN:log_loss.min": 0.3623465447544372, "MAX:log_loss.min": 0.4980448589439852, "MIN:log_loss.mean": 0.7227752661153504, "MAX:log_loss.mean": 1.1093063461127135, "MIN:log_loss.max": 1.0936555484093735, "MAX:log_loss.max": 4.225978003536841, "MIN:accuracy.min": 0.66, "MAX:accuracy.min": 0.66, "MIN:accuracy.mean": 0.7531333333333332, "MAX:accuracy.mean": 0.8135333333333334, "MIN:accuracy.max": 0.9533333333333334, "MAX:accuracy.max": 0.9533333333333334, "MIN:kappa.min": 0.49, "MAX:kappa.min": 0.49, "MIN:kappa.mean": 0.6297000000000001, "MAX:kappa.mean": 0.7203000000000002, "MIN:kappa.max": 0.9299999999999999, "MAX:kappa.max": 0.9299999999999999}