{"MIN:log_loss.min": 0.43982237780165445, "MAX:log_loss.min": 0.5039028532495159, "MIN:log_loss.mean": 0.7062147643808925, "MAX:log_loss.mean": 0.7934117716780533, "MIN:log_loss.max": 1.0886880014859135, "MAX:log_loss.max": 1.1071543903347334, "MIN:accuracy.min": 0.5866666666666667, "MAX:accuracy.min": 0.6666666666666666, "MIN:accuracy.mean": 0.7099333333333334, "MAX:accuracy.mean": 0.7746000000000001, "MIN:accuracy.max": 0.96, "MAX:accuracy.max": 0.96, "MIN:kappa.min": 0.3800000000000001, "MAX:kappa.min": 0.5, "MIN:kappa.mean": 0.5649, "MAX:kappa.mean": 0.6618999999999999, "MIN:kappa.max": 0.9400000000000001, "MAX:kappa.max": 0.9400000000000001}