{"MIN:log_loss.min": 0.41795354249057143, "MAX:log_loss.min": 0.5958952844213499, "MIN:log_loss.mean": 0.6457755425078154, "MAX:log_loss.mean": 5.773384244882445, "MIN:log_loss.max": 1.0986122879797484, "MAX:log_loss.max": 11.74489826045977, "MIN:accuracy.min": 0.32666666666666666, "MAX:accuracy.min": 0.48, "MIN:accuracy.mean": 0.6032, "MAX:accuracy.mean": 0.649, "MIN:accuracy.max": 0.6666666666666666, "MAX:accuracy.max": 0.96, "MIN:kappa.min": -0.010000000000000009, "MAX:kappa.min": 0.21999999999999997, "MIN:kappa.mean": 0.40480000000000005, "MAX:kappa.mean": 0.4734999999999999, "MIN:kappa.max": 0.5, "MAX:kappa.max": 0.94}