{"MIN:log_loss.min": 0.5770827035754793, "MAX:log_loss.min": 0.6218163120623978, "MIN:log_loss.mean": 0.8040636776382296, "MAX:log_loss.mean": 0.8158390230586986, "MIN:log_loss.max": 1.1952890097035564, "MAX:log_loss.max": 1.195312195666796, "MIN:accuracy.min": 0.43333333333333335, "MAX:accuracy.min": 0.6066666666666667, "MIN:accuracy.mean": 0.7486666666666667, "MAX:accuracy.mean": 0.7770666666666667, "MIN:accuracy.max": 0.9533333333333334, "MAX:accuracy.max": 0.96, "MIN:kappa.min": 0.1499999999999999, "MAX:kappa.min": 0.4099999999999999, "MIN:kappa.mean": 0.623, "MAX:kappa.mean": 0.6656000000000002, "MIN:kappa.max": 0.9299999999999999, "MAX:kappa.max": 0.9400000000000001}