{"mean accuracy": 0.8192, "max accuracy": 0.9666666666666666, "mean kappa": 0.7288, "max kappa": 0.9499999999999998}