{"MIN:log_loss.min": 0.5601469065341004, "MAX:log_loss.min": 0.7345430835084404, "MIN:log_loss.mean": 1.0115738787029072, "MAX:log_loss.mean": 1.038792040068256, "MIN:log_loss.max": 1.1953220593143756, "MAX:log_loss.max": 1.3964710456857377, "MIN:accuracy.min": 0.18, "MAX:accuracy.min": 0.29333333333333333, "MIN:accuracy.mean": 0.5088666666666666, "MAX:accuracy.mean": 0.5560666666666667, "MIN:accuracy.max": 0.82, "MAX:accuracy.max": 0.9666666666666667, "MIN:kappa.min": -0.22999999999999998, "MAX:kappa.min": -0.05999999999999983, "MIN:kappa.mean": 0.2633, "MAX:kappa.mean": 0.33409999999999995, "MIN:kappa.max": 0.73, "MAX:kappa.max": 0.95}