{"MIN:log_loss.min": 0.34400677099537336, "MAX:log_loss.min": 0.7380416580191123, "MIN:log_loss.mean": 0.5988727860189602, "MAX:log_loss.mean": 4.1506365029238, "MIN:log_loss.max": 0.9672378588214069, "MAX:log_loss.max": 11.884047026082447, "MIN:accuracy.min": 0.3333333333333333, "MAX:accuracy.min": 0.6666666666666666, "MIN:accuracy.mean": 0.6096666666666667, "MAX:accuracy.mean": 0.8323333333333335, "MIN:accuracy.max": 0.6666666666666666, "MAX:accuracy.max": 0.9533333333333334, "MIN:kappa.min": 0.0, "MAX:kappa.min": 0.5, "MIN:kappa.mean": 0.41450000000000004, "MAX:kappa.mean": 0.7485, "MIN:kappa.max": 0.5, "MAX:kappa.max": 0.9299999999999999}