{"MIN:log_loss.min": 0.10062107397371113, "MAX:log_loss.min": 0.14906977743609, "MIN:log_loss.mean": 0.36729103703005855, "MAX:log_loss.mean": 1.0553302948214238, "MIN:log_loss.max": 0.9252793158631527, "MAX:log_loss.max": 19.230358718276335, "MIN:accuracy.min": 0.2866666666666667, "MAX:accuracy.min": 0.7666666666666667, "MIN:accuracy.mean": 0.9057333333333333, "MAX:accuracy.mean": 0.9493999999999998, "MIN:accuracy.max": 0.9666666666666667, "MAX:accuracy.max": 0.9733333333333334, "MIN:kappa.min": -0.06999999999999984, "MAX:kappa.min": 0.65, "MIN:kappa.mean": 0.8585999999999998, "MAX:kappa.mean": 0.9240999999999999, "MIN:kappa.max": 0.95, "MAX:kappa.max": 0.96}