{"MIN:log_loss.min": 0.08640360420185211, "MAX:log_loss.min": 0.09787698213431018, "MIN:log_loss.mean": 0.25815817704545796, "MAX:log_loss.mean": 0.3062523395060252, "MIN:log_loss.max": 0.8243889255793269, "MAX:log_loss.max": 0.8469877414957134, "MIN:accuracy.min": 0.7333333333333333, "MAX:accuracy.min": 0.8466666666666667, "MIN:accuracy.mean": 0.946, "MAX:accuracy.mean": 0.9582, "MIN:accuracy.max": 0.9666666666666667, "MAX:accuracy.max": 0.9733333333333334, "MIN:kappa.min": 0.6, "MAX:kappa.min": 0.77, "MIN:kappa.mean": 0.9189999999999996, "MAX:kappa.mean": 0.9372999999999999, "MIN:kappa.max": 0.95, "MAX:kappa.max": 0.96}