{"MIN:log_loss.min": 0.1898365144008255, "MAX:log_loss.min": 0.20610160048788773, "MIN:log_loss.mean": 0.34967244625462607, "MAX:log_loss.mean": 0.3805246953202541, "MIN:log_loss.max": 0.6789091760036765, "MAX:log_loss.max": 0.7060722786726381, "MIN:accuracy.min": 0.6666666666666666, "MAX:accuracy.min": 0.6666666666666666, "MIN:accuracy.mean": 0.9194666666666665, "MAX:accuracy.mean": 0.9278666666666666, "MIN:accuracy.max": 0.96, "MAX:accuracy.max": 0.96, "MIN:kappa.min": 0.5, "MAX:kappa.min": 0.5, "MIN:kappa.mean": 0.8791999999999998, "MAX:kappa.mean": 0.8917999999999999, "MIN:kappa.max": 0.94, "MAX:kappa.max": 0.9400000000000001}