{"MIN:log_loss.min": 0.8651939814765206, "MAX:log_loss.min": 0.9014525888512408, "MIN:log_loss.mean": 0.9345320116388496, "MAX:log_loss.mean": 0.9651961595388273, "MIN:log_loss.max": 1.010380562716196, "MAX:log_loss.max": 1.1814173206142664, "MIN:accuracy.min": 0.3333333333333333, "MAX:accuracy.min": 0.56, "MIN:accuracy.mean": 0.5969333333333333, "MAX:accuracy.mean": 0.6639333333333335, "MIN:accuracy.max": 0.6666666666666666, "MAX:accuracy.max": 0.96, "MIN:kappa.min": -2.220446049250313e-16, "MAX:kappa.min": 0.33999999999999997, "MIN:kappa.mean": 0.3954000000000001, "MAX:kappa.mean": 0.4959, "MIN:kappa.max": 0.5, "MAX:kappa.max": 0.9400000000000001}