{"MIN:log_loss.min": 0.40829086285799654, "MAX:log_loss.min": 0.6046725883436187, "MIN:log_loss.mean": 0.7235632940012415, "MAX:log_loss.mean": 0.8159082364841828, "MIN:log_loss.max": 1.09643503023177, "MAX:log_loss.max": 1.096465486128731, "MIN:accuracy.min": 0.3333333333333333, "MAX:accuracy.min": 0.6666666666666666, "MIN:accuracy.mean": 0.7297333333333333, "MAX:accuracy.mean": 0.7423333333333335, "MIN:accuracy.max": 0.8933333333333333, "MAX:accuracy.max": 0.9466666666666667, "MIN:kappa.min": -2.220446049250313e-16, "MAX:kappa.min": 0.5, "MIN:kappa.mean": 0.5946, "MAX:kappa.mean": 0.6135, "MIN:kappa.max": 0.8400000000000001, "MAX:kappa.max": 0.92}