{"MIN:log_loss.min": 0.21944349656942128, "MAX:log_loss.min": 0.22107520979555143, "MIN:log_loss.mean": 0.283977377392767, "MAX:log_loss.mean": 0.32817574195262467, "MIN:log_loss.max": 0.5719351848554277, "MAX:log_loss.max": 0.7624009530663172, "MIN:accuracy.min": 0.6666666666666666, "MAX:accuracy.min": 0.7666666666666667, "MIN:accuracy.mean": 0.9093333333333333, "MAX:accuracy.mean": 0.9266666666666665, "MIN:accuracy.max": 0.96, "MAX:accuracy.max": 0.9666666666666667, "MIN:kappa.min": 0.5, "MAX:kappa.min": 0.65, "MIN:kappa.mean": 0.8639999999999999, "MAX:kappa.mean": 0.89, "MIN:kappa.max": 0.9400000000000001, "MAX:kappa.max": 0.95}