{"MIN:log_loss.min": 0.7062519465768103, "MAX:log_loss.min": 0.7469841125211121, "MIN:log_loss.mean": 0.8837662279052992, "MAX:log_loss.mean": 0.922559956470789, "MIN:log_loss.max": 1.0985830063648836, "MAX:log_loss.max": 1.0986122822517752, "MIN:accuracy.min": 0.5, "MAX:accuracy.min": 0.7666666666666667, "MIN:accuracy.mean": 0.8684000000000002, "MAX:accuracy.mean": 0.9137333333333332, "MIN:accuracy.max": 0.96, "MAX:accuracy.max": 0.9733333333333334, "MIN:kappa.min": 0.25, "MAX:kappa.min": 0.65, "MIN:kappa.mean": 0.8026000000000001, "MAX:kappa.mean": 0.8706000000000002, "MIN:kappa.max": 0.94, "MAX:kappa.max": 0.96}