{"MIN:log_loss.min": 0.1131971768995886, "MAX:log_loss.min": 0.39382029137221225, "MIN:log_loss.mean": 0.5962059282258867, "MAX:log_loss.mean": 0.649901041977705, "MIN:log_loss.max": 1.0837503423044779, "MAX:log_loss.max": 3.4668572952546044, "MIN:accuracy.min": 0.3333333333333333, "MAX:accuracy.min": 0.43333333333333335, "MIN:accuracy.mean": 0.6965333333333331, "MAX:accuracy.mean": 0.851, "MIN:accuracy.max": 0.96, "MAX:accuracy.max": 0.96, "MIN:kappa.min": 0.0, "MAX:kappa.min": 0.15000000000000002, "MIN:kappa.mean": 0.5448, "MAX:kappa.mean": 0.7765000000000001, "MIN:kappa.max": 0.94, "MAX:kappa.max": 0.9400000000000001}