{"MIN:log_loss.min": 0.37218841925697205, "MAX:log_loss.min": 0.8874144738306091, "MIN:log_loss.mean": 0.9333835469041278, "MAX:log_loss.mean": 2.3320042452550784, "MIN:log_loss.max": 1.0981337631746555, "MAX:log_loss.max": 17.206271825743258, "MIN:accuracy.min": 0.3333333333333333, "MAX:accuracy.min": 0.66, "MIN:accuracy.mean": 0.617, "MAX:accuracy.mean": 0.7179333333333336, "MIN:accuracy.max": 0.6666666666666666, "MAX:accuracy.max": 0.96, "MIN:kappa.min": -2.220446049250313e-16, "MAX:kappa.min": 0.49, "MIN:kappa.mean": 0.4255, "MAX:kappa.mean": 0.5768999999999999, "MIN:kappa.max": 0.5, "MAX:kappa.max": 0.9400000000000001}