{"MIN:log_loss.min": 0.5159452818716765, "MAX:log_loss.min": 0.7853432870869409, "MIN:log_loss.mean": 0.9261693157791915, "MAX:log_loss.mean": 1.6040773982805692, "MIN:log_loss.max": 1.1799737209406256, "MAX:log_loss.max": 11.9793475013507, "MIN:accuracy.min": 0.32, "MAX:accuracy.min": 0.3333333333333333, "MIN:accuracy.mean": 0.561, "MAX:accuracy.mean": 0.5992000000000001, "MIN:accuracy.max": 0.7666666666666667, "MAX:accuracy.max": 0.96, "MIN:kappa.min": -0.020000000000000018, "MAX:kappa.min": 0.0, "MIN:kappa.mean": 0.34149999999999997, "MAX:kappa.mean": 0.39880000000000004, "MIN:kappa.max": 0.65, "MAX:kappa.max": 0.9400000000000001}