{"MIN:log_loss.min": 0.684908422209582, "MAX:log_loss.min": 0.7104112651939645, "MIN:log_loss.mean": 0.7866041726183335, "MAX:log_loss.mean": 0.8146730313975847, "MIN:log_loss.max": 1.0605235765096284, "MAX:log_loss.max": 1.0731315476245962, "MIN:accuracy.min": 0.3333333333333333, "MAX:accuracy.min": 0.3466666666666667, "MIN:accuracy.mean": 0.5469999999999999, "MAX:accuracy.mean": 0.5654666666666668, "MIN:accuracy.max": 0.6466666666666666, "MAX:accuracy.max": 0.6666666666666666, "MIN:kappa.min": -2.220446049250313e-16, "MAX:kappa.min": 0.020000000000000018, "MIN:kappa.mean": 0.32049999999999995, "MAX:kappa.mean": 0.34819999999999995, "MIN:kappa.max": 0.47, "MAX:kappa.max": 0.5}