{"MIN:log_loss.min": 0.0937871081262697, "MAX:log_loss.min": 0.14470631709978413, "MIN:log_loss.mean": 0.5168428110690729, "MAX:log_loss.mean": 0.6756251034546026, "MIN:log_loss.max": 1.0952846446286053, "MAX:log_loss.max": 4.377316680444687, "MIN:accuracy.min": 0.04666666666666667, "MAX:accuracy.min": 0.3333333333333333, "MIN:accuracy.mean": 0.7450000000000001, "MAX:accuracy.mean": 0.8104, "MIN:accuracy.max": 0.92, "MAX:accuracy.max": 0.9666666666666667, "MIN:kappa.min": -0.42999999999999994, "MAX:kappa.min": 0.0, "MIN:kappa.mean": 0.6175, "MAX:kappa.mean": 0.7155999999999999, "MIN:kappa.max": 0.88, "MAX:kappa.max": 0.95}