{"MIN:log_loss.min": 0.4672331812948854, "MAX:log_loss.min": 0.6671746295521729, "MIN:log_loss.mean": 0.6248746278709804, "MAX:log_loss.mean": 0.8267034641252238, "MIN:log_loss.max": 0.9506071906119117, "MAX:log_loss.max": 1.1337470921707309, "MIN:accuracy.min": 0.12, "MAX:accuracy.min": 0.66, "MIN:accuracy.mean": 0.7677333333333334, "MAX:accuracy.mean": 0.8947333333333333, "MIN:accuracy.max": 0.9466666666666667, "MAX:accuracy.max": 0.96, "MIN:kappa.min": -0.32000000000000006, "MAX:kappa.min": 0.49, "MIN:kappa.mean": 0.6516, "MAX:kappa.mean": 0.8421000000000001, "MIN:kappa.max": 0.92, "MAX:kappa.max": 0.9400000000000001}