{"MIN:log_loss.min": 0.42881900881328355, "MAX:log_loss.min": 0.45275512513711097, "MIN:log_loss.mean": 0.7164432449014296, "MAX:log_loss.mean": 0.7310691063377209, "MIN:log_loss.max": 1.1897698106650318, "MAX:log_loss.max": 1.1897842569266996, "MIN:accuracy.min": 0.6666666666666666, "MAX:accuracy.min": 0.6666666666666666, "MIN:accuracy.mean": 0.8213333333333332, "MAX:accuracy.mean": 0.8293333333333334, "MIN:accuracy.max": 0.96, "MAX:accuracy.max": 0.96, "MIN:kappa.min": 0.5, "MAX:kappa.min": 0.5, "MIN:kappa.mean": 0.7319999999999999, "MAX:kappa.mean": 0.7440000000000001, "MIN:kappa.max": 0.9400000000000001, "MAX:kappa.max": 0.9400000000000001}