{"MAX:accuracy.min": 0.1475, "ARGMAX:accuracy.min": [0, 44016], "MIN:accuracy.min": 0.1475, "ARGMIN:accuracy.min": [0, 44016], "MEAN:accuracy.min": 0.1475, "MAX:accuracy.mean": 0.3367740000000001, "ARGMAX:accuracy.mean": [0, 44016], "MIN:accuracy.mean": 0.323732, "ARGMIN:accuracy.mean": [9, 35469], "MEAN:accuracy.mean": 0.3295578, "MAX:accuracy.max": 0.4979, "ARGMAX:accuracy.max": [0, 44016], "MIN:accuracy.max": 0.4541, "ARGMIN:accuracy.max": [9, 35469], "MEAN:accuracy.max": 0.4759900000000001, "MAX:kappa.min": 0.040944881127958466, "ARGMAX:kappa.min": [0, 44016], "MIN:kappa.min": 0.04094372667285451, "ARGMIN:kappa.min": [2, 39864], "MEAN:kappa.min": 0.0409440730093857, "MAX:kappa.mean": 0.2593212225555058, "ARGMAX:kappa.mean": [0, 44016], "MIN:kappa.mean": 0.24455167365814298, "ARGMIN:kappa.mean": [9, 35469], "MEAN:kappa.mean": 0.25124298174508464, "MAX:kappa.max": 0.4416538504299977, "ARGMAX:kappa.max": [1, 44424], "MIN:kappa.max": 0.3932617757897421, "ARGMIN:kappa.max": [9, 35469], "MEAN:kappa.max": 0.41745841259302274, "MAX:log_loss.min": 1.866995096206665, "ARGMAX:log_loss.min": [9, 35469], "MIN:log_loss.min": 1.7143644094467163, "ARGMIN:log_loss.min": [3, 44621], "MEAN:log_loss.min": 1.8091697692871094, "MAX:log_loss.mean": 2.0265204906463623, "ARGMAX:log_loss.mean": [9, 35469], "MIN:log_loss.mean": 1.9561227560043335, "ARGMIN:log_loss.mean": [3, 44621], "MEAN:log_loss.mean": 1.997581124305725, "MAX:log_loss.max": 2.3838753700256348, "ARGMAX:log_loss.max": [3, 44621], "MIN:log_loss.max": 2.3547849655151367, "ARGMIN:log_loss.max": [9, 35469], "MEAN:log_loss.max": 2.3680520057678223}