{"mean accuracy": 0.7442666666666665, "max accuracy": 0.9733333333333334, "mean kappa": 0.6164000000000002, "max kappa": 0.9600000000000001}