{"MIN:log_loss.min": 0.1200906429810919, "MAX:log_loss.min": 0.13552023234402535, "MIN:log_loss.mean": 0.428369509354402, "MAX:log_loss.mean": 0.47307285314424324, "MIN:log_loss.max": 0.8720534302058133, "MAX:log_loss.max": 1.682296110206562, "MIN:accuracy.min": 0.6666666666666666, "MAX:accuracy.min": 0.68, "MIN:accuracy.mean": 0.9134666666666665, "MAX:accuracy.mean": 0.9398666666666665, "MIN:accuracy.max": 0.96, "MAX:accuracy.max": 0.9666666666666667, "MIN:kappa.min": 0.5, "MAX:kappa.min": 0.52, "MIN:kappa.mean": 0.8701999999999999, "MAX:kappa.mean": 0.9097999999999999, "MIN:kappa.max": 0.9400000000000001, "MAX:kappa.max": 0.95}