{"MIN:log_loss.min": 0.3654497882864797, "MAX:log_loss.min": 0.48333822357321804, "MIN:log_loss.mean": 0.549214292623418, "MAX:log_loss.mean": 0.630865962776514, "MIN:log_loss.max": 0.9364341615541302, "MAX:log_loss.max": 1.5184530563844916, "MIN:accuracy.min": 0.3333333333333333, "MAX:accuracy.min": 0.6266666666666667, "MIN:accuracy.mean": 0.7697333333333334, "MAX:accuracy.mean": 0.8918666666666666, "MIN:accuracy.max": 0.94, "MAX:accuracy.max": 0.9666666666666667, "MIN:kappa.min": 0.0, "MAX:kappa.min": 0.43999999999999995, "MIN:kappa.mean": 0.6546000000000001, "MAX:kappa.mean": 0.8378000000000001, "MIN:kappa.max": 0.91, "MAX:kappa.max": 0.95}