{"MIN:log_loss.min": 0.25441901005468104, "MAX:log_loss.min": 0.32092561288960386, "MIN:log_loss.mean": 0.5095806513577379, "MAX:log_loss.mean": 1.6888317364316834, "MIN:log_loss.max": 1.3108708274723317, "MAX:log_loss.max": 15.052822658521187, "MIN:accuracy.min": 0.3333333333333333, "MAX:accuracy.min": 0.3333333333333333, "MIN:accuracy.mean": 0.6958666666666666, "MAX:accuracy.mean": 0.7384000000000001, "MIN:accuracy.max": 0.96, "MAX:accuracy.max": 0.96, "MIN:kappa.min": -2.220446049250313e-16, "MAX:kappa.min": 0.0, "MIN:kappa.mean": 0.5438, "MAX:kappa.mean": 0.6075999999999999, "MIN:kappa.max": 0.9400000000000001, "MAX:kappa.max": 0.9400000000000001}