{"MIN:log_loss.min": 0.34060052915727274, "MAX:log_loss.min": 0.4205731577267922, "MIN:log_loss.mean": 0.4879483408153281, "MAX:log_loss.mean": 0.5751196464563824, "MIN:log_loss.max": 1.2317118695428484, "MAX:log_loss.max": 1.4573431141025825, "MIN:accuracy.min": 0.48, "MAX:accuracy.min": 0.7466666666666667, "MIN:accuracy.mean": 0.8187333333333332, "MAX:accuracy.mean": 0.8835999999999999, "MIN:accuracy.max": 0.96, "MAX:accuracy.max": 0.96, "MIN:kappa.min": 0.21999999999999997, "MAX:kappa.min": 0.62, "MIN:kappa.mean": 0.7280999999999999, "MAX:kappa.mean": 0.8254, "MIN:kappa.max": 0.9400000000000001, "MAX:kappa.max": 0.9400000000000001}