{"MIN:log_loss.min": 0.6392991459955754, "MAX:log_loss.min": 0.7445120920421157, "MIN:log_loss.mean": 0.951649092067288, "MAX:log_loss.mean": 1.0424141306918688, "MIN:log_loss.max": 1.1320941995030482, "MAX:log_loss.max": 1.407978883227765, "MIN:accuracy.min": 0.14666666666666667, "MAX:accuracy.min": 0.2866666666666667, "MIN:accuracy.mean": 0.5006, "MAX:accuracy.mean": 0.5302666666666667, "MIN:accuracy.max": 0.72, "MAX:accuracy.max": 0.9133333333333333, "MIN:kappa.min": -0.28, "MAX:kappa.min": -0.07000000000000006, "MIN:kappa.mean": 0.2509, "MAX:kappa.mean": 0.29540000000000005, "MIN:kappa.max": 0.5800000000000001, "MAX:kappa.max": 0.87}