{"mean accuracy": 0.7311333333333333, "max accuracy": 0.96, "mean kappa": 0.5966999999999999, "max kappa": 0.94}