{"MIN:log_loss.min": 0.5858653137622968, "MAX:log_loss.min": 0.7963101473784391, "MIN:log_loss.mean": 0.8660054447831499, "MAX:log_loss.mean": 1.0021935362777534, "MIN:log_loss.max": 1.409483683518533, "MAX:log_loss.max": 5.752889347497452, "MIN:accuracy.min": 0.0, "MAX:accuracy.min": 0.3333333333333333, "MIN:accuracy.mean": 0.5954666666666667, "MAX:accuracy.mean": 0.6583333333333333, "MIN:accuracy.max": 0.6666666666666666, "MAX:accuracy.max": 0.96, "MIN:kappa.min": -0.5, "MAX:kappa.min": 1.1102230246251565e-16, "MIN:kappa.mean": 0.39319999999999994, "MAX:kappa.mean": 0.4875, "MIN:kappa.max": 0.5, "MAX:kappa.max": 0.9400000000000001}