{"MIN:log_loss.min": 0.6793972948636847, "MAX:log_loss.min": 0.6793972948636847, "MIN:log_loss.mean": 0.8760234551148132, "MAX:log_loss.mean": 0.8760234551148132, "MIN:log_loss.max": 1.1852361639335092, "MAX:log_loss.max": 1.1852361639335092, "MIN:accuracy.min": 0.6, "MAX:accuracy.min": 0.6, "MIN:accuracy.mean": 0.6920666666666668, "MAX:accuracy.mean": 0.6920666666666668, "MIN:accuracy.max": 0.9666666666666667, "MAX:accuracy.max": 0.9666666666666667, "MIN:kappa.min": 0.4, "MAX:kappa.min": 0.4, "MIN:kappa.mean": 0.5381, "MAX:kappa.mean": 0.5381, "MIN:kappa.max": 0.95, "MAX:kappa.max": 0.95}