{"MIN:log_loss.min": 0.08589253182149162, "MAX:log_loss.min": 0.10313885120072466, "MIN:log_loss.mean": 0.29238531236834175, "MAX:log_loss.mean": 0.3515431039048264, "MIN:log_loss.max": 0.8253123960061015, "MAX:log_loss.max": 1.246086053303048, "MIN:accuracy.min": 0.8866666666666667, "MAX:accuracy.min": 0.9333333333333333, "MIN:accuracy.mean": 0.9559333333333335, "MAX:accuracy.mean": 0.9619333333333331, "MIN:accuracy.max": 0.9666666666666667, "MAX:accuracy.max": 0.9733333333333334, "MIN:kappa.min": 0.83, "MAX:kappa.min": 0.9, "MIN:kappa.mean": 0.9339, "MAX:kappa.mean": 0.9428999999999997, "MIN:kappa.max": 0.95, "MAX:kappa.max": 0.96}