{"MAX:accuracy.min": 0.1493, "ARGMAX:accuracy.min": [0, 43488], "MIN:accuracy.min": 0.0991, "ARGMIN:accuracy.min": [9, 40849], "MEAN:accuracy.min": 0.14428, "MAX:accuracy.mean": 0.3006019999999999, "ARGMAX:accuracy.mean": [0, 43488], "MIN:accuracy.mean": 0.2827, "ARGMIN:accuracy.mean": [9, 40849], "MEAN:accuracy.mean": 0.2980758, "MAX:accuracy.max": 0.3968, "ARGMAX:accuracy.max": [9, 40849], "MIN:accuracy.max": 0.3571, "ARGMIN:accuracy.max": [8, 40941], "MEAN:accuracy.max": 0.36426, "MAX:kappa.min": 0.052971647393836196, "ARGMAX:kappa.min": [0, 43488], "MIN:kappa.min": 0.0009760914915609709, "ARGMIN:kappa.min": [9, 40849], "MEAN:kappa.min": 0.04777203065623564, "MAX:kappa.mean": 0.22226942785990036, "ARGMAX:kappa.mean": [0, 43488], "MIN:kappa.mean": 0.20362746895306888, "ARGMIN:kappa.mean": [9, 40849], "MEAN:kappa.mean": 0.21959022596968464, "MAX:kappa.max": 0.3289113053379352, "ARGMAX:kappa.max": [9, 40849], "MIN:kappa.max": 0.285125657707468, "ARGMIN:kappa.max": [8, 40941], "MEAN:kappa.max": 0.2930295731556155, "MAX:log_loss.min": 2.00374698638916, "ARGMAX:log_loss.min": [5, 40974], "MIN:log_loss.min": 1.6675899028778076, "ARGMIN:log_loss.min": [9, 40849], "MEAN:log_loss.min": 1.9629509449005127, "MAX:log_loss.mean": 2.1412487030029297, "ARGMAX:log_loss.mean": [4, 42913], "MIN:log_loss.mean": 2.0093042850494385, "ARGMIN:log_loss.mean": [9, 40849], "MEAN:log_loss.mean": 2.116077423095703, "MAX:log_loss.max": 2.4093382358551025, "ARGMAX:log_loss.max": [9, 40849], "MIN:log_loss.max": 2.3916373252868652, "ARGMIN:log_loss.max": [1, 43938], "MEAN:log_loss.max": 2.393524646759033}