{"MIN:log_loss.min": 0.21753583588334802, "MAX:log_loss.min": 0.3469245973255967, "MIN:log_loss.mean": 0.4223676230219654, "MAX:log_loss.mean": 0.8486499300532541, "MIN:log_loss.max": 0.71361793820505, "MAX:log_loss.max": 16.54510260870677, "MIN:accuracy.min": 0.3333333333333333, "MAX:accuracy.min": 0.66, "MIN:accuracy.mean": 0.7772666666666666, "MAX:accuracy.mean": 0.8347999999999998, "MIN:accuracy.max": 0.96, "MAX:accuracy.max": 0.9733333333333334, "MIN:kappa.min": -2.220446049250313e-16, "MAX:kappa.min": 0.49, "MIN:kappa.mean": 0.6659, "MAX:kappa.mean": 0.7521999999999999, "MIN:kappa.max": 0.94, "MAX:kappa.max": 0.96}