{"MIN:log_loss.min": 0.35558959820414626, "MAX:log_loss.min": 0.4933380367726802, "MIN:log_loss.mean": 1.0964358166349841, "MAX:log_loss.mean": 3.5980854914933387, "MIN:log_loss.max": 5.376510154616728, "MAX:log_loss.max": 12.090051898535302, "MIN:accuracy.min": 0.19333333333333333, "MAX:accuracy.min": 0.4666666666666667, "MIN:accuracy.mean": 0.5468666666666667, "MAX:accuracy.mean": 0.7023333333333335, "MIN:accuracy.max": 0.7933333333333333, "MAX:accuracy.max": 0.9, "MIN:kappa.min": -0.2100000000000002, "MAX:kappa.min": 0.19999999999999996, "MIN:kappa.mean": 0.3202999999999999, "MAX:kappa.mean": 0.5535000000000001, "MIN:kappa.max": 0.69, "MAX:kappa.max": 0.85}