{"MIN:log_loss.min": 0.6374337590004509, "MAX:log_loss.min": 0.6893730049654159, "MIN:log_loss.mean": 0.7935848022108444, "MAX:log_loss.mean": 1.2415436926133838, "MIN:log_loss.max": 1.2133466051859871, "MAX:log_loss.max": 2.7388015220424724, "MIN:accuracy.min": 0.3333333333333333, "MAX:accuracy.min": 0.3333333333333333, "MIN:accuracy.mean": 0.5905333333333334, "MAX:accuracy.mean": 0.6162666666666667, "MIN:accuracy.max": 0.6666666666666666, "MAX:accuracy.max": 0.96, "MIN:kappa.min": -2.220446049250313e-16, "MAX:kappa.min": 0.0, "MIN:kappa.mean": 0.3858, "MAX:kappa.mean": 0.42440000000000005, "MIN:kappa.max": 0.5, "MAX:kappa.max": 0.9400000000000001}