{"MIN:log_loss.min": 0.24949869504960967, "MAX:log_loss.min": 0.24949869504960967, "MIN:log_loss.mean": 0.48170949566598614, "MAX:log_loss.mean": 0.48170949566598614, "MIN:log_loss.max": 0.9926589656433956, "MAX:log_loss.max": 0.9926589656433956, "MIN:accuracy.min": 0.6066666666666667, "MAX:accuracy.min": 0.6066666666666667, "MIN:accuracy.mean": 0.9183999999999999, "MAX:accuracy.mean": 0.9183999999999999, "MIN:accuracy.max": 0.98, "MAX:accuracy.max": 0.98, "MIN:kappa.min": 0.41000000000000003, "MAX:kappa.min": 0.41000000000000003, "MIN:kappa.mean": 0.8775999999999999, "MAX:kappa.mean": 0.8775999999999999, "MIN:kappa.max": 0.97, "MAX:kappa.max": 0.97}