{"MIN:log_loss.min": 0.6533910217358732, "MAX:log_loss.min": 1.062323327755059, "MIN:log_loss.mean": 0.7833024402888793, "MAX:log_loss.mean": 1.0932659858134641, "MIN:log_loss.max": 1.09359562125437, "MAX:log_loss.max": 3.9830260292462603, "MIN:accuracy.min": 0.3333333333333333, "MAX:accuracy.min": 0.6666666666666666, "MIN:accuracy.mean": 0.6280666666666667, "MAX:accuracy.mean": 0.6854666666666666, "MIN:accuracy.max": 0.6666666666666666, "MAX:accuracy.max": 0.9666666666666667, "MIN:kappa.min": -2.220446049250313e-16, "MAX:kappa.min": 0.5, "MIN:kappa.mean": 0.4421, "MAX:kappa.mean": 0.5282000000000001, "MIN:kappa.max": 0.5, "MAX:kappa.max": 0.95}