{"MIN:log_loss.min": 0.19752699067833882, "MAX:log_loss.min": 0.22752123949596173, "MIN:log_loss.mean": 0.5896506434518586, "MAX:log_loss.mean": 0.6335529056674274, "MIN:log_loss.max": 1.098513843468789, "MAX:log_loss.max": 1.0985176271161974, "MIN:accuracy.min": 0.4866666666666667, "MAX:accuracy.min": 0.64, "MIN:accuracy.mean": 0.8074666666666666, "MAX:accuracy.mean": 0.8514666666666667, "MIN:accuracy.max": 0.96, "MAX:accuracy.max": 0.96, "MIN:kappa.min": 0.22999999999999998, "MAX:kappa.min": 0.45999999999999996, "MIN:kappa.mean": 0.7112000000000002, "MAX:kappa.mean": 0.7771999999999999, "MIN:kappa.max": 0.9400000000000001, "MAX:kappa.max": 0.9400000000000001}