{"MIN:log_loss.min": 0.3252340984750528, "MAX:log_loss.min": 0.43897755067883204, "MIN:log_loss.mean": 0.6210142703380813, "MAX:log_loss.mean": 0.6683107338636444, "MIN:log_loss.max": 1.19503865714902, "MAX:log_loss.max": 1.1954946398653912, "MIN:accuracy.min": 0.3333333333333333, "MAX:accuracy.min": 0.6666666666666666, "MIN:accuracy.mean": 0.7859999999999998, "MAX:accuracy.mean": 0.8451333333333334, "MIN:accuracy.max": 0.9533333333333334, "MAX:accuracy.max": 0.9733333333333334, "MIN:kappa.min": -2.220446049250313e-16, "MAX:kappa.min": 0.5, "MIN:kappa.mean": 0.6789999999999999, "MAX:kappa.mean": 0.7677, "MIN:kappa.max": 0.9299999999999999, "MAX:kappa.max": 0.96}