{"MIN:log_loss.min": 0.1395900496200749, "MAX:log_loss.min": 0.9663292921450337, "MIN:log_loss.mean": 1.041199829784447, "MAX:log_loss.mean": 5.758741161535479, "MIN:log_loss.max": 1.0980891141871278, "MAX:log_loss.max": 12.163622480222072, "MIN:accuracy.min": 0.48, "MAX:accuracy.min": 0.6666666666666666, "MIN:accuracy.mean": 0.6654666666666668, "MAX:accuracy.mean": 0.6926666666666667, "MIN:accuracy.max": 0.6666666666666666, "MAX:accuracy.max": 0.96, "MIN:kappa.min": 0.21999999999999997, "MAX:kappa.min": 0.5, "MIN:kappa.mean": 0.4982000000000001, "MAX:kappa.mean": 0.539, "MIN:kappa.max": 0.5, "MAX:kappa.max": 0.9400000000000001}