{"MIN:log_loss.min": 0.4211881326613214, "MAX:log_loss.min": 0.4620981528125785, "MIN:log_loss.mean": 0.695326003942952, "MAX:log_loss.mean": 5.930120827099094, "MIN:log_loss.max": 1.098617301398196, "MAX:log_loss.max": 11.840034061615, "MIN:accuracy.min": 0.3333333333333333, "MAX:accuracy.min": 0.3333333333333333, "MIN:accuracy.mean": 0.5565333333333333, "MAX:accuracy.mean": 0.6088666666666667, "MIN:accuracy.max": 0.6666666666666666, "MAX:accuracy.max": 0.6666666666666666, "MIN:kappa.min": -2.220446049250313e-16, "MAX:kappa.min": 0.0, "MIN:kappa.mean": 0.3348, "MAX:kappa.mean": 0.4132999999999999, "MIN:kappa.max": 0.5, "MAX:kappa.max": 0.5}