{"MIN:log_loss.min": 0.11155307534887347, "MAX:log_loss.min": 0.12196444875725597, "MIN:log_loss.mean": 0.2679406245612426, "MAX:log_loss.mean": 0.29118938415570944, "MIN:log_loss.max": 0.9528882634923465, "MAX:log_loss.max": 1.0365270447421524, "MIN:accuracy.min": 0.3333333333333333, "MAX:accuracy.min": 0.3333333333333333, "MIN:accuracy.mean": 0.9413333333333336, "MAX:accuracy.mean": 0.9454, "MIN:accuracy.max": 0.98, "MAX:accuracy.max": 0.9866666666666667, "MIN:kappa.min": 0.0, "MAX:kappa.min": 0.0, "MIN:kappa.mean": 0.912, "MAX:kappa.mean": 0.9180999999999999, "MIN:kappa.max": 0.97, "MAX:kappa.max": 0.98}