{"MIN:log_loss.min": 0.37108572601701434, "MAX:log_loss.min": 0.3900382461253365, "MIN:log_loss.mean": 0.45571553384140295, "MAX:log_loss.mean": 0.5228832175758309, "MIN:log_loss.max": 1.108394328131282, "MAX:log_loss.max": 1.7900412807291877, "MIN:accuracy.min": 0.62, "MAX:accuracy.min": 0.66, "MIN:accuracy.mean": 0.8528666666666664, "MAX:accuracy.mean": 0.8761999999999998, "MIN:accuracy.max": 0.96, "MAX:accuracy.max": 0.9733333333333334, "MIN:kappa.min": 0.43000000000000005, "MAX:kappa.min": 0.49, "MIN:kappa.mean": 0.7793000000000001, "MAX:kappa.mean": 0.8142999999999998, "MIN:kappa.max": 0.94, "MAX:kappa.max": 0.96}