{"MIN:log_loss.min": 0.5767332915094195, "MAX:log_loss.min": 0.6942241972753965, "MIN:log_loss.mean": 1.3700691601546107, "MAX:log_loss.mean": 4.051974656012728, "MIN:log_loss.max": 8.171857395401648, "MAX:log_loss.max": 15.232419737220829, "MIN:accuracy.min": 0.32666666666666666, "MAX:accuracy.min": 0.56, "MIN:accuracy.mean": 0.5207333333333333, "MAX:accuracy.mean": 0.6951333333333334, "MIN:accuracy.max": 0.7933333333333333, "MAX:accuracy.max": 0.96, "MIN:kappa.min": -0.010000000000000231, "MAX:kappa.min": 0.33999999999999997, "MIN:kappa.mean": 0.28109999999999996, "MAX:kappa.mean": 0.5427000000000001, "MIN:kappa.max": 0.69, "MAX:kappa.max": 0.9400000000000001}