{"MIN:log_loss.min": 0.1422028969302759, "MAX:log_loss.min": 0.23443494009515736, "MIN:log_loss.mean": 0.5733895776480294, "MAX:log_loss.mean": 0.6969029355399222, "MIN:log_loss.max": 1.0925195445265954, "MAX:log_loss.max": 1.4299947754515117, "MIN:accuracy.min": 0.3333333333333333, "MAX:accuracy.min": 0.5266666666666666, "MIN:accuracy.mean": 0.7375999999999999, "MAX:accuracy.mean": 0.8472666666666667, "MIN:accuracy.max": 0.96, "MAX:accuracy.max": 0.96, "MIN:kappa.min": 1.1102230246251565e-16, "MAX:kappa.min": 0.29000000000000004, "MIN:kappa.mean": 0.6064, "MAX:kappa.mean": 0.7708999999999997, "MIN:kappa.max": 0.9400000000000001, "MAX:kappa.max": 0.9400000000000001}