{"MIN:log_loss.min": 0.11494781374569958, "MAX:log_loss.min": 0.5603683778312478, "MIN:log_loss.mean": 0.38862779332515734, "MAX:log_loss.mean": 0.7357646178770214, "MIN:log_loss.max": 1.070580332400807, "MAX:log_loss.max": 1.9292844819318176, "MIN:accuracy.min": 0.03333333333333333, "MAX:accuracy.min": 0.66, "MIN:accuracy.mean": 0.8301333333333332, "MAX:accuracy.mean": 0.8541333333333331, "MIN:accuracy.max": 0.9533333333333334, "MAX:accuracy.max": 0.9666666666666667, "MIN:kappa.min": -0.44999999999999996, "MAX:kappa.min": 0.49, "MIN:kappa.mean": 0.7452, "MAX:kappa.mean": 0.7811999999999999, "MIN:kappa.max": 0.9299999999999999, "MAX:kappa.max": 0.95}