{"MIN:log_loss.min": 0.11147236141011173, "MAX:log_loss.min": 0.11269112009313859, "MIN:log_loss.mean": 0.3192591868443976, "MAX:log_loss.mean": 0.4351923669303104, "MIN:log_loss.max": 0.9380762396587314, "MAX:log_loss.max": 0.9862977889479257, "MIN:accuracy.min": 0.6733333333333333, "MAX:accuracy.min": 0.96, "MIN:accuracy.mean": 0.9473333333333334, "MAX:accuracy.mean": 0.96, "MIN:accuracy.max": 0.96, "MAX:accuracy.max": 0.96, "MIN:kappa.min": 0.51, "MAX:kappa.min": 0.94, "MIN:kappa.mean": 0.9209999999999999, "MAX:kappa.mean": 0.9399999999999998, "MIN:kappa.max": 0.94, "MAX:kappa.max": 0.9400000000000001}