{"MIN:log_loss.min": 0.6595705300770569, "MAX:log_loss.min": 0.8059024450743029, "MIN:log_loss.mean": 1.0184583325053904, "MAX:log_loss.mean": 1.0648229411799897, "MIN:log_loss.max": 1.0986122886681096, "MAX:log_loss.max": 2.271326852373861, "MIN:accuracy.min": 0.3333333333333333, "MAX:accuracy.min": 0.3333333333333333, "MIN:accuracy.mean": 0.4431333333333333, "MAX:accuracy.mean": 0.4833333333333333, "MIN:accuracy.max": 0.6666666666666666, "MAX:accuracy.max": 0.6666666666666666, "MIN:kappa.min": 0.0, "MAX:kappa.min": 0.0, "MIN:kappa.mean": 0.16469999999999999, "MAX:kappa.mean": 0.225, "MIN:kappa.max": 0.5, "MAX:kappa.max": 0.5}