{"MIN:log_loss.min": 0.508494977603338, "MAX:log_loss.min": 0.7399436053861546, "MIN:log_loss.mean": 0.7706872120129217, "MAX:log_loss.mean": 2.5193952352588473, "MIN:log_loss.max": 1.0986045977382919, "MAX:log_loss.max": 11.337736039046868, "MIN:accuracy.min": 0.3333333333333333, "MAX:accuracy.min": 0.3333333333333333, "MIN:accuracy.mean": 0.6578666666666667, "MAX:accuracy.mean": 0.6623333333333334, "MIN:accuracy.max": 0.6666666666666666, "MAX:accuracy.max": 0.6666666666666666, "MIN:kappa.min": 0.0, "MAX:kappa.min": 0.0, "MIN:kappa.mean": 0.4868, "MAX:kappa.mean": 0.4935, "MIN:kappa.max": 0.5, "MAX:kappa.max": 0.5}