{"MIN:log_loss.min": 0.4225496991824382, "MAX:log_loss.min": 0.49168897958316277, "MIN:log_loss.mean": 0.6431286234393128, "MAX:log_loss.mean": 0.7596452367025657, "MIN:log_loss.max": 1.1261721343258686, "MAX:log_loss.max": 1.786301715090171, "MIN:accuracy.min": 0.37333333333333335, "MAX:accuracy.min": 0.44666666666666666, "MIN:accuracy.mean": 0.7292000000000002, "MAX:accuracy.mean": 0.7558666666666666, "MIN:accuracy.max": 0.9266666666666666, "MAX:accuracy.max": 0.96, "MIN:kappa.min": 0.06000000000000005, "MAX:kappa.min": 0.17000000000000004, "MIN:kappa.mean": 0.5938000000000001, "MAX:kappa.mean": 0.6337999999999999, "MIN:kappa.max": 0.89, "MAX:kappa.max": 0.9400000000000001}