{"MIN:log_loss.min": 0.2981498890748935, "MAX:log_loss.min": 0.31320515303204155, "MIN:log_loss.mean": 0.4853657027219807, "MAX:log_loss.mean": 0.5254057726380096, "MIN:log_loss.max": 0.928243262530281, "MAX:log_loss.max": 0.9836196684003224, "MIN:accuracy.min": 0.3333333333333333, "MAX:accuracy.min": 0.34, "MIN:accuracy.mean": 0.8985999999999998, "MAX:accuracy.mean": 0.9156, "MIN:accuracy.max": 0.96, "MAX:accuracy.max": 0.96, "MIN:kappa.min": 0.0, "MAX:kappa.min": 0.010000000000000009, "MIN:kappa.mean": 0.8478999999999999, "MAX:kappa.mean": 0.8733999999999998, "MIN:kappa.max": 0.9400000000000001, "MAX:kappa.max": 0.9400000000000001}