{"MIN:log_loss.min": 0.25785909718584626, "MAX:log_loss.min": 0.2959514016194852, "MIN:log_loss.mean": 0.5091768865152726, "MAX:log_loss.mean": 0.5800116050645855, "MIN:log_loss.max": 1.0839300690809266, "MAX:log_loss.max": 1.0864853882698897, "MIN:accuracy.min": 0.3333333333333333, "MAX:accuracy.min": 0.6533333333333333, "MIN:accuracy.mean": 0.7931999999999999, "MAX:accuracy.mean": 0.8304000000000002, "MIN:accuracy.max": 0.96, "MAX:accuracy.max": 0.9666666666666667, "MIN:kappa.min": 0.0, "MAX:kappa.min": 0.48, "MIN:kappa.mean": 0.6898000000000001, "MAX:kappa.mean": 0.7456, "MIN:kappa.max": 0.9400000000000001, "MAX:kappa.max": 0.95}