{"MIN:log_loss.min": 0.08201132402696432, "MAX:log_loss.min": 0.1198052129482572, "MIN:log_loss.mean": 0.2155204763430591, "MAX:log_loss.mean": 0.24266591881013702, "MIN:log_loss.max": 0.6649406711281508, "MAX:log_loss.max": 1.1084450568924265, "MIN:accuracy.min": 0.36, "MAX:accuracy.min": 0.94, "MIN:accuracy.mean": 0.9473999999999998, "MAX:accuracy.mean": 0.9655333333333332, "MIN:accuracy.max": 0.9733333333333334, "MAX:accuracy.max": 0.9733333333333334, "MIN:kappa.min": 0.040000000000000036, "MAX:kappa.min": 0.91, "MIN:kappa.mean": 0.9211, "MAX:kappa.mean": 0.9482999999999998, "MIN:kappa.max": 0.96, "MAX:kappa.max": 0.96}