{"MIN:log_loss.min": 0.23804991098419048, "MAX:log_loss.min": 0.23804991098419048, "MIN:log_loss.mean": 0.6053725793701212, "MAX:log_loss.mean": 0.6285846041948484, "MIN:log_loss.max": 1.0974108256055792, "MAX:log_loss.max": 1.0974108396101245, "MIN:accuracy.min": 0.3333333333333333, "MAX:accuracy.min": 0.3333333333333333, "MIN:accuracy.mean": 0.7707999999999999, "MAX:accuracy.mean": 0.8232, "MIN:accuracy.max": 0.96, "MAX:accuracy.max": 0.96, "MIN:kappa.min": 0.0, "MAX:kappa.min": 0.0, "MIN:kappa.mean": 0.6561999999999999, "MAX:kappa.mean": 0.7348, "MIN:kappa.max": 0.94, "MAX:kappa.max": 0.9400000000000001}