{"MIN:log_loss.min": 0.22124649512082, "MAX:log_loss.min": 0.22126258129894405, "MIN:log_loss.mean": 0.5798653012578839, "MAX:log_loss.mean": 0.5847966101275978, "MIN:log_loss.max": 1.0986009403624875, "MAX:log_loss.max": 1.0986009543054651, "MIN:accuracy.min": 0.7, "MAX:accuracy.min": 0.7, "MIN:accuracy.mean": 0.8742, "MAX:accuracy.mean": 0.8754, "MIN:accuracy.max": 0.96, "MAX:accuracy.max": 0.96, "MIN:kappa.min": 0.55, "MAX:kappa.min": 0.55, "MIN:kappa.mean": 0.8112999999999999, "MAX:kappa.mean": 0.8131, "MIN:kappa.max": 0.9400000000000001, "MAX:kappa.max": 0.9400000000000001}