{"MIN:log_loss.min": 0.6033766559543433, "MAX:log_loss.min": 0.8279435832924399, "MIN:log_loss.mean": 0.8129766153352206, "MAX:log_loss.mean": 1.303142410379819, "MIN:log_loss.max": 1.1758805469162261, "MAX:log_loss.max": 2.7475445232973756, "MIN:accuracy.min": 0.3333333333333333, "MAX:accuracy.min": 0.6066666666666667, "MIN:accuracy.mean": 0.6196666666666667, "MAX:accuracy.mean": 0.6872666666666667, "MIN:accuracy.max": 0.9133333333333333, "MAX:accuracy.max": 0.96, "MIN:kappa.min": -2.220446049250313e-16, "MAX:kappa.min": 0.41000000000000003, "MIN:kappa.mean": 0.4295000000000001, "MAX:kappa.mean": 0.5309, "MIN:kappa.max": 0.87, "MAX:kappa.max": 0.9400000000000001}