{"MIN:log_loss.min": 0.2671869099794453, "MAX:log_loss.min": 0.4050841251367193, "MIN:log_loss.mean": 0.6596465695036815, "MAX:log_loss.mean": 0.8385788208089631, "MIN:log_loss.max": 1.0983088430271675, "MAX:log_loss.max": 1.9120665689245857, "MIN:accuracy.min": 0.3, "MAX:accuracy.min": 0.3333333333333333, "MIN:accuracy.mean": 0.6720666666666668, "MAX:accuracy.mean": 0.7769999999999999, "MIN:accuracy.max": 0.9533333333333334, "MAX:accuracy.max": 0.96, "MIN:kappa.min": -0.050000000000000044, "MAX:kappa.min": 0.0, "MIN:kappa.mean": 0.5081, "MAX:kappa.mean": 0.6655000000000001, "MIN:kappa.max": 0.9299999999999999, "MAX:kappa.max": 0.9400000000000001}