{"MIN:log_loss.min": 0.7273377685505739, "MAX:log_loss.min": 0.8313018351049468, "MIN:log_loss.mean": 0.9372895749862294, "MAX:log_loss.mean": 1.216562666879187, "MIN:log_loss.max": 1.1950101513109235, "MAX:log_loss.max": 1.9559670644305849, "MIN:accuracy.min": 0.44666666666666666, "MAX:accuracy.min": 0.6066666666666667, "MIN:accuracy.mean": 0.6669333333333333, "MAX:accuracy.mean": 0.7084, "MIN:accuracy.max": 0.8666666666666667, "MAX:accuracy.max": 0.9533333333333334, "MIN:kappa.min": 0.16999999999999993, "MAX:kappa.min": 0.41000000000000003, "MIN:kappa.mean": 0.5004000000000001, "MAX:kappa.mean": 0.5626000000000001, "MIN:kappa.max": 0.7999999999999999, "MAX:kappa.max": 0.9299999999999999}