{"MIN:log_loss.min": 0.38383320024972917, "MAX:log_loss.min": 0.4838818272818517, "MIN:log_loss.mean": 0.6575900310088659, "MAX:log_loss.mean": 0.7378985915587603, "MIN:log_loss.max": 1.2179260312588558, "MAX:log_loss.max": 1.2180160377952878, "MIN:accuracy.min": 0.3333333333333333, "MAX:accuracy.min": 0.3333333333333333, "MIN:accuracy.mean": 0.6759333333333334, "MAX:accuracy.mean": 0.714, "MIN:accuracy.max": 0.92, "MAX:accuracy.max": 0.96, "MIN:kappa.min": 0.0, "MAX:kappa.min": 0.0, "MIN:kappa.mean": 0.5139, "MAX:kappa.mean": 0.571, "MIN:kappa.max": 0.88, "MAX:kappa.max": 0.9400000000000001}