{"mean accuracy": 0.9612000000000002, "max accuracy": 0.9666666666666668, "mean kappa": 0.9418000000000001, "max kappa": 0.9500000000000002}