{"MIN:log_loss.min": 0.2546750439229735, "MAX:log_loss.min": 0.9177647105979092, "MIN:log_loss.mean": 0.9261378055964059, "MAX:log_loss.mean": 4.596275898743183, "MIN:log_loss.max": 1.6977509323045081, "MAX:log_loss.max": 15.073331995204708, "MIN:accuracy.min": 0.3333333333333333, "MAX:accuracy.min": 0.3333333333333333, "MIN:accuracy.mean": 0.5251333333333333, "MAX:accuracy.mean": 0.6175999999999999, "MIN:accuracy.max": 0.6666666666666666, "MAX:accuracy.max": 0.9533333333333334, "MIN:kappa.min": -2.220446049250313e-16, "MAX:kappa.min": 0.0, "MIN:kappa.mean": 0.2877, "MAX:kappa.mean": 0.4264, "MIN:kappa.max": 0.5, "MAX:kappa.max": 0.9299999999999999}