{"MIN:log_loss.min": 0.11601480591407608, "MAX:log_loss.min": 0.14522639261232523, "MIN:log_loss.mean": 0.4957231048962602, "MAX:log_loss.mean": 0.7132967057708309, "MIN:log_loss.max": 2.9507324034843374, "MAX:log_loss.max": 4.230602752685699, "MIN:accuracy.min": 0.35333333333333333, "MAX:accuracy.min": 0.6333333333333333, "MIN:accuracy.mean": 0.9061333333333331, "MAX:accuracy.mean": 0.9342, "MIN:accuracy.max": 0.96, "MAX:accuracy.max": 0.96, "MIN:kappa.min": 0.030000000000000027, "MAX:kappa.min": 0.44999999999999996, "MIN:kappa.mean": 0.8591999999999999, "MAX:kappa.mean": 0.9012999999999998, "MIN:kappa.max": 0.94, "MAX:kappa.max": 0.94}