{"MIN:log_loss.min": 0.4051714532635729, "MAX:log_loss.min": 0.4366601571676789, "MIN:log_loss.mean": 0.5916686401481444, "MAX:log_loss.mean": 0.6389917346582117, "MIN:log_loss.max": 1.9842548175237589, "MAX:log_loss.max": 2.461289838002771, "MIN:accuracy.min": 0.52, "MAX:accuracy.min": 0.6533333333333333, "MIN:accuracy.mean": 0.8316, "MAX:accuracy.mean": 0.8697333333333332, "MIN:accuracy.max": 0.96, "MAX:accuracy.max": 0.9666666666666667, "MIN:kappa.min": 0.28, "MAX:kappa.min": 0.48, "MIN:kappa.mean": 0.7474000000000001, "MAX:kappa.mean": 0.8046, "MIN:kappa.max": 0.9400000000000001, "MAX:kappa.max": 0.95}