{"MIN:log_loss.min": 0.3874199659769754, "MAX:log_loss.min": 0.4158016863877697, "MIN:log_loss.mean": 0.4548066545364782, "MAX:log_loss.mean": 0.4910469064913233, "MIN:log_loss.max": 0.8258667573565363, "MAX:log_loss.max": 0.8525254933456737, "MIN:accuracy.min": 0.7333333333333333, "MAX:accuracy.min": 0.9, "MIN:accuracy.mean": 0.9292666666666668, "MAX:accuracy.mean": 0.9536000000000001, "MIN:accuracy.max": 0.98, "MAX:accuracy.max": 0.9866666666666667, "MIN:kappa.min": 0.6, "MAX:kappa.min": 0.85, "MIN:kappa.mean": 0.8938999999999997, "MAX:kappa.mean": 0.9303999999999999, "MIN:kappa.max": 0.97, "MAX:kappa.max": 0.98}