{"MIN:log_loss.min": 0.4620981203732982, "MAX:log_loss.min": 0.8614598854372421, "MIN:log_loss.mean": 0.7630217279545497, "MAX:log_loss.mean": 4.96750590792763, "MIN:log_loss.max": 1.09917413656447, "MAX:log_loss.max": 12.050254303996317, "MIN:accuracy.min": 0.3333333333333333, "MAX:accuracy.min": 0.3333333333333333, "MIN:accuracy.mean": 0.5542, "MAX:accuracy.mean": 0.6042000000000001, "MIN:accuracy.max": 0.6666666666666666, "MAX:accuracy.max": 0.96, "MIN:kappa.min": -2.220446049250313e-16, "MAX:kappa.min": 0.0, "MIN:kappa.mean": 0.33130000000000004, "MAX:kappa.mean": 0.40629999999999994, "MIN:kappa.max": 0.5, "MAX:kappa.max": 0.9400000000000001}