{"MIN:log_loss.min": 0.6394648673575472, "MAX:log_loss.min": 0.7695196709812349, "MIN:log_loss.mean": 0.8548201356476514, "MAX:log_loss.mean": 1.0722810873999942, "MIN:log_loss.max": 1.124179408222978, "MAX:log_loss.max": 1.33695463850882, "MIN:accuracy.min": 0.11333333333333333, "MAX:accuracy.min": 0.3333333333333333, "MIN:accuracy.mean": 0.5968666666666667, "MAX:accuracy.mean": 0.6324, "MIN:accuracy.max": 0.6666666666666666, "MAX:accuracy.max": 0.7133333333333334, "MIN:kappa.min": -0.33000000000000007, "MAX:kappa.min": 0.0, "MIN:kappa.mean": 0.39529999999999993, "MAX:kappa.mean": 0.44860000000000005, "MIN:kappa.max": 0.5, "MAX:kappa.max": 0.5700000000000001}