{"MIN:log_loss.min": 0.1789277974959867, "MAX:log_loss.min": 0.6716712673491942, "MIN:log_loss.mean": 0.8787271301423614, "MAX:log_loss.mean": 1.1926018206387077, "MIN:log_loss.max": 1.2298467927667278, "MAX:log_loss.max": 7.01344590187349, "MIN:accuracy.min": 0.3333333333333333, "MAX:accuracy.min": 0.41333333333333333, "MIN:accuracy.mean": 0.6124, "MAX:accuracy.mean": 0.6605333333333333, "MIN:accuracy.max": 0.7066666666666667, "MAX:accuracy.max": 0.96, "MIN:kappa.min": 0.0, "MAX:kappa.min": 0.12, "MIN:kappa.mean": 0.41859999999999997, "MAX:kappa.mean": 0.49079999999999996, "MIN:kappa.max": 0.56, "MAX:kappa.max": 0.9400000000000001}