{"MIN:log_loss.min": 0.4544888915387001, "MAX:log_loss.min": 0.7793732166173988, "MIN:log_loss.mean": 1.0094740761221963, "MAX:log_loss.mean": 1.102254408800402, "MIN:log_loss.max": 1.1750242034672578, "MAX:log_loss.max": 1.6211943255588739, "MIN:accuracy.min": 0.26, "MAX:accuracy.min": 0.3, "MIN:accuracy.mean": 0.4732666666666666, "MAX:accuracy.mean": 0.5551333333333333, "MIN:accuracy.max": 0.6666666666666666, "MAX:accuracy.max": 0.94, "MIN:kappa.min": -0.1100000000000001, "MAX:kappa.min": -0.050000000000000044, "MIN:kappa.mean": 0.20990000000000003, "MAX:kappa.mean": 0.33269999999999994, "MIN:kappa.max": 0.5, "MAX:kappa.max": 0.91}