{"MIN:log_loss.min": 0.5856250819650689, "MAX:log_loss.min": 0.5876346780314058, "MIN:log_loss.mean": 0.778905191967477, "MAX:log_loss.mean": 0.7992190585267138, "MIN:log_loss.max": 1.199155299662277, "MAX:log_loss.max": 1.1992749549208512, "MIN:accuracy.min": 0.3333333333333333, "MAX:accuracy.min": 0.3333333333333333, "MIN:accuracy.mean": 0.6613333333333336, "MAX:accuracy.mean": 0.7002666666666668, "MIN:accuracy.max": 0.9266666666666666, "MAX:accuracy.max": 0.94, "MIN:kappa.min": 0.0, "MAX:kappa.min": 0.0, "MIN:kappa.mean": 0.49200000000000005, "MAX:kappa.mean": 0.5504, "MIN:kappa.max": 0.89, "MAX:kappa.max": 0.91}