{"MIN:log_loss.min": 0.2655275002279795, "MAX:log_loss.min": 0.5649518046587497, "MIN:log_loss.mean": 3.563783713932769, "MAX:log_loss.mean": 6.145717574491409, "MIN:log_loss.max": 15.055251573556413, "MAX:log_loss.max": 23.025850929940454, "MIN:accuracy.min": 0.3333333333333333, "MAX:accuracy.min": 0.3333333333333333, "MIN:accuracy.mean": 0.5498666666666666, "MAX:accuracy.mean": 0.6552666666666666, "MIN:accuracy.max": 0.88, "MAX:accuracy.max": 0.9666666666666667, "MIN:kappa.min": -2.220446049250313e-16, "MAX:kappa.min": 0.0, "MIN:kappa.mean": 0.3248000000000001, "MAX:kappa.mean": 0.48290000000000005, "MIN:kappa.max": 0.8200000000000001, "MAX:kappa.max": 0.95}