{"MIN:log_loss.min": 0.30003822304137473, "MAX:log_loss.min": 0.7119174751190916, "MIN:log_loss.mean": 0.5788146312708972, "MAX:log_loss.mean": 0.8639279869752297, "MIN:log_loss.max": 1.093123020241144, "MAX:log_loss.max": 1.0989418265520776, "MIN:accuracy.min": 0.3333333333333333, "MAX:accuracy.min": 0.6466666666666666, "MIN:accuracy.mean": 0.7273999999999999, "MAX:accuracy.mean": 0.7459333333333334, "MIN:accuracy.max": 0.8466666666666667, "MAX:accuracy.max": 0.96, "MIN:kappa.min": 0.0, "MAX:kappa.min": 0.47, "MIN:kappa.mean": 0.5911, "MAX:kappa.mean": 0.6189000000000001, "MIN:kappa.max": 0.77, "MAX:kappa.max": 0.9400000000000001}