{"MIN:log_loss.min": 0.48254661607723714, "MAX:log_loss.min": 0.5561303875060708, "MIN:log_loss.mean": 0.7268202660028281, "MAX:log_loss.mean": 0.8095174862543922, "MIN:log_loss.max": 1.1952643147003998, "MAX:log_loss.max": 1.1952941917837843, "MIN:accuracy.min": 0.5, "MAX:accuracy.min": 0.54, "MIN:accuracy.mean": 0.7884666666666666, "MAX:accuracy.mean": 0.7951333333333332, "MIN:accuracy.max": 0.9533333333333334, "MAX:accuracy.max": 0.96, "MIN:kappa.min": 0.25, "MAX:kappa.min": 0.31000000000000005, "MIN:kappa.mean": 0.6827000000000001, "MAX:kappa.mean": 0.6927000000000001, "MIN:kappa.max": 0.9299999999999999, "MAX:kappa.max": 0.9400000000000001}