{"MIN:log_loss.min": 0.18679832763155935, "MAX:log_loss.min": 0.7237329266120341, "MIN:log_loss.mean": 0.9958285274974831, "MAX:log_loss.mean": 1.0827206059425658, "MIN:log_loss.max": 1.6306047335627534, "MAX:log_loss.max": 3.571865152879706, "MIN:accuracy.min": 0.66, "MAX:accuracy.min": 0.72, "MIN:accuracy.mean": 0.7199999999999999, "MAX:accuracy.mean": 0.7366000000000003, "MIN:accuracy.max": 0.72, "MAX:accuracy.max": 0.9466666666666667, "MIN:kappa.min": 0.49, "MAX:kappa.min": 0.5800000000000001, "MIN:kappa.mean": 0.58, "MAX:kappa.mean": 0.6049, "MIN:kappa.max": 0.5800000000000001, "MAX:kappa.max": 0.92}