{"MIN:log_loss.min": 0.5065811705540944, "MAX:log_loss.min": 0.6424879826011622, "MIN:log_loss.mean": 0.7227268409127625, "MAX:log_loss.mean": 1.282587428262122, "MIN:log_loss.max": 1.6728263881826637, "MAX:log_loss.max": 14.251743318192288, "MIN:accuracy.min": 0.3333333333333333, "MAX:accuracy.min": 0.36666666666666664, "MIN:accuracy.mean": 0.7302, "MAX:accuracy.mean": 0.7344666666666667, "MIN:accuracy.max": 0.9, "MAX:accuracy.max": 0.9533333333333334, "MIN:kappa.min": 0.0, "MAX:kappa.min": 0.04999999999999982, "MIN:kappa.mean": 0.5953, "MAX:kappa.mean": 0.6016999999999999, "MIN:kappa.max": 0.85, "MAX:kappa.max": 0.9299999999999999}