{"MIN:log_loss.min": 0.4959118010970814, "MAX:log_loss.min": 0.9917619202636183, "MIN:log_loss.mean": 0.7937570241073143, "MAX:log_loss.mean": 1.0395635171386464, "MIN:log_loss.max": 1.0986094595379472, "MAX:log_loss.max": 1.3142725084786095, "MIN:accuracy.min": 0.1, "MAX:accuracy.min": 0.6666666666666666, "MIN:accuracy.mean": 0.6317333333333334, "MAX:accuracy.mean": 0.7457999999999998, "MIN:accuracy.max": 0.6666666666666666, "MAX:accuracy.max": 0.96, "MIN:kappa.min": -0.3500000000000001, "MAX:kappa.min": 0.5, "MIN:kappa.mean": 0.4475999999999999, "MAX:kappa.mean": 0.6186999999999999, "MIN:kappa.max": 0.5, "MAX:kappa.max": 0.9400000000000001}