{"MIN:log_loss.min": 0.10589800527199798, "MAX:log_loss.min": 0.10589800527199798, "MIN:log_loss.mean": 0.44619178882029104, "MAX:log_loss.mean": 0.44619178882029104, "MIN:log_loss.max": 1.0985391814296492, "MAX:log_loss.max": 1.0985391814296492, "MIN:accuracy.min": 0.3333333333333333, "MAX:accuracy.min": 0.3333333333333333, "MIN:accuracy.mean": 0.8475333333333332, "MAX:accuracy.mean": 0.8475333333333332, "MIN:accuracy.max": 0.9666666666666667, "MAX:accuracy.max": 0.9666666666666667, "MIN:kappa.min": 0.0, "MAX:kappa.min": 0.0, "MIN:kappa.mean": 0.7712999999999998, "MAX:kappa.mean": 0.7712999999999998, "MIN:kappa.max": 0.95, "MAX:kappa.max": 0.95}