{"MIN:log_loss.min": 0.07104671384377872, "MAX:log_loss.min": 0.09336856327228699, "MIN:log_loss.mean": 0.22155640740908158, "MAX:log_loss.mean": 0.27739178082225874, "MIN:log_loss.max": 0.6591720577683278, "MAX:log_loss.max": 0.6882280178933639, "MIN:accuracy.min": 0.76, "MAX:accuracy.min": 0.86, "MIN:accuracy.mean": 0.9605999999999999, "MAX:accuracy.mean": 0.9655333333333335, "MIN:accuracy.max": 0.9733333333333334, "MAX:accuracy.max": 0.9866666666666667, "MIN:kappa.min": 0.64, "MAX:kappa.min": 0.79, "MIN:kappa.mean": 0.9408999999999997, "MAX:kappa.mean": 0.9483000000000001, "MIN:kappa.max": 0.96, "MAX:kappa.max": 0.98}