{"MIN:log_loss.min": 0.20172998302457046, "MAX:log_loss.min": 0.4970631687328746, "MIN:log_loss.mean": 0.9051448282578947, "MAX:log_loss.mean": 1.3915178075992392, "MIN:log_loss.max": 13.59780611049945, "MAX:log_loss.max": 18.977104719419653, "MIN:accuracy.min": 0.3333333333333333, "MAX:accuracy.min": 0.56, "MIN:accuracy.mean": 0.7378000000000001, "MAX:accuracy.mean": 0.8472000000000002, "MIN:accuracy.max": 0.8933333333333333, "MAX:accuracy.max": 0.96, "MIN:kappa.min": -2.220446049250313e-16, "MAX:kappa.min": 0.33999999999999997, "MIN:kappa.mean": 0.6067, "MAX:kappa.mean": 0.7707999999999999, "MIN:kappa.max": 0.84, "MAX:kappa.max": 0.9400000000000001}