{"mean accuracy": 0.9389333333333332, "max accuracy": 0.96, "mean kappa": 0.9084000000000003, "max kappa": 0.94}