{"MIN:log_loss.min": 0.4065625558685545, "MAX:log_loss.min": 0.4415844639694126, "MIN:log_loss.mean": 0.7952250783556685, "MAX:log_loss.mean": 0.8345600581273961, "MIN:log_loss.max": 1.2180914582693647, "MAX:log_loss.max": 1.2214371133087905, "MIN:accuracy.min": 0.3333333333333333, "MAX:accuracy.min": 0.3333333333333333, "MIN:accuracy.mean": 0.6672, "MAX:accuracy.mean": 0.6901999999999998, "MIN:accuracy.max": 0.96, "MAX:accuracy.max": 0.96, "MIN:kappa.min": 0.0, "MAX:kappa.min": 0.0, "MIN:kappa.mean": 0.5008, "MAX:kappa.mean": 0.5353000000000001, "MIN:kappa.max": 0.94, "MAX:kappa.max": 0.9400000000000001}