{"MIN:log_loss.min": 0.12377475540794211, "MAX:log_loss.min": 0.26447140469807723, "MIN:log_loss.mean": 0.681166121928869, "MAX:log_loss.mean": 0.7365757924392802, "MIN:log_loss.max": 1.097673403246925, "MAX:log_loss.max": 1.1541859987735648, "MIN:accuracy.min": 0.3333333333333333, "MAX:accuracy.min": 0.66, "MIN:accuracy.mean": 0.7222666666666668, "MAX:accuracy.mean": 0.7905333333333334, "MIN:accuracy.max": 0.9533333333333334, "MAX:accuracy.max": 0.96, "MIN:kappa.min": 0.0, "MAX:kappa.min": 0.49, "MIN:kappa.mean": 0.5834, "MAX:kappa.mean": 0.6857999999999999, "MIN:kappa.max": 0.9299999999999999, "MAX:kappa.max": 0.9400000000000001}