{"MIN:log_loss.min": 0.4911182170180651, "MAX:log_loss.min": 0.5838180418428982, "MIN:log_loss.mean": 0.6889035310517877, "MAX:log_loss.mean": 1.4654352111362507, "MIN:log_loss.max": 1.0899286138929556, "MAX:log_loss.max": 11.753162389448407, "MIN:accuracy.min": 0.56, "MAX:accuracy.min": 0.6666666666666666, "MIN:accuracy.mean": 0.9082000000000001, "MAX:accuracy.mean": 0.9258666666666666, "MIN:accuracy.max": 0.96, "MAX:accuracy.max": 0.9666666666666667, "MIN:kappa.min": 0.33999999999999997, "MAX:kappa.min": 0.5, "MIN:kappa.mean": 0.8623000000000002, "MAX:kappa.mean": 0.8888000000000001, "MIN:kappa.max": 0.9400000000000001, "MAX:kappa.max": 0.95}