{"MIN:log_loss.min": 0.12986621626257747, "MAX:log_loss.min": 0.13039591981249737, "MIN:log_loss.mean": 0.15945687018414093, "MAX:log_loss.mean": 0.1627625337085274, "MIN:log_loss.max": 0.3362027267190849, "MAX:log_loss.max": 0.3533410707753786, "MIN:accuracy.min": 0.96, "MAX:accuracy.min": 0.96, "MIN:accuracy.mean": 0.9653333333333335, "MAX:accuracy.mean": 0.9653333333333335, "MIN:accuracy.max": 0.9666666666666667, "MAX:accuracy.max": 0.9666666666666667, "MIN:kappa.min": 0.94, "MAX:kappa.min": 0.94, "MIN:kappa.mean": 0.948, "MAX:kappa.mean": 0.948, "MIN:kappa.max": 0.95, "MAX:kappa.max": 0.95}