{"MIN:log_loss.min": 0.14174459110611967, "MAX:log_loss.min": 0.6843970984852911, "MIN:log_loss.mean": 0.4580036908549889, "MAX:log_loss.mean": 0.758250979633053, "MIN:log_loss.max": 0.8514309540236151, "MAX:log_loss.max": 6.327624359482066, "MIN:accuracy.min": 0.54, "MAX:accuracy.min": 0.6666666666666666, "MIN:accuracy.mean": 0.8605333333333332, "MAX:accuracy.mean": 0.8963333333333331, "MIN:accuracy.max": 0.96, "MAX:accuracy.max": 0.9666666666666667, "MIN:kappa.min": 0.31000000000000005, "MAX:kappa.min": 0.5, "MIN:kappa.mean": 0.7908, "MAX:kappa.mean": 0.8445, "MIN:kappa.max": 0.9400000000000001, "MAX:kappa.max": 0.95}