{"MIN:log_loss.min": 0.6856742408574074, "MAX:log_loss.min": 0.861266262087095, "MIN:log_loss.mean": 1.33434849005226, "MAX:log_loss.mean": 1.431249095646294, "MIN:log_loss.max": 2.452037738581338, "MAX:log_loss.max": 2.573806904151612, "MIN:accuracy.min": 0.3333333333333333, "MAX:accuracy.min": 0.3333333333333333, "MIN:accuracy.mean": 0.5544666666666668, "MAX:accuracy.mean": 0.5931333333333334, "MIN:accuracy.max": 0.6666666666666666, "MAX:accuracy.max": 0.9466666666666667, "MIN:kappa.min": -2.220446049250313e-16, "MAX:kappa.min": 0.0, "MIN:kappa.mean": 0.3317, "MAX:kappa.mean": 0.3897, "MIN:kappa.max": 0.5, "MAX:kappa.max": 0.92}