{"MIN:log_loss.min": 0.28547795990581243, "MAX:log_loss.min": 0.29673391227711876, "MIN:log_loss.mean": 0.3222039131312318, "MAX:log_loss.mean": 0.3323112931934331, "MIN:log_loss.max": 0.4542676128496036, "MAX:log_loss.max": 0.45467706362907945, "MIN:accuracy.min": 0.7, "MAX:accuracy.min": 0.7, "MIN:accuracy.mean": 0.9044000000000001, "MAX:accuracy.mean": 0.9125333333333336, "MIN:accuracy.max": 0.9533333333333334, "MAX:accuracy.max": 0.96, "MIN:kappa.min": 0.55, "MAX:kappa.min": 0.55, "MIN:kappa.mean": 0.8565999999999999, "MAX:kappa.mean": 0.8688000000000001, "MIN:kappa.max": 0.9299999999999999, "MAX:kappa.max": 0.94}