{"MIN:log_loss.min": 0.26579497788006473, "MAX:log_loss.min": 0.7804789861695741, "MIN:log_loss.mean": 0.43400728662527593, "MAX:log_loss.mean": 0.9043483669997741, "MIN:log_loss.max": 0.9075695771556135, "MAX:log_loss.max": 1.083538072262136, "MIN:accuracy.min": 0.42, "MAX:accuracy.min": 0.62, "MIN:accuracy.mean": 0.8008666666666667, "MAX:accuracy.mean": 0.8354666666666667, "MIN:accuracy.max": 0.92, "MAX:accuracy.max": 0.96, "MIN:kappa.min": 0.13, "MAX:kappa.min": 0.43000000000000005, "MIN:kappa.mean": 0.7013000000000001, "MAX:kappa.mean": 0.7532000000000001, "MIN:kappa.max": 0.88, "MAX:kappa.max": 0.9400000000000001}