{"MIN:log_loss.min": 0.04507217743619335, "MAX:log_loss.min": 0.06059409247320289, "MIN:log_loss.mean": 0.40522330695559694, "MAX:log_loss.mean": 0.6697545799938774, "MIN:log_loss.max": 11.00807231853688, "MAX:log_loss.max": 23.025850929940454, "MIN:accuracy.min": 0.3333333333333333, "MAX:accuracy.min": 0.5133333333333333, "MIN:accuracy.mean": 0.8905333333333333, "MAX:accuracy.mean": 0.9324666666666667, "MIN:accuracy.max": 0.98, "MAX:accuracy.max": 0.9933333333333333, "MIN:kappa.min": -2.220446049250313e-16, "MAX:kappa.min": 0.27, "MIN:kappa.mean": 0.8358, "MAX:kappa.mean": 0.8987000000000002, "MIN:kappa.max": 0.97, "MAX:kappa.max": 0.99}