{"MIN:log_loss.min": 0.10120657975374195, "MAX:log_loss.min": 0.10120658803373549, "MIN:log_loss.mean": 0.2976025364280326, "MAX:log_loss.mean": 0.35567142350863107, "MIN:log_loss.max": 0.8059013329404683, "MAX:log_loss.max": 2.8389636045180064, "MIN:accuracy.min": 0.82, "MAX:accuracy.min": 0.9666666666666667, "MIN:accuracy.mean": 0.9620666666666667, "MAX:accuracy.mean": 0.9666666666666667, "MIN:accuracy.max": 0.9666666666666667, "MAX:accuracy.max": 0.98, "MIN:kappa.min": 0.73, "MAX:kappa.min": 0.95, "MIN:kappa.mean": 0.9431, "MAX:kappa.mean": 0.95, "MIN:kappa.max": 0.95, "MAX:kappa.max": 0.97}