{"MIN:log_loss.min": 0.327045592478664, "MAX:log_loss.min": 0.9538555667531771, "MIN:log_loss.mean": 0.6708306555793528, "MAX:log_loss.mean": 1.0455000314779994, "MIN:log_loss.max": 1.089275012670318, "MAX:log_loss.max": 1.1906673445985627, "MIN:accuracy.min": 0.3333333333333333, "MAX:accuracy.min": 0.6533333333333333, "MIN:accuracy.mean": 0.5962, "MAX:accuracy.mean": 0.7624666666666665, "MIN:accuracy.max": 0.64, "MAX:accuracy.max": 0.96, "MIN:kappa.min": -2.220446049250313e-16, "MAX:kappa.min": 0.48, "MIN:kappa.mean": 0.3943, "MAX:kappa.mean": 0.6437, "MIN:kappa.max": 0.45999999999999996, "MAX:kappa.max": 0.9400000000000001}