{"MIN:log_loss.min": 0.37443741778136463, "MAX:log_loss.min": 0.6945067906368807, "MIN:log_loss.mean": 0.6620259517462957, "MAX:log_loss.mean": 0.8632337226148339, "MIN:log_loss.max": 1.0215571408562356, "MAX:log_loss.max": 1.1565441523069688, "MIN:accuracy.min": 0.3333333333333333, "MAX:accuracy.min": 0.7133333333333334, "MIN:accuracy.mean": 0.773, "MAX:accuracy.mean": 0.8498666666666669, "MIN:accuracy.max": 0.9466666666666667, "MAX:accuracy.max": 0.96, "MIN:kappa.min": 0.0, "MAX:kappa.min": 0.5700000000000001, "MIN:kappa.mean": 0.6595, "MAX:kappa.mean": 0.7748, "MIN:kappa.max": 0.92, "MAX:kappa.max": 0.9400000000000001}