{"MIN:log_loss.min": 0.11160623373750914, "MAX:log_loss.min": 0.32447386449216864, "MIN:log_loss.mean": 0.5849202443563017, "MAX:log_loss.mean": 0.6424917747887811, "MIN:log_loss.max": 1.0980978393935665, "MAX:log_loss.max": 1.0981704242054586, "MIN:accuracy.min": 0.3333333333333333, "MAX:accuracy.min": 0.38, "MIN:accuracy.mean": 0.7150000000000002, "MAX:accuracy.mean": 0.7538666666666667, "MIN:accuracy.max": 0.8666666666666667, "MAX:accuracy.max": 0.9666666666666667, "MIN:kappa.min": 0.0, "MAX:kappa.min": 0.06999999999999995, "MIN:kappa.mean": 0.5725, "MAX:kappa.mean": 0.6308, "MIN:kappa.max": 0.8, "MAX:kappa.max": 0.95}