{"MIN:log_loss.min": 0.1248811752075773, "MAX:log_loss.min": 0.13146693079264432, "MIN:log_loss.mean": 0.3925162953192492, "MAX:log_loss.mean": 0.42248375820603307, "MIN:log_loss.max": 1.0955660717323754, "MAX:log_loss.max": 1.096224608180178, "MIN:accuracy.min": 0.3333333333333333, "MAX:accuracy.min": 0.3333333333333333, "MIN:accuracy.mean": 0.7978000000000001, "MAX:accuracy.mean": 0.8236, "MIN:accuracy.max": 0.96, "MAX:accuracy.max": 0.9666666666666667, "MIN:kappa.min": 0.0, "MAX:kappa.min": 0.0, "MIN:kappa.mean": 0.6967, "MAX:kappa.mean": 0.7353999999999999, "MIN:kappa.max": 0.94, "MAX:kappa.max": 0.95}