{"MIN:log_loss.min": 0.08247738565596317, "MAX:log_loss.min": 0.11825546227829752, "MIN:log_loss.mean": 0.4575208009457785, "MAX:log_loss.mean": 0.466424969282604, "MIN:log_loss.max": 1.099712682191504, "MAX:log_loss.max": 1.0997855403501091, "MIN:accuracy.min": 0.49333333333333335, "MAX:accuracy.min": 0.5, "MIN:accuracy.mean": 0.8591999999999997, "MAX:accuracy.mean": 0.8601333333333333, "MIN:accuracy.max": 0.9666666666666667, "MAX:accuracy.max": 0.9666666666666667, "MIN:kappa.min": 0.23999999999999988, "MAX:kappa.min": 0.25, "MIN:kappa.mean": 0.7888, "MAX:kappa.mean": 0.7902, "MIN:kappa.max": 0.95, "MAX:kappa.max": 0.95}