{"MIN:log_loss.min": 0.3972759673090807, "MAX:log_loss.min": 0.42592918616860365, "MIN:log_loss.mean": 0.680397629561141, "MAX:log_loss.mean": 0.7512445572986028, "MIN:log_loss.max": 1.215205365465819, "MAX:log_loss.max": 1.3306103922478514, "MIN:accuracy.min": 0.3333333333333333, "MAX:accuracy.min": 0.3333333333333333, "MIN:accuracy.mean": 0.7193999999999999, "MAX:accuracy.mean": 0.774, "MIN:accuracy.max": 0.96, "MAX:accuracy.max": 0.96, "MIN:kappa.min": 0.0, "MAX:kappa.min": 0.0, "MIN:kappa.mean": 0.5791, "MAX:kappa.mean": 0.6609999999999999, "MIN:kappa.max": 0.9400000000000001, "MAX:kappa.max": 0.9400000000000001}