{"MIN:log_loss.min": 0.17185392468420072, "MAX:log_loss.min": 0.18854583777790598, "MIN:log_loss.mean": 0.37354955734489775, "MAX:log_loss.mean": 0.4378080093483659, "MIN:log_loss.max": 1.4524239422495029, "MAX:log_loss.max": 3.283819533579345, "MIN:accuracy.min": 0.5066666666666667, "MAX:accuracy.min": 0.5466666666666666, "MIN:accuracy.mean": 0.8430666666666666, "MAX:accuracy.mean": 0.8654, "MIN:accuracy.max": 0.96, "MAX:accuracy.max": 0.9666666666666667, "MIN:kappa.min": 0.26, "MAX:kappa.min": 0.31999999999999995, "MIN:kappa.mean": 0.7646000000000002, "MAX:kappa.mean": 0.7981000000000001, "MIN:kappa.max": 0.9400000000000001, "MAX:kappa.max": 0.95}