{"MIN:log_loss.min": 0.8975488924429906, "MAX:log_loss.min": 0.9484589381838555, "MIN:log_loss.mean": 1.003811500682219, "MAX:log_loss.mean": 1.0194012326760498, "MIN:log_loss.max": 1.140372874747082, "MAX:log_loss.max": 1.1780584423636917, "MIN:accuracy.min": 0.18666666666666668, "MAX:accuracy.min": 0.3333333333333333, "MIN:accuracy.mean": 0.3333333333333334, "MAX:accuracy.mean": 0.6073333333333333, "MIN:accuracy.max": 0.3333333333333333, "MAX:accuracy.max": 0.6666666666666666, "MIN:kappa.min": -0.21999999999999997, "MAX:kappa.min": 0.0, "MIN:kappa.mean": 0.0, "MAX:kappa.mean": 0.4109999999999999, "MIN:kappa.max": 0.0, "MAX:kappa.max": 0.5}