{"MIN:log_loss.min": 0.20520544257619755, "MAX:log_loss.min": 0.26879294904580076, "MIN:log_loss.mean": 0.4238636872244904, "MAX:log_loss.mean": 0.44059290411364865, "MIN:log_loss.max": 1.0969005948176418, "MAX:log_loss.max": 1.0995869740987743, "MIN:accuracy.min": 0.3333333333333333, "MAX:accuracy.min": 0.8933333333333333, "MIN:accuracy.mean": 0.7824, "MAX:accuracy.mean": 0.8933333333333331, "MIN:accuracy.max": 0.8933333333333333, "MAX:accuracy.max": 0.9333333333333333, "MIN:kappa.min": 0.0, "MAX:kappa.min": 0.8400000000000001, "MIN:kappa.mean": 0.6736, "MAX:kappa.mean": 0.8400000000000002, "MIN:kappa.max": 0.8400000000000001, "MAX:kappa.max": 0.9}