{"MIN:log_loss.min": 0.23768532888187943, "MAX:log_loss.min": 1.6860368499707061, "MIN:log_loss.mean": 2.477140342253607, "MAX:log_loss.mean": 5.413370982755056, "MIN:log_loss.max": 11.534547322020135, "MAX:log_loss.max": 12.129162530492342, "MIN:accuracy.min": 0.0, "MAX:accuracy.min": 0.66, "MIN:accuracy.mean": 0.4437333333333334, "MAX:accuracy.mean": 0.6650000000000001, "MIN:accuracy.max": 0.6666666666666666, "MAX:accuracy.max": 0.9666666666666667, "MIN:kappa.min": -0.5, "MAX:kappa.min": 0.49, "MIN:kappa.mean": 0.1656, "MAX:kappa.mean": 0.49750000000000016, "MIN:kappa.max": 0.5, "MAX:kappa.max": 0.95}