{"MIN:log_loss.min": 0.8603843811076418, "MAX:log_loss.min": 0.9569931329918169, "MIN:log_loss.mean": 1.0132262731955657, "MAX:log_loss.mean": 1.0543382171480704, "MIN:log_loss.max": 1.0972173150038091, "MAX:log_loss.max": 1.209181843807035, "MIN:accuracy.min": 0.6333333333333333, "MAX:accuracy.min": 0.6666666666666666, "MIN:accuracy.mean": 0.6665333333333335, "MAX:accuracy.mean": 0.6889333333333334, "MIN:accuracy.max": 0.6666666666666666, "MAX:accuracy.max": 0.9333333333333333, "MIN:kappa.min": 0.44999999999999996, "MAX:kappa.min": 0.5, "MIN:kappa.mean": 0.4998, "MAX:kappa.mean": 0.5334000000000002, "MIN:kappa.max": 0.5, "MAX:kappa.max": 0.9}