{"MAX:log_loss.min": 1.134110941470093, "ARGMAX:log_loss.min": [6, 381848], "MIN:log_loss.min": 1.1209716685475715, "ARGMIN:log_loss.min": [1, 460000], "MEAN:log_loss.min": 1.1277958899560991, "MAX:log_loss.mean": 1.1341109414700932, "ARGMAX:log_loss.mean": [6, 381848], "MIN:log_loss.mean": 1.1209716685475717, "ARGMIN:log_loss.mean": [1, 460000], "MEAN:log_loss.mean": 1.1277958899560991, "MAX:log_loss.max": 1.134110941470093, "ARGMAX:log_loss.max": [6, 381848], "MIN:log_loss.max": 1.1209716685475715, "ARGMIN:log_loss.max": [1, 460000], "MEAN:log_loss.max": 1.1277958899560991, "MAX:accuracy.min": 0.7064, "ARGMAX:accuracy.min": [0, 456046], "MIN:accuracy.min": 0.6982, "ARGMIN:accuracy.min": [9, 404829], "MEAN:accuracy.min": 0.7010099999999999, "MAX:accuracy.mean": 0.7064000000000002, "ARGMAX:accuracy.mean": [0, 456046], "MIN:accuracy.mean": 0.6982, "ARGMIN:accuracy.mean": [9, 404829], "MEAN:accuracy.mean": 0.7010099999999999, "MAX:accuracy.max": 0.7064, "ARGMAX:accuracy.max": [0, 456046], "MIN:accuracy.max": 0.6982, "ARGMIN:accuracy.max": [9, 404829], "MEAN:accuracy.max": 0.7010099999999999, "MAX:kappa.min": 0.6733171476964108, "ARGMAX:kappa.min": [0, 456046], "MIN:kappa.min": 0.6641905672465567, "ARGMIN:kappa.min": [9, 404829], "MEAN:kappa.min": 0.6673341182801122, "MAX:kappa.mean": 0.6733171476964107, "ARGMAX:kappa.mean": [0, 456046], "MIN:kappa.mean": 0.6641905672465566, "ARGMIN:kappa.mean": [9, 404829], "MEAN:kappa.mean": 0.6673341182801122, "MAX:kappa.max": 0.6733171476964108, "ARGMAX:kappa.max": [0, 456046], "MIN:kappa.max": 0.6641905672465567, "ARGMIN:kappa.max": [9, 404829], "MEAN:kappa.max": 0.6673341182801122}