{"mean accuracy": 0.9486000000000003, "max accuracy": 0.96, "mean kappa": 0.9228999999999998, "max kappa": 0.94}