{"MIN:log_loss.min": 0.6161504418707513, "MAX:log_loss.min": 1.0387413186002192, "MIN:log_loss.mean": 0.919437140564052, "MAX:log_loss.mean": 1.0785738912605267, "MIN:log_loss.max": 1.1635628128295772, "MAX:log_loss.max": 1.5310743963973494, "MIN:accuracy.min": 0.28, "MAX:accuracy.min": 0.6666666666666666, "MIN:accuracy.mean": 0.5933333333333333, "MAX:accuracy.mean": 0.6666666666666669, "MIN:accuracy.max": 0.6666666666666666, "MAX:accuracy.max": 0.94, "MIN:kappa.min": -0.08000000000000007, "MAX:kappa.min": 0.5, "MIN:kappa.mean": 0.39000000000000007, "MAX:kappa.mean": 0.5, "MIN:kappa.max": 0.5, "MAX:kappa.max": 0.91}