{"MIN:log_loss.min": 0.4924656702185398, "MAX:log_loss.min": 0.6588711133101683, "MIN:log_loss.mean": 0.8585876774991142, "MAX:log_loss.mean": 0.9267196895335417, "MIN:log_loss.max": 1.0986120721655723, "MAX:log_loss.max": 1.1159825293961836, "MIN:accuracy.min": 0.3333333333333333, "MAX:accuracy.min": 0.37333333333333335, "MIN:accuracy.mean": 0.5701333333333334, "MAX:accuracy.mean": 0.6526000000000001, "MIN:accuracy.max": 0.9466666666666667, "MAX:accuracy.max": 0.96, "MIN:kappa.min": -2.220446049250313e-16, "MAX:kappa.min": 0.060000000000000164, "MIN:kappa.mean": 0.35519999999999996, "MAX:kappa.mean": 0.4789, "MIN:kappa.max": 0.92, "MAX:kappa.max": 0.9400000000000001}