{"MIN:log_loss.min": 0.8465989430783654, "MAX:log_loss.min": 0.9537439355184445, "MIN:log_loss.mean": 1.0414704578552425, "MAX:log_loss.mean": 1.2917677976480004, "MIN:log_loss.max": 1.131017891147884, "MAX:log_loss.max": 2.0951947459466336, "MIN:accuracy.min": 0.3333333333333333, "MAX:accuracy.min": 0.6333333333333333, "MIN:accuracy.mean": 0.5684666666666667, "MAX:accuracy.mean": 0.6507333333333334, "MIN:accuracy.max": 0.64, "MAX:accuracy.max": 0.88, "MIN:kappa.min": 0.0, "MAX:kappa.min": 0.44999999999999996, "MIN:kappa.mean": 0.35269999999999996, "MAX:kappa.mean": 0.4761000000000001, "MIN:kappa.max": 0.45999999999999996, "MAX:kappa.max": 0.8200000000000001}