{"MIN:log_loss.min": 0.3038543177698716, "MAX:log_loss.min": 0.48465530786090655, "MIN:log_loss.mean": 1.00478111579578, "MAX:log_loss.mean": 1.1965370667353454, "MIN:log_loss.max": 3.3986096759656177, "MAX:log_loss.max": 11.028830133299763, "MIN:accuracy.min": 0.3333333333333333, "MAX:accuracy.min": 0.5666666666666667, "MIN:accuracy.mean": 0.7212666666666666, "MAX:accuracy.mean": 0.7983333333333333, "MIN:accuracy.max": 0.9533333333333334, "MAX:accuracy.max": 0.96, "MIN:kappa.min": -2.220446049250313e-16, "MAX:kappa.min": 0.35, "MIN:kappa.mean": 0.5819, "MAX:kappa.mean": 0.6975, "MIN:kappa.max": 0.9299999999999999, "MAX:kappa.max": 0.9400000000000001}