{"MIN:log_loss.min": 0.28786355895488086, "MAX:log_loss.min": 0.31846109901220093, "MIN:log_loss.mean": 0.5829633453318565, "MAX:log_loss.mean": 0.62466393606055, "MIN:log_loss.max": 1.0827456607831751, "MAX:log_loss.max": 1.2129764409490902, "MIN:accuracy.min": 0.32, "MAX:accuracy.min": 0.52, "MIN:accuracy.mean": 0.7070666666666665, "MAX:accuracy.mean": 0.7528666666666666, "MIN:accuracy.max": 0.94, "MAX:accuracy.max": 0.9666666666666667, "MIN:kappa.min": -0.020000000000000018, "MAX:kappa.min": 0.28, "MIN:kappa.mean": 0.5606, "MAX:kappa.mean": 0.6293, "MIN:kappa.max": 0.91, "MAX:kappa.max": 0.95}