{"MIN:log_loss.min": 0.5783745838581855, "MAX:log_loss.min": 0.6570767942571529, "MIN:log_loss.mean": 0.7739678939462231, "MAX:log_loss.mean": 0.8174436657756072, "MIN:log_loss.max": 1.1038474180467024, "MAX:log_loss.max": 1.7153841113513981, "MIN:accuracy.min": 0.08, "MAX:accuracy.min": 0.19333333333333333, "MIN:accuracy.mean": 0.6898000000000002, "MAX:accuracy.mean": 0.7672, "MIN:accuracy.max": 0.96, "MAX:accuracy.max": 0.96, "MIN:kappa.min": -0.3799999999999999, "MAX:kappa.min": -0.20999999999999996, "MIN:kappa.mean": 0.5347, "MAX:kappa.mean": 0.6507999999999999, "MIN:kappa.max": 0.94, "MAX:kappa.max": 0.9400000000000001}