{"MIN:log_loss.min": 0.07132928662240175, "MAX:log_loss.min": 0.3418664597787276, "MIN:log_loss.mean": 0.5093843820100897, "MAX:log_loss.mean": 1.0655715484146138, "MIN:log_loss.max": 2.5693511963592086, "MAX:log_loss.max": 14.103698933191957, "MIN:accuracy.min": 0.3333333333333333, "MAX:accuracy.min": 0.6666666666666666, "MIN:accuracy.mean": 0.7924666666666669, "MAX:accuracy.mean": 0.8403999999999998, "MIN:accuracy.max": 0.9466666666666667, "MAX:accuracy.max": 0.98, "MIN:kappa.min": 0.0, "MAX:kappa.min": 0.5, "MIN:kappa.mean": 0.6887000000000001, "MAX:kappa.mean": 0.7606, "MIN:kappa.max": 0.92, "MAX:kappa.max": 0.97}