{"mean accuracy": 0.9505333333333336, "max accuracy": 0.96, "mean kappa": 0.9258000000000002, "max kappa": 0.94}