{"MIN:log_loss.min": 0.1357252958638893, "MAX:log_loss.min": 0.20149668171455298, "MIN:log_loss.mean": 0.6567274793876297, "MAX:log_loss.mean": 0.7295438104762071, "MIN:log_loss.max": 1.0986111052053562, "MAX:log_loss.max": 1.2677967546726954, "MIN:accuracy.min": 0.32666666666666666, "MAX:accuracy.min": 0.43333333333333335, "MIN:accuracy.mean": 0.7043333333333333, "MAX:accuracy.mean": 0.7649999999999999, "MIN:accuracy.max": 0.96, "MAX:accuracy.max": 0.96, "MIN:kappa.min": -0.010000000000000009, "MAX:kappa.min": 0.15000000000000013, "MIN:kappa.mean": 0.5565, "MAX:kappa.mean": 0.6475, "MIN:kappa.max": 0.94, "MAX:kappa.max": 0.9400000000000001}