{"MIN:log_loss.min": 0.05619675234466904, "MAX:log_loss.min": 0.05619675242773702, "MIN:log_loss.mean": 0.2456485420332096, "MAX:log_loss.mean": 0.2599283162004841, "MIN:log_loss.max": 1.0453333052827811, "MAX:log_loss.max": 1.0453850658543433, "MIN:accuracy.min": 0.6733333333333333, "MAX:accuracy.min": 0.6733333333333333, "MIN:accuracy.mean": 0.9637333333333331, "MAX:accuracy.mean": 0.9667333333333333, "MIN:accuracy.max": 0.98, "MAX:accuracy.max": 0.9866666666666667, "MIN:kappa.min": 0.51, "MAX:kappa.min": 0.51, "MIN:kappa.mean": 0.9455999999999998, "MAX:kappa.mean": 0.9501, "MIN:kappa.max": 0.97, "MAX:kappa.max": 0.98}