{"MIN:log_loss.min": 0.10295188491895907, "MAX:log_loss.min": 0.15428542431740658, "MIN:log_loss.mean": 0.4583407723510616, "MAX:log_loss.mean": 0.6257129241604612, "MIN:log_loss.max": 1.098500790868782, "MAX:log_loss.max": 1.3518885028752379, "MIN:accuracy.min": 0.3333333333333333, "MAX:accuracy.min": 0.54, "MIN:accuracy.mean": 0.7743333333333332, "MAX:accuracy.mean": 0.8297333333333334, "MIN:accuracy.max": 0.9533333333333334, "MAX:accuracy.max": 0.9666666666666667, "MIN:kappa.min": -2.220446049250313e-16, "MAX:kappa.min": 0.31000000000000005, "MIN:kappa.mean": 0.6614999999999999, "MAX:kappa.mean": 0.7446, "MIN:kappa.max": 0.9299999999999999, "MAX:kappa.max": 0.95}