{"mean accuracy": 0.5996666666666666, "max accuracy": 0.9733333333333334, "mean kappa": 0.3995, "max kappa": 0.9600000000000001}