{"MIN:log_loss.min": 0.69927756197605, "MAX:log_loss.min": 0.7727249078289495, "MIN:log_loss.mean": 0.8509291602526743, "MAX:log_loss.mean": 0.8731963224234502, "MIN:log_loss.max": 1.1856500853259813, "MAX:log_loss.max": 1.1859969629554523, "MIN:accuracy.min": 0.3333333333333333, "MAX:accuracy.min": 0.6066666666666667, "MIN:accuracy.mean": 0.6782666666666667, "MAX:accuracy.mean": 0.6943333333333332, "MIN:accuracy.max": 0.96, "MAX:accuracy.max": 0.96, "MIN:kappa.min": 0.0, "MAX:kappa.min": 0.41000000000000003, "MIN:kappa.mean": 0.5174, "MAX:kappa.mean": 0.5415000000000001, "MIN:kappa.max": 0.94, "MAX:kappa.max": 0.9400000000000001}