{"MIN:log_loss.min": 0.21642571466730975, "MAX:log_loss.min": 0.8312580216527782, "MIN:log_loss.mean": 0.647698317960427, "MAX:log_loss.mean": 1.154213548063937, "MIN:log_loss.max": 1.1775066452942853, "MAX:log_loss.max": 2.398018056439574, "MIN:accuracy.min": 0.3, "MAX:accuracy.min": 0.6533333333333333, "MIN:accuracy.mean": 0.6414, "MAX:accuracy.mean": 0.7042666666666666, "MIN:accuracy.max": 0.9333333333333333, "MAX:accuracy.max": 0.96, "MIN:kappa.min": -0.050000000000000044, "MAX:kappa.min": 0.48, "MIN:kappa.mean": 0.4621, "MAX:kappa.mean": 0.5564000000000001, "MIN:kappa.max": 0.9, "MAX:kappa.max": 0.9400000000000001}