{"MIN:log_loss.min": 0.30586773222594293, "MAX:log_loss.min": 0.3464297301488849, "MIN:log_loss.mean": 0.44201771959783215, "MAX:log_loss.mean": 0.489057525196942, "MIN:log_loss.max": 0.9357149205468166, "MAX:log_loss.max": 0.9397825860117869, "MIN:accuracy.min": 0.4066666666666667, "MAX:accuracy.min": 0.4066666666666667, "MIN:accuracy.mean": 0.9150666666666666, "MAX:accuracy.mean": 0.9212, "MIN:accuracy.max": 0.96, "MAX:accuracy.max": 0.96, "MIN:kappa.min": 0.10999999999999999, "MAX:kappa.min": 0.10999999999999999, "MIN:kappa.mean": 0.8726, "MAX:kappa.mean": 0.8818, "MIN:kappa.max": 0.9400000000000001, "MAX:kappa.max": 0.9400000000000001}