{"MIN:log_loss.min": 0.07714688676771156, "MAX:log_loss.min": 0.22154312999166403, "MIN:log_loss.mean": 0.2604556959905537, "MAX:log_loss.mean": 0.45932723344824394, "MIN:log_loss.max": 0.9713715075048597, "MAX:log_loss.max": 3.6756181286808682, "MIN:accuracy.min": 0.3333333333333333, "MAX:accuracy.min": 0.4266666666666667, "MIN:accuracy.mean": 0.8719333333333332, "MAX:accuracy.mean": 0.8972666666666665, "MIN:accuracy.max": 0.96, "MAX:accuracy.max": 0.9733333333333334, "MIN:kappa.min": 0.0, "MAX:kappa.min": 0.14, "MIN:kappa.mean": 0.8079000000000001, "MAX:kappa.mean": 0.8458999999999999, "MIN:kappa.max": 0.9400000000000001, "MAX:kappa.max": 0.96}