{"MIN:log_loss.min": 0.09594549467221199, "MAX:log_loss.min": 0.12009198035862996, "MIN:log_loss.mean": 0.44308804069845853, "MAX:log_loss.mean": 0.5067659839739411, "MIN:log_loss.max": 1.098520802666042, "MAX:log_loss.max": 1.0985410467110153, "MIN:accuracy.min": 0.3333333333333333, "MAX:accuracy.min": 0.3333333333333333, "MIN:accuracy.mean": 0.7847333333333336, "MAX:accuracy.mean": 0.8257999999999999, "MIN:accuracy.max": 0.96, "MAX:accuracy.max": 0.9666666666666667, "MIN:kappa.min": 0.0, "MAX:kappa.min": 0.0, "MIN:kappa.mean": 0.6770999999999999, "MAX:kappa.mean": 0.7387, "MIN:kappa.max": 0.94, "MAX:kappa.max": 0.95}