{"MIN:log_loss.min": 0.11083183699210658, "MAX:log_loss.min": 0.11198835636122996, "MIN:log_loss.mean": 0.34746144937936196, "MAX:log_loss.mean": 0.3791716512046577, "MIN:log_loss.max": 1.019101902563699, "MAX:log_loss.max": 1.0297637418124057, "MIN:accuracy.min": 0.3333333333333333, "MAX:accuracy.min": 0.5266666666666666, "MIN:accuracy.mean": 0.8994666666666664, "MAX:accuracy.mean": 0.9385333333333332, "MIN:accuracy.max": 0.96, "MAX:accuracy.max": 0.96, "MIN:kappa.min": 0.0, "MAX:kappa.min": 0.29000000000000004, "MIN:kappa.mean": 0.8492000000000001, "MAX:kappa.mean": 0.9077999999999997, "MIN:kappa.max": 0.9400000000000001, "MAX:kappa.max": 0.9400000000000001}