{"MIN:log_loss.min": 0.16186084035175607, "MAX:log_loss.min": 0.21076576638494027, "MIN:log_loss.mean": 0.5188233483832041, "MAX:log_loss.mean": 0.676524730773807, "MIN:log_loss.max": 1.0376229175567626, "MAX:log_loss.max": 1.1133664418421712, "MIN:accuracy.min": 0.30666666666666664, "MAX:accuracy.min": 0.3333333333333333, "MIN:accuracy.mean": 0.7807333333333334, "MAX:accuracy.mean": 0.8329333333333332, "MIN:accuracy.max": 0.96, "MAX:accuracy.max": 0.9666666666666667, "MIN:kappa.min": -0.039999999999999813, "MAX:kappa.min": 0.0, "MIN:kappa.mean": 0.6711, "MAX:kappa.mean": 0.7493999999999998, "MIN:kappa.max": 0.9400000000000001, "MAX:kappa.max": 0.95}