{"MIN:log_loss.min": 0.35914934493279016, "MAX:log_loss.min": 0.49998934128294803, "MIN:log_loss.mean": 0.6051107607765235, "MAX:log_loss.mean": 0.7046091697558318, "MIN:log_loss.max": 1.0976802785825635, "MAX:log_loss.max": 1.220275836643737, "MIN:accuracy.min": 0.3333333333333333, "MAX:accuracy.min": 0.3333333333333333, "MIN:accuracy.mean": 0.7269333333333333, "MAX:accuracy.mean": 0.774, "MIN:accuracy.max": 0.96, "MAX:accuracy.max": 0.96, "MIN:kappa.min": -2.220446049250313e-16, "MAX:kappa.min": 0.0, "MIN:kappa.mean": 0.5904, "MAX:kappa.mean": 0.661, "MIN:kappa.max": 0.9400000000000001, "MAX:kappa.max": 0.9400000000000001}