{"MIN:log_loss.min": 0.1282452232267599, "MAX:log_loss.min": 0.4327576206878213, "MIN:log_loss.mean": 0.7874569346109035, "MAX:log_loss.mean": 1.4038598523683894, "MIN:log_loss.max": 1.0986122886681096, "MAX:log_loss.max": 2.8501070017571837, "MIN:accuracy.min": 0.3333333333333333, "MAX:accuracy.min": 0.3333333333333333, "MIN:accuracy.mean": 0.5947333333333333, "MAX:accuracy.mean": 0.6844666666666666, "MIN:accuracy.max": 0.9533333333333334, "MAX:accuracy.max": 0.96, "MIN:kappa.min": 0.0, "MAX:kappa.min": 0.0, "MIN:kappa.mean": 0.39209999999999995, "MAX:kappa.mean": 0.5267000000000001, "MIN:kappa.max": 0.9299999999999999, "MAX:kappa.max": 0.9400000000000001}