{"MIN:log_loss.min": 0.1401446631751615, "MAX:log_loss.min": 0.560362239283451, "MIN:log_loss.mean": 0.4690256875903161, "MAX:log_loss.mean": 0.7572955510162602, "MIN:log_loss.max": 1.041231792512159, "MAX:log_loss.max": 2.486428307988759, "MIN:accuracy.min": 0.66, "MAX:accuracy.min": 0.6666666666666666, "MIN:accuracy.mean": 0.8492666666666667, "MAX:accuracy.mean": 0.8505333333333333, "MIN:accuracy.max": 0.9533333333333334, "MAX:accuracy.max": 0.96, "MIN:kappa.min": 0.49, "MAX:kappa.min": 0.5, "MIN:kappa.mean": 0.7739, "MAX:kappa.mean": 0.7757999999999999, "MIN:kappa.max": 0.9299999999999999, "MAX:kappa.max": 0.9400000000000001}