{"MIN:log_loss.min": 0.2757335800182524, "MAX:log_loss.min": 0.3546788008043393, "MIN:log_loss.mean": 0.6476622344139079, "MAX:log_loss.mean": 0.698919204309704, "MIN:log_loss.max": 1.1846196640842617, "MAX:log_loss.max": 1.4746156078470687, "MIN:accuracy.min": 0.0, "MAX:accuracy.min": 0.3333333333333333, "MIN:accuracy.mean": 0.6010666666666666, "MAX:accuracy.mean": 0.6751333333333334, "MIN:accuracy.max": 0.88, "MAX:accuracy.max": 0.9666666666666667, "MIN:kappa.min": -0.5, "MAX:kappa.min": 0.0, "MIN:kappa.mean": 0.40159999999999996, "MAX:kappa.mean": 0.5126999999999999, "MIN:kappa.max": 0.8200000000000001, "MAX:kappa.max": 0.95}