{"MIN:log_loss.min": 0.11395674671061519, "MAX:log_loss.min": 0.2919215689945988, "MIN:log_loss.mean": 0.4850566681991969, "MAX:log_loss.mean": 0.5758925745737062, "MIN:log_loss.max": 1.0944970741578826, "MAX:log_loss.max": 1.1511998394184684, "MIN:accuracy.min": 0.12666666666666668, "MAX:accuracy.min": 0.6266666666666667, "MIN:accuracy.mean": 0.7654666666666669, "MAX:accuracy.mean": 0.8323333333333334, "MIN:accuracy.max": 0.9533333333333334, "MAX:accuracy.max": 0.98, "MIN:kappa.min": -0.3100000000000003, "MAX:kappa.min": 0.43999999999999995, "MIN:kappa.mean": 0.6481999999999999, "MAX:kappa.mean": 0.7485, "MIN:kappa.max": 0.9299999999999999, "MAX:kappa.max": 0.97}