{"MIN:log_loss.min": 0.35666405858930156, "MAX:log_loss.min": 0.7389672762488916, "MIN:log_loss.mean": 0.7185052968326617, "MAX:log_loss.mean": 0.9435275296644222, "MIN:log_loss.max": 1.109707702766038, "MAX:log_loss.max": 1.2023259720592196, "MIN:accuracy.min": 0.32666666666666666, "MAX:accuracy.min": 0.5333333333333333, "MIN:accuracy.mean": 0.6649333333333333, "MAX:accuracy.mean": 0.7222, "MIN:accuracy.max": 0.8666666666666667, "MAX:accuracy.max": 0.96, "MIN:kappa.min": -0.010000000000000009, "MAX:kappa.min": 0.30000000000000004, "MIN:kappa.mean": 0.4973999999999999, "MAX:kappa.mean": 0.5832999999999999, "MIN:kappa.max": 0.8, "MAX:kappa.max": 0.9400000000000001}