{"MIN:log_loss.min": 0.22058331864755662, "MAX:log_loss.min": 0.529862483971847, "MIN:log_loss.mean": 0.6636043754373686, "MAX:log_loss.mean": 2.580409658391345, "MIN:log_loss.max": 1.0980428819380803, "MAX:log_loss.max": 11.563717357885574, "MIN:accuracy.min": 0.013333333333333334, "MAX:accuracy.min": 0.6, "MIN:accuracy.mean": 0.6298666666666667, "MAX:accuracy.mean": 0.6930000000000003, "MIN:accuracy.max": 0.6666666666666666, "MAX:accuracy.max": 0.96, "MIN:kappa.min": -0.48, "MAX:kappa.min": 0.4, "MIN:kappa.mean": 0.44480000000000003, "MAX:kappa.mean": 0.5395, "MIN:kappa.max": 0.5, "MAX:kappa.max": 0.9400000000000001}