{"MIN:log_loss.min": 0.6117481872621924, "MAX:log_loss.min": 0.6710499308010041, "MIN:log_loss.mean": 0.7532125538692963, "MAX:log_loss.mean": 0.7935655369777065, "MIN:log_loss.max": 1.7429542576464818, "MAX:log_loss.max": 1.8375371735504404, "MIN:accuracy.min": 0.3333333333333333, "MAX:accuracy.min": 0.3466666666666667, "MIN:accuracy.mean": 0.7029333333333334, "MAX:accuracy.mean": 0.7257999999999999, "MIN:accuracy.max": 0.94, "MAX:accuracy.max": 0.96, "MIN:kappa.min": -2.220446049250313e-16, "MAX:kappa.min": 0.020000000000000018, "MIN:kappa.mean": 0.5544, "MAX:kappa.mean": 0.5887, "MIN:kappa.max": 0.91, "MAX:kappa.max": 0.94}