{"MIN:log_loss.min": 0.22762022463182574, "MAX:log_loss.min": 0.8324880430219337, "MIN:log_loss.mean": 0.3248860505217798, "MAX:log_loss.mean": 0.9220624106499976, "MIN:log_loss.max": 0.7078463117302296, "MAX:log_loss.max": 5.350534658998927, "MIN:accuracy.min": 0.5666666666666667, "MAX:accuracy.min": 0.7933333333333333, "MIN:accuracy.mean": 0.8951999999999998, "MAX:accuracy.mean": 0.9367333333333333, "MIN:accuracy.max": 0.9533333333333334, "MAX:accuracy.max": 0.96, "MIN:kappa.min": 0.35, "MAX:kappa.min": 0.69, "MIN:kappa.mean": 0.8428, "MAX:kappa.mean": 0.9050999999999999, "MIN:kappa.max": 0.9299999999999999, "MAX:kappa.max": 0.9400000000000001}