{"MIN:log_loss.min": 0.3880378039913085, "MAX:log_loss.min": 0.46568766791266947, "MIN:log_loss.mean": 2.4576070019728125, "MAX:log_loss.mean": 3.104795613167624, "MIN:log_loss.max": 23.025850929940454, "MAX:log_loss.max": 23.025850929940454, "MIN:accuracy.min": 0.3333333333333333, "MAX:accuracy.min": 0.3333333333333333, "MIN:accuracy.mean": 0.6564666666666666, "MAX:accuracy.mean": 0.7180666666666666, "MIN:accuracy.max": 0.9333333333333333, "MAX:accuracy.max": 0.9666666666666667, "MIN:kappa.min": -2.220446049250313e-16, "MAX:kappa.min": 0.0, "MIN:kappa.mean": 0.48469999999999996, "MAX:kappa.mean": 0.5771000000000001, "MIN:kappa.max": 0.9, "MAX:kappa.max": 0.95}