{"MIN:log_loss.min": 0.08362214043732842, "MAX:log_loss.min": 0.1146165611389124, "MIN:log_loss.mean": 0.27866368907507033, "MAX:log_loss.mean": 1.731469704764191, "MIN:log_loss.max": 0.8154604175873204, "MAX:log_loss.max": 11.512925464970237, "MIN:accuracy.min": 0.6333333333333333, "MAX:accuracy.min": 0.8533333333333334, "MIN:accuracy.mean": 0.9144666666666665, "MAX:accuracy.mean": 0.9478666666666665, "MIN:accuracy.max": 0.96, "MAX:accuracy.max": 0.98, "MIN:kappa.min": 0.44999999999999996, "MAX:kappa.min": 0.78, "MIN:kappa.mean": 0.8717, "MAX:kappa.mean": 0.9217999999999997, "MIN:kappa.max": 0.9400000000000001, "MAX:kappa.max": 0.97}