{"MIN:log_loss.min": 0.73178245309268, "MAX:log_loss.min": 0.7842299865752966, "MIN:log_loss.mean": 0.8770491171896133, "MAX:log_loss.mean": 0.8976623026781273, "MIN:log_loss.max": 1.1898418048773154, "MAX:log_loss.max": 1.1898765412670052, "MIN:accuracy.min": 0.56, "MAX:accuracy.min": 0.6066666666666667, "MIN:accuracy.mean": 0.6819333333333334, "MAX:accuracy.mean": 0.6959333333333335, "MIN:accuracy.max": 0.9333333333333333, "MAX:accuracy.max": 0.9666666666666667, "MIN:kappa.min": 0.33999999999999997, "MAX:kappa.min": 0.41000000000000003, "MIN:kappa.mean": 0.5229, "MAX:kappa.mean": 0.5439, "MIN:kappa.max": 0.9, "MAX:kappa.max": 0.95}