{"MIN:log_loss.min": 0.1169714636250472, "MAX:log_loss.min": 0.25534175066429116, "MIN:log_loss.mean": 0.28778863859110954, "MAX:log_loss.mean": 0.3708787782485198, "MIN:log_loss.max": 0.8865952923503824, "MAX:log_loss.max": 0.985524678209307, "MIN:accuracy.min": 0.34, "MAX:accuracy.min": 0.54, "MIN:accuracy.mean": 0.8914666666666665, "MAX:accuracy.mean": 0.9271999999999998, "MIN:accuracy.max": 0.96, "MAX:accuracy.max": 0.96, "MIN:kappa.min": 0.010000000000000009, "MAX:kappa.min": 0.31000000000000005, "MIN:kappa.mean": 0.8371999999999998, "MAX:kappa.mean": 0.8908000000000001, "MIN:kappa.max": 0.9400000000000001, "MAX:kappa.max": 0.9400000000000001}