{"MIN:log_loss.min": 0.19259023450509105, "MAX:log_loss.min": 0.3464849058357143, "MIN:log_loss.mean": 0.5885638093202439, "MAX:log_loss.mean": 0.872753130798778, "MIN:log_loss.max": 3.2562118241405926, "MAX:log_loss.max": 6.767664483480846, "MIN:accuracy.min": 0.41333333333333333, "MAX:accuracy.min": 0.64, "MIN:accuracy.mean": 0.7753999999999999, "MAX:accuracy.mean": 0.7952666666666667, "MIN:accuracy.max": 0.94, "MAX:accuracy.max": 0.9466666666666667, "MIN:kappa.min": 0.1200000000000001, "MAX:kappa.min": 0.45999999999999996, "MIN:kappa.mean": 0.6631, "MAX:kappa.mean": 0.6929, "MIN:kappa.max": 0.91, "MAX:kappa.max": 0.92}