{"MIN:log_loss.min": 0.4061531893596357, "MAX:log_loss.min": 0.6207948482202471, "MIN:log_loss.mean": 0.7866772815163836, "MAX:log_loss.mean": 1.2703185483510717, "MIN:log_loss.max": 2.4133271162688295, "MAX:log_loss.max": 12.274824885811622, "MIN:accuracy.min": 0.3333333333333333, "MAX:accuracy.min": 0.43333333333333335, "MIN:accuracy.mean": 0.7189333333333332, "MAX:accuracy.mean": 0.7662666666666667, "MIN:accuracy.max": 0.9466666666666667, "MAX:accuracy.max": 0.96, "MIN:kappa.min": -2.220446049250313e-16, "MAX:kappa.min": 0.15000000000000002, "MIN:kappa.mean": 0.5784, "MAX:kappa.mean": 0.6493999999999999, "MIN:kappa.max": 0.92, "MAX:kappa.max": 0.9400000000000001}