{"MIN:log_loss.min": 0.22254322539039867, "MAX:log_loss.min": 0.314918461187014, "MIN:log_loss.mean": 0.5851945927222894, "MAX:log_loss.mean": 0.6629520032474574, "MIN:log_loss.max": 1.0951398603680482, "MAX:log_loss.max": 1.4408273963935843, "MIN:accuracy.min": 0.3466666666666667, "MAX:accuracy.min": 0.6333333333333333, "MIN:accuracy.mean": 0.7589333333333331, "MAX:accuracy.mean": 0.8142666666666666, "MIN:accuracy.max": 0.96, "MAX:accuracy.max": 0.96, "MIN:kappa.min": 0.020000000000000018, "MAX:kappa.min": 0.44999999999999996, "MIN:kappa.mean": 0.6384, "MAX:kappa.mean": 0.7214, "MIN:kappa.max": 0.9400000000000001, "MAX:kappa.max": 0.9400000000000001}