{"MIN:log_loss.min": 0.12732527404320323, "MAX:log_loss.min": 0.20148975246843404, "MIN:log_loss.mean": 0.5265725854600556, "MAX:log_loss.mean": 0.5691558639214986, "MIN:log_loss.max": 1.095426221318742, "MAX:log_loss.max": 1.1005967969933714, "MIN:accuracy.min": 0.04, "MAX:accuracy.min": 0.6666666666666666, "MIN:accuracy.mean": 0.7425999999999998, "MAX:accuracy.mean": 0.8400666666666666, "MIN:accuracy.max": 0.96, "MAX:accuracy.max": 0.96, "MIN:kappa.min": -0.43999999999999995, "MAX:kappa.min": 0.5, "MIN:kappa.mean": 0.6138999999999999, "MAX:kappa.mean": 0.7601, "MIN:kappa.max": 0.94, "MAX:kappa.max": 0.9400000000000001}