{"MIN:log_loss.min": 0.3166683622093201, "MAX:log_loss.min": 0.8192814910547148, "MIN:log_loss.mean": 0.5363280302035283, "MAX:log_loss.mean": 0.882271350765524, "MIN:log_loss.max": 1.0819650466014168, "MAX:log_loss.max": 1.1762681358975529, "MIN:accuracy.min": 0.3333333333333333, "MAX:accuracy.min": 0.6666666666666666, "MIN:accuracy.mean": 0.8541333333333334, "MAX:accuracy.mean": 0.8967999999999998, "MIN:accuracy.max": 0.9466666666666667, "MAX:accuracy.max": 0.9733333333333334, "MIN:kappa.min": 0.0, "MAX:kappa.min": 0.5, "MIN:kappa.mean": 0.7811999999999999, "MAX:kappa.mean": 0.8452, "MIN:kappa.max": 0.92, "MAX:kappa.max": 0.96}