{"MIN:log_loss.min": 0.6941480056224452, "MAX:log_loss.min": 0.8518404062997634, "MIN:log_loss.mean": 0.8764507733536147, "MAX:log_loss.mean": 1.030120968113883, "MIN:log_loss.max": 1.0983188976433416, "MAX:log_loss.max": 1.4640098884672792, "MIN:accuracy.min": 0.3933333333333333, "MAX:accuracy.min": 0.66, "MIN:accuracy.mean": 0.6543333333333332, "MAX:accuracy.mean": 0.7106000000000001, "MIN:accuracy.max": 0.7666666666666667, "MAX:accuracy.max": 0.9333333333333333, "MIN:kappa.min": 0.08999999999999986, "MAX:kappa.min": 0.49, "MIN:kappa.mean": 0.48150000000000004, "MAX:kappa.mean": 0.5659000000000001, "MIN:kappa.max": 0.65, "MAX:kappa.max": 0.9}