{"MIN:log_loss.min": 0.4543557511277083, "MAX:log_loss.min": 0.6003542637843209, "MIN:log_loss.mean": 0.6316447098411799, "MAX:log_loss.mean": 0.9457004284539215, "MIN:log_loss.max": 1.4586897479852716, "MAX:log_loss.max": 8.630656739246499, "MIN:accuracy.min": 0.3333333333333333, "MAX:accuracy.min": 0.3333333333333333, "MIN:accuracy.mean": 0.7198666666666669, "MAX:accuracy.mean": 0.7790666666666666, "MIN:accuracy.max": 0.9133333333333333, "MAX:accuracy.max": 0.96, "MIN:kappa.min": 0.0, "MAX:kappa.min": 0.0, "MIN:kappa.mean": 0.5798000000000001, "MAX:kappa.mean": 0.6686, "MIN:kappa.max": 0.87, "MAX:kappa.max": 0.9400000000000001}