{"mean accuracy": 0.6666000000000001, "max accuracy": 0.7533333333333333, "mean kappa": 0.49989999999999996, "max kappa": 0.6299999999999999}