{"MIN:log_loss.min": 0.09184071545839823, "MAX:log_loss.min": 0.09184071545839823, "MIN:log_loss.mean": 0.2940106025638084, "MAX:log_loss.mean": 0.2940106025638084, "MIN:log_loss.max": 0.9269316513059619, "MAX:log_loss.max": 0.9269316513059619, "MIN:accuracy.min": 0.6933333333333334, "MAX:accuracy.min": 0.6933333333333334, "MIN:accuracy.mean": 0.9214, "MAX:accuracy.mean": 0.9214, "MIN:accuracy.max": 0.9666666666666667, "MAX:accuracy.max": 0.9666666666666667, "MIN:kappa.min": 0.54, "MAX:kappa.min": 0.54, "MIN:kappa.mean": 0.8820999999999999, "MAX:kappa.mean": 0.8820999999999999, "MIN:kappa.max": 0.95, "MAX:kappa.max": 0.95}