{"MIN:log_loss.min": 0.10577781505638122, "MAX:log_loss.min": 0.10645135200905308, "MIN:log_loss.mean": 0.3837932586161509, "MAX:log_loss.mean": 0.43580365006918775, "MIN:log_loss.max": 1.0976228238262014, "MAX:log_loss.max": 1.100337042826831, "MIN:accuracy.min": 0.17333333333333334, "MAX:accuracy.min": 0.52, "MIN:accuracy.mean": 0.9001333333333333, "MAX:accuracy.mean": 0.9324666666666666, "MIN:accuracy.max": 0.9666666666666667, "MAX:accuracy.max": 0.9666666666666667, "MIN:kappa.min": -0.24, "MAX:kappa.min": 0.28, "MIN:kappa.mean": 0.8502000000000001, "MAX:kappa.mean": 0.8986999999999999, "MIN:kappa.max": 0.95, "MAX:kappa.max": 0.95}