{"MIN:log_loss.min": 0.7021061433588908, "MAX:log_loss.min": 0.7205536908171783, "MIN:log_loss.mean": 0.8906291811760257, "MAX:log_loss.mean": 0.9044312090538543, "MIN:log_loss.max": 1.098605075743497, "MAX:log_loss.max": 1.1944797069359063, "MIN:accuracy.min": 0.3333333333333333, "MAX:accuracy.min": 0.6666666666666666, "MIN:accuracy.mean": 0.8091333333333334, "MAX:accuracy.mean": 0.8092666666666666, "MIN:accuracy.max": 0.96, "MAX:accuracy.max": 0.96, "MIN:kappa.min": 0.0, "MAX:kappa.min": 0.5, "MIN:kappa.mean": 0.7136999999999999, "MAX:kappa.mean": 0.7139, "MIN:kappa.max": 0.94, "MAX:kappa.max": 0.9400000000000001}