{"MIN:log_loss.min": 0.7979221769624061, "MAX:log_loss.min": 0.886721964330751, "MIN:log_loss.mean": 0.9227788225760695, "MAX:log_loss.mean": 1.0158068809800989, "MIN:log_loss.max": 1.60279090230468, "MAX:log_loss.max": 1.9077530130686993, "MIN:accuracy.min": 0.3333333333333333, "MAX:accuracy.min": 0.56, "MIN:accuracy.mean": 0.7244666666666667, "MAX:accuracy.mean": 0.7328, "MIN:accuracy.max": 0.9466666666666667, "MAX:accuracy.max": 0.9666666666666667, "MIN:kappa.min": 0.0, "MAX:kappa.min": 0.33999999999999997, "MIN:kappa.mean": 0.5867, "MAX:kappa.mean": 0.5992000000000001, "MIN:kappa.max": 0.92, "MAX:kappa.max": 0.95}