{"MIN:log_loss.min": 0.4743647487817951, "MAX:log_loss.min": 0.7592010079454775, "MIN:log_loss.mean": 0.6910857190270667, "MAX:log_loss.mean": 0.9931674469019824, "MIN:log_loss.max": 1.2321667545285808, "MAX:log_loss.max": 2.4264540738139377, "MIN:accuracy.min": 0.12666666666666668, "MAX:accuracy.min": 0.3466666666666667, "MIN:accuracy.mean": 0.6623333333333333, "MAX:accuracy.mean": 0.7796000000000001, "MIN:accuracy.max": 0.9533333333333334, "MAX:accuracy.max": 0.96, "MIN:kappa.min": -0.31000000000000005, "MAX:kappa.min": 0.020000000000000018, "MIN:kappa.mean": 0.49349999999999994, "MAX:kappa.mean": 0.6694, "MIN:kappa.max": 0.9299999999999999, "MAX:kappa.max": 0.9400000000000001}