{"MIN:log_loss.min": 0.13000599941581933, "MAX:log_loss.min": 0.14746247383719896, "MIN:log_loss.mean": 0.5201819866512595, "MAX:log_loss.mean": 0.5851364733637507, "MIN:log_loss.max": 1.098476514467661, "MAX:log_loss.max": 1.1014946631471831, "MIN:accuracy.min": 0.12666666666666668, "MAX:accuracy.min": 0.6333333333333333, "MIN:accuracy.mean": 0.8455333333333335, "MAX:accuracy.mean": 0.8575333333333336, "MIN:accuracy.max": 0.9466666666666667, "MAX:accuracy.max": 0.96, "MIN:kappa.min": -0.31000000000000005, "MAX:kappa.min": 0.44999999999999996, "MIN:kappa.mean": 0.7683000000000001, "MAX:kappa.mean": 0.7863000000000001, "MIN:kappa.max": 0.92, "MAX:kappa.max": 0.9400000000000001}