{"MIN:log_loss.min": 0.038744866127264285, "MAX:log_loss.min": 0.0433861366903727, "MIN:log_loss.mean": 0.11171602881803144, "MAX:log_loss.mean": 0.1182531665956022, "MIN:log_loss.max": 0.32652802197716846, "MAX:log_loss.max": 0.41089985904070103, "MIN:accuracy.min": 0.8333333333333334, "MAX:accuracy.min": 0.88, "MIN:accuracy.mean": 0.9547999999999999, "MAX:accuracy.mean": 0.96, "MIN:accuracy.max": 0.9866666666666667, "MAX:accuracy.max": 0.9866666666666667, "MIN:kappa.min": 0.75, "MAX:kappa.min": 0.8200000000000001, "MIN:kappa.mean": 0.9322, "MAX:kappa.mean": 0.9400000000000002, "MIN:kappa.max": 0.98, "MAX:kappa.max": 0.98}