{"MIN:log_loss.min": 0.29496236721830493, "MAX:log_loss.min": 0.29957237046279306, "MIN:log_loss.mean": 0.3263398081169471, "MAX:log_loss.mean": 0.4412451466996823, "MIN:log_loss.max": 0.9537618241996053, "MAX:log_loss.max": 1.6916313507845508, "MIN:accuracy.min": 0.5266666666666666, "MAX:accuracy.min": 0.56, "MIN:accuracy.mean": 0.9252000000000001, "MAX:accuracy.mean": 0.9495999999999999, "MIN:accuracy.max": 0.96, "MAX:accuracy.max": 0.96, "MIN:kappa.min": 0.29000000000000004, "MAX:kappa.min": 0.33999999999999997, "MIN:kappa.mean": 0.8877999999999999, "MAX:kappa.mean": 0.9243999999999997, "MIN:kappa.max": 0.9400000000000001, "MAX:kappa.max": 0.9400000000000001}