{"MIN:log_loss.min": 0.11919318180964164, "MAX:log_loss.min": 0.35102344240603744, "MIN:log_loss.mean": 3.2482546730555684, "MAX:log_loss.mean": 7.0936537238943504, "MIN:log_loss.max": 13.736916803370923, "MAX:log_loss.max": 23.025850929940454, "MIN:accuracy.min": 0.3333333333333333, "MAX:accuracy.min": 0.56, "MIN:accuracy.mean": 0.6226666666666667, "MAX:accuracy.mean": 0.7468, "MIN:accuracy.max": 0.9533333333333334, "MAX:accuracy.max": 0.9666666666666667, "MIN:kappa.min": 0.0, "MAX:kappa.min": 0.33999999999999997, "MIN:kappa.mean": 0.43400000000000005, "MAX:kappa.mean": 0.6202, "MIN:kappa.max": 0.9299999999999999, "MAX:kappa.max": 0.95}