{"MIN:log_loss.min": 0.496808187106541, "MAX:log_loss.min": 0.49920266226726445, "MIN:log_loss.mean": 0.5850995181877631, "MAX:log_loss.mean": 0.6062410009388848, "MIN:log_loss.max": 0.9153781080094533, "MAX:log_loss.max": 0.949242724409584, "MIN:accuracy.min": 0.62, "MAX:accuracy.min": 0.8066666666666666, "MIN:accuracy.mean": 0.9248666666666666, "MAX:accuracy.mean": 0.946, "MIN:accuracy.max": 0.9533333333333334, "MAX:accuracy.max": 0.9533333333333334, "MIN:kappa.min": 0.43000000000000005, "MAX:kappa.min": 0.71, "MIN:kappa.mean": 0.8873000000000001, "MAX:kappa.mean": 0.9190000000000002, "MIN:kappa.max": 0.9299999999999999, "MAX:kappa.max": 0.9299999999999999}