{"mean accuracy": 0.6912000000000004, "max accuracy": 0.9066666666666667, "mean kappa": 0.5367999999999999, "max kappa": 0.8600000000000001}