{"MIN:log_loss.min": 0.7447896244748387, "MAX:log_loss.min": 0.7607578777056015, "MIN:log_loss.mean": 0.8768908963440107, "MAX:log_loss.mean": 0.8810621285765088, "MIN:log_loss.max": 1.0969063573365254, "MAX:log_loss.max": 1.0982280591609637, "MIN:accuracy.min": 0.7266666666666667, "MAX:accuracy.min": 0.8266666666666667, "MIN:accuracy.mean": 0.8092, "MAX:accuracy.mean": 0.8629333333333332, "MIN:accuracy.max": 0.8466666666666667, "MAX:accuracy.max": 0.88, "MIN:kappa.min": 0.5900000000000001, "MAX:kappa.min": 0.74, "MIN:kappa.mean": 0.7137999999999998, "MAX:kappa.mean": 0.7944, "MIN:kappa.max": 0.77, "MAX:kappa.max": 0.8200000000000001}