{"MIN:log_loss.min": 0.3448811574266174, "MAX:log_loss.min": 0.6684329944022562, "MIN:log_loss.mean": 0.8110617646798965, "MAX:log_loss.mean": 1.1238922766241612, "MIN:log_loss.max": 1.097937640474758, "MAX:log_loss.max": 2.378740454110148, "MIN:accuracy.min": 0.3333333333333333, "MAX:accuracy.min": 0.5, "MIN:accuracy.mean": 0.6204666666666666, "MAX:accuracy.mean": 0.6792666666666668, "MIN:accuracy.max": 0.8666666666666667, "MAX:accuracy.max": 0.9066666666666666, "MIN:kappa.min": 0.0, "MAX:kappa.min": 0.25, "MIN:kappa.mean": 0.4307, "MAX:kappa.mean": 0.5189, "MIN:kappa.max": 0.7999999999999999, "MAX:kappa.max": 0.86}