{"MIN:log_loss.min": 0.11568679509111272, "MAX:log_loss.min": 0.16452543031399713, "MIN:log_loss.mean": 0.5658601332282089, "MAX:log_loss.mean": 0.5937617724397216, "MIN:log_loss.max": 1.097845060651535, "MAX:log_loss.max": 1.0978785938928002, "MIN:accuracy.min": 0.30666666666666664, "MAX:accuracy.min": 0.3333333333333333, "MIN:accuracy.mean": 0.7483333333333333, "MAX:accuracy.mean": 0.8094000000000001, "MIN:accuracy.max": 0.96, "MAX:accuracy.max": 0.96, "MIN:kappa.min": -0.040000000000000036, "MAX:kappa.min": 1.1102230246251565e-16, "MIN:kappa.mean": 0.6225, "MAX:kappa.mean": 0.7141, "MIN:kappa.max": 0.9400000000000001, "MAX:kappa.max": 0.9400000000000001}