{"MIN:log_loss.min": 0.08158081759611045, "MAX:log_loss.min": 0.19173235198442257, "MIN:log_loss.mean": 0.5054466789784258, "MAX:log_loss.mean": 0.6148315360249753, "MIN:log_loss.max": 1.0979184996300646, "MAX:log_loss.max": 1.9701304503668606, "MIN:accuracy.min": 0.3333333333333333, "MAX:accuracy.min": 0.38, "MIN:accuracy.mean": 0.7401333333333332, "MAX:accuracy.mean": 0.7624000000000001, "MIN:accuracy.max": 0.9666666666666667, "MAX:accuracy.max": 0.9733333333333334, "MIN:kappa.min": -2.220446049250313e-16, "MAX:kappa.min": 0.06999999999999995, "MIN:kappa.mean": 0.6101999999999999, "MAX:kappa.mean": 0.6436, "MIN:kappa.max": 0.95, "MAX:kappa.max": 0.96}