{"MIN:log_loss.min": 0.45027961876833955, "MAX:log_loss.min": 0.9261069264657582, "MIN:log_loss.mean": 1.0272907128099154, "MAX:log_loss.mean": 5.406251130121507, "MIN:log_loss.max": 1.195328137252762, "MAX:log_loss.max": 12.775433703450872, "MIN:accuracy.min": 0.3333333333333333, "MAX:accuracy.min": 0.3333333333333333, "MIN:accuracy.mean": 0.6082, "MAX:accuracy.mean": 0.6240666666666668, "MIN:accuracy.max": 0.6666666666666666, "MAX:accuracy.max": 0.96, "MIN:kappa.min": 0.0, "MAX:kappa.min": 0.0, "MIN:kappa.mean": 0.41230000000000006, "MAX:kappa.mean": 0.43610000000000004, "MIN:kappa.max": 0.5, "MAX:kappa.max": 0.9400000000000001}