{"MIN:log_loss.min": 0.26470659986825124, "MAX:log_loss.min": 0.43274337006676195, "MIN:log_loss.mean": 2.7558078153654257, "MAX:log_loss.mean": 6.280790646705283, "MIN:log_loss.max": 13.111258518486279, "MAX:log_loss.max": 23.025850929940454, "MIN:accuracy.min": 0.3333333333333333, "MAX:accuracy.min": 0.3466666666666667, "MIN:accuracy.mean": 0.6149333333333333, "MAX:accuracy.mean": 0.6888000000000001, "MIN:accuracy.max": 0.9533333333333334, "MAX:accuracy.max": 0.96, "MIN:kappa.min": -2.220446049250313e-16, "MAX:kappa.min": 0.020000000000000018, "MIN:kappa.mean": 0.42239999999999994, "MAX:kappa.mean": 0.5332, "MIN:kappa.max": 0.9299999999999999, "MAX:kappa.max": 0.9400000000000001}