{"MAX:log_loss.min": 0.9213378710652552, "ARGMAX:log_loss.min": [9, 437144], "MIN:log_loss.min": 0.914239068500226, "ARGMIN:log_loss.min": [2, 457086], "MEAN:log_loss.min": 0.9170817215551837, "MAX:log_loss.mean": 1.134567333399424, "ARGMAX:log_loss.mean": [9, 437144], "MIN:log_loss.mean": 1.1233088488988165, "ARGMIN:log_loss.mean": [2, 457086], "MEAN:log_loss.mean": 1.1290707612326465, "MAX:log_loss.max": 1.988300465206027, "ARGMAX:log_loss.max": [6, 439376], "MIN:log_loss.max": 1.980348295725647, "ARGMIN:log_loss.max": [2, 457086], "MEAN:log_loss.max": 1.9849471889579686, "MAX:accuracy.min": 0.3859, "ARGMAX:accuracy.min": [7, 446560], "MIN:accuracy.min": 0.3674, "ARGMIN:accuracy.min": [8, 437067], "MEAN:accuracy.min": 0.37234, "MAX:accuracy.mean": 0.712932, "ARGMAX:accuracy.mean": [0, 437976], "MIN:accuracy.mean": 0.7046430000000001, "ARGMIN:accuracy.mean": [9, 437144], "MEAN:accuracy.mean": 0.7087557999999999, "MAX:accuracy.max": 0.7467, "ARGMAX:accuracy.max": [0, 437976], "MIN:accuracy.max": 0.7375, "ARGMIN:accuracy.max": [9, 437144], "MEAN:accuracy.max": 0.7403099999999999, "MAX:kappa.min": 0.3196494651465428, "ARGMAX:kappa.min": [7, 446560], "MIN:kappa.min": 0.29934968885521873, "ARGMIN:kappa.min": [8, 437067], "MEAN:kappa.min": 0.30477751316866597, "MAX:kappa.mean": 0.6807930082026944, "ARGMAX:kappa.mean": [0, 437976], "MIN:kappa.mean": 0.6715487381376188, "ARGMIN:kappa.mean": [9, 437144], "MEAN:kappa.mean": 0.6761376316683452, "MAX:kappa.max": 0.7183558103668878, "ARGMAX:kappa.max": [0, 437976], "MIN:kappa.max": 0.7080736194070255, "ARGMIN:kappa.max": [9, 437144], "MEAN:kappa.max": 0.7112218276130052}