{"MIN:log_loss.min": 0.32134529697421915, "MAX:log_loss.min": 0.8279221859641006, "MIN:log_loss.mean": 0.6974879760103299, "MAX:log_loss.mean": 0.9745353077354659, "MIN:log_loss.max": 1.188724947810869, "MAX:log_loss.max": 1.2178143431627046, "MIN:accuracy.min": 0.3333333333333333, "MAX:accuracy.min": 0.6066666666666667, "MIN:accuracy.mean": 0.6546666666666667, "MAX:accuracy.mean": 0.6831333333333334, "MIN:accuracy.max": 0.8933333333333333, "MAX:accuracy.max": 0.9533333333333334, "MIN:kappa.min": 0.0, "MAX:kappa.min": 0.41000000000000003, "MIN:kappa.mean": 0.48200000000000004, "MAX:kappa.mean": 0.5247, "MIN:kappa.max": 0.84, "MAX:kappa.max": 0.9299999999999999}