{"mean accuracy": 0.6333333333333333, "max accuracy": 0.96, "mean kappa": 0.44999999999999984, "max kappa": 0.94}