{"MIN:log_loss.min": 0.47616156054353115, "MAX:log_loss.min": 0.7276390135770928, "MIN:log_loss.mean": 0.7586969712451984, "MAX:log_loss.mean": 1.09149098161485, "MIN:log_loss.max": 1.0980949400508804, "MAX:log_loss.max": 1.858191825257182, "MIN:accuracy.min": 0.3333333333333333, "MAX:accuracy.min": 0.66, "MIN:accuracy.mean": 0.6456000000000001, "MAX:accuracy.mean": 0.6866666666666669, "MIN:accuracy.max": 0.66, "MAX:accuracy.max": 0.96, "MIN:kappa.min": 0.0, "MAX:kappa.min": 0.49, "MIN:kappa.mean": 0.46840000000000015, "MAX:kappa.mean": 0.53, "MIN:kappa.max": 0.49, "MAX:kappa.max": 0.9400000000000001}