{"MIN:log_loss.min": 0.18854162515133557, "MAX:log_loss.min": 0.1891597105646216, "MIN:log_loss.mean": 0.3829094430120179, "MAX:log_loss.mean": 0.38563666770269284, "MIN:log_loss.max": 1.0445275128307903, "MAX:log_loss.max": 1.0464166810998072, "MIN:accuracy.min": 0.6333333333333333, "MAX:accuracy.min": 0.64, "MIN:accuracy.mean": 0.8439333333333333, "MAX:accuracy.mean": 0.8469999999999999, "MIN:accuracy.max": 0.94, "MAX:accuracy.max": 0.94, "MIN:kappa.min": 0.44999999999999996, "MAX:kappa.min": 0.45999999999999996, "MIN:kappa.mean": 0.7659000000000001, "MAX:kappa.mean": 0.7705, "MIN:kappa.max": 0.91, "MAX:kappa.max": 0.91}