{"MIN:log_loss.min": 0.38423729002423623, "MAX:log_loss.min": 0.42691135835480454, "MIN:log_loss.mean": 0.6424296410681909, "MAX:log_loss.mean": 0.698348141176957, "MIN:log_loss.max": 1.0015320551342506, "MAX:log_loss.max": 1.4586524589578835, "MIN:accuracy.min": 0.3333333333333333, "MAX:accuracy.min": 0.43333333333333335, "MIN:accuracy.mean": 0.7362000000000001, "MAX:accuracy.mean": 0.7973999999999998, "MIN:accuracy.max": 0.96, "MAX:accuracy.max": 0.96, "MIN:kappa.min": -2.220446049250313e-16, "MAX:kappa.min": 0.15000000000000002, "MIN:kappa.mean": 0.6043, "MAX:kappa.mean": 0.6960999999999999, "MIN:kappa.max": 0.94, "MAX:kappa.max": 0.9400000000000001}