{"MIN:log_loss.min": 0.20583218126596986, "MAX:log_loss.min": 0.638689938787974, "MIN:log_loss.mean": 0.6494873111639825, "MAX:log_loss.mean": 0.8650968759383892, "MIN:log_loss.max": 1.094209492166366, "MAX:log_loss.max": 2.5108106998552544, "MIN:accuracy.min": 0.3333333333333333, "MAX:accuracy.min": 0.6266666666666667, "MIN:accuracy.mean": 0.6582666666666666, "MAX:accuracy.mean": 0.7468666666666668, "MIN:accuracy.max": 0.88, "MAX:accuracy.max": 0.96, "MIN:kappa.min": 0.0, "MAX:kappa.min": 0.43999999999999995, "MIN:kappa.mean": 0.4873999999999999, "MAX:kappa.mean": 0.6202999999999999, "MIN:kappa.max": 0.8200000000000001, "MAX:kappa.max": 0.94}