{"MIN:log_loss.min": 0.13621928991788398, "MAX:log_loss.min": 0.3132708721305208, "MIN:log_loss.mean": 0.5712078862658675, "MAX:log_loss.mean": 0.7152371845811372, "MIN:log_loss.max": 1.0984624938897707, "MAX:log_loss.max": 1.874410457322762, "MIN:accuracy.min": 0.4866666666666667, "MAX:accuracy.min": 0.7666666666666667, "MIN:accuracy.mean": 0.8090666666666667, "MAX:accuracy.mean": 0.8615333333333334, "MIN:accuracy.max": 0.9533333333333334, "MAX:accuracy.max": 0.96, "MIN:kappa.min": 0.22999999999999998, "MAX:kappa.min": 0.65, "MIN:kappa.mean": 0.7135999999999999, "MAX:kappa.mean": 0.7923000000000002, "MIN:kappa.max": 0.9299999999999999, "MAX:kappa.max": 0.9400000000000001}