{"MIN:log_loss.min": 0.22892419181982887, "MAX:log_loss.min": 0.26509082593151134, "MIN:log_loss.mean": 0.8627873228074752, "MAX:log_loss.mean": 2.656299889349671, "MIN:log_loss.max": 1.4296013660036473, "MAX:log_loss.max": 4.428122057843095, "MIN:accuracy.min": 0.3333333333333333, "MAX:accuracy.min": 0.3333333333333333, "MIN:accuracy.mean": 0.4411333333333333, "MAX:accuracy.mean": 0.5592666666666666, "MIN:accuracy.max": 0.94, "MAX:accuracy.max": 0.96, "MIN:kappa.min": -2.220446049250313e-16, "MAX:kappa.min": 0.0, "MIN:kappa.mean": 0.16169999999999998, "MAX:kappa.mean": 0.3389, "MIN:kappa.max": 0.91, "MAX:kappa.max": 0.94}