{"MIN:log_loss.min": 0.4495564373034558, "MAX:log_loss.min": 0.5628317353708638, "MIN:log_loss.mean": 0.7509199899708336, "MAX:log_loss.mean": 0.7592147159382283, "MIN:log_loss.max": 0.9953067226254844, "MAX:log_loss.max": 0.9977275867662113, "MIN:accuracy.min": 0.5666666666666667, "MAX:accuracy.min": 0.66, "MIN:accuracy.mean": 0.8083333333333331, "MAX:accuracy.mean": 0.8608666666666666, "MIN:accuracy.max": 0.9533333333333334, "MAX:accuracy.max": 0.96, "MIN:kappa.min": 0.35, "MAX:kappa.min": 0.49, "MIN:kappa.mean": 0.7125, "MAX:kappa.mean": 0.7913, "MIN:kappa.max": 0.9299999999999999, "MAX:kappa.max": 0.9400000000000001}