{"MIN:log_loss.min": 0.7965742311580074, "MAX:log_loss.min": 1.0632976814300408, "MIN:log_loss.mean": 0.8872733106213585, "MAX:log_loss.mean": 1.0991354137509421, "MIN:log_loss.max": 1.124067584234829, "MAX:log_loss.max": 1.6160813821689004, "MIN:accuracy.min": 0.44666666666666666, "MAX:accuracy.min": 0.6666666666666666, "MIN:accuracy.mean": 0.6469333333333335, "MAX:accuracy.mean": 0.6666666666666669, "MIN:accuracy.max": 0.6666666666666666, "MAX:accuracy.max": 0.6666666666666666, "MIN:kappa.min": 0.17000000000000004, "MAX:kappa.min": 0.5, "MIN:kappa.mean": 0.47040000000000004, "MAX:kappa.mean": 0.5, "MIN:kappa.max": 0.5, "MAX:kappa.max": 0.5}