{"MIN:log_loss.min": 0.5682491581343799, "MAX:log_loss.min": 1.0401730128164282, "MIN:log_loss.mean": 0.7998990496035369, "MAX:log_loss.mean": 2.355076853972729, "MIN:log_loss.max": 1.0690297205577568, "MAX:log_loss.max": 3.9720932877664126, "MIN:accuracy.min": 0.3333333333333333, "MAX:accuracy.min": 0.6666666666666666, "MIN:accuracy.mean": 0.3711333333333334, "MAX:accuracy.mean": 0.6666666666666669, "MIN:accuracy.max": 0.6666666666666666, "MAX:accuracy.max": 0.6666666666666666, "MIN:kappa.min": -2.220446049250313e-16, "MAX:kappa.min": 0.5, "MIN:kappa.mean": 0.0567, "MAX:kappa.mean": 0.5, "MIN:kappa.max": 0.5, "MAX:kappa.max": 0.5}