{"MIN:log_loss.min": 0.1689301378043726, "MAX:log_loss.min": 0.6599588383062147, "MIN:log_loss.mean": 0.7558327767798184, "MAX:log_loss.mean": 6.115886777428454, "MIN:log_loss.max": 1.0986083991880666, "MAX:log_loss.max": 12.782166650753034, "MIN:accuracy.min": 0.20666666666666667, "MAX:accuracy.min": 0.62, "MIN:accuracy.mean": 0.5740666666666666, "MAX:accuracy.mean": 0.7041333333333334, "MIN:accuracy.max": 0.9066666666666666, "MAX:accuracy.max": 0.96, "MIN:kappa.min": -0.18999999999999995, "MAX:kappa.min": 0.43000000000000005, "MIN:kappa.mean": 0.3611, "MAX:kappa.mean": 0.5562, "MIN:kappa.max": 0.86, "MAX:kappa.max": 0.9400000000000001}