{"MIN:log_loss.min": 0.28330463260293404, "MAX:log_loss.min": 0.7185541028372147, "MIN:log_loss.mean": 0.6861481327977644, "MAX:log_loss.mean": 0.8741058419980959, "MIN:log_loss.max": 0.9507787734118771, "MAX:log_loss.max": 1.2012710256709822, "MIN:accuracy.min": 0.3333333333333333, "MAX:accuracy.min": 0.6333333333333333, "MIN:accuracy.mean": 0.6357333333333333, "MAX:accuracy.mean": 0.7009333333333332, "MIN:accuracy.max": 0.9066666666666666, "MAX:accuracy.max": 0.96, "MIN:kappa.min": -2.220446049250313e-16, "MAX:kappa.min": 0.44999999999999996, "MIN:kappa.mean": 0.45360000000000006, "MAX:kappa.mean": 0.5514000000000001, "MIN:kappa.max": 0.86, "MAX:kappa.max": 0.9400000000000001}