{"MIN:log_loss.min": 0.06495115317600152, "MAX:log_loss.min": 0.10688737248698894, "MIN:log_loss.mean": 0.2749680787586589, "MAX:log_loss.mean": 0.35018522080057785, "MIN:log_loss.max": 1.1932279737518463, "MAX:log_loss.max": 3.7650049443358324, "MIN:accuracy.min": 0.4266666666666667, "MAX:accuracy.min": 0.6, "MIN:accuracy.mean": 0.9350666666666666, "MAX:accuracy.mean": 0.9473999999999998, "MIN:accuracy.max": 0.9733333333333334, "MAX:accuracy.max": 0.98, "MIN:kappa.min": 0.14, "MAX:kappa.min": 0.4, "MIN:kappa.mean": 0.9025999999999997, "MAX:kappa.mean": 0.9210999999999997, "MIN:kappa.max": 0.96, "MAX:kappa.max": 0.97}