{"mean accuracy": 0.9502666666666668, "max accuracy": 0.96, "mean kappa": 0.9253999999999998, "max kappa": 0.94}