{"MIN:log_loss.min": 0.518848879435687, "MAX:log_loss.min": 0.5788756876946167, "MIN:log_loss.mean": 0.6123762640913489, "MAX:log_loss.mean": 0.6410214397913372, "MIN:log_loss.max": 0.9683653483287816, "MAX:log_loss.max": 2.1549301960309784, "MIN:accuracy.min": 0.34, "MAX:accuracy.min": 0.4066666666666667, "MIN:accuracy.mean": 0.7964666666666667, "MAX:accuracy.mean": 0.8316, "MIN:accuracy.max": 0.9333333333333333, "MAX:accuracy.max": 0.96, "MIN:kappa.min": 0.010000000000000009, "MAX:kappa.min": 0.10999999999999999, "MIN:kappa.mean": 0.6947000000000001, "MAX:kappa.mean": 0.7474, "MIN:kappa.max": 0.9, "MAX:kappa.max": 0.94}