{"MIN:log_loss.min": 0.20305554318832647, "MAX:log_loss.min": 0.25506616456264436, "MIN:log_loss.mean": 0.5784574120898971, "MAX:log_loss.mean": 0.6794223494091277, "MIN:log_loss.max": 1.0985705186797665, "MAX:log_loss.max": 1.0985705202545744, "MIN:accuracy.min": 0.66, "MAX:accuracy.min": 0.7133333333333334, "MIN:accuracy.mean": 0.8288000000000001, "MAX:accuracy.mean": 0.8595333333333334, "MIN:accuracy.max": 0.9466666666666667, "MAX:accuracy.max": 0.96, "MIN:kappa.min": 0.49, "MAX:kappa.min": 0.5700000000000001, "MIN:kappa.mean": 0.7432000000000001, "MAX:kappa.mean": 0.7892999999999999, "MIN:kappa.max": 0.92, "MAX:kappa.max": 0.9400000000000001}