{"MIN:log_loss.min": 0.3050798909648876, "MAX:log_loss.min": 0.697252711142148, "MIN:log_loss.mean": 0.7058870624329484, "MAX:log_loss.mean": 4.794181611546409, "MIN:log_loss.max": 1.0984537392223868, "MAX:log_loss.max": 11.512926140887885, "MIN:accuracy.min": 0.62, "MAX:accuracy.min": 0.6666666666666666, "MIN:accuracy.mean": 0.6827333333333334, "MAX:accuracy.mean": 0.7529333333333333, "MIN:accuracy.max": 0.7733333333333333, "MAX:accuracy.max": 0.9266666666666666, "MIN:kappa.min": 0.43000000000000005, "MAX:kappa.min": 0.5, "MIN:kappa.mean": 0.5241, "MAX:kappa.mean": 0.6294000000000001, "MIN:kappa.max": 0.6599999999999999, "MAX:kappa.max": 0.89}