{"MIN:log_loss.min": 0.6860560257037545, "MAX:log_loss.min": 0.9443194759312752, "MIN:log_loss.mean": 1.0190116051283866, "MAX:log_loss.mean": 1.067147349082199, "MIN:log_loss.max": 1.098511276535082, "MAX:log_loss.max": 1.3205071021130979, "MIN:accuracy.min": 0.2, "MAX:accuracy.min": 0.6333333333333333, "MIN:accuracy.mean": 0.6092666666666665, "MAX:accuracy.mean": 0.6576000000000001, "MIN:accuracy.max": 0.64, "MAX:accuracy.max": 0.9466666666666667, "MIN:kappa.min": -0.19999999999999996, "MAX:kappa.min": 0.44999999999999996, "MIN:kappa.mean": 0.4139, "MAX:kappa.mean": 0.48639999999999994, "MIN:kappa.max": 0.45999999999999996, "MAX:kappa.max": 0.92}