{"MIN:log_loss.min": 0.09542465486176006, "MAX:log_loss.min": 0.12136622595594335, "MIN:log_loss.mean": 0.39814596955504167, "MAX:log_loss.mean": 0.4337717848493923, "MIN:log_loss.max": 0.9673900300207072, "MAX:log_loss.max": 0.9734956483351169, "MIN:accuracy.min": 0.6666666666666666, "MAX:accuracy.min": 0.7, "MIN:accuracy.mean": 0.8915333333333334, "MAX:accuracy.mean": 0.9205333333333333, "MIN:accuracy.max": 0.9533333333333334, "MAX:accuracy.max": 0.9666666666666667, "MIN:kappa.min": 0.5, "MAX:kappa.min": 0.55, "MIN:kappa.mean": 0.8373000000000002, "MAX:kappa.mean": 0.8808000000000001, "MIN:kappa.max": 0.9299999999999999, "MAX:kappa.max": 0.95}