{"MIN:log_loss.min": 0.06151110933285223, "MAX:log_loss.min": 0.10019081678458264, "MIN:log_loss.mean": 0.4921742389906878, "MAX:log_loss.mean": 1.5262717344045875, "MIN:log_loss.max": 10.23587240168788, "MAX:log_loss.max": 23.025850929940454, "MIN:accuracy.min": 0.3333333333333333, "MAX:accuracy.min": 0.64, "MIN:accuracy.mean": 0.8416000000000001, "MAX:accuracy.mean": 0.8901333333333332, "MIN:accuracy.max": 0.96, "MAX:accuracy.max": 0.98, "MIN:kappa.min": -2.220446049250313e-16, "MAX:kappa.min": 0.45999999999999996, "MIN:kappa.mean": 0.7624, "MAX:kappa.mean": 0.8351999999999997, "MIN:kappa.max": 0.94, "MAX:kappa.max": 0.97}