{"MIN:log_loss.min": 0.2657047675194857, "MAX:log_loss.min": 0.7511939466030552, "MIN:log_loss.mean": 0.9510927183821274, "MAX:log_loss.mean": 1.993199453594277, "MIN:log_loss.max": 1.2164238828388838, "MAX:log_loss.max": 8.16336111358102, "MIN:accuracy.min": 0.3333333333333333, "MAX:accuracy.min": 0.3333333333333333, "MIN:accuracy.mean": 0.5042666666666666, "MAX:accuracy.mean": 0.5844, "MIN:accuracy.max": 0.6666666666666666, "MAX:accuracy.max": 0.96, "MIN:kappa.min": -2.220446049250313e-16, "MAX:kappa.min": 0.0, "MIN:kappa.mean": 0.2564, "MAX:kappa.mean": 0.3766, "MIN:kappa.max": 0.5, "MAX:kappa.max": 0.9400000000000001}