{"MIN:log_loss.min": 0.24669736818245422, "MAX:log_loss.min": 0.8453576220483637, "MIN:log_loss.mean": 1.1172388992586995, "MAX:log_loss.mean": 1.8096828058152021, "MIN:log_loss.max": 1.2363087662177459, "MAX:log_loss.max": 3.716996310253994, "MIN:accuracy.min": 0.3333333333333333, "MAX:accuracy.min": 0.35333333333333333, "MIN:accuracy.mean": 0.3991333333333334, "MAX:accuracy.mean": 0.5667333333333333, "MIN:accuracy.max": 0.9066666666666666, "MAX:accuracy.max": 0.9666666666666667, "MIN:kappa.min": -2.220446049250313e-16, "MAX:kappa.min": 0.030000000000000027, "MIN:kappa.mean": 0.09870000000000005, "MAX:kappa.mean": 0.35009999999999997, "MIN:kappa.max": 0.86, "MAX:kappa.max": 0.95}