{"MIN:log_loss.min": 0.35089766590927346, "MAX:log_loss.min": 0.3716905578048187, "MIN:log_loss.mean": 0.6292921010999036, "MAX:log_loss.mean": 0.6316715264069749, "MIN:log_loss.max": 0.9988935757101515, "MAX:log_loss.max": 1.045294231949275, "MIN:accuracy.min": 0.3333333333333333, "MAX:accuracy.min": 0.3333333333333333, "MIN:accuracy.mean": 0.7897333333333333, "MAX:accuracy.mean": 0.7907333333333333, "MIN:accuracy.max": 0.96, "MAX:accuracy.max": 0.96, "MIN:kappa.min": 0.0, "MAX:kappa.min": 0.0, "MIN:kappa.mean": 0.6846000000000001, "MAX:kappa.mean": 0.6861000000000002, "MIN:kappa.max": 0.9400000000000001, "MAX:kappa.max": 0.9400000000000001}