{"MIN:log_loss.min": 0.3726008624180041, "MAX:log_loss.min": 0.5585147347469417, "MIN:log_loss.mean": 0.8252376748577044, "MAX:log_loss.mean": 3.8883734100496135, "MIN:log_loss.max": 3.771360924769034, "MAX:log_loss.max": 14.515164548996681, "MIN:accuracy.min": 0.3333333333333333, "MAX:accuracy.min": 0.36666666666666664, "MIN:accuracy.mean": 0.6996000000000001, "MAX:accuracy.mean": 0.7148666666666667, "MIN:accuracy.max": 0.8733333333333333, "MAX:accuracy.max": 0.9466666666666667, "MIN:kappa.min": 0.0, "MAX:kappa.min": 0.050000000000000044, "MIN:kappa.mean": 0.5494, "MAX:kappa.mean": 0.5723, "MIN:kappa.max": 0.81, "MAX:kappa.max": 0.92}