{"MAX:log_loss.min": 1.10127600954575, "ARGMAX:log_loss.min": [9, 440735], "MIN:log_loss.min": 1.0356877934517834, "ARGMIN:log_loss.min": [1, 452152], "MEAN:log_loss.min": 1.053566107038784, "MAX:log_loss.mean": 1.761884970931057, "ARGMAX:log_loss.mean": [2, 427292], "MIN:log_loss.mean": 1.7295796385495068, "ARGMIN:log_loss.mean": [3, 442571], "MEAN:log_loss.mean": 1.7454870042520785, "MAX:log_loss.max": 2.4199806268030217, "ARGMAX:log_loss.max": [9, 440735], "MIN:log_loss.max": 2.407801795946556, "ARGMIN:log_loss.max": [5, 422784], "MEAN:log_loss.max": 2.412973187165579, "MAX:accuracy.min": 0.2134, "ARGMAX:accuracy.min": [0, 451916], "MIN:accuracy.min": 0.204, "ARGMIN:accuracy.min": [5, 422784], "MEAN:accuracy.min": 0.2113, "MAX:accuracy.mean": 0.46839800000000004, "ARGMAX:accuracy.mean": [0, 451916], "MIN:accuracy.mean": 0.46024299999999996, "ARGMIN:accuracy.mean": [9, 440735], "MEAN:accuracy.mean": 0.4643244, "MAX:accuracy.max": 0.7033, "ARGMAX:accuracy.max": [6, 442650], "MIN:accuracy.max": 0.6677, "ARGMIN:accuracy.max": [9, 440735], "MEAN:accuracy.max": 0.6937599999999999, "MAX:kappa.min": 0.12066867278518512, "ARGMAX:kappa.min": [0, 451916], "MIN:kappa.min": 0.10949795497212222, "ARGMIN:kappa.min": [5, 422784], "MEAN:kappa.min": 0.11894700998841468, "MAX:kappa.mean": 0.40975540351653683, "ARGMAX:kappa.mean": [0, 451916], "MIN:kappa.mean": 0.4009097293794636, "ARGMIN:kappa.mean": [9, 440735], "MEAN:kappa.mean": 0.4054131037318592, "MAX:kappa.max": 0.6701201099684133, "ARGMAX:kappa.max": [6, 442650], "MIN:kappa.max": 0.6305464793486544, "ARGMIN:kappa.max": [9, 440735], "MEAN:kappa.max": 0.6595117493722127}