{"MIN:log_loss.min": 0.38962310985877774, "MAX:log_loss.min": 0.5320431575172313, "MIN:log_loss.mean": 0.6214098807257047, "MAX:log_loss.mean": 0.6785682682739982, "MIN:log_loss.max": 1.0000242213299957, "MAX:log_loss.max": 1.3593875190649658, "MIN:accuracy.min": 0.3333333333333333, "MAX:accuracy.min": 0.44666666666666666, "MIN:accuracy.mean": 0.8452666666666667, "MAX:accuracy.mean": 0.8909333333333334, "MIN:accuracy.max": 0.9533333333333334, "MAX:accuracy.max": 0.96, "MIN:kappa.min": 0.0, "MAX:kappa.min": 0.17000000000000004, "MIN:kappa.mean": 0.7679, "MAX:kappa.mean": 0.8364000000000001, "MIN:kappa.max": 0.9299999999999999, "MAX:kappa.max": 0.9400000000000001}