{"MIN:log_loss.min": 0.2503939824648041, "MAX:log_loss.min": 0.35443688940153933, "MIN:log_loss.mean": 0.6423029346509965, "MAX:log_loss.mean": 0.6749565848903378, "MIN:log_loss.max": 1.0458306209430983, "MAX:log_loss.max": 1.098199191302643, "MIN:accuracy.min": 0.66, "MAX:accuracy.min": 0.8133333333333334, "MIN:accuracy.mean": 0.8006666666666667, "MAX:accuracy.mean": 0.8336000000000001, "MIN:accuracy.max": 0.82, "MAX:accuracy.max": 0.96, "MIN:kappa.min": 0.49, "MAX:kappa.min": 0.72, "MIN:kappa.mean": 0.7009999999999998, "MAX:kappa.mean": 0.7504000000000001, "MIN:kappa.max": 0.73, "MAX:kappa.max": 0.9400000000000001}