{"MIN:log_loss.min": 0.3140557202617929, "MAX:log_loss.min": 0.8279232531679928, "MIN:log_loss.mean": 0.7078504441904181, "MAX:log_loss.mean": 6.202731113952206, "MIN:log_loss.max": 1.0969408463883246, "MAX:log_loss.max": 13.87279346447465, "MIN:accuracy.min": 0.3333333333333333, "MAX:accuracy.min": 0.62, "MIN:accuracy.mean": 0.6552, "MAX:accuracy.mean": 0.6875333333333336, "MIN:accuracy.max": 0.9, "MAX:accuracy.max": 0.96, "MIN:kappa.min": 1.1102230246251565e-16, "MAX:kappa.min": 0.43000000000000005, "MIN:kappa.mean": 0.4828, "MAX:kappa.mean": 0.5313, "MIN:kappa.max": 0.85, "MAX:kappa.max": 0.9400000000000001}