{"mean accuracy": 0.7267333333333333, "max accuracy": 0.96, "mean kappa": 0.5901000000000001, "max kappa": 0.94}