{"MIN:log_loss.min": 0.6114436286222382, "MAX:log_loss.min": 0.9070272986997509, "MIN:log_loss.mean": 0.9349572507424174, "MAX:log_loss.mean": 6.448490316228642, "MIN:log_loss.max": 1.1788787389073245, "MAX:log_loss.max": 13.93572748302092, "MIN:accuracy.min": 0.3333333333333333, "MAX:accuracy.min": 0.62, "MIN:accuracy.mean": 0.6063333333333334, "MAX:accuracy.mean": 0.6866000000000001, "MIN:accuracy.max": 0.6666666666666666, "MAX:accuracy.max": 0.9466666666666667, "MIN:kappa.min": 0.0, "MAX:kappa.min": 0.43000000000000005, "MIN:kappa.mean": 0.4095, "MAX:kappa.mean": 0.5299, "MIN:kappa.max": 0.5, "MAX:kappa.max": 0.92}