{"MIN:log_loss.min": 0.6955332259525601, "MAX:log_loss.min": 0.7242964939940124, "MIN:log_loss.mean": 0.8644143064431123, "MAX:log_loss.mean": 0.9214153289152955, "MIN:log_loss.max": 1.5397071566639453, "MAX:log_loss.max": 2.2323483138359306, "MIN:accuracy.min": 0.3333333333333333, "MAX:accuracy.min": 0.3333333333333333, "MIN:accuracy.mean": 0.6730666666666667, "MAX:accuracy.mean": 0.7021999999999999, "MIN:accuracy.max": 0.8866666666666667, "MAX:accuracy.max": 0.96, "MIN:kappa.min": 0.0, "MAX:kappa.min": 0.0, "MIN:kappa.mean": 0.5096, "MAX:kappa.mean": 0.5533000000000001, "MIN:kappa.max": 0.83, "MAX:kappa.max": 0.9400000000000001}