{"MIN:log_loss.min": 0.4963157697310723, "MAX:log_loss.min": 0.5767575205252249, "MIN:log_loss.mean": 0.7696615081326048, "MAX:log_loss.mean": 0.839618164756463, "MIN:log_loss.max": 1.0918058911162736, "MAX:log_loss.max": 1.0956465358115572, "MIN:accuracy.min": 0.6533333333333333, "MAX:accuracy.min": 0.6666666666666666, "MIN:accuracy.mean": 0.7586666666666667, "MAX:accuracy.mean": 0.7700666666666668, "MIN:accuracy.max": 0.9533333333333334, "MAX:accuracy.max": 0.96, "MIN:kappa.min": 0.48, "MAX:kappa.min": 0.5, "MIN:kappa.mean": 0.638, "MAX:kappa.mean": 0.6550999999999999, "MIN:kappa.max": 0.9299999999999999, "MAX:kappa.max": 0.9400000000000001}