{"MIN:log_loss.min": 0.13534061638234743, "MAX:log_loss.min": 0.25107993121174793, "MIN:log_loss.mean": 0.38232593438774765, "MAX:log_loss.mean": 0.47894370546466264, "MIN:log_loss.max": 1.049368970784002, "MAX:log_loss.max": 2.4332007855863975, "MIN:accuracy.min": 0.3466666666666667, "MAX:accuracy.min": 0.7133333333333334, "MIN:accuracy.mean": 0.8955333333333332, "MAX:accuracy.mean": 0.9316, "MIN:accuracy.max": 0.96, "MAX:accuracy.max": 0.96, "MIN:kappa.min": 0.020000000000000018, "MAX:kappa.min": 0.5700000000000001, "MIN:kappa.mean": 0.8433000000000002, "MAX:kappa.mean": 0.8973999999999998, "MIN:kappa.max": 0.94, "MAX:kappa.max": 0.9400000000000001}