{"MIN:log_loss.min": 0.47146390153794376, "MAX:log_loss.min": 0.5826270911913638, "MIN:log_loss.mean": 0.785239188426404, "MAX:log_loss.mean": 0.8337868140132343, "MIN:log_loss.max": 1.1894202353244172, "MAX:log_loss.max": 1.2280180521764463, "MIN:accuracy.min": 0.3333333333333333, "MAX:accuracy.min": 0.35333333333333333, "MIN:accuracy.mean": 0.6939333333333332, "MAX:accuracy.mean": 0.7755333333333334, "MIN:accuracy.max": 0.9533333333333334, "MAX:accuracy.max": 0.96, "MIN:kappa.min": 0.0, "MAX:kappa.min": 0.030000000000000027, "MIN:kappa.mean": 0.5409, "MAX:kappa.mean": 0.6633, "MIN:kappa.max": 0.9299999999999999, "MAX:kappa.max": 0.9400000000000001}