{"MIN:log_loss.min": 0.424854250554023, "MAX:log_loss.min": 0.5407540885361879, "MIN:log_loss.mean": 0.6927101802644919, "MAX:log_loss.mean": 0.7284543484698589, "MIN:log_loss.max": 1.212570301412034, "MAX:log_loss.max": 1.2165133389025582, "MIN:accuracy.min": 0.3333333333333333, "MAX:accuracy.min": 0.3333333333333333, "MIN:accuracy.mean": 0.6709333333333334, "MAX:accuracy.mean": 0.7034, "MIN:accuracy.max": 0.88, "MAX:accuracy.max": 0.96, "MIN:kappa.min": 0.0, "MAX:kappa.min": 0.0, "MIN:kappa.mean": 0.5064, "MAX:kappa.mean": 0.5550999999999999, "MIN:kappa.max": 0.8200000000000001, "MAX:kappa.max": 0.9400000000000001}