{"MIN:log_loss.min": 0.5470333437001791, "MAX:log_loss.min": 0.5470333437001791, "MIN:log_loss.mean": 0.7609604425841971, "MAX:log_loss.mean": 0.7609604425841971, "MIN:log_loss.max": 1.1952015430413674, "MAX:log_loss.max": 1.1952015430413674, "MIN:accuracy.min": 0.6533333333333333, "MAX:accuracy.min": 0.6533333333333333, "MIN:accuracy.mean": 0.8115333333333332, "MAX:accuracy.mean": 0.8115333333333332, "MIN:accuracy.max": 0.9533333333333334, "MAX:accuracy.max": 0.9533333333333334, "MIN:kappa.min": 0.48, "MAX:kappa.min": 0.48, "MIN:kappa.mean": 0.7173, "MAX:kappa.mean": 0.7173, "MIN:kappa.max": 0.9299999999999999, "MAX:kappa.max": 0.9299999999999999}