{"MIN:log_loss.min": 0.6078470651622361, "MAX:log_loss.min": 0.9369274767082, "MIN:log_loss.mean": 0.7979249108026818, "MAX:log_loss.mean": 1.5032797224689451, "MIN:log_loss.max": 1.0285203762189066, "MAX:log_loss.max": 1.6973829184510951, "MIN:accuracy.min": 0.3333333333333333, "MAX:accuracy.min": 0.6666666666666666, "MIN:accuracy.mean": 0.4058666666666667, "MAX:accuracy.mean": 0.6666666666666669, "MIN:accuracy.max": 0.6666666666666666, "MAX:accuracy.max": 0.7666666666666667, "MIN:kappa.min": 0.0, "MAX:kappa.min": 0.5, "MIN:kappa.mean": 0.1088, "MAX:kappa.mean": 0.5, "MIN:kappa.max": 0.5, "MAX:kappa.max": 0.65}