{"mean accuracy": 0.9435333333333332, "max accuracy": 0.96, "mean kappa": 0.9152999999999998, "max kappa": 0.94}