{"MIN:log_loss.min": 0.29179295836308194, "MAX:log_loss.min": 0.307605898692352, "MIN:log_loss.mean": 0.4032224281882371, "MAX:log_loss.mean": 0.4295537015158201, "MIN:log_loss.max": 0.9998295180977775, "MAX:log_loss.max": 1.2182404918889211, "MIN:accuracy.min": 0.3333333333333333, "MAX:accuracy.min": 0.6533333333333333, "MIN:accuracy.mean": 0.8235333333333332, "MAX:accuracy.mean": 0.8478666666666664, "MIN:accuracy.max": 0.96, "MAX:accuracy.max": 0.96, "MIN:kappa.min": 0.0, "MAX:kappa.min": 0.48, "MIN:kappa.mean": 0.7353000000000001, "MAX:kappa.mean": 0.7718, "MIN:kappa.max": 0.9400000000000001, "MAX:kappa.max": 0.9400000000000001}