{"MIN:log_loss.min": 0.31761229812473996, "MAX:log_loss.min": 0.4351440775518386, "MIN:log_loss.mean": 0.7850851032497518, "MAX:log_loss.mean": 0.81909897369437, "MIN:log_loss.max": 1.0985351247897142, "MAX:log_loss.max": 1.098535244513723, "MIN:accuracy.min": 0.3333333333333333, "MAX:accuracy.min": 0.3333333333333333, "MIN:accuracy.mean": 0.6176666666666666, "MAX:accuracy.mean": 0.6466666666666667, "MIN:accuracy.max": 0.86, "MAX:accuracy.max": 0.96, "MIN:kappa.min": 0.0, "MAX:kappa.min": 0.0, "MIN:kappa.mean": 0.4265, "MAX:kappa.mean": 0.4700000000000001, "MIN:kappa.max": 0.79, "MAX:kappa.max": 0.9400000000000001}