{"MIN:log_loss.min": 0.1367600315460943, "MAX:log_loss.min": 0.15732515881319117, "MIN:log_loss.mean": 0.5052184455673709, "MAX:log_loss.mean": 0.5384116427857593, "MIN:log_loss.max": 1.0985379030891929, "MAX:log_loss.max": 1.098603209765158, "MIN:accuracy.min": 0.5733333333333334, "MAX:accuracy.min": 0.8933333333333333, "MIN:accuracy.mean": 0.8673999999999998, "MAX:accuracy.mean": 0.9406666666666667, "MIN:accuracy.max": 0.96, "MAX:accuracy.max": 0.96, "MIN:kappa.min": 0.36, "MAX:kappa.min": 0.8400000000000001, "MIN:kappa.mean": 0.8011000000000001, "MAX:kappa.mean": 0.911, "MIN:kappa.max": 0.9400000000000001, "MAX:kappa.max": 0.9400000000000001}