{"mean accuracy": 0.7329999999999999, "max accuracy": 0.98, "mean kappa": 0.5994999999999999, "max kappa": 0.97}