{"MIN:log_loss.min": 0.7515086173285096, "MAX:log_loss.min": 0.8279221859641006, "MIN:log_loss.mean": 0.8689802965345929, "MAX:log_loss.mean": 0.9731598087039898, "MIN:log_loss.max": 1.1887162253843149, "MAX:log_loss.max": 1.1887251610364793, "MIN:accuracy.min": 0.3333333333333333, "MAX:accuracy.min": 0.6066666666666667, "MIN:accuracy.mean": 0.6488, "MAX:accuracy.mean": 0.6908666666666666, "MIN:accuracy.max": 0.9, "MAX:accuracy.max": 0.96, "MIN:kappa.min": 0.0, "MAX:kappa.min": 0.41000000000000003, "MIN:kappa.mean": 0.4732, "MAX:kappa.mean": 0.5363, "MIN:kappa.max": 0.85, "MAX:kappa.max": 0.9400000000000001}