{"mean accuracy": 0.7086666666666666, "max accuracy": 0.9733333333333332, "mean kappa": 0.563, "max kappa": 0.9599999999999997}