{"MIN:log_loss.min": 0.26534553523213483, "MAX:log_loss.min": 0.6779140009430279, "MIN:log_loss.mean": 0.9547199448054442, "MAX:log_loss.mean": 1.0007222325389151, "MIN:log_loss.max": 5.86726299635745, "MAX:log_loss.max": 11.845924827195214, "MIN:accuracy.min": 0.56, "MAX:accuracy.min": 0.56, "MIN:accuracy.mean": 0.7184000000000001, "MAX:accuracy.mean": 0.7494666666666667, "MIN:accuracy.max": 0.9533333333333334, "MAX:accuracy.max": 0.96, "MIN:kappa.min": 0.33999999999999997, "MAX:kappa.min": 0.33999999999999997, "MIN:kappa.mean": 0.5776, "MAX:kappa.mean": 0.6242, "MIN:kappa.max": 0.9299999999999999, "MAX:kappa.max": 0.94}