{"MIN:log_loss.min": 0.7319566507598566, "MAX:log_loss.min": 1.2423080019561445, "MIN:log_loss.mean": 0.9760604992304343, "MAX:log_loss.mean": 2.375697471397271, "MIN:log_loss.max": 4.496899758896717, "MAX:log_loss.max": 7.071590167631443, "MIN:accuracy.min": 0.56, "MAX:accuracy.min": 0.6666666666666666, "MIN:accuracy.mean": 0.6415333333333334, "MAX:accuracy.mean": 0.6666666666666669, "MIN:accuracy.max": 0.6666666666666666, "MAX:accuracy.max": 0.6666666666666666, "MIN:kappa.min": 0.33999999999999997, "MAX:kappa.min": 0.5, "MIN:kappa.mean": 0.46230000000000004, "MAX:kappa.mean": 0.5, "MIN:kappa.max": 0.5, "MAX:kappa.max": 0.5}