{"mean accuracy": 0.3449333333333335, "max accuracy": 0.6666666666666666, "mean kappa": 0.0174, "max kappa": 0.5}