{"MIN:log_loss.min": 0.30234760094333, "MAX:log_loss.min": 0.31620308078802545, "MIN:log_loss.mean": 0.4839864502727253, "MAX:log_loss.mean": 0.5952369854743188, "MIN:log_loss.max": 0.9980938175608601, "MAX:log_loss.max": 2.4679773810435846, "MIN:accuracy.min": 0.58, "MAX:accuracy.min": 0.6666666666666666, "MIN:accuracy.mean": 0.7387333333333335, "MAX:accuracy.mean": 0.7430666666666669, "MIN:accuracy.max": 0.96, "MAX:accuracy.max": 0.96, "MIN:kappa.min": 0.37, "MAX:kappa.min": 0.5, "MIN:kappa.mean": 0.6081, "MAX:kappa.mean": 0.6146, "MIN:kappa.max": 0.9400000000000001, "MAX:kappa.max": 0.9400000000000001}