{"MIN:log_loss.min": 0.126160709068278, "MAX:log_loss.min": 0.18082491562340722, "MIN:log_loss.mean": 0.9394027052587768, "MAX:log_loss.mean": 1.4659119108676903, "MIN:log_loss.max": 9.67085739057499, "MAX:log_loss.max": 16.348354160257724, "MIN:accuracy.min": 0.3333333333333333, "MAX:accuracy.min": 0.35333333333333333, "MIN:accuracy.mean": 0.7519999999999999, "MAX:accuracy.mean": 0.7917333333333333, "MIN:accuracy.max": 0.96, "MAX:accuracy.max": 0.96, "MIN:kappa.min": 0.0, "MAX:kappa.min": 0.030000000000000027, "MIN:kappa.mean": 0.6279999999999999, "MAX:kappa.mean": 0.6876000000000001, "MIN:kappa.max": 0.94, "MAX:kappa.max": 0.9400000000000001}