{"mean accuracy": 0.953466666666667, "max accuracy": 0.96, "mean kappa": 0.9301999999999999, "max kappa": 0.94}