{"MIN:log_loss.min": 0.2881863607490453, "MAX:log_loss.min": 0.38797978609240535, "MIN:log_loss.mean": 0.5099387109185879, "MAX:log_loss.mean": 0.9712858026081227, "MIN:log_loss.max": 0.9642210006588334, "MAX:log_loss.max": 11.95721083216158, "MIN:accuracy.min": 0.24666666666666667, "MAX:accuracy.min": 0.4066666666666667, "MIN:accuracy.mean": 0.6872, "MAX:accuracy.mean": 0.7547333333333331, "MIN:accuracy.max": 0.8466666666666667, "MAX:accuracy.max": 0.96, "MIN:kappa.min": -0.1299999999999999, "MAX:kappa.min": 0.10999999999999999, "MIN:kappa.mean": 0.5308000000000002, "MAX:kappa.mean": 0.6321, "MIN:kappa.max": 0.77, "MAX:kappa.max": 0.94}