{"MIN:log_loss.min": 0.36821193413076664, "MAX:log_loss.min": 0.44399795690952865, "MIN:log_loss.mean": 0.5955007125265661, "MAX:log_loss.mean": 0.8338177733018521, "MIN:log_loss.max": 0.9137984447624622, "MAX:log_loss.max": 3.361154668348929, "MIN:accuracy.min": 0.4066666666666667, "MAX:accuracy.min": 0.66, "MIN:accuracy.mean": 0.7922, "MAX:accuracy.mean": 0.8424, "MIN:accuracy.max": 0.96, "MAX:accuracy.max": 0.96, "MIN:kappa.min": 0.10999999999999999, "MAX:kappa.min": 0.49, "MIN:kappa.mean": 0.6883, "MAX:kappa.mean": 0.7636000000000002, "MIN:kappa.max": 0.9400000000000001, "MAX:kappa.max": 0.9400000000000001}