{"MIN:log_loss.min": 0.543167704517607, "MAX:log_loss.min": 0.5551933079769905, "MIN:log_loss.mean": 0.7804277848917274, "MAX:log_loss.mean": 0.8538252260153872, "MIN:log_loss.max": 1.2096387778154236, "MAX:log_loss.max": 1.2142612625835023, "MIN:accuracy.min": 0.3333333333333333, "MAX:accuracy.min": 0.3333333333333333, "MIN:accuracy.mean": 0.6984666666666665, "MAX:accuracy.mean": 0.7406666666666666, "MIN:accuracy.max": 0.94, "MAX:accuracy.max": 0.96, "MIN:kappa.min": 0.0, "MAX:kappa.min": 0.0, "MIN:kappa.mean": 0.5477000000000001, "MAX:kappa.mean": 0.611, "MIN:kappa.max": 0.91, "MAX:kappa.max": 0.9400000000000001}