{"MAX:log_loss.min": 1.2903164532710736, "ARGMAX:log_loss.min": [9, 413739], "MIN:log_loss.min": 1.1369685261004976, "ARGMIN:log_loss.min": [2, 450038], "MEAN:log_loss.min": 1.1695417567956634, "MAX:log_loss.mean": 2.011628769750298, "ARGMAX:log_loss.mean": [9, 413739], "MIN:log_loss.mean": 1.839539687200461, "ARGMIN:log_loss.mean": [2, 450038], "MEAN:log_loss.mean": 1.8989416306927822, "MAX:log_loss.max": 2.727496191703494, "ARGMAX:log_loss.max": [7, 413845], "MIN:log_loss.max": 2.441877540976571, "ARGMIN:log_loss.max": [5, 449859], "MEAN:log_loss.max": 2.4989955354518334, "MAX:accuracy.min": 0.1135, "ARGMAX:accuracy.min": [0, 449422], "MIN:accuracy.min": 0.1135, "ARGMIN:accuracy.min": [0, 449422], "MEAN:accuracy.min": 0.1135, "MAX:accuracy.mean": 0.42577200000000004, "ARGMAX:accuracy.mean": [0, 449422], "MIN:accuracy.mean": 0.381611, "ARGMIN:accuracy.mean": [9, 413739], "MEAN:accuracy.mean": 0.41284860000000007, "MAX:accuracy.max": 0.6923, "ARGMAX:accuracy.max": [6, 453213], "MIN:accuracy.max": 0.6532, "ARGMIN:accuracy.max": [9, 413739], "MEAN:accuracy.max": 0.68257, "MAX:kappa.min": 0.0, "ARGMAX:kappa.min": [0, 449422], "MIN:kappa.min": 0.0, "ARGMIN:kappa.min": [0, 449422], "MEAN:kappa.min": 0.0, "MAX:kappa.mean": 0.357824471499158, "ARGMAX:kappa.mean": [0, 449422], "MIN:kappa.mean": 0.3086103307186048, "ARGMIN:kappa.mean": [9, 413739], "MEAN:kappa.mean": 0.3434405434239912, "MAX:kappa.max": 0.6576385991216811, "ARGMAX:kappa.max": [6, 453213], "MIN:kappa.max": 0.6141573372032121, "ARGMIN:kappa.max": [9, 413739], "MEAN:kappa.max": 0.6468140384783467}