{"mean accuracy": 0.7817333333333332, "max accuracy": 0.9733333333333334, "mean kappa": 0.6725999999999996, "max kappa": 0.9600000000000001}