{"MIN:log_loss.min": 0.43037345315404174, "MAX:log_loss.min": 0.9484577427739858, "MIN:log_loss.mean": 1.0161449246313448, "MAX:log_loss.mean": 7.518567699692059, "MIN:log_loss.max": 1.1802638404077208, "MAX:log_loss.max": 14.557553308772421, "MIN:accuracy.min": 0.3333333333333333, "MAX:accuracy.min": 0.3333333333333333, "MIN:accuracy.mean": 0.5486666666666667, "MAX:accuracy.mean": 0.5790000000000001, "MIN:accuracy.max": 0.6666666666666666, "MAX:accuracy.max": 0.96, "MIN:kappa.min": -2.220446049250313e-16, "MAX:kappa.min": 0.0, "MIN:kappa.mean": 0.32300000000000006, "MAX:kappa.mean": 0.3685, "MIN:kappa.max": 0.5, "MAX:kappa.max": 0.9400000000000001}