{"MIN:log_loss.min": 0.11207257867445247, "MAX:log_loss.min": 0.11317854628112589, "MIN:log_loss.mean": 0.3110099410128232, "MAX:log_loss.mean": 0.32127504249660327, "MIN:log_loss.max": 2.224934151808235, "MAX:log_loss.max": 2.225457767542637, "MIN:accuracy.min": 0.3333333333333333, "MAX:accuracy.min": 0.6, "MIN:accuracy.mean": 0.9265333333333331, "MAX:accuracy.mean": 0.9306666666666665, "MIN:accuracy.max": 0.96, "MAX:accuracy.max": 0.96, "MIN:kappa.min": 0.0, "MAX:kappa.min": 0.4, "MIN:kappa.mean": 0.8897999999999999, "MAX:kappa.mean": 0.8959999999999997, "MIN:kappa.max": 0.94, "MAX:kappa.max": 0.9400000000000001}