{"MIN:log_loss.min": 0.4015424523220031, "MAX:log_loss.min": 0.7592810774147613, "MIN:log_loss.mean": 0.907133898196841, "MAX:log_loss.mean": 1.287211313064905, "MIN:log_loss.max": 1.1713093932142908, "MAX:log_loss.max": 5.770488619152255, "MIN:accuracy.min": 0.08, "MAX:accuracy.min": 0.3333333333333333, "MIN:accuracy.mean": 0.5435333333333333, "MAX:accuracy.mean": 0.6017333333333333, "MIN:accuracy.max": 0.84, "MAX:accuracy.max": 0.96, "MIN:kappa.min": -0.3799999999999999, "MAX:kappa.min": 0.0, "MIN:kappa.mean": 0.31529999999999997, "MAX:kappa.mean": 0.4025999999999999, "MIN:kappa.max": 0.76, "MAX:kappa.max": 0.9400000000000001}