{"MIN:log_loss.min": 0.2899639781703659, "MAX:log_loss.min": 0.3833734558809483, "MIN:log_loss.mean": 0.3383149726128369, "MAX:log_loss.mean": 0.5412752941360707, "MIN:log_loss.max": 0.5898755162229745, "MAX:log_loss.max": 2.670560465987921, "MIN:accuracy.min": 0.43333333333333335, "MAX:accuracy.min": 0.8666666666666667, "MIN:accuracy.mean": 0.9170666666666666, "MAX:accuracy.mean": 0.9410666666666665, "MIN:accuracy.max": 0.96, "MAX:accuracy.max": 0.9666666666666667, "MIN:kappa.min": 0.15000000000000002, "MAX:kappa.min": 0.8, "MIN:kappa.mean": 0.8755999999999999, "MAX:kappa.mean": 0.9116, "MIN:kappa.max": 0.94, "MAX:kappa.max": 0.95}