{"MIN:log_loss.min": 0.2951821700406613, "MAX:log_loss.min": 0.5245911326135441, "MIN:log_loss.mean": 0.6397731682883069, "MAX:log_loss.mean": 0.7471327557518477, "MIN:log_loss.max": 1.14431296116874, "MAX:log_loss.max": 1.1685203243974676, "MIN:accuracy.min": 0.3333333333333333, "MAX:accuracy.min": 0.3333333333333333, "MIN:accuracy.mean": 0.7399333333333334, "MAX:accuracy.mean": 0.78, "MIN:accuracy.max": 0.9466666666666667, "MAX:accuracy.max": 0.9666666666666667, "MIN:kappa.min": 0.0, "MAX:kappa.min": 0.0, "MIN:kappa.mean": 0.6099, "MAX:kappa.mean": 0.67, "MIN:kappa.max": 0.92, "MAX:kappa.max": 0.95}