{"MIN:log_loss.min": 0.2936023944852048, "MAX:log_loss.min": 0.306599387714135, "MIN:log_loss.mean": 0.40186924751855, "MAX:log_loss.mean": 0.41521863762309125, "MIN:log_loss.max": 0.8949966841104451, "MAX:log_loss.max": 0.919285720108046, "MIN:accuracy.min": 0.58, "MAX:accuracy.min": 0.6666666666666666, "MIN:accuracy.mean": 0.8684666666666666, "MAX:accuracy.mean": 0.8913333333333333, "MIN:accuracy.max": 0.96, "MAX:accuracy.max": 0.96, "MIN:kappa.min": 0.37, "MAX:kappa.min": 0.5, "MIN:kappa.mean": 0.8027000000000001, "MAX:kappa.mean": 0.8369999999999999, "MIN:kappa.max": 0.94, "MAX:kappa.max": 0.9400000000000001}