{"MIN:log_loss.min": 0.172300244211049, "MAX:log_loss.min": 0.2223832962326673, "MIN:log_loss.mean": 0.5490713708185982, "MAX:log_loss.mean": 0.5853992672806495, "MIN:log_loss.max": 1.1249319621034752, "MAX:log_loss.max": 1.1479328298704172, "MIN:accuracy.min": 0.16, "MAX:accuracy.min": 0.3333333333333333, "MIN:accuracy.mean": 0.7396666666666664, "MAX:accuracy.mean": 0.8157333333333332, "MIN:accuracy.max": 0.96, "MAX:accuracy.max": 0.9666666666666667, "MIN:kappa.min": -0.26, "MAX:kappa.min": 0.0, "MIN:kappa.mean": 0.6094999999999999, "MAX:kappa.mean": 0.7236000000000001, "MIN:kappa.max": 0.9400000000000001, "MAX:kappa.max": 0.95}