{"MIN:log_loss.min": 0.4398057146497128, "MAX:log_loss.min": 0.4398057146497128, "MIN:log_loss.mean": 0.7010962067589936, "MAX:log_loss.mean": 0.7010962067589936, "MIN:log_loss.max": 1.2157099331864674, "MAX:log_loss.max": 1.2157099331864674, "MIN:accuracy.min": 0.3333333333333333, "MAX:accuracy.min": 0.3333333333333333, "MIN:accuracy.mean": 0.7035333333333333, "MAX:accuracy.mean": 0.7035333333333333, "MIN:accuracy.max": 0.9333333333333333, "MAX:accuracy.max": 0.9333333333333333, "MIN:kappa.min": 0.0, "MAX:kappa.min": 0.0, "MIN:kappa.mean": 0.5552999999999999, "MAX:kappa.mean": 0.5552999999999999, "MIN:kappa.max": 0.9, "MAX:kappa.max": 0.9}