{"MIN:log_loss.min": 0.6460161117932446, "MAX:log_loss.min": 0.7294507633481832, "MIN:log_loss.mean": 0.8667402121701193, "MAX:log_loss.mean": 0.924621935829733, "MIN:log_loss.max": 1.1206215866507152, "MAX:log_loss.max": 1.160291234756336, "MIN:accuracy.min": 0.2866666666666667, "MAX:accuracy.min": 0.3333333333333333, "MIN:accuracy.mean": 0.6289999999999999, "MAX:accuracy.mean": 0.6894000000000001, "MIN:accuracy.max": 0.84, "MAX:accuracy.max": 0.96, "MIN:kappa.min": -0.07000000000000006, "MAX:kappa.min": 0.0, "MIN:kappa.mean": 0.44349999999999995, "MAX:kappa.mean": 0.5341, "MIN:kappa.max": 0.76, "MAX:kappa.max": 0.9400000000000001}