{"MIN:log_loss.min": 0.46650493111102426, "MAX:log_loss.min": 1.72253895389425, "MIN:log_loss.mean": 0.6958160978316321, "MAX:log_loss.mean": 5.89964504434877, "MIN:log_loss.max": 1.0076679578643695, "MAX:log_loss.max": 11.563603383639549, "MIN:accuracy.min": 0.3333333333333333, "MAX:accuracy.min": 0.6666666666666666, "MIN:accuracy.mean": 0.617, "MAX:accuracy.mean": 0.6666666666666669, "MIN:accuracy.max": 0.6666666666666666, "MAX:accuracy.max": 0.6666666666666666, "MIN:kappa.min": 0.0, "MAX:kappa.min": 0.5, "MIN:kappa.mean": 0.4255, "MAX:kappa.mean": 0.5, "MIN:kappa.max": 0.5, "MAX:kappa.max": 0.5}