{"MIN:log_loss.min": 0.5737284894264227, "MAX:log_loss.min": 0.5886261145837359, "MIN:log_loss.mean": 0.8756269380827374, "MAX:log_loss.mean": 0.9176514902502962, "MIN:log_loss.max": 1.1550953892064562, "MAX:log_loss.max": 1.2851160652419282, "MIN:accuracy.min": 0.28, "MAX:accuracy.min": 0.36666666666666664, "MIN:accuracy.mean": 0.6526, "MAX:accuracy.mean": 0.7184666666666668, "MIN:accuracy.max": 0.92, "MAX:accuracy.max": 0.9533333333333334, "MIN:kappa.min": -0.08000000000000007, "MAX:kappa.min": 0.050000000000000044, "MIN:kappa.mean": 0.47889999999999994, "MAX:kappa.mean": 0.5777, "MIN:kappa.max": 0.88, "MAX:kappa.max": 0.9299999999999999}