{"mean accuracy": 0.6106666666666666, "max accuracy": 0.8, "mean kappa": 0.4160000000000001, "max kappa": 0.7000000000000001}