{"MIN:log_loss.min": 0.21438185555782183, "MAX:log_loss.min": 0.21446056351100334, "MIN:log_loss.mean": 0.4613232108058681, "MAX:log_loss.mean": 0.49837367398073257, "MIN:log_loss.max": 1.0411620382654196, "MAX:log_loss.max": 1.1146738234721076, "MIN:accuracy.min": 0.3333333333333333, "MAX:accuracy.min": 0.6666666666666666, "MIN:accuracy.mean": 0.9073333333333332, "MAX:accuracy.mean": 0.9361333333333332, "MIN:accuracy.max": 0.96, "MAX:accuracy.max": 0.96, "MIN:kappa.min": 0.0, "MAX:kappa.min": 0.5, "MIN:kappa.mean": 0.861, "MAX:kappa.mean": 0.9041999999999999, "MIN:kappa.max": 0.9400000000000001, "MAX:kappa.max": 0.9400000000000001}