{"MIN:log_loss.min": 0.30438833247608094, "MAX:log_loss.min": 0.3480101945415432, "MIN:log_loss.mean": 0.5828795366423831, "MAX:log_loss.mean": 0.7055549790000826, "MIN:log_loss.max": 1.098486662488962, "MAX:log_loss.max": 1.098538078019758, "MIN:accuracy.min": 0.6666666666666666, "MAX:accuracy.min": 0.6666666666666666, "MIN:accuracy.mean": 0.7936000000000001, "MAX:accuracy.mean": 0.8210666666666667, "MIN:accuracy.max": 0.96, "MAX:accuracy.max": 0.96, "MIN:kappa.min": 0.5, "MAX:kappa.min": 0.5, "MIN:kappa.mean": 0.6903999999999999, "MAX:kappa.mean": 0.7315999999999999, "MIN:kappa.max": 0.9400000000000001, "MAX:kappa.max": 0.9400000000000001}