{"MIN:log_loss.min": 0.18730098932193193, "MAX:log_loss.min": 0.22649193435019843, "MIN:log_loss.mean": 0.3226631067679716, "MAX:log_loss.mean": 0.42865822866671727, "MIN:log_loss.max": 1.6309082202646492, "MAX:log_loss.max": 3.7686369181104062, "MIN:accuracy.min": 0.34, "MAX:accuracy.min": 0.6133333333333333, "MIN:accuracy.mean": 0.8497333333333335, "MAX:accuracy.mean": 0.8672666666666666, "MIN:accuracy.max": 0.9533333333333334, "MAX:accuracy.max": 0.96, "MIN:kappa.min": 0.010000000000000009, "MAX:kappa.min": 0.42000000000000004, "MIN:kappa.mean": 0.7746000000000001, "MAX:kappa.mean": 0.8009000000000001, "MIN:kappa.max": 0.9299999999999999, "MAX:kappa.max": 0.9400000000000001}