{"MIN:log_loss.min": 0.25059822732604786, "MAX:log_loss.min": 0.26312984027504477, "MIN:log_loss.mean": 0.5467322868714791, "MAX:log_loss.mean": 0.5873645653611621, "MIN:log_loss.max": 1.0968864082675835, "MAX:log_loss.max": 1.7760655882027299, "MIN:accuracy.min": 0.3333333333333333, "MAX:accuracy.min": 0.6666666666666666, "MIN:accuracy.mean": 0.8031333333333334, "MAX:accuracy.mean": 0.8896, "MIN:accuracy.max": 0.96, "MAX:accuracy.max": 0.96, "MIN:kappa.min": 0.0, "MAX:kappa.min": 0.5, "MIN:kappa.mean": 0.7047, "MAX:kappa.mean": 0.8344, "MIN:kappa.max": 0.9400000000000001, "MAX:kappa.max": 0.9400000000000001}