{"mean accuracy": 0.8048666666666668, "max accuracy": 0.9733333333333333, "mean kappa": 0.7072999999999996, "max kappa": 0.9599999999999999}