{"MIN:log_loss.min": 0.11147852285513234, "MAX:log_loss.min": 0.14757471704227604, "MIN:log_loss.mean": 0.5531362010600359, "MAX:log_loss.mean": 0.5852628167479401, "MIN:log_loss.max": 9.097484583805638, "MAX:log_loss.max": 10.022707837113968, "MIN:accuracy.min": 0.3333333333333333, "MAX:accuracy.min": 0.3333333333333333, "MIN:accuracy.mean": 0.8204666666666668, "MAX:accuracy.mean": 0.8569333333333333, "MIN:accuracy.max": 0.96, "MAX:accuracy.max": 0.9666666666666667, "MIN:kappa.min": 0.0, "MAX:kappa.min": 0.0, "MIN:kappa.mean": 0.7306999999999999, "MAX:kappa.mean": 0.7854000000000001, "MIN:kappa.max": 0.94, "MAX:kappa.max": 0.95}