{"MIN:log_loss.min": 0.5953910113415737, "MAX:log_loss.min": 0.6814654940033221, "MIN:log_loss.mean": 1.0090835242646967, "MAX:log_loss.mean": 1.0461220248094498, "MIN:log_loss.max": 1.32183214414143, "MAX:log_loss.max": 1.4121402715686706, "MIN:accuracy.min": 0.1, "MAX:accuracy.min": 0.24, "MIN:accuracy.mean": 0.5289333333333334, "MAX:accuracy.mean": 0.5659333333333334, "MIN:accuracy.max": 0.96, "MAX:accuracy.max": 0.96, "MIN:kappa.min": -0.3500000000000001, "MAX:kappa.min": -0.1399999999999999, "MIN:kappa.mean": 0.29340000000000005, "MAX:kappa.mean": 0.34889999999999993, "MIN:kappa.max": 0.94, "MAX:kappa.max": 0.9400000000000001}