{"MIN:log_loss.min": 0.2184726888449098, "MAX:log_loss.min": 0.2542907452342748, "MIN:log_loss.mean": 0.6035880082252305, "MAX:log_loss.mean": 0.7356822855104772, "MIN:log_loss.max": 1.0985844461927348, "MAX:log_loss.max": 2.4634747453831083, "MIN:accuracy.min": 0.3333333333333333, "MAX:accuracy.min": 0.44, "MIN:accuracy.mean": 0.6698666666666666, "MAX:accuracy.mean": 0.7981333333333334, "MIN:accuracy.max": 0.96, "MAX:accuracy.max": 0.96, "MIN:kappa.min": -2.220446049250313e-16, "MAX:kappa.min": 0.16000000000000003, "MIN:kappa.mean": 0.5047999999999999, "MAX:kappa.mean": 0.6972, "MIN:kappa.max": 0.94, "MAX:kappa.max": 0.9400000000000001}