{"MIN:log_loss.min": 0.5417273125996993, "MAX:log_loss.min": 0.9460318574442013, "MIN:log_loss.mean": 0.8961806493622465, "MAX:log_loss.mean": 1.2690214549392465, "MIN:log_loss.max": 1.1757501119927183, "MAX:log_loss.max": 2.7480921929762343, "MIN:accuracy.min": 0.3333333333333333, "MAX:accuracy.min": 0.56, "MIN:accuracy.mean": 0.5770000000000001, "MAX:accuracy.mean": 0.6242666666666665, "MIN:accuracy.max": 0.6666666666666666, "MAX:accuracy.max": 0.9466666666666667, "MIN:kappa.min": 0.0, "MAX:kappa.min": 0.33999999999999997, "MIN:kappa.mean": 0.3655, "MAX:kappa.mean": 0.43639999999999995, "MIN:kappa.max": 0.5, "MAX:kappa.max": 0.92}