{"MIN:log_loss.min": 0.11859197398883775, "MAX:log_loss.min": 0.8696379231159644, "MIN:log_loss.mean": 0.6548646167311655, "MAX:log_loss.mean": 0.953464215613412, "MIN:log_loss.max": 1.0986111144293764, "MAX:log_loss.max": 2.048899628848092, "MIN:accuracy.min": 0.3333333333333333, "MAX:accuracy.min": 0.6666666666666666, "MIN:accuracy.mean": 0.7055333333333335, "MAX:accuracy.mean": 0.7552, "MIN:accuracy.max": 0.82, "MAX:accuracy.max": 0.96, "MIN:kappa.min": -2.220446049250313e-16, "MAX:kappa.min": 0.5, "MIN:kappa.mean": 0.5583, "MAX:kappa.mean": 0.6328, "MIN:kappa.max": 0.73, "MAX:kappa.max": 0.9400000000000001}