{"MIN:log_loss.min": 0.25388461932704215, "MAX:log_loss.min": 0.37051378570755, "MIN:log_loss.mean": 0.5504309314555583, "MAX:log_loss.mean": 0.6348662060274504, "MIN:log_loss.max": 0.8729150490045907, "MAX:log_loss.max": 1.3985335410592774, "MIN:accuracy.min": 0.4866666666666667, "MAX:accuracy.min": 0.6666666666666666, "MIN:accuracy.mean": 0.7953999999999999, "MAX:accuracy.mean": 0.8423333333333334, "MIN:accuracy.max": 0.96, "MAX:accuracy.max": 0.96, "MIN:kappa.min": 0.22999999999999998, "MAX:kappa.min": 0.5, "MIN:kappa.mean": 0.6931, "MAX:kappa.mean": 0.7635, "MIN:kappa.max": 0.9400000000000001, "MAX:kappa.max": 0.9400000000000001}