{"mean accuracy": 0.6451333333333332, "max accuracy": 0.96, "mean kappa": 0.46769999999999984, "max kappa": 0.94}