{"MIN:log_loss.min": 0.1865081693884787, "MAX:log_loss.min": 0.35367400014147016, "MIN:log_loss.mean": 3.7936580313707804, "MAX:log_loss.mean": 5.87703249809856, "MIN:log_loss.max": 11.51292546511949, "MAX:log_loss.max": 11.97352967448877, "MIN:accuracy.min": 0.3333333333333333, "MAX:accuracy.min": 0.6666666666666666, "MIN:accuracy.mean": 0.6854, "MAX:accuracy.mean": 0.7086666666666669, "MIN:accuracy.max": 0.9133333333333333, "MAX:accuracy.max": 0.9666666666666667, "MIN:kappa.min": 0.0, "MAX:kappa.min": 0.5, "MIN:kappa.mean": 0.5281, "MAX:kappa.mean": 0.5630000000000001, "MIN:kappa.max": 0.87, "MAX:kappa.max": 0.95}