{"MIN:log_loss.min": 0.31505713728789136, "MAX:log_loss.min": 0.3172227455983025, "MIN:log_loss.mean": 0.5859768864773678, "MAX:log_loss.mean": 0.6082199709918964, "MIN:log_loss.max": 1.088391988807258, "MAX:log_loss.max": 1.0885672129328032, "MIN:accuracy.min": 0.3333333333333333, "MAX:accuracy.min": 0.6533333333333333, "MIN:accuracy.mean": 0.7450000000000001, "MAX:accuracy.mean": 0.8043333333333336, "MIN:accuracy.max": 0.96, "MAX:accuracy.max": 0.96, "MIN:kappa.min": -2.220446049250313e-16, "MAX:kappa.min": 0.4800000000000001, "MIN:kappa.mean": 0.6175, "MAX:kappa.mean": 0.7064999999999999, "MIN:kappa.max": 0.9400000000000001, "MAX:kappa.max": 0.9400000000000001}