{"MIN:log_loss.min": 0.3492273006982605, "MAX:log_loss.min": 0.45117315247891043, "MIN:log_loss.mean": 0.6830631976660757, "MAX:log_loss.mean": 0.8157683246199723, "MIN:log_loss.max": 8.382705796717, "MAX:log_loss.max": 8.63858534248108, "MIN:accuracy.min": 0.4266666666666667, "MAX:accuracy.min": 0.4266666666666667, "MIN:accuracy.mean": 0.7624000000000002, "MAX:accuracy.mean": 0.7945333333333333, "MIN:accuracy.max": 0.9133333333333333, "MAX:accuracy.max": 0.96, "MIN:kappa.min": 0.14, "MAX:kappa.min": 0.14, "MIN:kappa.mean": 0.6436000000000002, "MAX:kappa.mean": 0.6918000000000001, "MIN:kappa.max": 0.87, "MAX:kappa.max": 0.94}