{"MIN:log_loss.min": 0.24508165407507784, "MAX:log_loss.min": 0.4171467668135386, "MIN:log_loss.mean": 0.6185717809800235, "MAX:log_loss.mean": 0.7072468546479728, "MIN:log_loss.max": 1.2180298109002983, "MAX:log_loss.max": 1.2258965858177187, "MIN:accuracy.min": 0.3333333333333333, "MAX:accuracy.min": 0.3333333333333333, "MIN:accuracy.mean": 0.7490666666666668, "MAX:accuracy.mean": 0.7823333333333332, "MIN:accuracy.max": 0.96, "MAX:accuracy.max": 0.9666666666666667, "MIN:kappa.min": 0.0, "MAX:kappa.min": 0.0, "MIN:kappa.mean": 0.6236, "MAX:kappa.mean": 0.6735000000000001, "MIN:kappa.max": 0.94, "MAX:kappa.max": 0.95}