{"MIN:log_loss.min": 0.11259543004078429, "MAX:log_loss.min": 0.15907535373844345, "MIN:log_loss.mean": 0.3585002598488655, "MAX:log_loss.mean": 0.5446028168368269, "MIN:log_loss.max": 1.0622623096060477, "MAX:log_loss.max": 9.901115899874396, "MIN:accuracy.min": 0.42, "MAX:accuracy.min": 0.7333333333333333, "MIN:accuracy.mean": 0.8936666666666667, "MAX:accuracy.mean": 0.9328, "MIN:accuracy.max": 0.96, "MAX:accuracy.max": 0.96, "MIN:kappa.min": 0.13, "MAX:kappa.min": 0.6, "MIN:kappa.mean": 0.8404999999999998, "MAX:kappa.mean": 0.8992, "MIN:kappa.max": 0.9400000000000001, "MAX:kappa.max": 0.9400000000000001}