{"mean accuracy": 0.7292666666666667, "max accuracy": 0.96, "mean kappa": 0.5939000000000001, "max kappa": 0.94}