{"MIN:log_loss.min": 0.20513777949187048, "MAX:log_loss.min": 0.22772602767156877, "MIN:log_loss.mean": 0.5310859186753291, "MAX:log_loss.mean": 0.5462074438420237, "MIN:log_loss.max": 1.0985739223927498, "MAX:log_loss.max": 1.0985739572132789, "MIN:accuracy.min": 0.6666666666666666, "MAX:accuracy.min": 0.7133333333333334, "MIN:accuracy.mean": 0.8266666666666667, "MAX:accuracy.mean": 0.9146666666666665, "MIN:accuracy.max": 0.96, "MAX:accuracy.max": 0.96, "MIN:kappa.min": 0.5, "MAX:kappa.min": 0.5700000000000001, "MIN:kappa.mean": 0.74, "MAX:kappa.mean": 0.8719999999999999, "MIN:kappa.max": 0.9400000000000001, "MAX:kappa.max": 0.9400000000000001}