{"MIN:log_loss.min": 0.4938669152564671, "MAX:log_loss.min": 0.725787441962754, "MIN:log_loss.mean": 0.8421376763011476, "MAX:log_loss.mean": 3.110864796152871, "MIN:log_loss.max": 1.0916038862632416, "MAX:log_loss.max": 23.25885180829466, "MIN:accuracy.min": 0.3333333333333333, "MAX:accuracy.min": 0.37333333333333335, "MIN:accuracy.mean": 0.5979333333333333, "MAX:accuracy.mean": 0.6459999999999999, "MIN:accuracy.max": 0.6666666666666666, "MAX:accuracy.max": 0.6666666666666666, "MIN:kappa.min": 0.0, "MAX:kappa.min": 0.06000000000000005, "MIN:kappa.mean": 0.3969, "MAX:kappa.mean": 0.46900000000000014, "MIN:kappa.max": 0.5, "MAX:kappa.max": 0.5}