{"MIN:log_loss.min": 0.38720586834800386, "MAX:log_loss.min": 0.41294841223515877, "MIN:log_loss.mean": 1.449430529722319, "MAX:log_loss.mean": 2.45906354441905, "MIN:log_loss.max": 23.025850929940454, "MAX:log_loss.max": 23.025850929957652, "MIN:accuracy.min": 0.15333333333333332, "MAX:accuracy.min": 0.3333333333333333, "MIN:accuracy.mean": 0.6846, "MAX:accuracy.mean": 0.7456000000000002, "MIN:accuracy.max": 0.9466666666666667, "MAX:accuracy.max": 0.9666666666666667, "MIN:kappa.min": -0.27, "MAX:kappa.min": 0.0, "MIN:kappa.mean": 0.5269, "MAX:kappa.mean": 0.6184, "MIN:kappa.max": 0.92, "MAX:kappa.max": 0.95}