{"MIN:log_loss.min": 0.14067477245046214, "MAX:log_loss.min": 0.31847587334042127, "MIN:log_loss.mean": 0.46444395819283213, "MAX:log_loss.mean": 2.4636185047167336, "MIN:log_loss.max": 1.511251640622032, "MAX:log_loss.max": 10.486119969578716, "MIN:accuracy.min": 0.6666666666666666, "MAX:accuracy.min": 0.6666666666666666, "MIN:accuracy.mean": 0.8011333333333333, "MAX:accuracy.mean": 0.8011333333333333, "MIN:accuracy.max": 0.96, "MAX:accuracy.max": 0.96, "MIN:kappa.min": 0.5, "MAX:kappa.min": 0.5, "MIN:kappa.mean": 0.7017, "MAX:kappa.mean": 0.7017, "MIN:kappa.max": 0.9400000000000001, "MAX:kappa.max": 0.9400000000000001}