{"mean accuracy": 0.8165333333333333, "max accuracy": 0.9666666666666667, "mean kappa": 0.7247999999999998, "max kappa": 0.95}