{"mean accuracy": 0.5755333333333332, "max accuracy": 0.6666666666666666, "mean kappa": 0.3633000000000001, "max kappa": 0.49999999999999994}