{"MIN:log_loss.min": 0.15062153586080101, "MAX:log_loss.min": 0.22027105345891376, "MIN:log_loss.mean": 0.5990832878663206, "MAX:log_loss.mean": 0.66275556818816, "MIN:log_loss.max": 1.127572386448225, "MAX:log_loss.max": 1.2514466612732689, "MIN:accuracy.min": 0.3333333333333333, "MAX:accuracy.min": 0.3333333333333333, "MIN:accuracy.mean": 0.6090666666666666, "MAX:accuracy.mean": 0.6866666666666669, "MIN:accuracy.max": 0.96, "MAX:accuracy.max": 0.96, "MIN:kappa.min": -2.220446049250313e-16, "MAX:kappa.min": 0.0, "MIN:kappa.mean": 0.4135999999999999, "MAX:kappa.mean": 0.53, "MIN:kappa.max": 0.94, "MAX:kappa.max": 0.9400000000000001}