{"MIN:log_loss.min": 0.12279331318445354, "MAX:log_loss.min": 0.6746878118392388, "MIN:log_loss.mean": 0.5830696724328136, "MAX:log_loss.mean": 1.0451954696897439, "MIN:log_loss.max": 1.0985138783224004, "MAX:log_loss.max": 1.2452962253395379, "MIN:accuracy.min": 0.3333333333333333, "MAX:accuracy.min": 0.56, "MIN:accuracy.mean": 0.6968666666666666, "MAX:accuracy.mean": 0.7588666666666667, "MIN:accuracy.max": 0.9466666666666667, "MAX:accuracy.max": 0.96, "MIN:kappa.min": 0.0, "MAX:kappa.min": 0.33999999999999997, "MIN:kappa.mean": 0.5452999999999999, "MAX:kappa.mean": 0.6383000000000001, "MIN:kappa.max": 0.92, "MAX:kappa.max": 0.9400000000000001}