{"MIN:log_loss.min": 0.20725178314355172, "MAX:log_loss.min": 0.32960744456013724, "MIN:log_loss.mean": 0.44470009882930517, "MAX:log_loss.mean": 1.7644077172405537, "MIN:log_loss.max": 1.104649597037438, "MAX:log_loss.max": 20.182632230028478, "MIN:accuracy.min": 0.34, "MAX:accuracy.min": 0.6666666666666666, "MIN:accuracy.mean": 0.7946, "MAX:accuracy.mean": 0.8542000000000002, "MIN:accuracy.max": 0.96, "MAX:accuracy.max": 0.96, "MIN:kappa.min": 0.01000000000000012, "MAX:kappa.min": 0.5, "MIN:kappa.mean": 0.6919000000000001, "MAX:kappa.mean": 0.7813000000000001, "MIN:kappa.max": 0.9400000000000001, "MAX:kappa.max": 0.9400000000000001}