{"MIN:log_loss.min": 0.5917501097437678, "MAX:log_loss.min": 0.8056686119454551, "MIN:log_loss.mean": 0.8834346010014898, "MAX:log_loss.mean": 1.3058767624985919, "MIN:log_loss.max": 1.098135269894786, "MAX:log_loss.max": 3.9875297575781232, "MIN:accuracy.min": 0.4066666666666667, "MAX:accuracy.min": 0.6666666666666666, "MIN:accuracy.mean": 0.6559333333333334, "MAX:accuracy.mean": 0.7245333333333335, "MIN:accuracy.max": 0.8266666666666667, "MAX:accuracy.max": 0.9466666666666667, "MIN:kappa.min": 0.10999999999999999, "MAX:kappa.min": 0.5, "MIN:kappa.mean": 0.48390000000000005, "MAX:kappa.mean": 0.5868, "MIN:kappa.max": 0.74, "MAX:kappa.max": 0.92}