{"MIN:log_loss.min": 0.4921678419628607, "MAX:log_loss.min": 0.7085002931200809, "MIN:log_loss.mean": 0.826971099900358, "MAX:log_loss.mean": 1.021968652475438, "MIN:log_loss.max": 1.2147303678394124, "MAX:log_loss.max": 1.7988741359419491, "MIN:accuracy.min": 0.3333333333333333, "MAX:accuracy.min": 0.3333333333333333, "MIN:accuracy.mean": 0.5794666666666667, "MAX:accuracy.mean": 0.6329333333333333, "MIN:accuracy.max": 0.8533333333333334, "MAX:accuracy.max": 0.96, "MIN:kappa.min": 0.0, "MAX:kappa.min": 0.0, "MIN:kappa.mean": 0.3692, "MAX:kappa.mean": 0.44939999999999997, "MIN:kappa.max": 0.78, "MAX:kappa.max": 0.94}