{"MIN:log_loss.min": 0.12498246319637034, "MAX:log_loss.min": 0.23322405689837875, "MIN:log_loss.mean": 0.37052410952801706, "MAX:log_loss.mean": 0.4122978018757404, "MIN:log_loss.max": 0.8268192696561381, "MAX:log_loss.max": 0.8340678581826817, "MIN:accuracy.min": 0.7666666666666667, "MAX:accuracy.min": 0.9533333333333334, "MIN:accuracy.mean": 0.9032000000000001, "MAX:accuracy.mean": 0.9533333333333333, "MIN:accuracy.max": 0.9533333333333334, "MAX:accuracy.max": 0.9533333333333334, "MIN:kappa.min": 0.65, "MAX:kappa.min": 0.9299999999999999, "MIN:kappa.mean": 0.8547999999999999, "MAX:kappa.mean": 0.9300000000000002, "MIN:kappa.max": 0.9299999999999999, "MAX:kappa.max": 0.9299999999999999}