{"mean accuracy": 0.6664000000000003, "max accuracy": 0.6666666666666666, "mean kappa": 0.49959999999999993, "max kappa": 0.5}