{"MAX:log_loss.min": 1.3445657854211623, "ARGMAX:log_loss.min": [9, 456430], "MIN:log_loss.min": 1.340940838381429, "ARGMIN:log_loss.min": [8, 449714], "MEAN:log_loss.min": 1.3428754353483585, "MAX:log_loss.mean": 1.5563894781651977, "ARGMAX:log_loss.mean": [9, 456430], "MIN:log_loss.mean": 1.5512653250006894, "ARGMIN:log_loss.mean": [0, 460224], "MEAN:log_loss.mean": 1.553042784342424, "MAX:log_loss.max": 2.3510404490888326, "ARGMAX:log_loss.max": [9, 456430], "MIN:log_loss.max": 2.3507557018313805, "ARGMIN:log_loss.max": [4, 457972], "MEAN:log_loss.max": 2.3510053817127035, "MAX:accuracy.min": 0.2108, "ARGMAX:accuracy.min": [0, 460224], "MIN:accuracy.min": 0.2107, "ARGMIN:accuracy.min": [5, 451963], "MEAN:accuracy.min": 0.21075999999999998, "MAX:accuracy.mean": 0.5600390000000001, "ARGMAX:accuracy.mean": [0, 460224], "MIN:accuracy.mean": 0.557298, "ARGMIN:accuracy.mean": [9, 456430], "MEAN:accuracy.mean": 0.5590028000000001, "MAX:accuracy.max": 0.6885, "ARGMAX:accuracy.max": [9, 456430], "MIN:accuracy.max": 0.6812, "ARGMIN:accuracy.max": [8, 449714], "MEAN:accuracy.max": 0.6836200000000001, "MAX:kappa.min": 0.1161786174684335, "ARGMAX:kappa.min": [5, 451963], "MIN:kappa.min": 0.11608831491824523, "ARGMIN:kappa.min": [0, 460224], "MEAN:kappa.min": 0.11612443593832053, "MAX:kappa.mean": 0.5106814770196623, "ARGMAX:kappa.mean": [0, 460224], "MIN:kappa.mean": 0.5076440864070265, "ARGMIN:kappa.mean": [9, 456430], "MEAN:kappa.mean": 0.5095363718031767, "MAX:kappa.max": 0.6535921636342099, "ARGMAX:kappa.max": [9, 456430], "MIN:kappa.max": 0.6454458993816389, "ARGMIN:kappa.max": [8, 449714], "MEAN:kappa.max": 0.6481473768694215}