{"MIN:log_loss.min": 0.261220747262608, "MAX:log_loss.min": 0.42369843889582987, "MIN:log_loss.mean": 3.675916112566134, "MAX:log_loss.mean": 6.276174322793398, "MIN:log_loss.max": 15.018149504946114, "MAX:log_loss.max": 23.025850929940454, "MIN:accuracy.min": 0.3333333333333333, "MAX:accuracy.min": 0.3333333333333333, "MIN:accuracy.mean": 0.6536666666666666, "MAX:accuracy.mean": 0.7002666666666667, "MIN:accuracy.max": 0.9266666666666666, "MAX:accuracy.max": 0.96, "MIN:kappa.min": -2.220446049250313e-16, "MAX:kappa.min": 0.0, "MIN:kappa.mean": 0.48050000000000004, "MAX:kappa.mean": 0.5504, "MIN:kappa.max": 0.89, "MAX:kappa.max": 0.9400000000000001}