{"MIN:log_loss.min": 0.39099355852707274, "MAX:log_loss.min": 0.5469839412141454, "MIN:log_loss.mean": 0.7835999695888509, "MAX:log_loss.mean": 0.8635878046452287, "MIN:log_loss.max": 1.1953093204606837, "MAX:log_loss.max": 1.3879895996773557, "MIN:accuracy.min": 0.3333333333333333, "MAX:accuracy.min": 0.3333333333333333, "MIN:accuracy.mean": 0.607, "MAX:accuracy.mean": 0.6909333333333335, "MIN:accuracy.max": 0.9066666666666666, "MAX:accuracy.max": 0.96, "MIN:kappa.min": -2.220446049250313e-16, "MAX:kappa.min": 0.0, "MIN:kappa.mean": 0.4105, "MAX:kappa.mean": 0.5364000000000001, "MIN:kappa.max": 0.86, "MAX:kappa.max": 0.9400000000000001}