{"MIN:log_loss.min": 0.2947318788480007, "MAX:log_loss.min": 0.29859550168642357, "MIN:log_loss.mean": 0.4917188672707036, "MAX:log_loss.mean": 0.5062992966132037, "MIN:log_loss.max": 1.2118906958332616, "MAX:log_loss.max": 1.213832420341173, "MIN:accuracy.min": 0.3333333333333333, "MAX:accuracy.min": 0.34, "MIN:accuracy.mean": 0.8042, "MAX:accuracy.mean": 0.8210000000000002, "MIN:accuracy.max": 0.96, "MAX:accuracy.max": 0.96, "MIN:kappa.min": 0.0, "MAX:kappa.min": 0.010000000000000009, "MIN:kappa.mean": 0.7062999999999999, "MAX:kappa.mean": 0.7314999999999999, "MIN:kappa.max": 0.9400000000000001, "MAX:kappa.max": 0.9400000000000001}