{"MIN:log_loss.min": 0.13485308187652095, "MAX:log_loss.min": 0.37321724568521963, "MIN:log_loss.mean": 0.5381900550494637, "MAX:log_loss.mean": 0.587994887978502, "MIN:log_loss.max": 1.001185705540668, "MAX:log_loss.max": 1.029008815018917, "MIN:accuracy.min": 0.6, "MAX:accuracy.min": 0.7066666666666667, "MIN:accuracy.mean": 0.8321999999999999, "MAX:accuracy.mean": 0.8797333333333333, "MIN:accuracy.max": 0.96, "MAX:accuracy.max": 0.96, "MIN:kappa.min": 0.4, "MAX:kappa.min": 0.56, "MIN:kappa.mean": 0.7483, "MAX:kappa.mean": 0.8196000000000001, "MIN:kappa.max": 0.9400000000000001, "MAX:kappa.max": 0.9400000000000001}