{"MIN:log_loss.min": 0.47396795126082886, "MAX:log_loss.min": 0.937598419366037, "MIN:log_loss.mean": 1.0338595532811814, "MAX:log_loss.mean": 7.054797611054798, "MIN:log_loss.max": 1.2164274804217814, "MAX:log_loss.max": 14.652277200216034, "MIN:accuracy.min": 0.3333333333333333, "MAX:accuracy.min": 0.62, "MIN:accuracy.mean": 0.5496, "MAX:accuracy.mean": 0.6199999999999999, "MIN:accuracy.max": 0.62, "MAX:accuracy.max": 0.96, "MIN:kappa.min": -2.220446049250313e-16, "MAX:kappa.min": 0.43000000000000005, "MIN:kappa.mean": 0.32439999999999997, "MAX:kappa.mean": 0.43, "MIN:kappa.max": 0.43000000000000005, "MAX:kappa.max": 0.9400000000000001}