{"MIN:log_loss.min": 0.12198684561920844, "MAX:log_loss.min": 0.2981526239390313, "MIN:log_loss.mean": 0.7570185943301145, "MAX:log_loss.mean": 0.900527761044573, "MIN:log_loss.max": 1.194475500655339, "MAX:log_loss.max": 1.982043415439964, "MIN:accuracy.min": 0.04, "MAX:accuracy.min": 0.3333333333333333, "MIN:accuracy.mean": 0.5720666666666666, "MAX:accuracy.mean": 0.6408666666666666, "MIN:accuracy.max": 0.9066666666666666, "MAX:accuracy.max": 0.9666666666666667, "MIN:kappa.min": -0.43999999999999995, "MAX:kappa.min": 0.0, "MIN:kappa.mean": 0.35810000000000003, "MAX:kappa.mean": 0.46129999999999993, "MIN:kappa.max": 0.86, "MAX:kappa.max": 0.95}