{"MIN:log_loss.min": 0.31845378519801576, "MAX:log_loss.min": 0.3213590466753544, "MIN:log_loss.mean": 0.5846791500033506, "MAX:log_loss.mean": 0.5879661967898552, "MIN:log_loss.max": 1.7300964841261528, "MAX:log_loss.max": 1.7534984644191127, "MIN:accuracy.min": 0.5533333333333333, "MAX:accuracy.min": 0.6666666666666666, "MIN:accuracy.mean": 0.9138666666666668, "MAX:accuracy.mean": 0.9244000000000001, "MIN:accuracy.max": 0.96, "MAX:accuracy.max": 0.9666666666666667, "MIN:kappa.min": 0.32999999999999996, "MAX:kappa.min": 0.5, "MIN:kappa.mean": 0.8708000000000002, "MAX:kappa.mean": 0.8866, "MIN:kappa.max": 0.94, "MAX:kappa.max": 0.95}