{"MIN:log_loss.min": 0.21182964228307963, "MAX:log_loss.min": 0.777503584656867, "MIN:log_loss.mean": 0.6479805753772058, "MAX:log_loss.mean": 0.920739868059892, "MIN:log_loss.max": 1.0979773081713786, "MAX:log_loss.max": 1.2144095891545863, "MIN:accuracy.min": 0.3333333333333333, "MAX:accuracy.min": 0.3333333333333333, "MIN:accuracy.mean": 0.6047333333333335, "MAX:accuracy.mean": 0.7426666666666667, "MIN:accuracy.max": 0.7733333333333333, "MAX:accuracy.max": 0.96, "MIN:kappa.min": -2.220446049250313e-16, "MAX:kappa.min": 0.0, "MIN:kappa.mean": 0.40709999999999996, "MAX:kappa.mean": 0.6140000000000001, "MIN:kappa.max": 0.6599999999999999, "MAX:kappa.max": 0.9400000000000001}