{"MIN:log_loss.min": 0.9175463597646532, "MAX:log_loss.min": 1.087418915955234, "MIN:log_loss.mean": 1.0384398297911452, "MAX:log_loss.mean": 1.0980916767095743, "MIN:log_loss.max": 1.0970191099393485, "MAX:log_loss.max": 1.1792481911959496, "MIN:accuracy.min": 0.34, "MAX:accuracy.min": 0.6666666666666666, "MIN:accuracy.mean": 0.6335999999999999, "MAX:accuracy.mean": 0.6875333333333334, "MIN:accuracy.max": 0.6666666666666666, "MAX:accuracy.max": 0.8533333333333334, "MIN:kappa.min": 0.010000000000000009, "MAX:kappa.min": 0.5, "MIN:kappa.mean": 0.45039999999999997, "MAX:kappa.mean": 0.5313, "MIN:kappa.max": 0.5, "MAX:kappa.max": 0.78}