{"MIN:log_loss.min": 0.29135584672789955, "MAX:log_loss.min": 0.8314325107276072, "MIN:log_loss.mean": 0.6581714384078395, "MAX:log_loss.mean": 1.0764119505781014, "MIN:log_loss.max": 1.0984321565079427, "MAX:log_loss.max": 1.5614570412370414, "MIN:accuracy.min": 0.3333333333333333, "MAX:accuracy.min": 0.5666666666666667, "MIN:accuracy.mean": 0.6651333333333334, "MAX:accuracy.mean": 0.7677333333333333, "MIN:accuracy.max": 0.8933333333333333, "MAX:accuracy.max": 0.96, "MIN:kappa.min": 0.0, "MAX:kappa.min": 0.35, "MIN:kappa.mean": 0.49770000000000003, "MAX:kappa.mean": 0.6516, "MIN:kappa.max": 0.84, "MAX:kappa.max": 0.9400000000000001}