{"mean accuracy": 0.6622666666666666, "max accuracy": 0.6666666666666666, "mean kappa": 0.49340000000000006, "max kappa": 0.49999999999999994}