{"mean accuracy": 0.6188666666666666, "max accuracy": 0.8866666666666666, "mean kappa": 0.42829999999999996, "max kappa": 0.8299999999999997}