{"MIN:log_loss.min": 0.3626492463977707, "MAX:log_loss.min": 0.5155095484659123, "MIN:log_loss.mean": 0.5799792643348595, "MAX:log_loss.mean": 0.7250814661851117, "MIN:log_loss.max": 1.1011770241182388, "MAX:log_loss.max": 6.741702486626404, "MIN:accuracy.min": 0.36666666666666664, "MAX:accuracy.min": 0.6, "MIN:accuracy.mean": 0.7742000000000001, "MAX:accuracy.mean": 0.8074000000000001, "MIN:accuracy.max": 0.9466666666666667, "MAX:accuracy.max": 0.9733333333333334, "MIN:kappa.min": 0.050000000000000044, "MAX:kappa.min": 0.4, "MIN:kappa.mean": 0.6612999999999998, "MAX:kappa.mean": 0.7111, "MIN:kappa.max": 0.92, "MAX:kappa.max": 0.96}