{"MIN:log_loss.min": 0.09800524381097335, "MAX:log_loss.min": 0.1450177843001831, "MIN:log_loss.mean": 0.24835258995489412, "MAX:log_loss.mean": 0.32522682407778963, "MIN:log_loss.max": 0.8457409969991877, "MAX:log_loss.max": 0.8941282282364951, "MIN:accuracy.min": 0.78, "MAX:accuracy.min": 0.9266666666666666, "MIN:accuracy.mean": 0.9420666666666665, "MAX:accuracy.mean": 0.9522000000000002, "MIN:accuracy.max": 0.9533333333333334, "MAX:accuracy.max": 0.9666666666666667, "MIN:kappa.min": 0.6699999999999999, "MAX:kappa.min": 0.89, "MIN:kappa.mean": 0.9131000000000001, "MAX:kappa.mean": 0.9283000000000001, "MIN:kappa.max": 0.9299999999999999, "MAX:kappa.max": 0.95}