{"MIN:log_loss.min": 0.14902593447371013, "MAX:log_loss.min": 0.1697531242465474, "MIN:log_loss.mean": 0.39348199923538196, "MAX:log_loss.mean": 1.005917544625573, "MIN:log_loss.max": 5.065687204673167, "MAX:log_loss.max": 33.15722554194127, "MIN:accuracy.min": 0.04, "MAX:accuracy.min": 0.6866666666666666, "MIN:accuracy.mean": 0.8881999999999999, "MAX:accuracy.mean": 0.9139333333333333, "MIN:accuracy.max": 0.96, "MAX:accuracy.max": 0.9666666666666667, "MIN:kappa.min": -0.4399999999999997, "MAX:kappa.min": 0.53, "MIN:kappa.mean": 0.8323000000000002, "MAX:kappa.mean": 0.8708999999999999, "MIN:kappa.max": 0.94, "MAX:kappa.max": 0.95}