{"MIN:log_loss.min": 0.8528006120506492, "MAX:log_loss.min": 0.9556615292619006, "MIN:log_loss.mean": 1.1284118952841664, "MAX:log_loss.mean": 1.1349395918509364, "MIN:log_loss.max": 1.3629428685692642, "MAX:log_loss.max": 1.4735931282000165, "MIN:accuracy.min": 0.0, "MAX:accuracy.min": 0.08, "MIN:accuracy.mean": 0.3571333333333333, "MAX:accuracy.mean": 0.3718666666666667, "MIN:accuracy.max": 0.5866666666666667, "MAX:accuracy.max": 0.6666666666666666, "MIN:kappa.min": -0.5, "MAX:kappa.min": -0.3799999999999999, "MIN:kappa.mean": 0.035699999999999975, "MAX:kappa.mean": 0.05779999999999999, "MIN:kappa.max": 0.3800000000000001, "MAX:kappa.max": 0.5}