{"MIN:log_loss.min": 0.4332796748024817, "MAX:log_loss.min": 0.48551589883278334, "MIN:log_loss.mean": 0.66696221418982, "MAX:log_loss.mean": 1.1260819799574937, "MIN:log_loss.max": 1.1938071804942474, "MAX:log_loss.max": 4.044436506700009, "MIN:accuracy.min": 0.3466666666666667, "MAX:accuracy.min": 0.5866666666666667, "MIN:accuracy.mean": 0.7747333333333333, "MAX:accuracy.mean": 0.8155333333333334, "MIN:accuracy.max": 0.96, "MAX:accuracy.max": 0.96, "MIN:kappa.min": 0.020000000000000018, "MAX:kappa.min": 0.38, "MIN:kappa.mean": 0.6621000000000001, "MAX:kappa.mean": 0.7232999999999999, "MIN:kappa.max": 0.9400000000000001, "MAX:kappa.max": 0.9400000000000001}