{"MIN:log_loss.min": 0.1995776658406123, "MAX:log_loss.min": 0.5742619906222608, "MIN:log_loss.mean": 0.6027617996538439, "MAX:log_loss.mean": 0.7619748911310638, "MIN:log_loss.max": 1.097106866198695, "MAX:log_loss.max": 1.271063132904469, "MIN:accuracy.min": 0.04, "MAX:accuracy.min": 0.3333333333333333, "MIN:accuracy.mean": 0.7269333333333333, "MAX:accuracy.mean": 0.7888, "MIN:accuracy.max": 0.9533333333333334, "MAX:accuracy.max": 0.96, "MIN:kappa.min": -0.4399999999999997, "MAX:kappa.min": 0.0, "MIN:kappa.mean": 0.5904, "MAX:kappa.mean": 0.6831999999999999, "MIN:kappa.max": 0.9299999999999999, "MAX:kappa.max": 0.9400000000000001}