{"MIN:log_loss.min": 0.1110051636880728, "MAX:log_loss.min": 0.16358586754634294, "MIN:log_loss.mean": 0.6225348655302773, "MAX:log_loss.mean": 0.6414543761323631, "MIN:log_loss.max": 4.459676845269718, "MAX:log_loss.max": 4.642062770960792, "MIN:accuracy.min": 0.3333333333333333, "MAX:accuracy.min": 0.3333333333333333, "MIN:accuracy.mean": 0.7038666666666669, "MAX:accuracy.mean": 0.7127333333333334, "MIN:accuracy.max": 0.94, "MAX:accuracy.max": 0.96, "MIN:kappa.min": -2.220446049250313e-16, "MAX:kappa.min": 0.0, "MIN:kappa.mean": 0.5558000000000001, "MAX:kappa.mean": 0.5691000000000002, "MIN:kappa.max": 0.91, "MAX:kappa.max": 0.9400000000000001}