{"MIN:log_loss.min": 0.18911145549997396, "MAX:log_loss.min": 0.2593255636640074, "MIN:log_loss.mean": 0.46527774861698346, "MAX:log_loss.mean": 0.49633407472409635, "MIN:log_loss.max": 1.1399317551957409, "MAX:log_loss.max": 1.154617459118291, "MIN:accuracy.min": 0.3333333333333333, "MAX:accuracy.min": 0.3333333333333333, "MIN:accuracy.mean": 0.8605333333333333, "MAX:accuracy.mean": 0.8850666666666668, "MIN:accuracy.max": 0.96, "MAX:accuracy.max": 0.96, "MIN:kappa.min": 0.0, "MAX:kappa.min": 0.0, "MIN:kappa.mean": 0.7907999999999998, "MAX:kappa.mean": 0.8275999999999999, "MIN:kappa.max": 0.94, "MAX:kappa.max": 0.9400000000000001}