{"MIN:log_loss.min": 0.1224945482937286, "MAX:log_loss.min": 0.1646617129323713, "MIN:log_loss.mean": 0.3154270568818064, "MAX:log_loss.mean": 0.39674563437828914, "MIN:log_loss.max": 1.9002391116852102, "MAX:log_loss.max": 8.09396130111032, "MIN:accuracy.min": 0.6666666666666666, "MAX:accuracy.min": 0.6666666666666666, "MIN:accuracy.mean": 0.9153333333333334, "MAX:accuracy.mean": 0.9453333333333331, "MIN:accuracy.max": 0.96, "MAX:accuracy.max": 0.96, "MIN:kappa.min": 0.5, "MAX:kappa.min": 0.5, "MIN:kappa.mean": 0.873, "MAX:kappa.mean": 0.9179999999999998, "MIN:kappa.max": 0.94, "MAX:kappa.max": 0.9400000000000001}