{"MIN:log_loss.min": 0.5735269496707838, "MAX:log_loss.min": 1.1132697487499517, "MIN:log_loss.mean": 0.8312302353122039, "MAX:log_loss.mean": 1.164085084103604, "MIN:log_loss.max": 1.1945046358117632, "MAX:log_loss.max": 3.321085959762572, "MIN:accuracy.min": 0.2866666666666667, "MAX:accuracy.min": 0.6666666666666666, "MIN:accuracy.mean": 0.6428, "MAX:accuracy.mean": 0.7345333333333334, "MIN:accuracy.max": 0.6666666666666666, "MAX:accuracy.max": 0.96, "MIN:kappa.min": -0.07000000000000006, "MAX:kappa.min": 0.5, "MIN:kappa.mean": 0.46419999999999995, "MAX:kappa.mean": 0.6018, "MIN:kappa.max": 0.5, "MAX:kappa.max": 0.9400000000000001}