{"MIN:log_loss.min": 0.3307009086414695, "MAX:log_loss.min": 0.5493116694772265, "MIN:log_loss.mean": 0.43381358366519585, "MAX:log_loss.mean": 0.580078017359649, "MIN:log_loss.max": 0.729145422923493, "MAX:log_loss.max": 0.8104205175095718, "MIN:accuracy.min": 0.6666666666666666, "MAX:accuracy.min": 0.7533333333333333, "MIN:accuracy.mean": 0.9319999999999999, "MAX:accuracy.mean": 0.9417333333333338, "MIN:accuracy.max": 0.9466666666666667, "MAX:accuracy.max": 0.9733333333333334, "MIN:kappa.min": 0.5, "MAX:kappa.min": 0.63, "MIN:kappa.mean": 0.898, "MAX:kappa.mean": 0.9126000000000002, "MIN:kappa.max": 0.92, "MAX:kappa.max": 0.96}