{"MIN:log_loss.min": 0.4681632676320521, "MAX:log_loss.min": 0.6055139716043015, "MIN:log_loss.mean": 3.8303950937313815, "MAX:log_loss.mean": 6.814644084219514, "MIN:log_loss.max": 15.233014601454837, "MAX:log_loss.max": 23.025850929940454, "MIN:accuracy.min": 0.3333333333333333, "MAX:accuracy.min": 0.3333333333333333, "MIN:accuracy.mean": 0.6365999999999999, "MAX:accuracy.mean": 0.6653333333333333, "MIN:accuracy.max": 0.9, "MAX:accuracy.max": 0.96, "MIN:kappa.min": -2.220446049250313e-16, "MAX:kappa.min": 1.1102230246251565e-16, "MIN:kappa.mean": 0.4549, "MAX:kappa.mean": 0.498, "MIN:kappa.max": 0.85, "MAX:kappa.max": 0.9400000000000001}