{"MIN:log_loss.min": 0.1400107367123967, "MAX:log_loss.min": 0.1955946792647291, "MIN:log_loss.mean": 0.3199420312662332, "MAX:log_loss.mean": 0.4009069136721813, "MIN:log_loss.max": 0.9976900202661738, "MAX:log_loss.max": 1.0314482712983235, "MIN:accuracy.min": 0.3333333333333333, "MAX:accuracy.min": 0.3333333333333333, "MIN:accuracy.mean": 0.8866000000000003, "MAX:accuracy.mean": 0.9203333333333336, "MIN:accuracy.max": 0.9533333333333334, "MAX:accuracy.max": 0.96, "MIN:kappa.min": 0.0, "MAX:kappa.min": 0.0, "MIN:kappa.mean": 0.8299000000000001, "MAX:kappa.mean": 0.8805, "MIN:kappa.max": 0.9299999999999999, "MAX:kappa.max": 0.94}