{"MIN:log_loss.min": 0.20642741459348932, "MAX:log_loss.min": 0.35034040905093533, "MIN:log_loss.mean": 0.4534412869530888, "MAX:log_loss.mean": 0.5665209656011073, "MIN:log_loss.max": 0.9139281944718323, "MAX:log_loss.max": 1.6170243676611558, "MIN:accuracy.min": 0.3333333333333333, "MAX:accuracy.min": 0.6066666666666667, "MIN:accuracy.mean": 0.8034, "MAX:accuracy.mean": 0.8613333333333334, "MIN:accuracy.max": 0.8933333333333333, "MAX:accuracy.max": 0.9466666666666667, "MIN:kappa.min": -2.220446049250313e-16, "MAX:kappa.min": 0.41000000000000003, "MIN:kappa.mean": 0.7051000000000001, "MAX:kappa.mean": 0.792, "MIN:kappa.max": 0.84, "MAX:kappa.max": 0.92}