{"MIN:log_loss.min": 0.6995185012928027, "MAX:log_loss.min": 0.9420790673661595, "MIN:log_loss.mean": 0.8952808555696802, "MAX:log_loss.mean": 1.0139232191787901, "MIN:log_loss.max": 1.1216590268177016, "MAX:log_loss.max": 1.2089150066737422, "MIN:accuracy.min": 0.0, "MAX:accuracy.min": 0.3333333333333333, "MIN:accuracy.mean": 0.5840666666666666, "MAX:accuracy.mean": 0.6084666666666667, "MIN:accuracy.max": 0.6666666666666666, "MAX:accuracy.max": 0.82, "MIN:kappa.min": -0.4999999999999998, "MAX:kappa.min": 0.0, "MIN:kappa.mean": 0.37610000000000005, "MAX:kappa.mean": 0.4127, "MIN:kappa.max": 0.5, "MAX:kappa.max": 0.73}