{"MIN:log_loss.min": 0.6077733516638311, "MAX:log_loss.min": 0.6077733516638311, "MIN:log_loss.mean": 0.7119519582355841, "MAX:log_loss.mean": 0.7119519582355841, "MIN:log_loss.max": 0.9701046235406534, "MAX:log_loss.max": 0.9701046235406534, "MIN:accuracy.min": 0.5466666666666666, "MAX:accuracy.min": 0.5466666666666666, "MIN:accuracy.mean": 0.9060000000000001, "MAX:accuracy.mean": 0.9060000000000001, "MIN:accuracy.max": 0.9533333333333334, "MAX:accuracy.max": 0.9533333333333334, "MIN:kappa.min": 0.31999999999999995, "MAX:kappa.min": 0.31999999999999995, "MIN:kappa.mean": 0.8590000000000002, "MAX:kappa.mean": 0.8590000000000002, "MIN:kappa.max": 0.9299999999999999, "MAX:kappa.max": 0.9299999999999999}