{"MIN:log_loss.min": 0.3908987146580009, "MAX:log_loss.min": 0.4473914079573209, "MIN:log_loss.mean": 0.5327405029735469, "MAX:log_loss.mean": 0.6674988311294237, "MIN:log_loss.max": 1.9398926574842619, "MAX:log_loss.max": 9.171973914905058, "MIN:accuracy.min": 0.4066666666666667, "MAX:accuracy.min": 0.62, "MIN:accuracy.mean": 0.8601333333333331, "MAX:accuracy.mean": 0.8912666666666667, "MIN:accuracy.max": 0.9466666666666667, "MAX:accuracy.max": 0.96, "MIN:kappa.min": 0.10999999999999999, "MAX:kappa.min": 0.43000000000000005, "MIN:kappa.mean": 0.7902000000000001, "MAX:kappa.mean": 0.8369, "MIN:kappa.max": 0.92, "MAX:kappa.max": 0.9400000000000001}