{"MIN:log_loss.min": 0.6736783606383032, "MAX:log_loss.min": 0.6948384664592256, "MIN:log_loss.mean": 0.8354364881771389, "MAX:log_loss.mean": 0.858881868869497, "MIN:log_loss.max": 1.0710855355774243, "MAX:log_loss.max": 1.09448360669849, "MIN:accuracy.min": 0.44, "MAX:accuracy.min": 0.4866666666666667, "MIN:accuracy.mean": 0.8589999999999999, "MAX:accuracy.mean": 0.8631999999999997, "MIN:accuracy.max": 0.9533333333333334, "MAX:accuracy.max": 0.96, "MIN:kappa.min": 0.15999999999999992, "MAX:kappa.min": 0.22999999999999998, "MIN:kappa.mean": 0.7885, "MAX:kappa.mean": 0.7948000000000001, "MIN:kappa.max": 0.9299999999999999, "MAX:kappa.max": 0.94}