{"mean accuracy": 0.6635333333333335, "max accuracy": 0.6666666666666666, "mean kappa": 0.49529999999999996, "max kappa": 0.5}