{"MIN:log_loss.min": 0.07528962289878982, "MAX:log_loss.min": 0.10583495547910725, "MIN:log_loss.mean": 0.2022660676050571, "MAX:log_loss.mean": 0.3217867435539254, "MIN:log_loss.max": 0.7131709843760337, "MAX:log_loss.max": 1.7371846311601415, "MIN:accuracy.min": 0.8533333333333334, "MAX:accuracy.min": 0.9466666666666667, "MIN:accuracy.mean": 0.9601999999999998, "MAX:accuracy.mean": 0.9676666666666667, "MIN:accuracy.max": 0.9733333333333334, "MAX:accuracy.max": 0.9733333333333334, "MIN:kappa.min": 0.78, "MAX:kappa.min": 0.92, "MIN:kappa.mean": 0.9402999999999997, "MAX:kappa.mean": 0.9514999999999999, "MIN:kappa.max": 0.96, "MAX:kappa.max": 0.96}