{"mean accuracy": 0.8917333333333333, "max accuracy": 0.9666666666666666, "mean kappa": 0.8376, "max kappa": 0.9499999999999998}