{"MIN:log_loss.min": 0.46220942315186825, "MAX:log_loss.min": 0.928966514315083, "MIN:log_loss.mean": 0.6532093997784115, "MAX:log_loss.mean": 1.0043584824648237, "MIN:log_loss.max": 1.0986119473955689, "MAX:log_loss.max": 1.0986121664671071, "MIN:accuracy.min": 0.38, "MAX:accuracy.min": 0.6666666666666666, "MIN:accuracy.mean": 0.6614666666666666, "MAX:accuracy.mean": 0.6960666666666668, "MIN:accuracy.max": 0.6666666666666666, "MAX:accuracy.max": 0.9, "MIN:kappa.min": 0.06999999999999995, "MAX:kappa.min": 0.5, "MIN:kappa.mean": 0.4922000000000001, "MAX:kappa.mean": 0.5440999999999999, "MIN:kappa.max": 0.5, "MAX:kappa.max": 0.85}