{"MIN:log_loss.min": 0.1161798668985692, "MAX:log_loss.min": 0.21044558864282958, "MIN:log_loss.mean": 0.4202977214323685, "MAX:log_loss.mean": 0.6397309418850172, "MIN:log_loss.max": 0.9743500156004461, "MAX:log_loss.max": 7.238309393043197, "MIN:accuracy.min": 0.6066666666666667, "MAX:accuracy.min": 0.7666666666666667, "MIN:accuracy.mean": 0.8878, "MAX:accuracy.mean": 0.9431333333333335, "MIN:accuracy.max": 0.9466666666666667, "MAX:accuracy.max": 0.96, "MIN:kappa.min": 0.41000000000000003, "MAX:kappa.min": 0.65, "MIN:kappa.mean": 0.8317, "MAX:kappa.mean": 0.9147, "MIN:kappa.max": 0.92, "MAX:kappa.max": 0.94}