{"MIN:log_loss.min": 0.0932640909084063, "MAX:log_loss.min": 0.10576357567994608, "MIN:log_loss.mean": 0.28431037998163494, "MAX:log_loss.mean": 0.42679959231787407, "MIN:log_loss.max": 0.9936330490959525, "MAX:log_loss.max": 4.906656922622076, "MIN:accuracy.min": 0.44, "MAX:accuracy.min": 0.5866666666666667, "MIN:accuracy.mean": 0.9245333333333332, "MAX:accuracy.mean": 0.9443333333333331, "MIN:accuracy.max": 0.96, "MAX:accuracy.max": 0.9666666666666667, "MIN:kappa.min": 0.16000000000000003, "MAX:kappa.min": 0.38, "MIN:kappa.mean": 0.8868, "MAX:kappa.mean": 0.9164999999999998, "MIN:kappa.max": 0.9400000000000001, "MAX:kappa.max": 0.95}