{"MIN:log_loss.min": 0.24410962133692854, "MAX:log_loss.min": 0.4412167544121298, "MIN:log_loss.mean": 0.6305982296728363, "MAX:log_loss.mean": 0.8690439371711645, "MIN:log_loss.max": 2.668664590140005, "MAX:log_loss.max": 23.025850929940454, "MIN:accuracy.min": 0.04, "MAX:accuracy.min": 0.38666666666666666, "MIN:accuracy.mean": 0.6759333333333335, "MAX:accuracy.mean": 0.7484666666666666, "MIN:accuracy.max": 0.9466666666666667, "MAX:accuracy.max": 0.96, "MIN:kappa.min": -0.44000000000000017, "MAX:kappa.min": 0.07999999999999996, "MIN:kappa.mean": 0.5139, "MAX:kappa.mean": 0.6226999999999999, "MIN:kappa.max": 0.92, "MAX:kappa.max": 0.9400000000000001}