{"MIN:log_loss.min": 0.20714489264034494, "MAX:log_loss.min": 0.3572555472535082, "MIN:log_loss.mean": 0.541989544974074, "MAX:log_loss.mean": 0.6133970349378414, "MIN:log_loss.max": 1.0592174633794014, "MAX:log_loss.max": 1.128272329154684, "MIN:accuracy.min": 0.56, "MAX:accuracy.min": 0.66, "MIN:accuracy.mean": 0.8510000000000001, "MAX:accuracy.mean": 0.8671333333333334, "MIN:accuracy.max": 0.96, "MAX:accuracy.max": 0.9666666666666667, "MIN:kappa.min": 0.33999999999999997, "MAX:kappa.min": 0.49, "MIN:kappa.mean": 0.7765000000000001, "MAX:kappa.mean": 0.8007000000000001, "MIN:kappa.max": 0.9400000000000001, "MAX:kappa.max": 0.95}