{"MIN:log_loss.min": 0.22764641296355326, "MAX:log_loss.min": 0.8284953757663247, "MIN:log_loss.mean": 0.8285929455455249, "MAX:log_loss.mean": 1.5540615584794415, "MIN:log_loss.max": 1.0986122886681096, "MAX:log_loss.max": 3.8343099983081115, "MIN:accuracy.min": 0.3333333333333333, "MAX:accuracy.min": 0.6066666666666667, "MIN:accuracy.mean": 0.5402000000000001, "MAX:accuracy.mean": 0.6720666666666668, "MIN:accuracy.max": 0.9133333333333333, "MAX:accuracy.max": 0.96, "MIN:kappa.min": 0.0, "MAX:kappa.min": 0.41000000000000003, "MIN:kappa.mean": 0.3103, "MAX:kappa.mean": 0.5081, "MIN:kappa.max": 0.87, "MAX:kappa.max": 0.9400000000000001}