{"MIN:log_loss.min": 0.168123619273989, "MAX:log_loss.min": 0.6472233967416622, "MIN:log_loss.mean": 1.8306107996412675, "MAX:log_loss.mean": 6.267592057180505, "MIN:log_loss.max": 7.318402071709911, "MAX:log_loss.max": 11.801808475421034, "MIN:accuracy.min": 0.3333333333333333, "MAX:accuracy.min": 0.3333333333333333, "MIN:accuracy.mean": 0.5639333333333334, "MAX:accuracy.mean": 0.649, "MIN:accuracy.max": 0.9466666666666667, "MAX:accuracy.max": 0.96, "MIN:kappa.min": 0.0, "MAX:kappa.min": 0.0, "MIN:kappa.mean": 0.34590000000000004, "MAX:kappa.mean": 0.47350000000000003, "MIN:kappa.max": 0.92, "MAX:kappa.max": 0.9400000000000001}