{"MIN:log_loss.min": 0.9085360862998398, "MAX:log_loss.min": 0.9484664342135268, "MIN:log_loss.mean": 0.9810439018653528, "MAX:log_loss.mean": 1.0164060376093846, "MIN:log_loss.max": 1.1248241535549781, "MAX:log_loss.max": 1.285554889624315, "MIN:accuracy.min": 0.3333333333333333, "MAX:accuracy.min": 0.3333333333333333, "MIN:accuracy.mean": 0.5276000000000001, "MAX:accuracy.mean": 0.6325333333333334, "MIN:accuracy.max": 0.6666666666666666, "MAX:accuracy.max": 0.6666666666666666, "MIN:kappa.min": -2.220446049250313e-16, "MAX:kappa.min": 0.0, "MIN:kappa.mean": 0.2914, "MAX:kappa.mean": 0.4488, "MIN:kappa.max": 0.5, "MAX:kappa.max": 0.5}