{"MIN:log_loss.min": 0.09946911052900989, "MAX:log_loss.min": 0.13122993868632388, "MIN:log_loss.mean": 0.29113091702286187, "MAX:log_loss.mean": 0.3140491394107297, "MIN:log_loss.max": 0.86547684684553, "MAX:log_loss.max": 0.899101303730644, "MIN:accuracy.min": 0.6133333333333333, "MAX:accuracy.min": 0.68, "MIN:accuracy.mean": 0.9498666666666666, "MAX:accuracy.mean": 0.9573333333333331, "MIN:accuracy.max": 0.9733333333333334, "MAX:accuracy.max": 0.9733333333333334, "MIN:kappa.min": 0.42000000000000004, "MAX:kappa.min": 0.52, "MIN:kappa.mean": 0.9248000000000002, "MAX:kappa.mean": 0.9359999999999999, "MIN:kappa.max": 0.96, "MAX:kappa.max": 0.96}