{"MIN:log_loss.min": 0.23689520799009595, "MAX:log_loss.min": 0.2618283068530504, "MIN:log_loss.mean": 0.35363602391712656, "MAX:log_loss.mean": 0.40686263695359415, "MIN:log_loss.max": 1.2054500190204571, "MAX:log_loss.max": 1.4794197712840087, "MIN:accuracy.min": 0.4266666666666667, "MAX:accuracy.min": 0.66, "MIN:accuracy.mean": 0.9388666666666668, "MAX:accuracy.mean": 0.9466666666666668, "MIN:accuracy.max": 0.9533333333333334, "MAX:accuracy.max": 0.9666666666666667, "MIN:kappa.min": 0.14, "MAX:kappa.min": 0.49, "MIN:kappa.mean": 0.9083, "MAX:kappa.mean": 0.9200000000000002, "MIN:kappa.max": 0.9299999999999999, "MAX:kappa.max": 0.95}