{"MIN:log_loss.min": 0.46552876995066156, "MAX:log_loss.min": 0.48030760677333006, "MIN:log_loss.mean": 0.7235817924178178, "MAX:log_loss.mean": 0.7628179606970963, "MIN:log_loss.max": 1.1935313651088495, "MAX:log_loss.max": 1.1952877903311188, "MIN:accuracy.min": 0.17333333333333334, "MAX:accuracy.min": 0.3333333333333333, "MIN:accuracy.mean": 0.7067333333333334, "MAX:accuracy.mean": 0.721, "MIN:accuracy.max": 0.9, "MAX:accuracy.max": 0.94, "MIN:kappa.min": -0.2400000000000002, "MAX:kappa.min": -2.220446049250313e-16, "MIN:kappa.mean": 0.5601, "MAX:kappa.mean": 0.5815, "MIN:kappa.max": 0.85, "MAX:kappa.max": 0.91}