{"MIN:log_loss.min": 0.21409359453931226, "MAX:log_loss.min": 0.375837618997766, "MIN:log_loss.mean": 0.567862072438757, "MAX:log_loss.mean": 0.8407347616869048, "MIN:log_loss.max": 1.0991878743325951, "MAX:log_loss.max": 10.669214514475607, "MIN:accuracy.min": 0.04, "MAX:accuracy.min": 0.66, "MIN:accuracy.mean": 0.7233333333333333, "MAX:accuracy.mean": 0.7901999999999998, "MIN:accuracy.max": 0.96, "MAX:accuracy.max": 0.96, "MIN:kappa.min": -0.43999999999999995, "MAX:kappa.min": 0.49, "MIN:kappa.mean": 0.585, "MAX:kappa.mean": 0.6853, "MIN:kappa.max": 0.9400000000000001, "MAX:kappa.max": 0.9400000000000001}