{"MIN:log_loss.min": 0.4480953526444379, "MAX:log_loss.min": 0.5371635246000348, "MIN:log_loss.mean": 0.7145296308665006, "MAX:log_loss.mean": 0.7408510878600545, "MIN:log_loss.max": 1.1234530531132243, "MAX:log_loss.max": 1.2173966572229324, "MIN:accuracy.min": 0.3333333333333333, "MAX:accuracy.min": 0.62, "MIN:accuracy.mean": 0.6943333333333334, "MAX:accuracy.mean": 0.7343999999999999, "MIN:accuracy.max": 0.9133333333333333, "MAX:accuracy.max": 0.96, "MIN:kappa.min": -2.220446049250313e-16, "MAX:kappa.min": 0.43000000000000005, "MIN:kappa.mean": 0.5415000000000001, "MAX:kappa.mean": 0.6015999999999999, "MIN:kappa.max": 0.87, "MAX:kappa.max": 0.9400000000000001}