{"MIN:log_loss.min": 0.16133223580690292, "MAX:log_loss.min": 0.19962077736053696, "MIN:log_loss.mean": 0.4862651331946186, "MAX:log_loss.mean": 0.549191492300659, "MIN:log_loss.max": 1.0923920024676101, "MAX:log_loss.max": 1.0934764012859184, "MIN:accuracy.min": 0.5066666666666667, "MAX:accuracy.min": 0.66, "MIN:accuracy.mean": 0.7897333333333333, "MAX:accuracy.mean": 0.8038, "MIN:accuracy.max": 0.9266666666666666, "MAX:accuracy.max": 0.9533333333333334, "MIN:kappa.min": 0.26, "MAX:kappa.min": 0.49, "MIN:kappa.mean": 0.6846000000000001, "MAX:kappa.mean": 0.7056999999999999, "MIN:kappa.max": 0.89, "MAX:kappa.max": 0.9299999999999999}