{"MIN:log_loss.min": 0.47874222572802333, "MAX:log_loss.min": 0.6064371332747402, "MIN:log_loss.mean": 3.4391707624136467, "MAX:log_loss.mean": 6.126271624713728, "MIN:log_loss.max": 12.881000872492393, "MAX:log_loss.max": 17.511964764647477, "MIN:accuracy.min": 0.3333333333333333, "MAX:accuracy.min": 0.36666666666666664, "MIN:accuracy.mean": 0.6297333333333335, "MAX:accuracy.mean": 0.6770666666666666, "MIN:accuracy.max": 0.9, "MAX:accuracy.max": 0.96, "MIN:kappa.min": -2.220446049250313e-16, "MAX:kappa.min": 0.050000000000000044, "MIN:kappa.mean": 0.4446, "MAX:kappa.mean": 0.5156000000000001, "MIN:kappa.max": 0.85, "MAX:kappa.max": 0.9400000000000001}