{"mean accuracy": 0.6447333333333333, "max accuracy": 0.6666666666666666, "mean kappa": 0.4670999999999998, "max kappa": 0.49999999999999994}