{"MIN:log_loss.min": 0.3172916169571797, "MAX:log_loss.min": 0.4848764047994412, "MIN:log_loss.mean": 3.4506945705280647, "MAX:log_loss.mean": 5.964322638330412, "MIN:log_loss.max": 15.414231734430947, "MAX:log_loss.max": 22.810766674976893, "MIN:accuracy.min": 0.3333333333333333, "MAX:accuracy.min": 0.3333333333333333, "MIN:accuracy.mean": 0.6192666666666666, "MAX:accuracy.mean": 0.6571333333333332, "MIN:accuracy.max": 0.88, "MAX:accuracy.max": 0.96, "MIN:kappa.min": -2.220446049250313e-16, "MAX:kappa.min": 1.1102230246251565e-16, "MIN:kappa.mean": 0.4289, "MAX:kappa.mean": 0.4857, "MIN:kappa.max": 0.8200000000000001, "MAX:kappa.max": 0.9400000000000001}