{"MIN:log_loss.min": 0.49108317804045354, "MAX:log_loss.min": 0.6426088278401862, "MIN:log_loss.mean": 0.716806962079037, "MAX:log_loss.mean": 1.0205119663366171, "MIN:log_loss.max": 3.0760016622339674, "MAX:log_loss.max": 9.393777403454001, "MIN:accuracy.min": 0.3333333333333333, "MAX:accuracy.min": 0.43333333333333335, "MIN:accuracy.mean": 0.7138000000000001, "MAX:accuracy.mean": 0.8143333333333334, "MIN:accuracy.max": 0.8533333333333334, "MAX:accuracy.max": 0.96, "MIN:kappa.min": -2.220446049250313e-16, "MAX:kappa.min": 0.15000000000000002, "MIN:kappa.mean": 0.5707000000000001, "MAX:kappa.mean": 0.7215, "MIN:kappa.max": 0.78, "MAX:kappa.max": 0.9400000000000001}