{"MIN:log_loss.min": 0.2961710238617313, "MAX:log_loss.min": 0.3061226027892063, "MIN:log_loss.mean": 0.4924485631466313, "MAX:log_loss.mean": 0.7548381051899379, "MIN:log_loss.max": 0.9609890494355671, "MAX:log_loss.max": 7.003194952753956, "MIN:accuracy.min": 0.5466666666666666, "MAX:accuracy.min": 0.6666666666666666, "MIN:accuracy.mean": 0.8329333333333332, "MAX:accuracy.mean": 0.8606, "MIN:accuracy.max": 0.96, "MAX:accuracy.max": 0.96, "MIN:kappa.min": 0.31999999999999995, "MAX:kappa.min": 0.5, "MIN:kappa.mean": 0.7494000000000001, "MAX:kappa.mean": 0.7909, "MIN:kappa.max": 0.9400000000000001, "MAX:kappa.max": 0.9400000000000001}