{"mean accuracy": 0.5975999999999999, "max accuracy": 0.8533333333333333, "mean kappa": 0.39640000000000003, "max kappa": 0.7799999999999999}