{"MIN:log_loss.min": 0.08491187602060823, "MAX:log_loss.min": 0.13692709207404918, "MIN:log_loss.mean": 0.42429279931684183, "MAX:log_loss.mean": 0.47642996754419203, "MIN:log_loss.max": 1.1004500577601821, "MAX:log_loss.max": 1.100793548913582, "MIN:accuracy.min": 0.32, "MAX:accuracy.min": 0.32, "MIN:accuracy.mean": 0.8697999999999999, "MAX:accuracy.mean": 0.8862000000000002, "MIN:accuracy.max": 0.96, "MAX:accuracy.max": 0.9666666666666667, "MIN:kappa.min": -0.020000000000000018, "MAX:kappa.min": -0.020000000000000018, "MIN:kappa.mean": 0.8047, "MAX:kappa.mean": 0.8293, "MIN:kappa.max": 0.94, "MAX:kappa.max": 0.95}