{"MIN:log_loss.min": 0.3340046520530742, "MAX:log_loss.min": 0.4207062191681817, "MIN:log_loss.mean": 0.8164311838133814, "MAX:log_loss.mean": 0.9634261041532487, "MIN:log_loss.max": 1.7808854877972022, "MAX:log_loss.max": 4.369124924347368, "MIN:accuracy.min": 0.02666666666666667, "MAX:accuracy.min": 0.3333333333333333, "MIN:accuracy.mean": 0.5807333333333333, "MAX:accuracy.mean": 0.6155333333333334, "MIN:accuracy.max": 0.8866666666666667, "MAX:accuracy.max": 0.96, "MIN:kappa.min": -0.45999999999999996, "MAX:kappa.min": 0.0, "MIN:kappa.mean": 0.3711, "MAX:kappa.mean": 0.4233, "MIN:kappa.max": 0.83, "MAX:kappa.max": 0.9400000000000001}