{"MIN:log_loss.min": 0.26106845493025976, "MAX:log_loss.min": 0.4586185624439135, "MIN:log_loss.mean": 0.4693534397906364, "MAX:log_loss.mean": 0.5901197225028009, "MIN:log_loss.max": 0.8926629510255206, "MAX:log_loss.max": 3.4136196044264975, "MIN:accuracy.min": 0.41333333333333333, "MAX:accuracy.min": 0.66, "MIN:accuracy.mean": 0.7584666666666666, "MAX:accuracy.mean": 0.8678666666666666, "MIN:accuracy.max": 0.96, "MAX:accuracy.max": 0.96, "MIN:kappa.min": 0.12, "MAX:kappa.min": 0.49, "MIN:kappa.mean": 0.6377000000000002, "MAX:kappa.mean": 0.8018, "MIN:kappa.max": 0.9400000000000001, "MAX:kappa.max": 0.9400000000000001}