{"MIN:log_loss.min": 0.26929240321588577, "MAX:log_loss.min": 0.8139545692022522, "MIN:log_loss.mean": 0.7614534439039805, "MAX:log_loss.mean": 1.104127437393056, "MIN:log_loss.max": 1.091823795829323, "MAX:log_loss.max": 1.8158192646689941, "MIN:accuracy.min": 0.62, "MAX:accuracy.min": 0.6666666666666666, "MIN:accuracy.mean": 0.6666666666666669, "MAX:accuracy.mean": 0.6940000000000002, "MIN:accuracy.max": 0.6666666666666666, "MAX:accuracy.max": 0.9133333333333333, "MIN:kappa.min": 0.43000000000000005, "MAX:kappa.min": 0.5, "MIN:kappa.mean": 0.5, "MAX:kappa.mean": 0.5409999999999999, "MIN:kappa.max": 0.5, "MAX:kappa.max": 0.87}