{"MIN:log_loss.min": 0.39766626484098594, "MAX:log_loss.min": 0.8279421245401921, "MIN:log_loss.mean": 0.7844930368520108, "MAX:log_loss.mean": 1.0629760292246764, "MIN:log_loss.max": 1.1856433858171607, "MAX:log_loss.max": 2.1134901581966568, "MIN:accuracy.min": 0.04666666666666667, "MAX:accuracy.min": 0.6066666666666667, "MIN:accuracy.mean": 0.6388666666666667, "MAX:accuracy.mean": 0.7002666666666666, "MIN:accuracy.max": 0.9133333333333333, "MAX:accuracy.max": 0.9733333333333334, "MIN:kappa.min": -0.42999999999999994, "MAX:kappa.min": 0.41000000000000003, "MIN:kappa.mean": 0.45830000000000004, "MAX:kappa.mean": 0.5504000000000001, "MIN:kappa.max": 0.87, "MAX:kappa.max": 0.96}