{"MIN:log_loss.min": 0.5044339227207716, "MAX:log_loss.min": 0.6704063069971143, "MIN:log_loss.mean": 0.9657857309343642, "MAX:log_loss.mean": 1.0231736273806131, "MIN:log_loss.max": 1.2856863456418075, "MAX:log_loss.max": 1.4420266117381915, "MIN:accuracy.min": 0.08666666666666667, "MAX:accuracy.min": 0.25333333333333335, "MIN:accuracy.mean": 0.5264000000000001, "MAX:accuracy.mean": 0.5507333333333333, "MIN:accuracy.max": 0.8933333333333333, "MAX:accuracy.max": 0.96, "MIN:kappa.min": -0.3700000000000001, "MAX:kappa.min": -0.1200000000000001, "MIN:kappa.mean": 0.2896, "MAX:kappa.mean": 0.3261, "MIN:kappa.max": 0.84, "MAX:kappa.max": 0.9400000000000001}