{"MIN:log_loss.min": 0.22997549461822164, "MAX:log_loss.min": 0.4883573811787004, "MIN:log_loss.mean": 3.7890773832009366, "MAX:log_loss.mean": 7.72863136730116, "MIN:log_loss.max": 15.62945740937459, "MAX:log_loss.max": 23.200954141069435, "MIN:accuracy.min": 0.32666666666666666, "MAX:accuracy.min": 0.36666666666666664, "MIN:accuracy.mean": 0.6188, "MAX:accuracy.mean": 0.7326666666666668, "MIN:accuracy.max": 0.9466666666666667, "MAX:accuracy.max": 0.96, "MIN:kappa.min": -0.009999999999999787, "MAX:kappa.min": 0.050000000000000044, "MIN:kappa.mean": 0.4281999999999999, "MAX:kappa.mean": 0.599, "MIN:kappa.max": 0.92, "MAX:kappa.max": 0.9400000000000001}