{"MIN:log_loss.min": 0.5517147398155545, "MAX:log_loss.min": 0.7761787564225041, "MIN:log_loss.mean": 0.7421925000704188, "MAX:log_loss.mean": 0.8811787016048441, "MIN:log_loss.max": 0.9467207181296061, "MAX:log_loss.max": 1.1868054976053517, "MIN:accuracy.min": 0.4266666666666667, "MAX:accuracy.min": 0.6266666666666667, "MIN:accuracy.mean": 0.8443333333333333, "MAX:accuracy.mean": 0.8989999999999999, "MIN:accuracy.max": 0.96, "MAX:accuracy.max": 0.9666666666666667, "MIN:kappa.min": 0.14, "MAX:kappa.min": 0.43999999999999995, "MIN:kappa.mean": 0.7665000000000001, "MAX:kappa.mean": 0.8484999999999999, "MIN:kappa.max": 0.94, "MAX:kappa.max": 0.95}