{"MIN:log_loss.min": 0.34523213326370844, "MAX:log_loss.min": 0.60954292402134, "MIN:log_loss.mean": 1.0130632300258393, "MAX:log_loss.mean": 1.2265408363171781, "MIN:log_loss.max": 7.9630912382159025, "MAX:log_loss.max": 15.567333473474546, "MIN:accuracy.min": 0.3333333333333333, "MAX:accuracy.min": 0.3333333333333333, "MIN:accuracy.mean": 0.6528, "MAX:accuracy.mean": 0.7597333333333333, "MIN:accuracy.max": 0.86, "MAX:accuracy.max": 0.96, "MIN:kappa.min": 0.0, "MAX:kappa.min": 0.0, "MIN:kappa.mean": 0.4792, "MAX:kappa.mean": 0.6396000000000001, "MIN:kappa.max": 0.79, "MAX:kappa.max": 0.9400000000000001}