{"MIN:log_loss.min": 0.5373810922955163, "MAX:log_loss.min": 0.7684145168928821, "MIN:log_loss.mean": 0.9749437619202881, "MAX:log_loss.mean": 1.071170622482991, "MIN:log_loss.max": 1.2022106736187697, "MAX:log_loss.max": 1.555299512986311, "MIN:accuracy.min": 0.23333333333333334, "MAX:accuracy.min": 0.36666666666666664, "MIN:accuracy.mean": 0.5834666666666668, "MAX:accuracy.mean": 0.6311333333333333, "MIN:accuracy.max": 0.9133333333333333, "MAX:accuracy.max": 0.9666666666666667, "MIN:kappa.min": -0.1499999999999999, "MAX:kappa.min": 0.050000000000000044, "MIN:kappa.mean": 0.3752, "MAX:kappa.mean": 0.4466999999999999, "MIN:kappa.max": 0.87, "MAX:kappa.max": 0.95}