{"mean accuracy": 0.6594666666666669, "max accuracy": 0.7266666666666667, "mean kappa": 0.48919999999999997, "max kappa": 0.59}