{"MIN:log_loss.min": 0.7902260847224103, "MAX:log_loss.min": 0.827923781861345, "MIN:log_loss.mean": 0.8740414515840608, "MAX:log_loss.mean": 0.9403625845245303, "MIN:log_loss.max": 1.7705836030324602, "MAX:log_loss.max": 2.009225652722732, "MIN:accuracy.min": 0.3333333333333333, "MAX:accuracy.min": 0.56, "MIN:accuracy.mean": 0.6518666666666667, "MAX:accuracy.mean": 0.6828666666666666, "MIN:accuracy.max": 0.9133333333333333, "MAX:accuracy.max": 0.9666666666666667, "MIN:kappa.min": -2.220446049250313e-16, "MAX:kappa.min": 0.33999999999999997, "MIN:kappa.mean": 0.4778, "MAX:kappa.mean": 0.5243000000000001, "MIN:kappa.max": 0.87, "MAX:kappa.max": 0.95}