{"MIN:log_loss.min": 0.5998487634000778, "MAX:log_loss.min": 1.0634182990539893, "MIN:log_loss.mean": 0.7891490716505377, "MAX:log_loss.mean": 1.167315415147814, "MIN:log_loss.max": 0.9647022055452252, "MAX:log_loss.max": 1.994486263511528, "MIN:accuracy.min": 0.3333333333333333, "MAX:accuracy.min": 0.6666666666666666, "MIN:accuracy.mean": 0.6332666666666666, "MAX:accuracy.mean": 0.6666666666666669, "MIN:accuracy.max": 0.6666666666666666, "MAX:accuracy.max": 0.7933333333333333, "MIN:kappa.min": 0.0, "MAX:kappa.min": 0.5, "MIN:kappa.mean": 0.44989999999999997, "MAX:kappa.mean": 0.5, "MIN:kappa.max": 0.5, "MAX:kappa.max": 0.69}