{"mean accuracy": 0.9180666666666665, "max accuracy": 0.96, "mean kappa": 0.8771000000000001, "max kappa": 0.94}