{"MIN:log_loss.min": 0.13136900289058132, "MAX:log_loss.min": 0.231719619251001, "MIN:log_loss.mean": 0.5402361653237597, "MAX:log_loss.mean": 0.6501471345308129, "MIN:log_loss.max": 1.0985766144001117, "MAX:log_loss.max": 1.0985944490749124, "MIN:accuracy.min": 0.3333333333333333, "MAX:accuracy.min": 0.5266666666666666, "MIN:accuracy.mean": 0.7934, "MAX:accuracy.mean": 0.8398, "MIN:accuracy.max": 0.96, "MAX:accuracy.max": 0.96, "MIN:kappa.min": 0.0, "MAX:kappa.min": 0.29000000000000004, "MIN:kappa.mean": 0.6901000000000002, "MAX:kappa.mean": 0.7597, "MIN:kappa.max": 0.9400000000000001, "MAX:kappa.max": 0.9400000000000001}