{"MIN:log_loss.min": 0.47227780330686764, "MAX:log_loss.min": 0.6824785476602823, "MIN:log_loss.mean": 0.6678778623220033, "MAX:log_loss.mean": 0.7449978755542673, "MIN:log_loss.max": 0.9377916252097112, "MAX:log_loss.max": 1.0031739800907935, "MIN:accuracy.min": 0.3333333333333333, "MAX:accuracy.min": 0.6666666666666666, "MIN:accuracy.mean": 0.8342000000000003, "MAX:accuracy.mean": 0.8667999999999999, "MIN:accuracy.max": 0.96, "MAX:accuracy.max": 0.96, "MIN:kappa.min": 1.1102230246251565e-16, "MAX:kappa.min": 0.5, "MIN:kappa.mean": 0.7513000000000001, "MAX:kappa.mean": 0.8001999999999999, "MIN:kappa.max": 0.94, "MAX:kappa.max": 0.9400000000000001}