{"MIN:log_loss.min": 0.6659038285406407, "MAX:log_loss.min": 0.8501936574087054, "MIN:log_loss.mean": 0.8690625473335514, "MAX:log_loss.mean": 0.9239974277225858, "MIN:log_loss.max": 1.0940812722720537, "MAX:log_loss.max": 1.2856082010687115, "MIN:accuracy.min": 0.3333333333333333, "MAX:accuracy.min": 0.7466666666666667, "MIN:accuracy.mean": 0.6903333333333334, "MAX:accuracy.mean": 0.7599333333333333, "MIN:accuracy.max": 0.78, "MAX:accuracy.max": 0.96, "MIN:kappa.min": 0.0, "MAX:kappa.min": 0.62, "MIN:kappa.mean": 0.5355000000000001, "MAX:kappa.mean": 0.6398999999999999, "MIN:kappa.max": 0.6699999999999999, "MAX:kappa.max": 0.94}