{"MIN:log_loss.min": 0.20586814991917085, "MAX:log_loss.min": 0.41918071261395906, "MIN:log_loss.mean": 0.6651084265056934, "MAX:log_loss.mean": 0.6780941373194536, "MIN:log_loss.max": 1.1288398149372065, "MAX:log_loss.max": 1.2259749722298428, "MIN:accuracy.min": 0.09333333333333334, "MAX:accuracy.min": 0.3333333333333333, "MIN:accuracy.mean": 0.6143333333333334, "MAX:accuracy.mean": 0.6417333333333333, "MIN:accuracy.max": 0.82, "MAX:accuracy.max": 0.9533333333333334, "MIN:kappa.min": -0.3600000000000001, "MAX:kappa.min": 0.0, "MIN:kappa.mean": 0.42150000000000004, "MAX:kappa.mean": 0.46259999999999996, "MIN:kappa.max": 0.73, "MAX:kappa.max": 0.9299999999999999}