{"MIN:log_loss.min": 0.3061999083167166, "MAX:log_loss.min": 0.3321843001721919, "MIN:log_loss.mean": 0.7204823055756049, "MAX:log_loss.mean": 0.8038934742845163, "MIN:log_loss.max": 1.1780945689500304, "MAX:log_loss.max": 1.3509483892102176, "MIN:accuracy.min": 0.04, "MAX:accuracy.min": 0.16666666666666666, "MIN:accuracy.mean": 0.5484, "MAX:accuracy.mean": 0.6167333333333335, "MIN:accuracy.max": 0.9066666666666666, "MAX:accuracy.max": 0.96, "MIN:kappa.min": -0.44000000000000017, "MAX:kappa.min": -0.25, "MIN:kappa.mean": 0.3226, "MAX:kappa.mean": 0.42510000000000003, "MIN:kappa.max": 0.86, "MAX:kappa.max": 0.9400000000000001}