{"MIN:log_loss.min": 0.16382886671606106, "MAX:log_loss.min": 0.1743795937424752, "MIN:log_loss.mean": 0.44511181364275176, "MAX:log_loss.mean": 0.4591416878588269, "MIN:log_loss.max": 2.40273550572648, "MAX:log_loss.max": 2.4043434376708106, "MIN:accuracy.min": 0.6533333333333333, "MAX:accuracy.min": 0.6533333333333333, "MIN:accuracy.mean": 0.9571333333333333, "MAX:accuracy.mean": 0.9616666666666669, "MIN:accuracy.max": 0.9666666666666667, "MAX:accuracy.max": 0.9733333333333334, "MIN:kappa.min": 0.48, "MAX:kappa.min": 0.48, "MIN:kappa.mean": 0.9356999999999998, "MAX:kappa.mean": 0.9425, "MIN:kappa.max": 0.95, "MAX:kappa.max": 0.96}