{"MIN:log_loss.min": 0.11336288444739381, "MAX:log_loss.min": 0.2327852032747199, "MIN:log_loss.mean": 0.6347981074598847, "MAX:log_loss.mean": 1.4695918430247072, "MIN:log_loss.max": 1.0982849276001054, "MAX:log_loss.max": 5.944571524200361, "MIN:accuracy.min": 0.3333333333333333, "MAX:accuracy.min": 0.38, "MIN:accuracy.mean": 0.6808666666666667, "MAX:accuracy.mean": 0.7197333333333334, "MIN:accuracy.max": 0.96, "MAX:accuracy.max": 0.96, "MIN:kappa.min": 0.0, "MAX:kappa.min": 0.06999999999999995, "MIN:kappa.mean": 0.5212999999999999, "MAX:kappa.mean": 0.5796000000000001, "MIN:kappa.max": 0.94, "MAX:kappa.max": 0.9400000000000001}