{"MAX:log_loss.min": 0.7894819185247083, "ARGMAX:log_loss.min": [8, 393799], "MIN:log_loss.min": 0.7728985828089666, "ARGMIN:log_loss.min": [1, 395868], "MEAN:log_loss.min": 0.778685235647944, "MAX:log_loss.mean": 0.7894819185247086, "ARGMAX:log_loss.mean": [8, 393799], "MIN:log_loss.mean": 0.7728985828089666, "ARGMIN:log_loss.mean": [1, 395868], "MEAN:log_loss.mean": 0.7786852356479441, "MAX:log_loss.max": 0.7894819185247083, "ARGMAX:log_loss.max": [8, 393799], "MIN:log_loss.max": 0.7728985828089666, "ARGMIN:log_loss.max": [1, 395868], "MEAN:log_loss.max": 0.778685235647944, "MAX:accuracy.min": 0.782, "ARGMAX:accuracy.min": [0, 396807], "MIN:accuracy.min": 0.7719, "ARGMIN:accuracy.min": [9, 371924], "MEAN:accuracy.min": 0.7790900000000001, "MAX:accuracy.mean": 0.7819999999999999, "ARGMAX:accuracy.mean": [0, 396807], "MIN:accuracy.mean": 0.7719000000000003, "ARGMIN:accuracy.mean": [9, 371924], "MEAN:accuracy.mean": 0.7790900000000002, "MAX:accuracy.max": 0.782, "ARGMAX:accuracy.max": [0, 396807], "MIN:accuracy.max": 0.7719, "ARGMIN:accuracy.max": [9, 371924], "MEAN:accuracy.max": 0.7790900000000001, "MAX:kappa.min": 0.7576017266051251, "ARGMAX:kappa.min": [0, 396807], "MIN:kappa.min": 0.7464036428844314, "ARGMIN:kappa.min": [9, 371924], "MEAN:kappa.min": 0.7543700087257805, "MAX:kappa.mean": 0.7576017266051255, "ARGMAX:kappa.mean": [0, 396807], "MIN:kappa.mean": 0.7464036428844313, "ARGMIN:kappa.mean": [9, 371924], "MEAN:kappa.mean": 0.7543700087257805, "MAX:kappa.max": 0.7576017266051251, "ARGMAX:kappa.max": [0, 396807], "MIN:kappa.max": 0.7464036428844314, "ARGMIN:kappa.max": [9, 371924], "MEAN:kappa.max": 0.7543700087257805}