{"MIN:log_loss.min": 0.2552635687258112, "MAX:log_loss.min": 0.34986092451391004, "MIN:log_loss.mean": 0.62647226578209, "MAX:log_loss.mean": 0.6762871964294948, "MIN:log_loss.max": 1.1014807386945877, "MAX:log_loss.max": 1.2248119091088545, "MIN:accuracy.min": 0.06, "MAX:accuracy.min": 0.3333333333333333, "MIN:accuracy.mean": 0.6444, "MAX:accuracy.mean": 0.7111333333333333, "MIN:accuracy.max": 0.9333333333333333, "MAX:accuracy.max": 0.96, "MIN:kappa.min": -0.4099999999999997, "MAX:kappa.min": 0.0, "MIN:kappa.mean": 0.4666, "MAX:kappa.mean": 0.5667, "MIN:kappa.max": 0.9, "MAX:kappa.max": 0.9400000000000001}