{"MIN:log_loss.min": 0.06036983753404203, "MAX:log_loss.min": 0.1260294149922189, "MIN:log_loss.mean": 0.31272901209271553, "MAX:log_loss.mean": 1.070000222766726, "MIN:log_loss.max": 1.0428837803506164, "MAX:log_loss.max": 18.740348599419793, "MIN:accuracy.min": 0.3466666666666667, "MAX:accuracy.min": 0.6, "MIN:accuracy.mean": 0.8733999999999998, "MAX:accuracy.mean": 0.9044000000000001, "MIN:accuracy.max": 0.96, "MAX:accuracy.max": 0.98, "MIN:kappa.min": 0.020000000000000018, "MAX:kappa.min": 0.4, "MIN:kappa.mean": 0.8101000000000002, "MAX:kappa.mean": 0.8566000000000001, "MIN:kappa.max": 0.9400000000000001, "MAX:kappa.max": 0.97}