{"MIN:log_loss.min": 0.10770225129690307, "MAX:log_loss.min": 0.11354512069930481, "MIN:log_loss.mean": 0.5599588634578212, "MAX:log_loss.mean": 0.5705857649129775, "MIN:log_loss.max": 1.0986122745944098, "MAX:log_loss.max": 1.0989904432353974, "MIN:accuracy.min": 0.04666666666666667, "MAX:accuracy.min": 0.8266666666666667, "MIN:accuracy.mean": 0.8166666666666668, "MAX:accuracy.mean": 0.9242000000000001, "MIN:accuracy.max": 0.9666666666666667, "MAX:accuracy.max": 0.9733333333333334, "MIN:kappa.min": -0.42999999999999994, "MAX:kappa.min": 0.74, "MIN:kappa.mean": 0.7250000000000001, "MAX:kappa.mean": 0.8862999999999999, "MIN:kappa.max": 0.95, "MAX:kappa.max": 0.96}