{"MIN:log_loss.min": 0.5417919338155651, "MAX:log_loss.min": 0.7980589291767894, "MIN:log_loss.mean": 0.8441529009109917, "MAX:log_loss.mean": 1.5316200447991144, "MIN:log_loss.max": 1.2776792994404393, "MAX:log_loss.max": 11.270114741742288, "MIN:accuracy.min": 0.3333333333333333, "MAX:accuracy.min": 0.34, "MIN:accuracy.mean": 0.6595333333333335, "MAX:accuracy.mean": 0.7619999999999999, "MIN:accuracy.max": 0.9333333333333333, "MAX:accuracy.max": 0.9666666666666667, "MIN:kappa.min": -2.220446049250313e-16, "MAX:kappa.min": 0.010000000000000009, "MIN:kappa.mean": 0.48930000000000007, "MAX:kappa.mean": 0.643, "MIN:kappa.max": 0.9, "MAX:kappa.max": 0.95}