{"MIN:log_loss.min": 0.09234455215046354, "MAX:log_loss.min": 0.16302957608895008, "MIN:log_loss.mean": 0.34477460653525216, "MAX:log_loss.mean": 0.5052171590348629, "MIN:log_loss.max": 0.8810813954932557, "MAX:log_loss.max": 2.3621479345447427, "MIN:accuracy.min": 0.74, "MAX:accuracy.min": 0.94, "MIN:accuracy.mean": 0.9291333333333333, "MAX:accuracy.mean": 0.9539333333333334, "MIN:accuracy.max": 0.9533333333333334, "MAX:accuracy.max": 0.9666666666666667, "MIN:kappa.min": 0.61, "MAX:kappa.min": 0.91, "MIN:kappa.mean": 0.8937, "MAX:kappa.mean": 0.9308999999999998, "MIN:kappa.max": 0.9299999999999999, "MAX:kappa.max": 0.95}