{"MIN:log_loss.min": 0.9674189998740464, "MAX:log_loss.min": 1.0986129878123199, "MIN:log_loss.mean": 1.0036278685235898, "MAX:log_loss.mean": 1.1840098623948687, "MIN:log_loss.max": 1.0981556972283129, "MAX:log_loss.max": 1.288456428480843, "MIN:accuracy.min": 0.3333333333333333, "MAX:accuracy.min": 0.3333333333333333, "MIN:accuracy.mean": 0.3333333333333334, "MAX:accuracy.mean": 0.3333333333333334, "MIN:accuracy.max": 0.3333333333333333, "MAX:accuracy.max": 0.3333333333333333, "MIN:kappa.min": 0.0, "MAX:kappa.min": 0.0, "MIN:kappa.mean": 0.0, "MAX:kappa.mean": 0.0, "MIN:kappa.max": 0.0, "MAX:kappa.max": 0.0}