{"MIN:log_loss.min": 0.11016792085844533, "MAX:log_loss.min": 0.2133719269970067, "MIN:log_loss.mean": 0.31896670446161973, "MAX:log_loss.mean": 0.5552497305242946, "MIN:log_loss.max": 0.7829223750637464, "MAX:log_loss.max": 5.87280609385908, "MIN:accuracy.min": 0.5466666666666666, "MAX:accuracy.min": 0.9333333333333333, "MIN:accuracy.mean": 0.9515999999999997, "MAX:accuracy.mean": 0.9576666666666666, "MIN:accuracy.max": 0.96, "MAX:accuracy.max": 0.96, "MIN:kappa.min": 0.31999999999999995, "MAX:kappa.min": 0.9, "MIN:kappa.mean": 0.9273999999999997, "MAX:kappa.mean": 0.9364999999999998, "MIN:kappa.max": 0.94, "MAX:kappa.max": 0.9400000000000001}