{"mean accuracy": 0.7471999999999998, "max accuracy": 0.96, "mean kappa": 0.6207999999999998, "max kappa": 0.94}