{"MIN:log_loss.min": 0.7155923431284168, "MAX:log_loss.min": 1.0622730449924085, "MIN:log_loss.mean": 0.9385851320969308, "MAX:log_loss.mean": 1.6198804553160726, "MIN:log_loss.max": 1.071898951695747, "MAX:log_loss.max": 8.652493465871464, "MIN:accuracy.min": 0.3333333333333333, "MAX:accuracy.min": 0.6666666666666666, "MIN:accuracy.mean": 0.6624000000000001, "MAX:accuracy.mean": 0.7720666666666665, "MIN:accuracy.max": 0.6666666666666666, "MAX:accuracy.max": 0.96, "MIN:kappa.min": -2.220446049250313e-16, "MAX:kappa.min": 0.5, "MIN:kappa.mean": 0.4936, "MAX:kappa.mean": 0.6581, "MIN:kappa.max": 0.5, "MAX:kappa.max": 0.9400000000000001}