{"MIN:log_loss.min": 0.6830579902789456, "MAX:log_loss.min": 0.806926035874787, "MIN:log_loss.mean": 0.7855878826505276, "MAX:log_loss.mean": 1.0053809040577284, "MIN:log_loss.max": 1.0985822109494598, "MAX:log_loss.max": 1.133586435088178, "MIN:accuracy.min": 0.3333333333333333, "MAX:accuracy.min": 0.5733333333333334, "MIN:accuracy.mean": 0.5972, "MAX:accuracy.mean": 0.6554000000000002, "MIN:accuracy.max": 0.6666666666666666, "MAX:accuracy.max": 0.86, "MIN:kappa.min": -2.220446049250313e-16, "MAX:kappa.min": 0.36, "MIN:kappa.mean": 0.39580000000000004, "MAX:kappa.mean": 0.4831, "MIN:kappa.max": 0.5, "MAX:kappa.max": 0.79}