{"MIN:log_loss.min": 0.7079443228785811, "MAX:log_loss.min": 0.8122242561099727, "MIN:log_loss.mean": 0.9748082834449905, "MAX:log_loss.mean": 1.0525272286705223, "MIN:log_loss.max": 1.1028218865544628, "MAX:log_loss.max": 1.4142979267487263, "MIN:accuracy.min": 0.11333333333333333, "MAX:accuracy.min": 0.34, "MIN:accuracy.mean": 0.4322666666666666, "MAX:accuracy.mean": 0.634, "MIN:accuracy.max": 0.6666666666666666, "MAX:accuracy.max": 0.7866666666666666, "MIN:kappa.min": -0.33000000000000007, "MAX:kappa.min": 0.010000000000000009, "MIN:kappa.mean": 0.1484, "MAX:kappa.mean": 0.45099999999999996, "MIN:kappa.max": 0.5, "MAX:kappa.max": 0.6799999999999999}