{"MIN:log_loss.min": 0.1370089542951018, "MAX:log_loss.min": 0.25204229912652276, "MIN:log_loss.mean": 0.4992127150116667, "MAX:log_loss.mean": 1.0483317915727575, "MIN:log_loss.max": 3.692820588713195, "MAX:log_loss.max": 17.960163725353556, "MIN:accuracy.min": 0.48, "MAX:accuracy.min": 0.6666666666666666, "MIN:accuracy.mean": 0.8062, "MAX:accuracy.mean": 0.8365333333333334, "MIN:accuracy.max": 0.9333333333333333, "MAX:accuracy.max": 0.9666666666666667, "MIN:kappa.min": 0.21999999999999997, "MAX:kappa.min": 0.5, "MIN:kappa.mean": 0.7092999999999999, "MAX:kappa.mean": 0.7548, "MIN:kappa.max": 0.9, "MAX:kappa.max": 0.95}