{"MIN:log_loss.min": 0.5283538966892225, "MAX:log_loss.min": 0.6937677079604879, "MIN:log_loss.mean": 0.7564954243752645, "MAX:log_loss.mean": 3.121901499684063, "MIN:log_loss.max": 1.1624224037971211, "MAX:log_loss.max": 12.650255892234009, "MIN:accuracy.min": 0.3333333333333333, "MAX:accuracy.min": 0.3333333333333333, "MIN:accuracy.mean": 0.7107333333333331, "MAX:accuracy.mean": 0.7428666666666666, "MIN:accuracy.max": 0.94, "MAX:accuracy.max": 0.96, "MIN:kappa.min": -2.220446049250313e-16, "MAX:kappa.min": 1.1102230246251565e-16, "MIN:kappa.mean": 0.5661, "MAX:kappa.mean": 0.6143000000000001, "MIN:kappa.max": 0.91, "MAX:kappa.max": 0.9400000000000001}