{"MIN:log_loss.min": 0.4309015208768042, "MAX:log_loss.min": 0.7196279657941649, "MIN:log_loss.mean": 0.7941896029419717, "MAX:log_loss.mean": 0.9024693370579413, "MIN:log_loss.max": 1.0985795749650447, "MAX:log_loss.max": 1.5699870860723428, "MIN:accuracy.min": 0.25333333333333335, "MAX:accuracy.min": 0.36666666666666664, "MIN:accuracy.mean": 0.6348666666666667, "MAX:accuracy.mean": 0.7049333333333336, "MIN:accuracy.max": 0.9, "MAX:accuracy.max": 0.96, "MIN:kappa.min": -0.1200000000000001, "MAX:kappa.min": 0.050000000000000044, "MIN:kappa.mean": 0.45230000000000004, "MAX:kappa.mean": 0.5574000000000001, "MIN:kappa.max": 0.85, "MAX:kappa.max": 0.9400000000000001}