{"MIN:log_loss.min": 0.8528006120506492, "MAX:log_loss.min": 0.9556615292619006, "MIN:log_loss.mean": 0.9810208576879781, "MAX:log_loss.mean": 1.1344559649206527, "MIN:log_loss.max": 1.285554889624315, "MAX:log_loss.max": 1.4735931282000165, "MIN:accuracy.min": 0.0, "MAX:accuracy.min": 0.3333333333333333, "MIN:accuracy.mean": 0.35753333333333337, "MAX:accuracy.mean": 0.5267333333333334, "MIN:accuracy.max": 0.5866666666666667, "MAX:accuracy.max": 0.6666666666666666, "MIN:kappa.min": -0.5, "MAX:kappa.min": 0.0, "MIN:kappa.mean": 0.03629999999999998, "MAX:kappa.mean": 0.2901, "MIN:kappa.max": 0.3800000000000001, "MAX:kappa.max": 0.5}