{"MIN:log_loss.min": 0.3517042819858988, "MAX:log_loss.min": 0.591878450293511, "MIN:log_loss.mean": 0.7431362269250128, "MAX:log_loss.mean": 0.8662078243021728, "MIN:log_loss.max": 1.0691002301747634, "MAX:log_loss.max": 2.348927399916146, "MIN:accuracy.min": 0.6666666666666666, "MAX:accuracy.min": 0.6666666666666666, "MIN:accuracy.mean": 0.8299333333333334, "MAX:accuracy.mean": 0.8882666666666666, "MIN:accuracy.max": 0.9533333333333334, "MAX:accuracy.max": 0.96, "MIN:kappa.min": 0.5, "MAX:kappa.min": 0.5, "MIN:kappa.mean": 0.7449000000000001, "MAX:kappa.mean": 0.8323999999999999, "MIN:kappa.max": 0.9299999999999999, "MAX:kappa.max": 0.9400000000000001}