{"MIN:log_loss.min": 0.5638645539150915, "MAX:log_loss.min": 0.7584982463530575, "MIN:log_loss.mean": 0.8896874651885015, "MAX:log_loss.mean": 1.144900742664669, "MIN:log_loss.max": 1.2219515235546299, "MAX:log_loss.max": 4.137785858293612, "MIN:accuracy.min": 0.3333333333333333, "MAX:accuracy.min": 0.3333333333333333, "MIN:accuracy.mean": 0.5227333333333333, "MAX:accuracy.mean": 0.5747333333333333, "MIN:accuracy.max": 0.6666666666666666, "MAX:accuracy.max": 0.8933333333333333, "MIN:kappa.min": 0.0, "MAX:kappa.min": 0.0, "MIN:kappa.mean": 0.2841, "MAX:kappa.mean": 0.3620999999999999, "MIN:kappa.max": 0.5, "MAX:kappa.max": 0.84}