{"MIN:log_loss.min": 0.34652321385562185, "MAX:log_loss.min": 0.6621553884291858, "MIN:log_loss.mean": 1.1755446662065152, "MAX:log_loss.mean": 7.263236370271046, "MIN:log_loss.max": 7.60013204075972, "MAX:log_loss.max": 23.025850929940454, "MIN:accuracy.min": 0.3333333333333333, "MAX:accuracy.min": 0.3333333333333333, "MIN:accuracy.mean": 0.5963333333333332, "MAX:accuracy.mean": 0.7232666666666667, "MIN:accuracy.max": 0.9466666666666667, "MAX:accuracy.max": 0.96, "MIN:kappa.min": -2.220446049250313e-16, "MAX:kappa.min": 1.1102230246251565e-16, "MIN:kappa.mean": 0.3945, "MAX:kappa.mean": 0.5849000000000001, "MIN:kappa.max": 0.92, "MAX:kappa.max": 0.9400000000000001}