{"MIN:log_loss.min": 0.5878381840065907, "MAX:log_loss.min": 0.721624798609782, "MIN:log_loss.mean": 0.8487330218031949, "MAX:log_loss.mean": 1.0690528848745984, "MIN:log_loss.max": 1.0962429459395013, "MAX:log_loss.max": 1.4654840542324628, "MIN:accuracy.min": 0.3333333333333333, "MAX:accuracy.min": 0.3333333333333333, "MIN:accuracy.mean": 0.5464666666666668, "MAX:accuracy.mean": 0.6028, "MIN:accuracy.max": 0.6666666666666666, "MAX:accuracy.max": 0.96, "MIN:kappa.min": -2.220446049250313e-16, "MAX:kappa.min": 0.0, "MIN:kappa.mean": 0.3197, "MAX:kappa.mean": 0.40419999999999995, "MIN:kappa.max": 0.5, "MAX:kappa.max": 0.9400000000000001}