{"MIN:log_loss.min": 0.47484272620234436, "MAX:log_loss.min": 0.5489283562700541, "MIN:log_loss.mean": 0.6235635315123802, "MAX:log_loss.mean": 0.7211085124963178, "MIN:log_loss.max": 1.0202216502681951, "MAX:log_loss.max": 1.0504396951478252, "MIN:accuracy.min": 0.56, "MAX:accuracy.min": 0.6666666666666666, "MIN:accuracy.mean": 0.7974000000000001, "MAX:accuracy.mean": 0.8244, "MIN:accuracy.max": 0.96, "MAX:accuracy.max": 0.96, "MIN:kappa.min": 0.33999999999999997, "MAX:kappa.min": 0.5, "MIN:kappa.mean": 0.6960999999999999, "MAX:kappa.mean": 0.7365999999999999, "MIN:kappa.max": 0.9400000000000001, "MAX:kappa.max": 0.9400000000000001}