{"MIN:log_loss.min": 0.6569633268571319, "MAX:log_loss.min": 0.8057605576575007, "MIN:log_loss.mean": 0.904733806922466, "MAX:log_loss.mean": 0.9725838371584807, "MIN:log_loss.max": 1.7208878279538036, "MAX:log_loss.max": 2.128762478980801, "MIN:accuracy.min": 0.3333333333333333, "MAX:accuracy.min": 0.37333333333333335, "MIN:accuracy.mean": 0.6796000000000002, "MAX:accuracy.mean": 0.7098666666666665, "MIN:accuracy.max": 0.9266666666666666, "MAX:accuracy.max": 0.96, "MIN:kappa.min": -2.220446049250313e-16, "MAX:kappa.min": 0.06000000000000005, "MIN:kappa.mean": 0.5194, "MAX:kappa.mean": 0.5648, "MIN:kappa.max": 0.89, "MAX:kappa.max": 0.9400000000000001}