{"MIN:log_loss.min": 0.34528879276557334, "MAX:log_loss.min": 0.3996769736718296, "MIN:log_loss.mean": 0.6806619067856867, "MAX:log_loss.mean": 0.8009247324698425, "MIN:log_loss.max": 1.4746555520149844, "MAX:log_loss.max": 2.915646034369955, "MIN:accuracy.min": 0.3333333333333333, "MAX:accuracy.min": 0.7466666666666667, "MIN:accuracy.mean": 0.8091333333333333, "MAX:accuracy.mean": 0.8717333333333335, "MIN:accuracy.max": 0.9466666666666667, "MAX:accuracy.max": 0.96, "MIN:kappa.min": 0.0, "MAX:kappa.min": 0.62, "MIN:kappa.mean": 0.7136999999999999, "MAX:kappa.mean": 0.8076000000000001, "MIN:kappa.max": 0.92, "MAX:kappa.max": 0.9400000000000001}