{"MIN:log_loss.min": 0.39022421655935596, "MAX:log_loss.min": 0.7771207010976753, "MIN:log_loss.mean": 0.776217713281026, "MAX:log_loss.mean": 1.844085585242908, "MIN:log_loss.max": 1.1744184083686602, "MAX:log_loss.max": 7.439564000635382, "MIN:accuracy.min": 0.28, "MAX:accuracy.min": 0.47333333333333333, "MIN:accuracy.mean": 0.6324, "MAX:accuracy.mean": 0.6884, "MIN:accuracy.max": 0.94, "MAX:accuracy.max": 0.96, "MIN:kappa.min": -0.08000000000000007, "MAX:kappa.min": 0.20999999999999996, "MIN:kappa.mean": 0.44860000000000005, "MAX:kappa.mean": 0.5326, "MIN:kappa.max": 0.91, "MAX:kappa.max": 0.9400000000000001}