{"MIN:log_loss.min": 0.2705112522607147, "MAX:log_loss.min": 0.6175066642695681, "MIN:log_loss.mean": 0.9047555055704838, "MAX:log_loss.mean": 7.847888987526196, "MIN:log_loss.max": 2.5266639667796253, "MAX:log_loss.max": 23.025850929940454, "MIN:accuracy.min": 0.3333333333333333, "MAX:accuracy.min": 0.3333333333333333, "MIN:accuracy.mean": 0.6533333333333334, "MAX:accuracy.mean": 0.7088666666666668, "MIN:accuracy.max": 0.9533333333333334, "MAX:accuracy.max": 0.98, "MIN:kappa.min": -2.220446049250313e-16, "MAX:kappa.min": 0.0, "MIN:kappa.mean": 0.48, "MAX:kappa.mean": 0.5633, "MIN:kappa.max": 0.9299999999999999, "MAX:kappa.max": 0.97}