{"MIN:log_loss.min": 0.23394568023306472, "MAX:log_loss.min": 0.4003879554979007, "MIN:log_loss.mean": 0.366183936216127, "MAX:log_loss.mean": 0.6934129274556773, "MIN:log_loss.max": 0.7873541793458342, "MAX:log_loss.max": 0.9444653911318217, "MIN:accuracy.min": 0.7333333333333333, "MAX:accuracy.min": 0.8266666666666667, "MIN:accuracy.mean": 0.8677333333333332, "MAX:accuracy.mean": 0.9022000000000002, "MIN:accuracy.max": 0.9266666666666666, "MAX:accuracy.max": 0.9666666666666667, "MIN:kappa.min": 0.6, "MAX:kappa.min": 0.74, "MIN:kappa.mean": 0.8016, "MAX:kappa.mean": 0.8533, "MIN:kappa.max": 0.89, "MAX:kappa.max": 0.95}