{"mean accuracy": 0.7826666666666666, "max accuracy": 0.9666666666666666, "mean kappa": 0.6739999999999998, "max kappa": 0.9499999999999998}