{"MIN:log_loss.min": 0.22037625745604544, "MAX:log_loss.min": 0.6804989759334743, "MIN:log_loss.mean": 0.9435540924761208, "MAX:log_loss.mean": 5.417220304377354, "MIN:log_loss.max": 1.6003525970762673, "MAX:log_loss.max": 12.730942675227793, "MIN:accuracy.min": 0.3333333333333333, "MAX:accuracy.min": 0.62, "MIN:accuracy.mean": 0.6630666666666666, "MAX:accuracy.mean": 0.6840666666666669, "MIN:accuracy.max": 0.9133333333333333, "MAX:accuracy.max": 0.9666666666666667, "MIN:kappa.min": 0.0, "MAX:kappa.min": 0.43000000000000005, "MIN:kappa.mean": 0.4946000000000001, "MAX:kappa.mean": 0.5261, "MIN:kappa.max": 0.87, "MAX:kappa.max": 0.95}