{"MIN:log_loss.min": 0.6288115969556686, "MAX:log_loss.min": 0.7535219824417355, "MIN:log_loss.mean": 0.8891576867621166, "MAX:log_loss.mean": 0.9858306973055566, "MIN:log_loss.max": 1.127591962787003, "MAX:log_loss.max": 1.245296481794729, "MIN:accuracy.min": 0.56, "MAX:accuracy.min": 0.66, "MIN:accuracy.mean": 0.7567333333333334, "MAX:accuracy.mean": 0.7715333333333334, "MIN:accuracy.max": 0.9533333333333334, "MAX:accuracy.max": 0.9533333333333334, "MIN:kappa.min": 0.33999999999999997, "MAX:kappa.min": 0.49, "MIN:kappa.mean": 0.6351, "MAX:kappa.mean": 0.6573, "MIN:kappa.max": 0.9299999999999999, "MAX:kappa.max": 0.9299999999999999}