{"MIN:log_loss.min": 0.5764239899360005, "MAX:log_loss.min": 0.6074423700175816, "MIN:log_loss.mean": 0.8231035473374678, "MAX:log_loss.mean": 0.8379601224455372, "MIN:log_loss.max": 1.2082796408085978, "MAX:log_loss.max": 1.209550236122663, "MIN:accuracy.min": 0.3333333333333333, "MAX:accuracy.min": 0.3333333333333333, "MIN:accuracy.mean": 0.6046666666666667, "MAX:accuracy.mean": 0.6279333333333333, "MIN:accuracy.max": 0.96, "MAX:accuracy.max": 0.96, "MIN:kappa.min": -2.220446049250313e-16, "MAX:kappa.min": 0.0, "MIN:kappa.mean": 0.407, "MAX:kappa.mean": 0.44190000000000007, "MIN:kappa.max": 0.94, "MAX:kappa.max": 0.9400000000000001}