{"MIN:log_loss.min": 0.5376131305301278, "MAX:log_loss.min": 0.7016660953958276, "MIN:log_loss.mean": 0.8375370855821038, "MAX:log_loss.mean": 0.9152492937879346, "MIN:log_loss.max": 1.0980207132890154, "MAX:log_loss.max": 1.2967641742954747, "MIN:accuracy.min": 0.3333333333333333, "MAX:accuracy.min": 0.34, "MIN:accuracy.mean": 0.6336666666666667, "MAX:accuracy.mean": 0.6819333333333333, "MIN:accuracy.max": 0.8933333333333333, "MAX:accuracy.max": 0.96, "MIN:kappa.min": 0.0, "MAX:kappa.min": 0.010000000000000009, "MIN:kappa.mean": 0.45049999999999996, "MAX:kappa.mean": 0.5229, "MIN:kappa.max": 0.84, "MAX:kappa.max": 0.9400000000000001}