{"MIN:log_loss.min": 0.7062789244442076, "MAX:log_loss.min": 0.8739985472154721, "MIN:log_loss.mean": 0.8869842356776464, "MAX:log_loss.mean": 1.0379144227438986, "MIN:log_loss.max": 1.0979692189717767, "MAX:log_loss.max": 1.272870817966038, "MIN:accuracy.min": 0.38, "MAX:accuracy.min": 0.6533333333333333, "MIN:accuracy.mean": 0.7083333333333336, "MAX:accuracy.mean": 0.7858666666666668, "MIN:accuracy.max": 0.84, "MAX:accuracy.max": 0.96, "MIN:kappa.min": 0.06999999999999995, "MAX:kappa.min": 0.48, "MIN:kappa.mean": 0.5624999999999999, "MAX:kappa.mean": 0.6787999999999998, "MIN:kappa.max": 0.76, "MAX:kappa.max": 0.9400000000000001}