{"mean accuracy": 0.8389333333333333, "max accuracy": 0.9666666666666666, "mean kappa": 0.7584000000000001, "max kappa": 0.9499999999999998}