{"mean accuracy": 0.9730666666666669, "max accuracy": 0.9933333333333333, "mean kappa": 0.9596000000000001, "max kappa": 0.9899999999999998}