{"MIN:log_loss.min": 0.22702140464371184, "MAX:log_loss.min": 0.4110702371053483, "MIN:log_loss.mean": 2.2761274413630432, "MAX:log_loss.mean": 3.0474649951785646, "MIN:log_loss.max": 2.927594295541346, "MAX:log_loss.max": 3.9290893916272798, "MIN:accuracy.min": 0.3333333333333333, "MAX:accuracy.min": 0.3333333333333333, "MIN:accuracy.mean": 0.4366000000000001, "MAX:accuracy.mean": 0.5045333333333334, "MIN:accuracy.max": 0.9066666666666666, "MAX:accuracy.max": 0.9333333333333333, "MIN:kappa.min": -2.220446049250313e-16, "MAX:kappa.min": -2.220446049250313e-16, "MIN:kappa.mean": 0.15490000000000004, "MAX:kappa.mean": 0.2568, "MIN:kappa.max": 0.86, "MAX:kappa.max": 0.9}