{"MIN:log_loss.min": 0.10999159910458843, "MAX:log_loss.min": 0.17382115842732335, "MIN:log_loss.mean": 0.388623452312823, "MAX:log_loss.mean": 0.46116595230767865, "MIN:log_loss.max": 0.8840465892719669, "MAX:log_loss.max": 2.873483889508452, "MIN:accuracy.min": 0.36666666666666664, "MAX:accuracy.min": 0.6133333333333333, "MIN:accuracy.mean": 0.8416666666666667, "MAX:accuracy.mean": 0.8794, "MIN:accuracy.max": 0.9533333333333334, "MAX:accuracy.max": 0.96, "MIN:kappa.min": 0.050000000000000044, "MAX:kappa.min": 0.42000000000000004, "MIN:kappa.mean": 0.7625, "MAX:kappa.mean": 0.8191000000000002, "MIN:kappa.max": 0.9299999999999999, "MAX:kappa.max": 0.9400000000000001}