{"MIN:log_loss.min": 0.4918829092116337, "MAX:log_loss.min": 0.8504176080140418, "MIN:log_loss.mean": 0.9067185335778706, "MAX:log_loss.mean": 1.1254508814388928, "MIN:log_loss.max": 1.0985631149223807, "MAX:log_loss.max": 1.3412573893019217, "MIN:accuracy.min": 0.0, "MAX:accuracy.min": 0.3333333333333333, "MIN:accuracy.mean": 0.5072666666666668, "MAX:accuracy.mean": 0.5708, "MIN:accuracy.max": 0.8533333333333334, "MAX:accuracy.max": 0.9466666666666667, "MIN:kappa.min": -0.4999999999999998, "MAX:kappa.min": 0.0, "MIN:kappa.mean": 0.2609, "MAX:kappa.mean": 0.35619999999999996, "MIN:kappa.max": 0.78, "MAX:kappa.max": 0.92}