{"MIN:log_loss.min": 0.23726804254518327, "MAX:log_loss.min": 0.37907039806663184, "MIN:log_loss.mean": 0.965474529802179, "MAX:log_loss.mean": 5.710672623675921, "MIN:log_loss.max": 6.5178279208653835, "MAX:log_loss.max": 21.414041364844625, "MIN:accuracy.min": 0.38, "MAX:accuracy.min": 0.6666666666666666, "MIN:accuracy.mean": 0.7053333333333334, "MAX:accuracy.mean": 0.7378, "MIN:accuracy.max": 0.96, "MAX:accuracy.max": 0.96, "MIN:kappa.min": 0.06999999999999995, "MAX:kappa.min": 0.5, "MIN:kappa.mean": 0.558, "MAX:kappa.mean": 0.6067, "MIN:kappa.max": 0.94, "MAX:kappa.max": 0.9400000000000001}