{"MIN:log_loss.min": 0.16791656931085586, "MAX:log_loss.min": 0.23499470363651687, "MIN:log_loss.mean": 0.4346769305577853, "MAX:log_loss.mean": 0.5089201189762376, "MIN:log_loss.max": 1.1144760383557484, "MAX:log_loss.max": 1.116290893032754, "MIN:accuracy.min": 0.0, "MAX:accuracy.min": 0.07333333333333333, "MIN:accuracy.mean": 0.8380666666666666, "MAX:accuracy.mean": 0.8633333333333333, "MIN:accuracy.max": 0.9666666666666667, "MAX:accuracy.max": 0.9733333333333334, "MIN:kappa.min": -0.4999999999999998, "MAX:kappa.min": -0.3899999999999999, "MIN:kappa.mean": 0.7571000000000001, "MAX:kappa.mean": 0.7950000000000002, "MIN:kappa.max": 0.95, "MAX:kappa.max": 0.96}