{"MIN:log_loss.min": 0.830229702656868, "MAX:log_loss.min": 0.95287887168517, "MIN:log_loss.mean": 0.9613259728425373, "MAX:log_loss.mean": 1.0274039140246258, "MIN:log_loss.max": 1.0986122862863772, "MAX:log_loss.max": 2.860491581871079, "MIN:accuracy.min": 0.36666666666666664, "MAX:accuracy.min": 0.64, "MIN:accuracy.mean": 0.6451333333333333, "MAX:accuracy.mean": 0.6863333333333334, "MIN:accuracy.max": 0.6666666666666666, "MAX:accuracy.max": 0.92, "MIN:kappa.min": 0.050000000000000044, "MAX:kappa.min": 0.45999999999999996, "MIN:kappa.mean": 0.46769999999999995, "MAX:kappa.mean": 0.5295000000000001, "MIN:kappa.max": 0.5, "MAX:kappa.max": 0.88}