{"MIN:log_loss.min": 0.29419833618248425, "MAX:log_loss.min": 0.5042499302532962, "MIN:log_loss.mean": 0.38807284133299547, "MAX:log_loss.mean": 0.6361012335432604, "MIN:log_loss.max": 0.7134195830687019, "MAX:log_loss.max": 0.9435021654573628, "MIN:accuracy.min": 0.46, "MAX:accuracy.min": 0.5733333333333334, "MIN:accuracy.mean": 0.8952000000000001, "MAX:accuracy.mean": 0.9038, "MIN:accuracy.max": 0.9466666666666667, "MAX:accuracy.max": 0.96, "MIN:kappa.min": 0.18999999999999995, "MAX:kappa.min": 0.36, "MIN:kappa.mean": 0.8428000000000001, "MAX:kappa.mean": 0.8557000000000001, "MIN:kappa.max": 0.92, "MAX:kappa.max": 0.9400000000000001}