{"MIN:log_loss.min": 0.288105279891254, "MAX:log_loss.min": 0.5475144317472728, "MIN:log_loss.mean": 0.5273637998320025, "MAX:log_loss.mean": 0.7031005620614674, "MIN:log_loss.max": 0.8579038339391399, "MAX:log_loss.max": 1.2121720063433645, "MIN:accuracy.min": 0.3333333333333333, "MAX:accuracy.min": 0.7066666666666667, "MIN:accuracy.mean": 0.8227333333333333, "MAX:accuracy.mean": 0.8728000000000001, "MIN:accuracy.max": 0.9133333333333333, "MAX:accuracy.max": 0.96, "MIN:kappa.min": -2.220446049250313e-16, "MAX:kappa.min": 0.56, "MIN:kappa.mean": 0.7341000000000001, "MAX:kappa.mean": 0.8092000000000003, "MIN:kappa.max": 0.87, "MAX:kappa.max": 0.9400000000000001}