{"MIN:log_loss.min": 0.172526444190509, "MAX:log_loss.min": 0.18246449572918996, "MIN:log_loss.mean": 0.20492196442355837, "MAX:log_loss.mean": 0.22050507087188922, "MIN:log_loss.max": 0.45267387811781795, "MAX:log_loss.max": 0.6084544557331278, "MIN:accuracy.min": 0.68, "MAX:accuracy.min": 0.9133333333333333, "MIN:accuracy.mean": 0.9164666666666664, "MAX:accuracy.mean": 0.9252666666666666, "MIN:accuracy.max": 0.94, "MAX:accuracy.max": 0.94, "MIN:kappa.min": 0.52, "MAX:kappa.min": 0.87, "MIN:kappa.mean": 0.8747, "MAX:kappa.mean": 0.8878999999999999, "MIN:kappa.max": 0.91, "MAX:kappa.max": 0.91}