{"MIN:log_loss.min": 0.2854213818981976, "MAX:log_loss.min": 0.3920982028993972, "MIN:log_loss.mean": 1.0245409221229858, "MAX:log_loss.mean": 1.474094727950459, "MIN:log_loss.max": 5.053837495476591, "MAX:log_loss.max": 17.857069212378313, "MIN:accuracy.min": 0.3333333333333333, "MAX:accuracy.min": 0.3333333333333333, "MIN:accuracy.mean": 0.7366000000000001, "MAX:accuracy.mean": 0.7730666666666669, "MIN:accuracy.max": 0.96, "MAX:accuracy.max": 0.9666666666666667, "MIN:kappa.min": -2.220446049250313e-16, "MAX:kappa.min": 0.0, "MIN:kappa.mean": 0.6049, "MAX:kappa.mean": 0.6596, "MIN:kappa.max": 0.94, "MAX:kappa.max": 0.95}