{"MIN:log_loss.min": 0.31142245143040415, "MAX:log_loss.min": 0.4782939248340413, "MIN:log_loss.mean": 0.43664164937981764, "MAX:log_loss.mean": 0.5376959242326129, "MIN:log_loss.max": 0.7174592975569294, "MAX:log_loss.max": 0.8914693595930288, "MIN:accuracy.min": 0.6533333333333333, "MAX:accuracy.min": 0.86, "MIN:accuracy.mean": 0.8592666666666666, "MAX:accuracy.mean": 0.9407333333333334, "MIN:accuracy.max": 0.9466666666666667, "MAX:accuracy.max": 0.96, "MIN:kappa.min": 0.4800000000000001, "MAX:kappa.min": 0.79, "MIN:kappa.mean": 0.7889000000000003, "MAX:kappa.mean": 0.9111, "MIN:kappa.max": 0.92, "MAX:kappa.max": 0.9400000000000001}