{"MIN:log_loss.min": 0.10384247699322868, "MAX:log_loss.min": 0.10496866436556564, "MIN:log_loss.mean": 0.28262412506494206, "MAX:log_loss.mean": 0.3347861858327367, "MIN:log_loss.max": 0.789527283674114, "MAX:log_loss.max": 0.8447466825691822, "MIN:accuracy.min": 0.8466666666666667, "MAX:accuracy.min": 0.9, "MIN:accuracy.mean": 0.9590666666666668, "MAX:accuracy.mean": 0.9603333333333336, "MIN:accuracy.max": 0.9666666666666667, "MAX:accuracy.max": 0.9666666666666667, "MIN:kappa.min": 0.77, "MAX:kappa.min": 0.85, "MIN:kappa.mean": 0.9386000000000001, "MAX:kappa.mean": 0.9405000000000001, "MIN:kappa.max": 0.95, "MAX:kappa.max": 0.95}