{"MIN:log_loss.min": 0.09363375735016577, "MAX:log_loss.min": 0.1075892266279502, "MIN:log_loss.mean": 0.23669208545827, "MAX:log_loss.mean": 0.3364151186074988, "MIN:log_loss.max": 1.0112599004235552, "MAX:log_loss.max": 4.415825987814711, "MIN:accuracy.min": 0.3466666666666667, "MAX:accuracy.min": 0.9666666666666667, "MIN:accuracy.mean": 0.9511333333333333, "MAX:accuracy.mean": 0.9666666666666667, "MIN:accuracy.max": 0.9666666666666667, "MAX:accuracy.max": 0.9666666666666667, "MIN:kappa.min": 0.020000000000000018, "MAX:kappa.min": 0.95, "MIN:kappa.mean": 0.9267, "MAX:kappa.mean": 0.95, "MIN:kappa.max": 0.95, "MAX:kappa.max": 0.95}