{"MIN:log_loss.min": 0.20303832469418986, "MAX:log_loss.min": 0.6560287164757642, "MIN:log_loss.mean": 0.3008089260185085, "MAX:log_loss.mean": 0.7252852944849643, "MIN:log_loss.max": 0.7380211262471268, "MAX:log_loss.max": 1.1795947226857808, "MIN:accuracy.min": 0.62, "MAX:accuracy.min": 0.7333333333333333, "MIN:accuracy.mean": 0.9030666666666667, "MAX:accuracy.mean": 0.9467333333333333, "MIN:accuracy.max": 0.9733333333333334, "MAX:accuracy.max": 0.9866666666666667, "MIN:kappa.min": 0.43000000000000005, "MAX:kappa.min": 0.6, "MIN:kappa.mean": 0.8545999999999999, "MAX:kappa.mean": 0.9200999999999999, "MIN:kappa.max": 0.96, "MAX:kappa.max": 0.98}