{"MIN:log_loss.min": 0.3309440715964082, "MAX:log_loss.min": 0.8458933134931261, "MIN:log_loss.mean": 0.8217511376479483, "MAX:log_loss.mean": 1.0722286244284527, "MIN:log_loss.max": 1.4533711784167274, "MAX:log_loss.max": 6.994573345925916, "MIN:accuracy.min": 0.13333333333333333, "MAX:accuracy.min": 0.6066666666666667, "MIN:accuracy.mean": 0.7169333333333333, "MAX:accuracy.mean": 0.7504000000000001, "MIN:accuracy.max": 0.94, "MAX:accuracy.max": 0.96, "MIN:kappa.min": -0.30000000000000004, "MAX:kappa.min": 0.41000000000000003, "MIN:kappa.mean": 0.5754, "MAX:kappa.mean": 0.6256, "MIN:kappa.max": 0.91, "MAX:kappa.max": 0.9400000000000001}