{"MIN:log_loss.min": 0.4368495953546135, "MAX:log_loss.min": 0.5965070914039786, "MIN:log_loss.mean": 0.823209134542696, "MAX:log_loss.mean": 0.9152101836863633, "MIN:log_loss.max": 1.149221772107533, "MAX:log_loss.max": 1.785927637324081, "MIN:accuracy.min": 0.38, "MAX:accuracy.min": 0.47333333333333333, "MIN:accuracy.mean": 0.7901333333333332, "MAX:accuracy.mean": 0.8191333333333333, "MIN:accuracy.max": 0.96, "MAX:accuracy.max": 0.96, "MIN:kappa.min": 0.06999999999999995, "MAX:kappa.min": 0.20999999999999996, "MIN:kappa.mean": 0.6852000000000001, "MAX:kappa.mean": 0.7287, "MIN:kappa.max": 0.9400000000000001, "MAX:kappa.max": 0.9400000000000001}