{"MIN:log_loss.min": 0.5588853546406887, "MAX:log_loss.min": 0.8412809299310644, "MIN:log_loss.mean": 0.979968194553486, "MAX:log_loss.mean": 1.0825481846133975, "MIN:log_loss.max": 1.2065752707368818, "MAX:log_loss.max": 2.2208619343573512, "MIN:accuracy.min": 0.06666666666666667, "MAX:accuracy.min": 0.3333333333333333, "MIN:accuracy.mean": 0.5547333333333332, "MAX:accuracy.mean": 0.5757333333333334, "MIN:accuracy.max": 0.6666666666666666, "MAX:accuracy.max": 0.96, "MIN:kappa.min": -0.3999999999999999, "MAX:kappa.min": 0.0, "MIN:kappa.mean": 0.3321, "MAX:kappa.mean": 0.3636, "MIN:kappa.max": 0.5, "MAX:kappa.max": 0.9400000000000001}