{"MIN:log_loss.min": 0.5085025316323217, "MAX:log_loss.min": 0.827924216233381, "MIN:log_loss.mean": 0.7718984250214637, "MAX:log_loss.mean": 0.9605548887372108, "MIN:log_loss.max": 1.1843342398619536, "MAX:log_loss.max": 1.2176352583918473, "MIN:accuracy.min": 0.3333333333333333, "MAX:accuracy.min": 0.6066666666666667, "MIN:accuracy.mean": 0.6027333333333332, "MAX:accuracy.mean": 0.6762000000000001, "MIN:accuracy.max": 0.84, "MAX:accuracy.max": 0.9133333333333333, "MIN:kappa.min": 0.0, "MAX:kappa.min": 0.41000000000000003, "MIN:kappa.mean": 0.4041, "MAX:kappa.mean": 0.5143, "MIN:kappa.max": 0.76, "MAX:kappa.max": 0.87}