{"MIN:log_loss.min": 0.5886259640483454, "MAX:log_loss.min": 0.6297027698150882, "MIN:log_loss.mean": 0.855564489639643, "MAX:log_loss.mean": 0.9667058479709716, "MIN:log_loss.max": 1.3543035032289488, "MAX:log_loss.max": 1.6747115883505388, "MIN:accuracy.min": 0.3333333333333333, "MAX:accuracy.min": 0.3333333333333333, "MIN:accuracy.mean": 0.5591333333333331, "MAX:accuracy.mean": 0.5851333333333334, "MIN:accuracy.max": 0.6666666666666666, "MAX:accuracy.max": 0.96, "MIN:kappa.min": -2.220446049250313e-16, "MAX:kappa.min": -2.220446049250313e-16, "MIN:kappa.mean": 0.33870000000000006, "MAX:kappa.mean": 0.3777, "MIN:kappa.max": 0.5, "MAX:kappa.max": 0.94}