{"MIN:log_loss.min": 0.1178172440562199, "MAX:log_loss.min": 0.17708858637403815, "MIN:log_loss.mean": 0.30385721479151456, "MAX:log_loss.mean": 0.4053189560613365, "MIN:log_loss.max": 0.863719642559718, "MAX:log_loss.max": 0.9310337098956264, "MIN:accuracy.min": 0.6666666666666666, "MAX:accuracy.min": 0.6666666666666666, "MIN:accuracy.mean": 0.915333333333333, "MAX:accuracy.mean": 0.9455333333333334, "MIN:accuracy.max": 0.96, "MAX:accuracy.max": 0.9666666666666667, "MIN:kappa.min": 0.5, "MAX:kappa.min": 0.5, "MIN:kappa.mean": 0.873, "MAX:kappa.mean": 0.9182999999999999, "MIN:kappa.max": 0.9400000000000001, "MAX:kappa.max": 0.95}