{"MIN:log_loss.min": 0.13775504095382848, "MAX:log_loss.min": 0.18439844212434953, "MIN:log_loss.mean": 0.28511197173619557, "MAX:log_loss.mean": 0.3889020507491094, "MIN:log_loss.max": 0.5307542917903584, "MAX:log_loss.max": 2.905370876517542, "MIN:accuracy.min": 0.3333333333333333, "MAX:accuracy.min": 0.8533333333333334, "MIN:accuracy.mean": 0.8730000000000001, "MAX:accuracy.mean": 0.8980666666666666, "MIN:accuracy.max": 0.96, "MAX:accuracy.max": 0.96, "MIN:kappa.min": 0.0, "MAX:kappa.min": 0.78, "MIN:kappa.mean": 0.8095000000000002, "MAX:kappa.mean": 0.8471, "MIN:kappa.max": 0.9400000000000001, "MAX:kappa.max": 0.9400000000000001}