{"MIN:log_loss.min": 0.09472013452582884, "MAX:log_loss.min": 0.19785323956250175, "MIN:log_loss.mean": 0.4949844260998409, "MAX:log_loss.mean": 0.6360795196896126, "MIN:log_loss.max": 1.09835408175821, "MAX:log_loss.max": 1.0986113030362508, "MIN:accuracy.min": 0.3333333333333333, "MAX:accuracy.min": 0.66, "MIN:accuracy.mean": 0.7661333333333333, "MAX:accuracy.mean": 0.8192, "MIN:accuracy.max": 0.96, "MAX:accuracy.max": 0.9666666666666667, "MIN:kappa.min": 0.0, "MAX:kappa.min": 0.49, "MIN:kappa.mean": 0.6492000000000001, "MAX:kappa.mean": 0.7288000000000002, "MIN:kappa.max": 0.9400000000000001, "MAX:kappa.max": 0.95}