{"MIN:log_loss.min": 0.1475068246389523, "MAX:log_loss.min": 0.9213894761975108, "MIN:log_loss.mean": 0.6764195631352545, "MAX:log_loss.mean": 1.1131399079377453, "MIN:log_loss.max": 1.1295688633176382, "MAX:log_loss.max": 2.8077895702326305, "MIN:accuracy.min": 0.3333333333333333, "MAX:accuracy.min": 0.36, "MIN:accuracy.mean": 0.6024666666666667, "MAX:accuracy.mean": 0.6621333333333332, "MIN:accuracy.max": 0.6666666666666666, "MAX:accuracy.max": 0.96, "MIN:kappa.min": -2.220446049250313e-16, "MAX:kappa.min": 0.040000000000000036, "MIN:kappa.mean": 0.40369999999999995, "MAX:kappa.mean": 0.4932, "MIN:kappa.max": 0.5, "MAX:kappa.max": 0.9400000000000001}