{"MIN:log_loss.min": 0.19335493832798312, "MAX:log_loss.min": 0.3598750280825691, "MIN:log_loss.mean": 0.5836179099641539, "MAX:log_loss.mean": 0.958300712989488, "MIN:log_loss.max": 1.193312584547445, "MAX:log_loss.max": 5.667276294165358, "MIN:accuracy.min": 0.3333333333333333, "MAX:accuracy.min": 0.6266666666666667, "MIN:accuracy.mean": 0.7694666666666667, "MAX:accuracy.mean": 0.8731999999999998, "MIN:accuracy.max": 0.9533333333333334, "MAX:accuracy.max": 0.98, "MIN:kappa.min": 0.0, "MAX:kappa.min": 0.43999999999999995, "MIN:kappa.mean": 0.6542000000000001, "MAX:kappa.mean": 0.8097999999999999, "MIN:kappa.max": 0.9299999999999999, "MAX:kappa.max": 0.97}