{"MIN:log_loss.min": 0.17818097869744828, "MAX:log_loss.min": 0.3991971849800759, "MIN:log_loss.mean": 0.71205506676911, "MAX:log_loss.mean": 1.9193085414523614, "MIN:log_loss.max": 1.0977659868363996, "MAX:log_loss.max": 11.498556698028484, "MIN:accuracy.min": 0.36666666666666664, "MAX:accuracy.min": 0.66, "MIN:accuracy.mean": 0.7044666666666667, "MAX:accuracy.mean": 0.7143333333333334, "MIN:accuracy.max": 0.96, "MAX:accuracy.max": 0.96, "MIN:kappa.min": 0.050000000000000044, "MAX:kappa.min": 0.49, "MIN:kappa.mean": 0.5567, "MAX:kappa.mean": 0.5715, "MIN:kappa.max": 0.9400000000000001, "MAX:kappa.max": 0.9400000000000001}