{"MIN:log_loss.min": 0.3488187722834455, "MAX:log_loss.min": 0.4617284814142903, "MIN:log_loss.mean": 0.7674773608094878, "MAX:log_loss.mean": 0.8877722408669512, "MIN:log_loss.max": 1.0911183120286863, "MAX:log_loss.max": 3.3174395818184856, "MIN:accuracy.min": 0.3333333333333333, "MAX:accuracy.min": 0.66, "MIN:accuracy.mean": 0.7052, "MAX:accuracy.mean": 0.7855333333333334, "MIN:accuracy.max": 0.96, "MAX:accuracy.max": 0.96, "MIN:kappa.min": 0.0, "MAX:kappa.min": 0.49, "MIN:kappa.mean": 0.5578, "MAX:kappa.mean": 0.6783000000000001, "MIN:kappa.max": 0.94, "MAX:kappa.max": 0.9400000000000001}