{"MIN:log_loss.min": 0.7411509559630185, "MAX:log_loss.min": 0.9651598917513582, "MIN:log_loss.mean": 0.9159738924618839, "MAX:log_loss.mean": 1.112578404161933, "MIN:log_loss.max": 1.211217734277522, "MAX:log_loss.max": 1.3681921520557523, "MIN:accuracy.min": 0.2733333333333333, "MAX:accuracy.min": 0.3333333333333333, "MIN:accuracy.mean": 0.5194666666666667, "MAX:accuracy.mean": 0.5849333333333334, "MIN:accuracy.max": 0.6666666666666666, "MAX:accuracy.max": 0.9266666666666666, "MIN:kappa.min": -0.09000000000000008, "MAX:kappa.min": 0.0, "MIN:kappa.mean": 0.2792, "MAX:kappa.mean": 0.37739999999999996, "MIN:kappa.max": 0.5, "MAX:kappa.max": 0.89}