{"MIN:log_loss.min": 1.0986122886681096, "MAX:log_loss.min": 1.1802696706417344, "MIN:log_loss.mean": 1.0986122886681091, "MAX:log_loss.mean": 1.1802696706417346, "MIN:log_loss.max": 1.0986122886681096, "MAX:log_loss.max": 1.1802696706417344, "MIN:accuracy.min": 0.3333333333333333, "MAX:accuracy.min": 0.3333333333333333, "MIN:accuracy.mean": 0.3333333333333334, "MAX:accuracy.mean": 0.3333333333333334, "MIN:accuracy.max": 0.3333333333333333, "MAX:accuracy.max": 0.3333333333333333, "MIN:kappa.min": 0.0, "MAX:kappa.min": 0.0, "MIN:kappa.mean": 0.0, "MAX:kappa.mean": 0.0, "MIN:kappa.max": 0.0, "MAX:kappa.max": 0.0}