{"MIN:log_loss.min": 0.4839671249504598, "MAX:log_loss.min": 0.5799104017309854, "MIN:log_loss.mean": 0.7469911948454611, "MAX:log_loss.mean": 0.8070686601724808, "MIN:log_loss.max": 1.1951665160672766, "MAX:log_loss.max": 1.2725081116969226, "MIN:accuracy.min": 0.5933333333333334, "MAX:accuracy.min": 0.6533333333333333, "MIN:accuracy.mean": 0.7443999999999998, "MAX:accuracy.mean": 0.7981333333333331, "MIN:accuracy.max": 0.9533333333333334, "MAX:accuracy.max": 0.96, "MIN:kappa.min": 0.39, "MAX:kappa.min": 0.48, "MIN:kappa.mean": 0.6165999999999999, "MAX:kappa.mean": 0.6972, "MIN:kappa.max": 0.9299999999999999, "MAX:kappa.max": 0.94}