{"MIN:log_loss.min": 0.1137420646569232, "MAX:log_loss.min": 0.13384430250768595, "MIN:log_loss.mean": 0.3836984829300111, "MAX:log_loss.mean": 0.4657602943920145, "MIN:log_loss.max": 0.9768873199291895, "MAX:log_loss.max": 2.213678555851368, "MIN:accuracy.min": 0.7666666666666667, "MAX:accuracy.min": 0.88, "MIN:accuracy.mean": 0.9367333333333332, "MAX:accuracy.mean": 0.9570000000000001, "MIN:accuracy.max": 0.96, "MAX:accuracy.max": 0.96, "MIN:kappa.min": 0.65, "MAX:kappa.min": 0.8200000000000001, "MIN:kappa.mean": 0.9050999999999999, "MAX:kappa.mean": 0.9355, "MIN:kappa.max": 0.9400000000000001, "MAX:kappa.max": 0.9400000000000001}