{"MIN:log_loss.min": 0.11007685532014899, "MAX:log_loss.min": 0.2865537081439027, "MIN:log_loss.mean": 0.5582834594873959, "MAX:log_loss.mean": 0.9545718260531304, "MIN:log_loss.max": 1.0671570402442547, "MAX:log_loss.max": 3.171214662486018, "MIN:accuracy.min": 0.3333333333333333, "MAX:accuracy.min": 0.6666666666666666, "MIN:accuracy.mean": 0.7535333333333334, "MAX:accuracy.mean": 0.7721333333333333, "MIN:accuracy.max": 0.96, "MAX:accuracy.max": 0.96, "MIN:kappa.min": 0.0, "MAX:kappa.min": 0.5, "MIN:kappa.mean": 0.6303, "MAX:kappa.mean": 0.6581999999999999, "MIN:kappa.max": 0.94, "MAX:kappa.max": 0.9400000000000001}