{"MIN:log_loss.min": 0.1747696295521062, "MAX:log_loss.min": 0.3275101564239475, "MIN:log_loss.mean": 0.42413759721016164, "MAX:log_loss.mean": 0.5269222910639281, "MIN:log_loss.max": 0.7574054511808573, "MAX:log_loss.max": 1.9395533178033673, "MIN:accuracy.min": 0.5866666666666667, "MAX:accuracy.min": 0.76, "MIN:accuracy.mean": 0.8642666666666665, "MAX:accuracy.mean": 0.9098000000000002, "MIN:accuracy.max": 0.96, "MAX:accuracy.max": 0.9666666666666667, "MIN:kappa.min": 0.38, "MAX:kappa.min": 0.64, "MIN:kappa.mean": 0.7964000000000003, "MAX:kappa.mean": 0.8647, "MIN:kappa.max": 0.9400000000000001, "MAX:kappa.max": 0.95}