{"MIN:log_loss.min": 0.2837068182409302, "MAX:log_loss.min": 0.4155715683045407, "MIN:log_loss.mean": 0.6080947261879686, "MAX:log_loss.mean": 0.7505750830080237, "MIN:log_loss.max": 1.522068321476369, "MAX:log_loss.max": 7.32321734123257, "MIN:accuracy.min": 0.34, "MAX:accuracy.min": 0.34, "MIN:accuracy.mean": 0.8297333333333331, "MAX:accuracy.mean": 0.8418666666666667, "MIN:accuracy.max": 0.96, "MAX:accuracy.max": 0.96, "MIN:kappa.min": 0.010000000000000009, "MAX:kappa.min": 0.010000000000000009, "MIN:kappa.mean": 0.7446, "MAX:kappa.mean": 0.7628, "MIN:kappa.max": 0.94, "MAX:kappa.max": 0.94}