{"MIN:log_loss.min": 0.13446005618322796, "MAX:log_loss.min": 0.3772032539893352, "MIN:log_loss.mean": 0.531962171752218, "MAX:log_loss.mean": 0.7783291726483422, "MIN:log_loss.max": 1.001502946960793, "MAX:log_loss.max": 8.69327390570564, "MIN:accuracy.min": 0.6666666666666666, "MAX:accuracy.min": 0.7133333333333334, "MIN:accuracy.mean": 0.8788666666666667, "MAX:accuracy.mean": 0.9102666666666667, "MIN:accuracy.max": 0.96, "MAX:accuracy.max": 0.96, "MIN:kappa.min": 0.5, "MAX:kappa.min": 0.5700000000000001, "MIN:kappa.mean": 0.8183, "MAX:kappa.mean": 0.8654, "MIN:kappa.max": 0.94, "MAX:kappa.max": 0.9400000000000001}