{"MIN:log_loss.min": 0.222146186850481, "MAX:log_loss.min": 0.8632350593332149, "MIN:log_loss.mean": 0.60115030900348, "MAX:log_loss.mean": 6.48524924151812, "MIN:log_loss.max": 1.0986050849448539, "MAX:log_loss.max": 11.743183974269632, "MIN:accuracy.min": 0.24666666666666667, "MAX:accuracy.min": 0.3333333333333333, "MIN:accuracy.mean": 0.584, "MAX:accuracy.mean": 0.6076666666666667, "MIN:accuracy.max": 0.6666666666666666, "MAX:accuracy.max": 0.96, "MIN:kappa.min": -0.1299999999999999, "MAX:kappa.min": 0.0, "MIN:kappa.mean": 0.376, "MAX:kappa.mean": 0.4115, "MIN:kappa.max": 0.5, "MAX:kappa.max": 0.9400000000000001}