{"MIN:log_loss.min": 0.4817229138619253, "MAX:log_loss.min": 0.7579557988894992, "MIN:log_loss.mean": 0.7247622888385287, "MAX:log_loss.mean": 1.2794736501346902, "MIN:log_loss.max": 1.0432953284952875, "MAX:log_loss.max": 7.403536709145845, "MIN:accuracy.min": 0.3333333333333333, "MAX:accuracy.min": 0.6666666666666666, "MIN:accuracy.mean": 0.6666666666666669, "MAX:accuracy.mean": 0.7363333333333334, "MIN:accuracy.max": 0.6666666666666666, "MAX:accuracy.max": 0.96, "MIN:kappa.min": 0.0, "MAX:kappa.min": 0.5, "MIN:kappa.mean": 0.5, "MAX:kappa.mean": 0.6045000000000001, "MIN:kappa.max": 0.5, "MAX:kappa.max": 0.9400000000000001}