{"MIN:log_loss.min": 0.5515879991720135, "MAX:log_loss.min": 0.9369122940978428, "MIN:log_loss.mean": 0.9738384215815785, "MAX:log_loss.mean": 1.8615980395154221, "MIN:log_loss.max": 1.0986468615455358, "MAX:log_loss.max": 8.977861675159778, "MIN:accuracy.min": 0.3333333333333333, "MAX:accuracy.min": 0.6666666666666666, "MIN:accuracy.mean": 0.6336666666666667, "MAX:accuracy.mean": 0.6696666666666665, "MIN:accuracy.max": 0.6666666666666666, "MAX:accuracy.max": 0.96, "MIN:kappa.min": -2.220446049250313e-16, "MAX:kappa.min": 0.5, "MIN:kappa.mean": 0.4504999999999999, "MAX:kappa.mean": 0.5044999999999998, "MIN:kappa.max": 0.5, "MAX:kappa.max": 0.9400000000000001}