{"MIN:log_loss.min": 0.29470334402518034, "MAX:log_loss.min": 0.39455351634536373, "MIN:log_loss.mean": 0.6764051195306559, "MAX:log_loss.mean": 1.5106603743618154, "MIN:log_loss.max": 1.0987772739565045, "MAX:log_loss.max": 5.746049024811975, "MIN:accuracy.min": 0.3333333333333333, "MAX:accuracy.min": 0.38, "MIN:accuracy.mean": 0.6532666666666668, "MAX:accuracy.mean": 0.7000666666666667, "MIN:accuracy.max": 0.7133333333333334, "MAX:accuracy.max": 0.9466666666666667, "MIN:kappa.min": -2.220446049250313e-16, "MAX:kappa.min": 0.06999999999999995, "MIN:kappa.mean": 0.4799000000000001, "MAX:kappa.mean": 0.5501, "MIN:kappa.max": 0.5700000000000001, "MAX:kappa.max": 0.92}