{"MIN:log_loss.min": 0.1358170977435339, "MAX:log_loss.min": 0.886744338965543, "MIN:log_loss.mean": 0.6929215672291322, "MAX:log_loss.mean": 2.7174778523776637, "MIN:log_loss.max": 1.397350972159977, "MAX:log_loss.max": 15.418708518893618, "MIN:accuracy.min": 0.13333333333333333, "MAX:accuracy.min": 0.6066666666666667, "MIN:accuracy.mean": 0.7102666666666668, "MAX:accuracy.mean": 0.7761999999999999, "MIN:accuracy.max": 0.9466666666666667, "MAX:accuracy.max": 0.96, "MIN:kappa.min": -0.30000000000000004, "MAX:kappa.min": 0.41000000000000003, "MIN:kappa.mean": 0.5654, "MAX:kappa.mean": 0.6642999999999999, "MIN:kappa.max": 0.92, "MAX:kappa.max": 0.9400000000000001}