{"mean accuracy": 0.9570666666666666, "max accuracy": 0.96, "mean kappa": 0.9355999999999998, "max kappa": 0.94}