{"MIN:log_loss.min": 0.10055660425305532, "MAX:log_loss.min": 0.1424044592677358, "MIN:log_loss.mean": 0.5638411227373085, "MAX:log_loss.mean": 0.6617424606756586, "MIN:log_loss.max": 1.0985220148751205, "MAX:log_loss.max": 1.0989403141876481, "MIN:accuracy.min": 0.4866666666666667, "MAX:accuracy.min": 0.6666666666666666, "MIN:accuracy.mean": 0.7375333333333333, "MAX:accuracy.mean": 0.8622000000000001, "MIN:accuracy.max": 0.96, "MAX:accuracy.max": 0.9666666666666667, "MIN:kappa.min": 0.22999999999999998, "MAX:kappa.min": 0.5, "MIN:kappa.mean": 0.6063, "MAX:kappa.mean": 0.7933, "MIN:kappa.max": 0.9400000000000001, "MAX:kappa.max": 0.95}