{"mean accuracy": 0.7522, "max accuracy": 0.9666666666666668, "mean kappa": 0.6283, "max kappa": 0.9500000000000002}