{"MIN:log_loss.min": 0.31217257136557436, "MAX:log_loss.min": 0.43109493305395336, "MIN:log_loss.mean": 0.380303015131735, "MAX:log_loss.mean": 0.49738163606290486, "MIN:log_loss.max": 0.480771161414925, "MAX:log_loss.max": 0.6415934621942433, "MIN:accuracy.min": 0.48, "MAX:accuracy.min": 0.86, "MIN:accuracy.mean": 0.6913333333333332, "MAX:accuracy.mean": 0.9277333333333334, "MIN:accuracy.max": 0.9466666666666667, "MAX:accuracy.max": 0.96, "MIN:kappa.min": 0.21999999999999997, "MAX:kappa.min": 0.79, "MIN:kappa.mean": 0.5369999999999999, "MAX:kappa.mean": 0.8916, "MIN:kappa.max": 0.92, "MAX:kappa.max": 0.9400000000000001}