{"MIN:log_loss.min": 0.4810391288186431, "MAX:log_loss.min": 0.7901870652691694, "MIN:log_loss.mean": 0.8424997751530333, "MAX:log_loss.mean": 0.9828207091917902, "MIN:log_loss.max": 1.3961446263169406, "MAX:log_loss.max": 2.8848140453296116, "MIN:accuracy.min": 0.29333333333333333, "MAX:accuracy.min": 0.3333333333333333, "MIN:accuracy.mean": 0.6417333333333335, "MAX:accuracy.mean": 0.7096666666666667, "MIN:accuracy.max": 0.9266666666666666, "MAX:accuracy.max": 0.96, "MIN:kappa.min": -0.06000000000000005, "MAX:kappa.min": 0.0, "MIN:kappa.mean": 0.4626000000000001, "MAX:kappa.mean": 0.5645, "MIN:kappa.max": 0.89, "MAX:kappa.max": 0.9400000000000001}