{"MIN:log_loss.min": 0.5825114609945662, "MAX:log_loss.min": 0.6423827961208226, "MIN:log_loss.mean": 0.7582484386127432, "MAX:log_loss.mean": 2.051805720040139, "MIN:log_loss.max": 1.2212323845397988, "MAX:log_loss.max": 16.143951513925778, "MIN:accuracy.min": 0.3, "MAX:accuracy.min": 0.56, "MIN:accuracy.mean": 0.6661999999999999, "MAX:accuracy.mean": 0.7380666666666665, "MIN:accuracy.max": 0.88, "MAX:accuracy.max": 0.96, "MIN:kappa.min": -0.050000000000000044, "MAX:kappa.min": 0.33999999999999997, "MIN:kappa.mean": 0.4992999999999999, "MAX:kappa.mean": 0.6071, "MIN:kappa.max": 0.8200000000000001, "MAX:kappa.max": 0.9400000000000001}