{"mean accuracy": 0.7107999999999999, "max accuracy": 0.96, "mean kappa": 0.5662000000000001, "max kappa": 0.94}