{"MIN:log_loss.min": 0.20065411867170135, "MAX:log_loss.min": 0.21245323946873487, "MIN:log_loss.mean": 0.5808319491774762, "MAX:log_loss.mean": 0.5986386960297508, "MIN:log_loss.max": 1.091968883967897, "MAX:log_loss.max": 1.092662882797274, "MIN:accuracy.min": 0.4066666666666667, "MAX:accuracy.min": 0.6666666666666666, "MIN:accuracy.mean": 0.7940666666666667, "MAX:accuracy.mean": 0.8124666666666666, "MIN:accuracy.max": 0.94, "MAX:accuracy.max": 0.9466666666666667, "MIN:kappa.min": 0.10999999999999999, "MAX:kappa.min": 0.5, "MIN:kappa.mean": 0.6911, "MAX:kappa.mean": 0.7186999999999999, "MIN:kappa.max": 0.91, "MAX:kappa.max": 0.92}