{"MIN:log_loss.min": 0.5304504004589553, "MAX:log_loss.min": 0.6964485668848809, "MIN:log_loss.mean": 0.8843409167312916, "MAX:log_loss.mean": 0.9491089661626606, "MIN:log_loss.max": 1.099739114271306, "MAX:log_loss.max": 1.620468581466585, "MIN:accuracy.min": 0.07333333333333333, "MAX:accuracy.min": 0.4266666666666667, "MIN:accuracy.mean": 0.6795333333333333, "MAX:accuracy.mean": 0.7246666666666667, "MIN:accuracy.max": 0.9466666666666667, "MAX:accuracy.max": 0.96, "MIN:kappa.min": -0.3899999999999999, "MAX:kappa.min": 0.14, "MIN:kappa.mean": 0.5193, "MAX:kappa.mean": 0.5869999999999999, "MIN:kappa.max": 0.92, "MAX:kappa.max": 0.94}