{"MIN:log_loss.min": 0.37717999548553477, "MAX:log_loss.min": 0.45901168071225545, "MIN:log_loss.mean": 0.5367724988352935, "MAX:log_loss.mean": 0.6463387669918356, "MIN:log_loss.max": 1.0933471422594656, "MAX:log_loss.max": 2.5391179360461744, "MIN:accuracy.min": 0.3333333333333333, "MAX:accuracy.min": 0.37333333333333335, "MIN:accuracy.mean": 0.8115333333333336, "MAX:accuracy.mean": 0.8536666666666666, "MIN:accuracy.max": 0.96, "MAX:accuracy.max": 0.96, "MIN:kappa.min": 0.0, "MAX:kappa.min": 0.06000000000000005, "MIN:kappa.mean": 0.7172999999999999, "MAX:kappa.mean": 0.7804999999999999, "MIN:kappa.max": 0.94, "MAX:kappa.max": 0.9400000000000001}