{"MIN:log_loss.min": 0.10835330335833145, "MAX:log_loss.min": 0.12763953410586576, "MIN:log_loss.mean": 0.405627724747268, "MAX:log_loss.mean": 0.438782670386598, "MIN:log_loss.max": 0.9208123454077427, "MAX:log_loss.max": 1.1277547649995445, "MIN:accuracy.min": 0.6733333333333333, "MAX:accuracy.min": 0.8266666666666667, "MIN:accuracy.mean": 0.9159333333333332, "MAX:accuracy.mean": 0.9432666666666666, "MIN:accuracy.max": 0.9733333333333334, "MAX:accuracy.max": 0.9733333333333334, "MIN:kappa.min": 0.51, "MAX:kappa.min": 0.74, "MIN:kappa.mean": 0.8739, "MAX:kappa.mean": 0.9148999999999998, "MIN:kappa.max": 0.96, "MAX:kappa.max": 0.96}