{"MIN:log_loss.min": 0.19045592852147705, "MAX:log_loss.min": 0.2515780021145251, "MIN:log_loss.mean": 0.5309140620398446, "MAX:log_loss.mean": 0.6461836824286111, "MIN:log_loss.max": 8.841328903066572, "MAX:log_loss.max": 16.42672491311065, "MIN:accuracy.min": 0.37333333333333335, "MAX:accuracy.min": 0.62, "MIN:accuracy.mean": 0.8669333333333333, "MAX:accuracy.mean": 0.8904, "MIN:accuracy.max": 0.9733333333333334, "MAX:accuracy.max": 0.9866666666666667, "MIN:kappa.min": 0.06000000000000005, "MAX:kappa.min": 0.43000000000000005, "MIN:kappa.mean": 0.8003999999999999, "MAX:kappa.mean": 0.8356, "MIN:kappa.max": 0.96, "MAX:kappa.max": 0.98}