{"MIN:log_loss.min": 0.2803668677994869, "MAX:log_loss.min": 0.28808214668693605, "MIN:log_loss.mean": 0.6578780132375917, "MAX:log_loss.mean": 0.6802976623987675, "MIN:log_loss.max": 1.2144257593532508, "MAX:log_loss.max": 1.2173765818292512, "MIN:accuracy.min": 0.3333333333333333, "MAX:accuracy.min": 0.3333333333333333, "MIN:accuracy.mean": 0.7123999999999997, "MAX:accuracy.mean": 0.7660666666666666, "MIN:accuracy.max": 0.96, "MAX:accuracy.max": 0.96, "MIN:kappa.min": 0.0, "MAX:kappa.min": 0.0, "MIN:kappa.mean": 0.5685999999999999, "MAX:kappa.mean": 0.6491, "MIN:kappa.max": 0.9400000000000001, "MAX:kappa.max": 0.9400000000000001}