{"MIN:log_loss.min": 0.5755425340979383, "MAX:log_loss.min": 0.6670905074573703, "MIN:log_loss.mean": 0.7525892564733978, "MAX:log_loss.mean": 0.8052879885251598, "MIN:log_loss.max": 1.1682188293320541, "MAX:log_loss.max": 1.1712214199072613, "MIN:accuracy.min": 0.43333333333333335, "MAX:accuracy.min": 0.6533333333333333, "MIN:accuracy.mean": 0.7375333333333332, "MAX:accuracy.mean": 0.7904666666666667, "MIN:accuracy.max": 0.9733333333333334, "MAX:accuracy.max": 0.9733333333333334, "MIN:kappa.min": 0.15000000000000002, "MAX:kappa.min": 0.48, "MIN:kappa.mean": 0.6063, "MAX:kappa.mean": 0.6857, "MIN:kappa.max": 0.96, "MAX:kappa.max": 0.96}