{"MIN:log_loss.min": 0.2842973069707475, "MAX:log_loss.min": 0.3195808587685461, "MIN:log_loss.mean": 0.4906080557735827, "MAX:log_loss.mean": 0.5202430118352592, "MIN:log_loss.max": 1.271750788979977, "MAX:log_loss.max": 1.6754392795196364, "MIN:accuracy.min": 0.3333333333333333, "MAX:accuracy.min": 0.3333333333333333, "MIN:accuracy.mean": 0.8283333333333333, "MAX:accuracy.mean": 0.8403333333333335, "MIN:accuracy.max": 0.96, "MAX:accuracy.max": 0.9666666666666667, "MIN:kappa.min": -2.220446049250313e-16, "MAX:kappa.min": -2.220446049250313e-16, "MIN:kappa.mean": 0.7424999999999998, "MAX:kappa.mean": 0.7605, "MIN:kappa.max": 0.9400000000000001, "MAX:kappa.max": 0.95}