{"MIN:log_loss.min": 0.3291942428200478, "MAX:log_loss.min": 0.6185399614821409, "MIN:log_loss.mean": 0.9787015496289447, "MAX:log_loss.mean": 2.6503223215577685, "MIN:log_loss.max": 4.316242418486186, "MAX:log_loss.max": 23.025850929940454, "MIN:accuracy.min": 0.3333333333333333, "MAX:accuracy.min": 0.3333333333333333, "MIN:accuracy.mean": 0.6505333333333332, "MAX:accuracy.mean": 0.6950666666666667, "MIN:accuracy.max": 0.9466666666666667, "MAX:accuracy.max": 0.96, "MIN:kappa.min": -2.220446049250313e-16, "MAX:kappa.min": 1.1102230246251565e-16, "MIN:kappa.mean": 0.47580000000000006, "MAX:kappa.mean": 0.5426000000000001, "MIN:kappa.max": 0.92, "MAX:kappa.max": 0.9400000000000001}