{"MIN:log_loss.min": 0.5313373491792258, "MAX:log_loss.min": 0.8768836313454038, "MIN:log_loss.mean": 0.8122341080535322, "MAX:log_loss.mean": 1.0255534964051898, "MIN:log_loss.max": 1.2152993321478913, "MAX:log_loss.max": 1.2513718393590085, "MIN:accuracy.min": 0.3333333333333333, "MAX:accuracy.min": 0.3333333333333333, "MIN:accuracy.mean": 0.5889333333333333, "MAX:accuracy.mean": 0.6504000000000001, "MIN:accuracy.max": 0.6666666666666666, "MAX:accuracy.max": 0.96, "MIN:kappa.min": -2.220446049250313e-16, "MAX:kappa.min": 0.0, "MIN:kappa.mean": 0.3834, "MAX:kappa.mean": 0.4756, "MIN:kappa.max": 0.5, "MAX:kappa.max": 0.9400000000000001}