{"MIN:log_loss.min": 0.7033215495841563, "MAX:log_loss.min": 0.7662698588606037, "MIN:log_loss.mean": 0.8746468091620998, "MAX:log_loss.mean": 0.9071818213784532, "MIN:log_loss.max": 1.1540829172989584, "MAX:log_loss.max": 1.2158903160119514, "MIN:accuracy.min": 0.3333333333333333, "MAX:accuracy.min": 0.36, "MIN:accuracy.mean": 0.7058666666666668, "MAX:accuracy.mean": 0.7651333333333332, "MIN:accuracy.max": 0.94, "MAX:accuracy.max": 0.96, "MIN:kappa.min": 0.0, "MAX:kappa.min": 0.040000000000000036, "MIN:kappa.mean": 0.5588000000000001, "MAX:kappa.mean": 0.6477, "MIN:kappa.max": 0.91, "MAX:kappa.max": 0.9400000000000001}