{"MIN:log_loss.min": 0.24144331479649092, "MAX:log_loss.min": 0.463363941806096, "MIN:log_loss.mean": 0.603142891284407, "MAX:log_loss.mean": 0.9109234198815465, "MIN:log_loss.max": 1.3870677241194145, "MAX:log_loss.max": 22.22612758291605, "MIN:accuracy.min": 0.3333333333333333, "MAX:accuracy.min": 0.66, "MIN:accuracy.mean": 0.7292666666666665, "MAX:accuracy.mean": 0.7945333333333333, "MIN:accuracy.max": 0.8133333333333334, "MAX:accuracy.max": 0.96, "MIN:kappa.min": 0.0, "MAX:kappa.min": 0.49, "MIN:kappa.mean": 0.5939, "MAX:kappa.mean": 0.6918000000000001, "MIN:kappa.max": 0.72, "MAX:kappa.max": 0.9400000000000001}