{"MIN:log_loss.min": 0.10176221430458865, "MAX:log_loss.min": 0.10414652269402064, "MIN:log_loss.mean": 0.3110624925797265, "MAX:log_loss.mean": 0.3164309458163934, "MIN:log_loss.max": 0.7323686763054049, "MAX:log_loss.max": 0.7347200343481173, "MIN:accuracy.min": 0.9333333333333333, "MAX:accuracy.min": 0.9466666666666667, "MIN:accuracy.mean": 0.9556666666666669, "MAX:accuracy.mean": 0.9568000000000002, "MIN:accuracy.max": 0.9666666666666667, "MAX:accuracy.max": 0.9666666666666667, "MIN:kappa.min": 0.9, "MAX:kappa.min": 0.92, "MIN:kappa.mean": 0.9335000000000001, "MAX:kappa.mean": 0.9351999999999999, "MIN:kappa.max": 0.95, "MAX:kappa.max": 0.95}