{"MIN:log_loss.min": 0.39469486792943714, "MAX:log_loss.min": 0.6645357169977798, "MIN:log_loss.mean": 0.7326231467711777, "MAX:log_loss.mean": 0.8786751588853057, "MIN:log_loss.max": 1.070230313318231, "MAX:log_loss.max": 2.8774120391102294, "MIN:accuracy.min": 0.16, "MAX:accuracy.min": 0.41333333333333333, "MIN:accuracy.mean": 0.6502, "MAX:accuracy.mean": 0.7048666666666668, "MIN:accuracy.max": 0.8533333333333334, "MAX:accuracy.max": 0.96, "MIN:kappa.min": -0.26, "MAX:kappa.min": 0.12, "MIN:kappa.mean": 0.4753, "MAX:kappa.mean": 0.5573, "MIN:kappa.max": 0.78, "MAX:kappa.max": 0.9400000000000001}