{"MIN:log_loss.min": 0.5434138074619853, "MAX:log_loss.min": 0.6237331547411268, "MIN:log_loss.mean": 0.8993913359106347, "MAX:log_loss.mean": 1.006648863767128, "MIN:log_loss.max": 1.2769207946898131, "MAX:log_loss.max": 1.6017757826456591, "MIN:accuracy.min": 0.23333333333333334, "MAX:accuracy.min": 0.31333333333333335, "MIN:accuracy.mean": 0.5681333333333334, "MAX:accuracy.mean": 0.6600666666666668, "MIN:accuracy.max": 0.9466666666666667, "MAX:accuracy.max": 0.96, "MIN:kappa.min": -0.1499999999999999, "MAX:kappa.min": -0.03000000000000025, "MIN:kappa.mean": 0.35220000000000007, "MAX:kappa.mean": 0.49010000000000004, "MIN:kappa.max": 0.92, "MAX:kappa.max": 0.9400000000000001}