{"MIN:log_loss.min": 0.6378797906543622, "MAX:log_loss.min": 0.9904324534230384, "MIN:log_loss.mean": 0.8728581126045782, "MAX:log_loss.mean": 1.0238751634372405, "MIN:log_loss.max": 1.0986122842492454, "MAX:log_loss.max": 1.1912801402783753, "MIN:accuracy.min": 0.32666666666666666, "MAX:accuracy.min": 0.6666666666666666, "MIN:accuracy.mean": 0.6456000000000001, "MAX:accuracy.mean": 0.6666666666666669, "MIN:accuracy.max": 0.6666666666666666, "MAX:accuracy.max": 0.9133333333333333, "MIN:kappa.min": -0.010000000000000009, "MAX:kappa.min": 0.5, "MIN:kappa.mean": 0.46840000000000004, "MAX:kappa.mean": 0.5, "MIN:kappa.max": 0.5, "MAX:kappa.max": 0.87}