{"MIN:log_loss.min": 0.3617517688861861, "MAX:log_loss.min": 0.5244099931711285, "MIN:log_loss.mean": 0.9137161677916581, "MAX:log_loss.mean": 1.4359471807241853, "MIN:log_loss.max": 5.301409145625822, "MAX:log_loss.max": 17.515590876135306, "MIN:accuracy.min": 0.3333333333333333, "MAX:accuracy.min": 0.3333333333333333, "MIN:accuracy.mean": 0.6770666666666665, "MAX:accuracy.mean": 0.7746, "MIN:accuracy.max": 0.88, "MAX:accuracy.max": 0.96, "MIN:kappa.min": -2.220446049250313e-16, "MAX:kappa.min": 0.0, "MIN:kappa.mean": 0.5155999999999998, "MAX:kappa.mean": 0.6618999999999999, "MIN:kappa.max": 0.8200000000000001, "MAX:kappa.max": 0.9400000000000001}