{"MIN:log_loss.min": 0.28593910830967956, "MAX:log_loss.min": 0.3080272461864407, "MIN:log_loss.mean": 0.5674267615823456, "MAX:log_loss.mean": 0.6920831291349963, "MIN:log_loss.max": 1.0984486082802263, "MAX:log_loss.max": 1.1211649834427415, "MIN:accuracy.min": 0.3333333333333333, "MAX:accuracy.min": 0.6533333333333333, "MIN:accuracy.mean": 0.7544666666666668, "MAX:accuracy.mean": 0.7614000000000002, "MIN:accuracy.max": 0.96, "MAX:accuracy.max": 0.96, "MIN:kappa.min": 0.0, "MAX:kappa.min": 0.48, "MIN:kappa.mean": 0.6317, "MAX:kappa.mean": 0.6421000000000001, "MIN:kappa.max": 0.9400000000000001, "MAX:kappa.max": 0.9400000000000001}