{"MIN:log_loss.min": 0.18777242270004413, "MAX:log_loss.min": 0.23449792127489444, "MIN:log_loss.mean": 0.4227804234639121, "MAX:log_loss.mean": 0.46634622920454755, "MIN:log_loss.max": 0.9282537619127597, "MAX:log_loss.max": 0.9771629623709581, "MIN:accuracy.min": 0.5, "MAX:accuracy.min": 0.6733333333333333, "MIN:accuracy.mean": 0.8972666666666665, "MAX:accuracy.mean": 0.9455333333333334, "MIN:accuracy.max": 0.9466666666666667, "MAX:accuracy.max": 0.9733333333333334, "MIN:kappa.min": 0.25, "MAX:kappa.min": 0.51, "MIN:kappa.mean": 0.8458999999999998, "MAX:kappa.mean": 0.9182999999999999, "MIN:kappa.max": 0.92, "MAX:kappa.max": 0.96}