{"MIN:log_loss.min": 0.45607281570029795, "MAX:log_loss.min": 0.6771835342733664, "MIN:log_loss.mean": 0.8532768154816628, "MAX:log_loss.mean": 0.8964476205831712, "MIN:log_loss.max": 1.1953062415316076, "MAX:log_loss.max": 1.1953089903640874, "MIN:accuracy.min": 0.3333333333333333, "MAX:accuracy.min": 0.62, "MIN:accuracy.mean": 0.7140666666666668, "MAX:accuracy.mean": 0.7258666666666668, "MIN:accuracy.max": 0.9133333333333333, "MAX:accuracy.max": 0.9133333333333333, "MIN:kappa.min": 0.0, "MAX:kappa.min": 0.43000000000000005, "MIN:kappa.mean": 0.5710999999999999, "MAX:kappa.mean": 0.5888, "MIN:kappa.max": 0.87, "MAX:kappa.max": 0.87}