{"MIN:log_loss.min": 0.12761740452038667, "MAX:log_loss.min": 0.18671965874566632, "MIN:log_loss.mean": 0.5082724027858246, "MAX:log_loss.mean": 0.5720698609777419, "MIN:log_loss.max": 0.9644587414865358, "MAX:log_loss.max": 5.017008615911078, "MIN:accuracy.min": 0.58, "MAX:accuracy.min": 0.66, "MIN:accuracy.mean": 0.9156666666666665, "MAX:accuracy.mean": 0.9425999999999999, "MIN:accuracy.max": 0.96, "MAX:accuracy.max": 0.9666666666666667, "MIN:kappa.min": 0.37, "MAX:kappa.min": 0.49, "MIN:kappa.mean": 0.8734999999999999, "MAX:kappa.mean": 0.9138999999999998, "MIN:kappa.max": 0.9400000000000001, "MAX:kappa.max": 0.95}