{"MIN:log_loss.min": 0.1901518767518174, "MAX:log_loss.min": 0.20631089009921308, "MIN:log_loss.mean": 0.5676633009667585, "MAX:log_loss.mean": 0.6470657379711153, "MIN:log_loss.max": 11.973442483569038, "MAX:log_loss.max": 15.1970616137607, "MIN:accuracy.min": 0.56, "MAX:accuracy.min": 0.6533333333333333, "MIN:accuracy.mean": 0.8799999999999997, "MAX:accuracy.mean": 0.8997333333333333, "MIN:accuracy.max": 0.96, "MAX:accuracy.max": 0.96, "MIN:kappa.min": 0.33999999999999997, "MAX:kappa.min": 0.48, "MIN:kappa.mean": 0.8200000000000002, "MAX:kappa.mean": 0.8496000000000001, "MIN:kappa.max": 0.9400000000000001, "MAX:kappa.max": 0.9400000000000001}