{"mean accuracy": 0.7638666666666667, "max accuracy": 0.96, "mean kappa": 0.6457999999999998, "max kappa": 0.94}