{"MIN:log_loss.min": 0.11519160595840368, "MAX:log_loss.min": 0.18362418350034324, "MIN:log_loss.mean": 0.3713695164896449, "MAX:log_loss.mean": 0.38244479288735067, "MIN:log_loss.max": 0.9272543711937791, "MAX:log_loss.max": 1.4119131549384891, "MIN:accuracy.min": 0.3466666666666667, "MAX:accuracy.min": 0.4066666666666667, "MIN:accuracy.mean": 0.8530666666666665, "MAX:accuracy.mean": 0.8633333333333334, "MIN:accuracy.max": 0.9666666666666667, "MAX:accuracy.max": 0.9733333333333334, "MIN:kappa.min": 0.020000000000000018, "MAX:kappa.min": 0.10999999999999999, "MIN:kappa.mean": 0.7796, "MAX:kappa.mean": 0.7950000000000002, "MIN:kappa.max": 0.95, "MAX:kappa.max": 0.96}