{"mean accuracy": 0.9366000000000002, "max accuracy": 0.9666666666666668, "mean kappa": 0.9049, "max kappa": 0.9500000000000002}