{"MIN:log_loss.min": 0.1202634890178717, "MAX:log_loss.min": 0.16281634734288938, "MIN:log_loss.mean": 0.35045571926653596, "MAX:log_loss.mean": 0.39863458976812993, "MIN:log_loss.max": 1.2504453566541769, "MAX:log_loss.max": 2.8112386687741373, "MIN:accuracy.min": 0.6666666666666666, "MAX:accuracy.min": 0.6866666666666666, "MIN:accuracy.mean": 0.9020666666666665, "MAX:accuracy.mean": 0.9280666666666666, "MIN:accuracy.max": 0.96, "MAX:accuracy.max": 0.9666666666666667, "MIN:kappa.min": 0.5, "MAX:kappa.min": 0.53, "MIN:kappa.mean": 0.8530999999999999, "MAX:kappa.mean": 0.8920999999999999, "MIN:kappa.max": 0.9400000000000001, "MAX:kappa.max": 0.95}