{"MIN:log_loss.min": 0.6378430740096575, "MAX:log_loss.min": 0.7078016927178138, "MIN:log_loss.mean": 0.8460289228869162, "MAX:log_loss.mean": 0.8988246444516997, "MIN:log_loss.max": 1.2741646619629932, "MAX:log_loss.max": 1.3566043807501034, "MIN:accuracy.min": 0.3, "MAX:accuracy.min": 0.4266666666666667, "MIN:accuracy.mean": 0.779, "MAX:accuracy.mean": 0.8113333333333332, "MIN:accuracy.max": 0.96, "MAX:accuracy.max": 0.96, "MIN:kappa.min": -0.050000000000000044, "MAX:kappa.min": 0.14, "MIN:kappa.mean": 0.6685000000000001, "MAX:kappa.mean": 0.7170000000000001, "MIN:kappa.max": 0.94, "MAX:kappa.max": 0.9400000000000001}