{"MIN:log_loss.min": 0.6884181571100793, "MAX:log_loss.min": 0.7852247151590348, "MIN:log_loss.mean": 0.8908360943746328, "MAX:log_loss.mean": 0.974730103485304, "MIN:log_loss.max": 1.6894088836632755, "MAX:log_loss.max": 3.1487016923305307, "MIN:accuracy.min": 0.3333333333333333, "MAX:accuracy.min": 0.3333333333333333, "MIN:accuracy.mean": 0.6767333333333334, "MAX:accuracy.mean": 0.7187333333333333, "MIN:accuracy.max": 0.9466666666666667, "MAX:accuracy.max": 0.9666666666666667, "MIN:kappa.min": -2.220446049250313e-16, "MAX:kappa.min": 0.0, "MIN:kappa.mean": 0.5151000000000001, "MAX:kappa.mean": 0.5781000000000001, "MIN:kappa.max": 0.92, "MAX:kappa.max": 0.95}