{"MIN:log_loss.min": 0.27404602953049606, "MAX:log_loss.min": 0.33742869705586104, "MIN:log_loss.mean": 0.4922977182763285, "MAX:log_loss.mean": 0.8017563909473323, "MIN:log_loss.max": 2.462574588613012, "MAX:log_loss.max": 14.079232571705033, "MIN:accuracy.min": 0.3333333333333333, "MAX:accuracy.min": 0.6533333333333333, "MIN:accuracy.mean": 0.8005999999999999, "MAX:accuracy.mean": 0.8628, "MIN:accuracy.max": 0.96, "MAX:accuracy.max": 0.9666666666666667, "MIN:kappa.min": 0.0, "MAX:kappa.min": 0.48, "MIN:kappa.mean": 0.7009000000000002, "MAX:kappa.mean": 0.7941999999999999, "MIN:kappa.max": 0.9400000000000001, "MAX:kappa.max": 0.95}