{"MIN:log_loss.min": 0.6037291820249568, "MAX:log_loss.min": 0.713726777387759, "MIN:log_loss.mean": 1.107243771983002, "MAX:log_loss.mean": 1.2991618555822686, "MIN:log_loss.max": 1.4641988934844024, "MAX:log_loss.max": 2.3050496846011543, "MIN:accuracy.min": 0.2733333333333333, "MAX:accuracy.min": 0.3333333333333333, "MIN:accuracy.mean": 0.4835333333333333, "MAX:accuracy.mean": 0.5047333333333334, "MIN:accuracy.max": 0.7733333333333333, "MAX:accuracy.max": 0.8866666666666667, "MIN:kappa.min": -0.09000000000000008, "MAX:kappa.min": 0.0, "MIN:kappa.mean": 0.2253, "MAX:kappa.mean": 0.2571, "MIN:kappa.max": 0.6599999999999999, "MAX:kappa.max": 0.83}