{"MIN:log_loss.min": 0.0923186476480673, "MAX:log_loss.min": 0.0931811480889757, "MIN:log_loss.mean": 0.2804479462615073, "MAX:log_loss.mean": 0.28836301552068744, "MIN:log_loss.max": 1.2610282523127645, "MAX:log_loss.max": 1.3965242344031397, "MIN:accuracy.min": 0.88, "MAX:accuracy.min": 0.9, "MIN:accuracy.mean": 0.9509333333333333, "MAX:accuracy.mean": 0.9578, "MIN:accuracy.max": 0.9666666666666667, "MAX:accuracy.max": 0.9666666666666667, "MIN:kappa.min": 0.8200000000000001, "MAX:kappa.min": 0.85, "MIN:kappa.mean": 0.9263999999999999, "MAX:kappa.mean": 0.9367, "MIN:kappa.max": 0.95, "MAX:kappa.max": 0.95}