{"MIN:log_loss.min": 0.5439715018219808, "MAX:log_loss.min": 0.7715534550624219, "MIN:log_loss.mean": 1.0411807903436663, "MAX:log_loss.mean": 1.0879414064992003, "MIN:log_loss.max": 1.228196381165875, "MAX:log_loss.max": 1.4051872403897323, "MIN:accuracy.min": 0.09333333333333334, "MAX:accuracy.min": 0.2866666666666667, "MIN:accuracy.mean": 0.4715333333333333, "MAX:accuracy.mean": 0.5169333333333334, "MIN:accuracy.max": 0.8133333333333334, "MAX:accuracy.max": 0.9866666666666667, "MIN:kappa.min": -0.3600000000000001, "MAX:kappa.min": -0.07000000000000006, "MIN:kappa.mean": 0.20729999999999996, "MAX:kappa.mean": 0.2754, "MIN:kappa.max": 0.72, "MAX:kappa.max": 0.98}