{"MIN:log_loss.min": 0.2251171545123671, "MAX:log_loss.min": 0.3077956461628976, "MIN:log_loss.mean": 0.531976087948257, "MAX:log_loss.mean": 0.6968220535686374, "MIN:log_loss.max": 1.0923113421236057, "MAX:log_loss.max": 2.1080484587959973, "MIN:accuracy.min": 0.3333333333333333, "MAX:accuracy.min": 0.6466666666666666, "MIN:accuracy.mean": 0.7595333333333335, "MAX:accuracy.mean": 0.8017333333333333, "MIN:accuracy.max": 0.96, "MAX:accuracy.max": 0.9666666666666667, "MIN:kappa.min": 0.0, "MAX:kappa.min": 0.47, "MIN:kappa.mean": 0.6393, "MAX:kappa.mean": 0.7026, "MIN:kappa.max": 0.9400000000000001, "MAX:kappa.max": 0.95}