{"MIN:log_loss.min": 0.5583126409032785, "MAX:log_loss.min": 0.5583126409032785, "MIN:log_loss.mean": 0.6945593906270072, "MAX:log_loss.mean": 0.6945593906270072, "MIN:log_loss.max": 0.9774366399167288, "MAX:log_loss.max": 0.9774366399167288, "MIN:accuracy.min": 0.6666666666666666, "MAX:accuracy.min": 0.6666666666666666, "MIN:accuracy.mean": 0.8800666666666666, "MAX:accuracy.mean": 0.8800666666666666, "MIN:accuracy.max": 0.9733333333333334, "MAX:accuracy.max": 0.9733333333333334, "MIN:kappa.min": 0.5, "MAX:kappa.min": 0.5, "MIN:kappa.mean": 0.8201, "MAX:kappa.mean": 0.8201, "MIN:kappa.max": 0.96, "MAX:kappa.max": 0.96}