{"MIN:log_loss.min": 0.6510032914112852, "MAX:log_loss.min": 0.8765861028928316, "MIN:log_loss.mean": 0.9017044417490538, "MAX:log_loss.mean": 1.0940520712938295, "MIN:log_loss.max": 1.396406119525351, "MAX:log_loss.max": 2.1951408399494796, "MIN:accuracy.min": 0.18, "MAX:accuracy.min": 0.3333333333333333, "MIN:accuracy.mean": 0.6266666666666666, "MAX:accuracy.mean": 0.6443333333333334, "MIN:accuracy.max": 0.6666666666666666, "MAX:accuracy.max": 0.98, "MIN:kappa.min": -0.22999999999999998, "MAX:kappa.min": 0.0, "MIN:kappa.mean": 0.44, "MAX:kappa.mean": 0.46649999999999997, "MIN:kappa.max": 0.5, "MAX:kappa.max": 0.97}