{"MIN:log_loss.min": 0.2194553774235246, "MAX:log_loss.min": 0.3037173802900718, "MIN:log_loss.mean": 0.48863949270964946, "MAX:log_loss.mean": 0.9180261678577382, "MIN:log_loss.max": 1.179989851079615, "MAX:log_loss.max": 9.017989234545675, "MIN:accuracy.min": 0.3333333333333333, "MAX:accuracy.min": 0.37333333333333335, "MIN:accuracy.mean": 0.8857999999999998, "MAX:accuracy.mean": 0.9121999999999999, "MIN:accuracy.max": 0.9733333333333334, "MAX:accuracy.max": 0.9733333333333334, "MIN:kappa.min": 0.0, "MAX:kappa.min": 0.06000000000000005, "MIN:kappa.mean": 0.8287, "MAX:kappa.mean": 0.8683, "MIN:kappa.max": 0.96, "MAX:kappa.max": 0.96}