{"MIN:log_loss.min": 0.1991013135407772, "MAX:log_loss.min": 0.6845990680696628, "MIN:log_loss.mean": 0.5089588051972375, "MAX:log_loss.mean": 0.825440941323575, "MIN:log_loss.max": 1.113072140793408, "MAX:log_loss.max": 4.226305600913604, "MIN:accuracy.min": 0.3333333333333333, "MAX:accuracy.min": 0.3333333333333333, "MIN:accuracy.mean": 0.817133333333333, "MAX:accuracy.mean": 0.8943333333333332, "MIN:accuracy.max": 0.96, "MAX:accuracy.max": 0.96, "MIN:kappa.min": 0.0, "MAX:kappa.min": 0.0, "MIN:kappa.mean": 0.7257000000000001, "MAX:kappa.mean": 0.8415, "MIN:kappa.max": 0.94, "MAX:kappa.max": 0.9400000000000001}