{"mean accuracy": 0.7298000000000002, "max accuracy": 0.96, "mean kappa": 0.5946999999999999, "max kappa": 0.94}