{"MIN:log_loss.min": 0.7033352060989592, "MAX:log_loss.min": 0.7252220645296967, "MIN:log_loss.mean": 0.8307850485635485, "MAX:log_loss.mean": 0.8495536753888032, "MIN:log_loss.max": 1.0094698624357372, "MAX:log_loss.max": 3.635812271583145, "MIN:accuracy.min": 0.24666666666666667, "MAX:accuracy.min": 0.42, "MIN:accuracy.mean": 0.7568, "MAX:accuracy.mean": 0.8080666666666668, "MIN:accuracy.max": 0.9466666666666667, "MAX:accuracy.max": 0.9466666666666667, "MIN:kappa.min": -0.1299999999999999, "MAX:kappa.min": 0.1299999999999999, "MIN:kappa.mean": 0.6352, "MAX:kappa.mean": 0.7121000000000001, "MIN:kappa.max": 0.92, "MAX:kappa.max": 0.92}