{"mean accuracy": 0.6692000000000001, "max accuracy": 0.9199999999999999, "mean kappa": 0.5037999999999999, "max kappa": 0.8799999999999999}