{"MIN:log_loss.min": 0.1342304510232143, "MAX:log_loss.min": 0.1342304510232143, "MIN:log_loss.mean": 0.5215691862105485, "MAX:log_loss.mean": 0.5215691862105485, "MIN:log_loss.max": 1.0985585021054651, "MAX:log_loss.max": 1.0985585021054651, "MIN:accuracy.min": 0.9533333333333334, "MAX:accuracy.min": 0.9533333333333334, "MIN:accuracy.mean": 0.9533333333333333, "MAX:accuracy.mean": 0.9533333333333333, "MIN:accuracy.max": 0.9533333333333334, "MAX:accuracy.max": 0.9533333333333334, "MIN:kappa.min": 0.9299999999999999, "MAX:kappa.min": 0.9299999999999999, "MIN:kappa.mean": 0.9300000000000002, "MAX:kappa.mean": 0.9300000000000002, "MIN:kappa.max": 0.9299999999999999, "MAX:kappa.max": 0.9299999999999999}