{"MIN:log_loss.min": 0.10529318234352793, "MAX:log_loss.min": 0.18005433193994405, "MIN:log_loss.mean": 0.5215484829392927, "MAX:log_loss.mean": 1.053560347500589, "MIN:log_loss.max": 2.153651177055921, "MAX:log_loss.max": 13.071386170082542, "MIN:accuracy.min": 0.30666666666666664, "MAX:accuracy.min": 0.47333333333333333, "MIN:accuracy.mean": 0.7908, "MAX:accuracy.mean": 0.8607333333333332, "MIN:accuracy.max": 0.9533333333333334, "MAX:accuracy.max": 0.9733333333333334, "MIN:kappa.min": -0.040000000000000036, "MAX:kappa.min": 0.20999999999999996, "MIN:kappa.mean": 0.6862, "MAX:kappa.mean": 0.7911000000000001, "MIN:kappa.max": 0.9299999999999999, "MAX:kappa.max": 0.96}