{"mean accuracy": 0.7297333333333335, "max accuracy": 0.9466666666666667, "mean kappa": 0.5945999999999998, "max kappa": 0.9199999999999999}