{"MIN:log_loss.min": 0.5134741721394344, "MAX:log_loss.min": 0.5200490481053547, "MIN:log_loss.mean": 0.7690448671802366, "MAX:log_loss.mean": 0.7770259191511752, "MIN:log_loss.max": 1.3158251234639897, "MAX:log_loss.max": 1.339952242330906, "MIN:accuracy.min": 0.26666666666666666, "MAX:accuracy.min": 0.28, "MIN:accuracy.mean": 0.7299333333333334, "MAX:accuracy.mean": 0.7336000000000001, "MIN:accuracy.max": 0.9266666666666666, "MAX:accuracy.max": 0.9266666666666666, "MIN:kappa.min": -0.10000000000000009, "MAX:kappa.min": -0.08000000000000007, "MIN:kappa.mean": 0.5949, "MAX:kappa.mean": 0.6004, "MIN:kappa.max": 0.89, "MAX:kappa.max": 0.89}