{"MIN:log_loss.min": 0.30465791069116893, "MAX:log_loss.min": 0.34061235163975356, "MIN:log_loss.mean": 0.47362312124635997, "MAX:log_loss.mean": 0.4871817464381359, "MIN:log_loss.max": 0.8884632196424546, "MAX:log_loss.max": 1.0082064966976572, "MIN:accuracy.min": 0.5533333333333333, "MAX:accuracy.min": 0.5533333333333333, "MIN:accuracy.mean": 0.878733333333333, "MAX:accuracy.mean": 0.8815999999999999, "MIN:accuracy.max": 0.9666666666666667, "MAX:accuracy.max": 0.9733333333333334, "MIN:kappa.min": 0.32999999999999996, "MAX:kappa.min": 0.32999999999999996, "MIN:kappa.mean": 0.8181, "MAX:kappa.mean": 0.8224000000000001, "MIN:kappa.max": 0.95, "MAX:kappa.max": 0.96}