{"MIN:log_loss.min": 0.839783505613849, "MAX:log_loss.min": 1.0106374624496122, "MIN:log_loss.mean": 0.9609405197059518, "MAX:log_loss.mean": 1.092056475517979, "MIN:log_loss.max": 1.1799037221407096, "MAX:log_loss.max": 1.217770635594437, "MIN:accuracy.min": 0.3333333333333333, "MAX:accuracy.min": 0.3333333333333333, "MIN:accuracy.mean": 0.5707999999999999, "MAX:accuracy.mean": 0.5816666666666667, "MIN:accuracy.max": 0.6666666666666666, "MAX:accuracy.max": 0.6666666666666666, "MIN:kappa.min": 0.0, "MAX:kappa.min": 0.0, "MIN:kappa.mean": 0.35620000000000007, "MAX:kappa.mean": 0.37249999999999994, "MIN:kappa.max": 0.5, "MAX:kappa.max": 0.5}