{"MIN:log_loss.min": 0.5603927044438397, "MAX:log_loss.min": 0.6507266029297928, "MIN:log_loss.mean": 1.3416362753159852, "MAX:log_loss.mean": 1.6121813125926965, "MIN:log_loss.max": 3.9308193433328142, "MAX:log_loss.max": 4.642722877228783, "MIN:accuracy.min": 0.02, "MAX:accuracy.min": 0.3333333333333333, "MIN:accuracy.mean": 0.47539999999999993, "MAX:accuracy.mean": 0.5170666666666667, "MIN:accuracy.max": 0.9, "MAX:accuracy.max": 0.9266666666666666, "MIN:kappa.min": -0.47, "MAX:kappa.min": -2.220446049250313e-16, "MIN:kappa.mean": 0.2131, "MAX:kappa.mean": 0.2756, "MIN:kappa.max": 0.85, "MAX:kappa.max": 0.89}