{"MIN:log_loss.min": 0.8867545607804268, "MAX:log_loss.min": 1.010687510229633, "MIN:log_loss.mean": 0.9492083336833528, "MAX:log_loss.mean": 1.06754877150232, "MIN:log_loss.max": 1.2083838348130966, "MAX:log_loss.max": 1.4312709175381793, "MIN:accuracy.min": 0.3333333333333333, "MAX:accuracy.min": 0.6666666666666666, "MIN:accuracy.mean": 0.6212666666666666, "MAX:accuracy.mean": 0.6666666666666669, "MIN:accuracy.max": 0.6666666666666666, "MAX:accuracy.max": 0.6666666666666666, "MIN:kappa.min": 0.0, "MAX:kappa.min": 0.5, "MIN:kappa.mean": 0.43189999999999995, "MAX:kappa.mean": 0.5, "MIN:kappa.max": 0.5, "MAX:kappa.max": 0.5}