{"MIN:log_loss.min": 0.14326186758613293, "MAX:log_loss.min": 0.20588805509267136, "MIN:log_loss.mean": 0.4075245099591494, "MAX:log_loss.mean": 0.5776172793351438, "MIN:log_loss.max": 0.9775889942948371, "MAX:log_loss.max": 6.407560648706744, "MIN:accuracy.min": 0.66, "MAX:accuracy.min": 0.68, "MIN:accuracy.mean": 0.9007999999999998, "MAX:accuracy.mean": 0.9284000000000002, "MIN:accuracy.max": 0.9533333333333334, "MAX:accuracy.max": 0.9533333333333334, "MIN:kappa.min": 0.49, "MAX:kappa.min": 0.52, "MIN:kappa.mean": 0.8512000000000002, "MAX:kappa.mean": 0.8926, "MIN:kappa.max": 0.9299999999999999, "MAX:kappa.max": 0.9299999999999999}