{"MIN:log_loss.min": 0.8177251689869637, "MAX:log_loss.min": 0.9369155181568033, "MIN:log_loss.mean": 0.9194191774628568, "MAX:log_loss.mean": 1.0151235101642373, "MIN:log_loss.max": 1.0978164026994932, "MAX:log_loss.max": 1.1942073054371667, "MIN:accuracy.min": 0.6666666666666666, "MAX:accuracy.min": 0.6666666666666666, "MIN:accuracy.mean": 0.6666666666666669, "MAX:accuracy.mean": 0.6666666666666669, "MIN:accuracy.max": 0.6666666666666666, "MAX:accuracy.max": 0.6666666666666666, "MIN:kappa.min": 0.5, "MAX:kappa.min": 0.5, "MIN:kappa.mean": 0.5, "MAX:kappa.mean": 0.5, "MIN:kappa.max": 0.5, "MAX:kappa.max": 0.5}