{"MIN:log_loss.min": 0.27030793501946077, "MAX:log_loss.min": 0.28270965133564985, "MIN:log_loss.mean": 0.615435658156838, "MAX:log_loss.mean": 0.6530662847330252, "MIN:log_loss.max": 0.9707149555519379, "MAX:log_loss.max": 0.9840452509722294, "MIN:accuracy.min": 0.94, "MAX:accuracy.min": 0.94, "MIN:accuracy.mean": 0.9630666666666666, "MAX:accuracy.mean": 0.9640666666666666, "MIN:accuracy.max": 0.9733333333333334, "MAX:accuracy.max": 0.9733333333333334, "MIN:kappa.min": 0.91, "MAX:kappa.min": 0.91, "MIN:kappa.mean": 0.9445999999999999, "MAX:kappa.mean": 0.9460999999999998, "MIN:kappa.max": 0.96, "MAX:kappa.max": 0.96}