{"MIN:log_loss.min": 0.3905875754366542, "MAX:log_loss.min": 0.41348311560844425, "MIN:log_loss.mean": 0.7124836224639615, "MAX:log_loss.mean": 0.757985991250045, "MIN:log_loss.max": 1.205149887174878, "MAX:log_loss.max": 1.2052047697550397, "MIN:accuracy.min": 0.3333333333333333, "MAX:accuracy.min": 0.3333333333333333, "MIN:accuracy.mean": 0.6572666666666664, "MAX:accuracy.mean": 0.7008666666666664, "MIN:accuracy.max": 0.94, "MAX:accuracy.max": 0.96, "MIN:kappa.min": 0.0, "MAX:kappa.min": 0.0, "MIN:kappa.mean": 0.48589999999999994, "MAX:kappa.mean": 0.5513, "MIN:kappa.max": 0.91, "MAX:kappa.max": 0.9400000000000001}