{"MIN:log_loss.min": 0.48290425789506475, "MAX:log_loss.min": 0.8681586131206503, "MIN:log_loss.mean": 1.034690805984114, "MAX:log_loss.mean": 1.9707485112715193, "MIN:log_loss.max": 1.2861045305435708, "MAX:log_loss.max": 8.977055049082356, "MIN:accuracy.min": 0.24, "MAX:accuracy.min": 0.3333333333333333, "MIN:accuracy.mean": 0.42406666666666676, "MAX:accuracy.mean": 0.6016666666666667, "MIN:accuracy.max": 0.6866666666666666, "MAX:accuracy.max": 0.8266666666666667, "MIN:kappa.min": -0.1399999999999999, "MAX:kappa.min": 1.1102230246251565e-16, "MIN:kappa.mean": 0.1361, "MAX:kappa.mean": 0.4025000000000001, "MIN:kappa.max": 0.53, "MAX:kappa.max": 0.74}