{"MIN:log_loss.min": 0.2903456011484631, "MAX:log_loss.min": 0.6959164955258325, "MIN:log_loss.mean": 1.0561825085534617, "MAX:log_loss.mean": 5.123365721578291, "MIN:log_loss.max": 1.5167715681411449, "MAX:log_loss.max": 12.533167757360486, "MIN:accuracy.min": 0.0, "MAX:accuracy.min": 0.16666666666666666, "MIN:accuracy.mean": 0.41580000000000006, "MAX:accuracy.mean": 0.48906666666666665, "MIN:accuracy.max": 0.8066666666666666, "MAX:accuracy.max": 0.9133333333333333, "MIN:kappa.min": -0.5, "MAX:kappa.min": -0.25, "MIN:kappa.mean": 0.1237, "MAX:kappa.mean": 0.2336, "MIN:kappa.max": 0.71, "MAX:kappa.max": 0.87}