{"MIN:log_loss.min": 0.3944817007447268, "MAX:log_loss.min": 0.3953306677125805, "MIN:log_loss.mean": 0.5949352944886166, "MAX:log_loss.mean": 0.5968831768732369, "MIN:log_loss.max": 1.2973393952036496, "MAX:log_loss.max": 1.2973393952036596, "MIN:accuracy.min": 0.3333333333333333, "MAX:accuracy.min": 0.3333333333333333, "MIN:accuracy.mean": 0.8569999999999999, "MAX:accuracy.mean": 0.8621333333333332, "MIN:accuracy.max": 0.9666666666666667, "MAX:accuracy.max": 0.9666666666666667, "MIN:kappa.min": 0.0, "MAX:kappa.min": 0.0, "MIN:kappa.mean": 0.7855000000000001, "MAX:kappa.mean": 0.7932000000000002, "MIN:kappa.max": 0.95, "MAX:kappa.max": 0.95}