{"MIN:log_loss.min": 0.542500745438292, "MAX:log_loss.min": 1.06689994961209, "MIN:log_loss.mean": 1.1024739990777699, "MAX:log_loss.mean": 1.1626847888821568, "MIN:log_loss.max": 1.1912164387797688, "MAX:log_loss.max": 1.4179131377610565, "MIN:accuracy.min": 0.04666666666666667, "MAX:accuracy.min": 0.3333333333333333, "MIN:accuracy.mean": 0.46166666666666667, "MAX:accuracy.mean": 0.5099999999999999, "MIN:accuracy.max": 0.6666666666666666, "MAX:accuracy.max": 0.86, "MIN:kappa.min": -0.42999999999999994, "MAX:kappa.min": 0.0, "MIN:kappa.mean": 0.1925, "MAX:kappa.mean": 0.265, "MIN:kappa.max": 0.5, "MAX:kappa.max": 0.79}