{"MIN:log_loss.min": 0.20079249613390665, "MAX:log_loss.min": 0.23576136140945705, "MIN:log_loss.mean": 0.5444480341028293, "MAX:log_loss.mean": 0.58040633988751, "MIN:log_loss.max": 1.0967977700413, "MAX:log_loss.max": 1.0968290441262059, "MIN:accuracy.min": 0.3333333333333333, "MAX:accuracy.min": 0.6666666666666666, "MIN:accuracy.mean": 0.8306000000000001, "MAX:accuracy.mean": 0.8378666666666668, "MIN:accuracy.max": 0.96, "MAX:accuracy.max": 0.96, "MIN:kappa.min": 0.0, "MAX:kappa.min": 0.5, "MIN:kappa.mean": 0.7459, "MAX:kappa.mean": 0.7568, "MIN:kappa.max": 0.9400000000000001, "MAX:kappa.max": 0.9400000000000001}