{"MIN:log_loss.min": 0.14347976131330425, "MAX:log_loss.min": 0.4806237854014178, "MIN:log_loss.mean": 0.5551396339990249, "MAX:log_loss.mean": 1.0177762631663443, "MIN:log_loss.max": 0.9456012996891623, "MAX:log_loss.max": 18.534501070122225, "MIN:accuracy.min": 0.3333333333333333, "MAX:accuracy.min": 0.6666666666666666, "MIN:accuracy.mean": 0.7485333333333333, "MAX:accuracy.mean": 0.8192666666666666, "MIN:accuracy.max": 0.9333333333333333, "MAX:accuracy.max": 0.96, "MIN:kappa.min": 0.0, "MAX:kappa.min": 0.5, "MIN:kappa.mean": 0.6228, "MAX:kappa.mean": 0.7289000000000001, "MIN:kappa.max": 0.9, "MAX:kappa.max": 0.9400000000000001}