{"MIN:log_loss.min": 0.292367223129877, "MAX:log_loss.min": 0.30402300206438293, "MIN:log_loss.mean": 0.472988756661492, "MAX:log_loss.mean": 0.4977852818251644, "MIN:log_loss.max": 0.9788762363141769, "MAX:log_loss.max": 1.0018573722682598, "MIN:accuracy.min": 0.34, "MAX:accuracy.min": 0.4533333333333333, "MIN:accuracy.mean": 0.8655333333333332, "MAX:accuracy.mean": 0.8816666666666666, "MIN:accuracy.max": 0.96, "MAX:accuracy.max": 0.96, "MIN:kappa.min": 0.010000000000000009, "MAX:kappa.min": 0.18000000000000005, "MIN:kappa.mean": 0.7983, "MAX:kappa.mean": 0.8225, "MIN:kappa.max": 0.9400000000000001, "MAX:kappa.max": 0.9400000000000001}