{"MIN:log_loss.min": 0.11424677722135095, "MAX:log_loss.min": 0.15017041397194605, "MIN:log_loss.mean": 0.5873936337215635, "MAX:log_loss.mean": 0.6023698222150786, "MIN:log_loss.max": 1.0976600297587171, "MAX:log_loss.max": 1.098163354407023, "MIN:accuracy.min": 0.24666666666666667, "MAX:accuracy.min": 0.34, "MIN:accuracy.mean": 0.7195999999999999, "MAX:accuracy.mean": 0.8192666666666665, "MIN:accuracy.max": 0.9466666666666667, "MAX:accuracy.max": 0.96, "MIN:kappa.min": -0.1299999999999999, "MAX:kappa.min": 0.010000000000000009, "MIN:kappa.mean": 0.5794, "MAX:kappa.mean": 0.7289, "MIN:kappa.max": 0.92, "MAX:kappa.max": 0.9400000000000001}