{"MIN:log_loss.min": 0.11574575804328228, "MAX:log_loss.min": 0.14961644842803726, "MIN:log_loss.mean": 0.6583301999964988, "MAX:log_loss.mean": 2.5089963125746118, "MIN:log_loss.max": 1.381551055796429, "MAX:log_loss.max": 11.743183974269634, "MIN:accuracy.min": 0.3333333333333333, "MAX:accuracy.min": 0.3333333333333333, "MIN:accuracy.mean": 0.8036666666666666, "MAX:accuracy.mean": 0.8582666666666665, "MIN:accuracy.max": 0.96, "MAX:accuracy.max": 0.96, "MIN:kappa.min": -2.220446049250313e-16, "MAX:kappa.min": 0.0, "MIN:kappa.mean": 0.7055000000000001, "MAX:kappa.mean": 0.7874000000000001, "MIN:kappa.max": 0.9400000000000001, "MAX:kappa.max": 0.9400000000000001}