{"MIN:log_loss.min": 0.05110358825189558, "MAX:log_loss.min": 0.11290630087247959, "MIN:log_loss.mean": 0.3675042471137487, "MAX:log_loss.mean": 1.4286628517890683, "MIN:log_loss.max": 6.173360685898737, "MAX:log_loss.max": 23.025850929940454, "MIN:accuracy.min": 0.16, "MAX:accuracy.min": 0.68, "MIN:accuracy.mean": 0.8891333333333332, "MAX:accuracy.mean": 0.949933333333333, "MIN:accuracy.max": 0.9733333333333334, "MAX:accuracy.max": 0.98, "MIN:kappa.min": -0.26, "MAX:kappa.min": 0.52, "MIN:kappa.mean": 0.8337, "MAX:kappa.mean": 0.9248999999999998, "MIN:kappa.max": 0.96, "MAX:kappa.max": 0.97}