{"MIN:log_loss.min": 0.08031148508350482, "MAX:log_loss.min": 0.24056637681956958, "MIN:log_loss.mean": 0.20099210105119256, "MAX:log_loss.mean": 0.28586171355073553, "MIN:log_loss.max": 0.7360914238523724, "MAX:log_loss.max": 1.309887177288682, "MIN:accuracy.min": 0.94, "MAX:accuracy.min": 0.9466666666666667, "MIN:accuracy.mean": 0.9648666666666668, "MAX:accuracy.mean": 0.9668666666666667, "MIN:accuracy.max": 0.9733333333333334, "MAX:accuracy.max": 0.9733333333333334, "MIN:kappa.min": 0.91, "MAX:kappa.min": 0.92, "MIN:kappa.mean": 0.9472999999999999, "MAX:kappa.mean": 0.9503, "MIN:kappa.max": 0.96, "MAX:kappa.max": 0.96}