{"mean accuracy": 0.9101333333333332, "max accuracy": 0.96, "mean kappa": 0.8651999999999996, "max kappa": 0.94}