{"MIN:log_loss.min": 0.2758525073452442, "MAX:log_loss.min": 0.47672994538903224, "MIN:log_loss.mean": 0.621782251982341, "MAX:log_loss.mean": 0.6731195539964863, "MIN:log_loss.max": 2.0224935297503324, "MAX:log_loss.max": 5.314576825626837, "MIN:accuracy.min": 0.4, "MAX:accuracy.min": 0.56, "MIN:accuracy.mean": 0.8065333333333332, "MAX:accuracy.mean": 0.8582666666666665, "MIN:accuracy.max": 0.96, "MAX:accuracy.max": 0.9666666666666667, "MIN:kappa.min": 0.10000000000000009, "MAX:kappa.min": 0.33999999999999997, "MIN:kappa.mean": 0.7098, "MAX:kappa.mean": 0.7874000000000001, "MIN:kappa.max": 0.9400000000000001, "MAX:kappa.max": 0.95}