{"MIN:log_loss.min": 0.7937076785346084, "MAX:log_loss.min": 0.9528966782032895, "MIN:log_loss.mean": 0.9513353806159488, "MAX:log_loss.mean": 1.224150942685884, "MIN:log_loss.max": 1.098560088385744, "MAX:log_loss.max": 6.1077522925747525, "MIN:accuracy.min": 0.3333333333333333, "MAX:accuracy.min": 0.64, "MIN:accuracy.mean": 0.6354666666666666, "MAX:accuracy.mean": 0.6585333333333334, "MIN:accuracy.max": 0.6666666666666666, "MAX:accuracy.max": 0.6666666666666666, "MIN:kappa.min": 0.0, "MAX:kappa.min": 0.45999999999999996, "MIN:kappa.mean": 0.4532, "MAX:kappa.mean": 0.4878, "MIN:kappa.max": 0.5, "MAX:kappa.max": 0.5}