{"MIN:log_loss.min": 0.8280310797133724, "MAX:log_loss.min": 0.9070011791893563, "MIN:log_loss.mean": 0.9447060066265591, "MAX:log_loss.mean": 1.0055907269862552, "MIN:log_loss.max": 1.1941060370919139, "MAX:log_loss.max": 1.2170581239989473, "MIN:accuracy.min": 0.3333333333333333, "MAX:accuracy.min": 0.6066666666666667, "MIN:accuracy.mean": 0.6068666666666666, "MAX:accuracy.mean": 0.6778, "MIN:accuracy.max": 0.6666666666666666, "MAX:accuracy.max": 0.9133333333333333, "MIN:kappa.min": 0.0, "MAX:kappa.min": 0.41000000000000003, "MIN:kappa.mean": 0.4103, "MAX:kappa.mean": 0.5167, "MIN:kappa.max": 0.5, "MAX:kappa.max": 0.87}