{"MIN:log_loss.min": 0.3224291799364188, "MAX:log_loss.min": 0.38542309194298063, "MIN:log_loss.mean": 0.7690896875633816, "MAX:log_loss.mean": 0.9142980276579826, "MIN:log_loss.max": 1.217782185275558, "MAX:log_loss.max": 2.037834085636212, "MIN:accuracy.min": 0.3333333333333333, "MAX:accuracy.min": 0.3333333333333333, "MIN:accuracy.mean": 0.6608666666666668, "MAX:accuracy.mean": 0.6787333333333333, "MIN:accuracy.max": 0.9466666666666667, "MAX:accuracy.max": 0.96, "MIN:kappa.min": 0.0, "MAX:kappa.min": 0.0, "MIN:kappa.mean": 0.4913, "MAX:kappa.mean": 0.5181, "MIN:kappa.max": 0.92, "MAX:kappa.max": 0.94}