{"mean accuracy": 0.4192, "max accuracy": 0.6666666666666666, "mean kappa": 0.1288, "max kappa": 0.49999999999999994}