{"MIN:log_loss.min": 0.8395179732700111, "MAX:log_loss.min": 0.9071218530663054, "MIN:log_loss.mean": 0.942799613405396, "MAX:log_loss.mean": 1.0159566394042325, "MIN:log_loss.max": 1.162451041142162, "MAX:log_loss.max": 1.2013935822164858, "MIN:accuracy.min": 0.3333333333333333, "MAX:accuracy.min": 0.3333333333333333, "MIN:accuracy.mean": 0.5867999999999999, "MAX:accuracy.mean": 0.6034666666666666, "MIN:accuracy.max": 0.6666666666666666, "MAX:accuracy.max": 0.6666666666666666, "MIN:kappa.min": 0.0, "MAX:kappa.min": 0.0, "MIN:kappa.mean": 0.38020000000000004, "MAX:kappa.mean": 0.40519999999999995, "MIN:kappa.max": 0.5, "MAX:kappa.max": 0.5}