{"MIN:log_loss.min": 0.18859361037746689, "MAX:log_loss.min": 0.4839562288741954, "MIN:log_loss.mean": 0.6719601471105112, "MAX:log_loss.mean": 1.2015492247205333, "MIN:log_loss.max": 1.0986106495268189, "MAX:log_loss.max": 5.7737562106904265, "MIN:accuracy.min": 0.26666666666666666, "MAX:accuracy.min": 0.6666666666666666, "MIN:accuracy.mean": 0.6355333333333334, "MAX:accuracy.mean": 0.6796666666666666, "MIN:accuracy.max": 0.6666666666666666, "MAX:accuracy.max": 0.96, "MIN:kappa.min": -0.10000000000000009, "MAX:kappa.min": 0.5, "MIN:kappa.mean": 0.45330000000000004, "MAX:kappa.mean": 0.5195000000000001, "MIN:kappa.max": 0.5, "MAX:kappa.max": 0.9400000000000001}