{"MIN:log_loss.min": 0.5424497134229371, "MAX:log_loss.min": 0.5932965976322413, "MIN:log_loss.mean": 0.7058892753977685, "MAX:log_loss.mean": 0.7186126305272923, "MIN:log_loss.max": 1.0098844279206431, "MAX:log_loss.max": 1.2518783552108774, "MIN:accuracy.min": 0.006666666666666667, "MAX:accuracy.min": 0.42, "MIN:accuracy.mean": 0.7378, "MAX:accuracy.mean": 0.7559999999999999, "MIN:accuracy.max": 0.8866666666666667, "MAX:accuracy.max": 0.9133333333333333, "MIN:kappa.min": -0.4900000000000002, "MAX:kappa.min": 0.13, "MIN:kappa.mean": 0.6067, "MAX:kappa.mean": 0.634, "MIN:kappa.max": 0.83, "MAX:kappa.max": 0.87}