{"MIN:log_loss.min": 0.38027656319413805, "MAX:log_loss.min": 0.6096938681901586, "MIN:log_loss.mean": 0.6329790017764657, "MAX:log_loss.mean": 0.913889184908929, "MIN:log_loss.max": 1.0871607274102857, "MAX:log_loss.max": 1.6108699720963318, "MIN:accuracy.min": 0.3333333333333333, "MAX:accuracy.min": 0.6666666666666666, "MIN:accuracy.mean": 0.6557333333333335, "MAX:accuracy.mean": 0.7123999999999999, "MIN:accuracy.max": 0.8866666666666667, "MAX:accuracy.max": 0.96, "MIN:kappa.min": 0.0, "MAX:kappa.min": 0.5, "MIN:kappa.mean": 0.4836000000000001, "MAX:kappa.mean": 0.5686000000000001, "MIN:kappa.max": 0.83, "MAX:kappa.max": 0.94}