{"MIN:log_loss.min": 0.2791353544913631, "MAX:log_loss.min": 0.2813598999860007, "MIN:log_loss.mean": 0.4085208352902701, "MAX:log_loss.mean": 0.4179824197998904, "MIN:log_loss.max": 0.7366756301932617, "MAX:log_loss.max": 0.762783301514627, "MIN:accuracy.min": 0.6666666666666666, "MAX:accuracy.min": 0.6666666666666666, "MIN:accuracy.mean": 0.9184666666666668, "MAX:accuracy.mean": 0.9233333333333335, "MIN:accuracy.max": 0.96, "MAX:accuracy.max": 0.96, "MIN:kappa.min": 0.5, "MAX:kappa.min": 0.5, "MIN:kappa.mean": 0.8776999999999999, "MAX:kappa.mean": 0.8850000000000001, "MIN:kappa.max": 0.9400000000000001, "MAX:kappa.max": 0.9400000000000001}