{"MIN:log_loss.min": 0.8867302794845097, "MAX:log_loss.min": 1.0106375511669532, "MIN:log_loss.mean": 0.948128446412643, "MAX:log_loss.mean": 1.1637670944074041, "MIN:log_loss.max": 1.333931138300106, "MAX:log_loss.max": 3.657976412430938, "MIN:accuracy.min": 0.3333333333333333, "MAX:accuracy.min": 0.6666666666666666, "MIN:accuracy.mean": 0.6236666666666667, "MAX:accuracy.mean": 0.6666666666666669, "MIN:accuracy.max": 0.6666666666666666, "MAX:accuracy.max": 0.6666666666666666, "MIN:kappa.min": 0.0, "MAX:kappa.min": 0.5, "MIN:kappa.mean": 0.4355, "MAX:kappa.mean": 0.5, "MIN:kappa.max": 0.5, "MAX:kappa.max": 0.5}