{"MIN:log_loss.min": 0.18266777742918064, "MAX:log_loss.min": 0.43198487822605275, "MIN:log_loss.mean": 0.6436462932544963, "MAX:log_loss.mean": 1.2288850113347753, "MIN:log_loss.max": 1.0986104964591974, "MAX:log_loss.max": 2.860972579447632, "MIN:accuracy.min": 0.05333333333333334, "MAX:accuracy.min": 0.5133333333333333, "MIN:accuracy.mean": 0.6274666666666665, "MAX:accuracy.mean": 0.6871333333333335, "MIN:accuracy.max": 0.8533333333333334, "MAX:accuracy.max": 0.96, "MIN:kappa.min": -0.42000000000000015, "MAX:kappa.min": 0.27, "MIN:kappa.mean": 0.44120000000000004, "MAX:kappa.mean": 0.5307, "MIN:kappa.max": 0.78, "MAX:kappa.max": 0.9400000000000001}