{"MIN:log_loss.min": 0.666601356257395, "MAX:log_loss.min": 0.727783842791142, "MIN:log_loss.mean": 0.830836676739817, "MAX:log_loss.mean": 0.8515341121464268, "MIN:log_loss.max": 1.1816067538659922, "MAX:log_loss.max": 1.1872382285635195, "MIN:accuracy.min": 0.3333333333333333, "MAX:accuracy.min": 0.36666666666666664, "MIN:accuracy.mean": 0.6345999999999999, "MAX:accuracy.mean": 0.7054666666666668, "MIN:accuracy.max": 0.8933333333333333, "MAX:accuracy.max": 0.9666666666666667, "MIN:kappa.min": -2.220446049250313e-16, "MAX:kappa.min": 0.050000000000000044, "MIN:kappa.mean": 0.4519, "MAX:kappa.mean": 0.5582, "MIN:kappa.max": 0.84, "MAX:kappa.max": 0.95}