{"MIN:log_loss.min": 0.08303579437524687, "MAX:log_loss.min": 0.10893384277533537, "MIN:log_loss.mean": 0.3901812809753178, "MAX:log_loss.mean": 0.40841750001895677, "MIN:log_loss.max": 1.0985334704772602, "MAX:log_loss.max": 1.0985334784915555, "MIN:accuracy.min": 0.84, "MAX:accuracy.min": 0.9266666666666666, "MIN:accuracy.mean": 0.9518666666666666, "MAX:accuracy.mean": 0.9609999999999999, "MIN:accuracy.max": 0.9733333333333334, "MAX:accuracy.max": 0.9733333333333334, "MIN:kappa.min": 0.76, "MAX:kappa.min": 0.89, "MIN:kappa.mean": 0.9277999999999998, "MAX:kappa.mean": 0.9414999999999998, "MIN:kappa.max": 0.96, "MAX:kappa.max": 0.96}