{"MIN:log_loss.min": 0.35700898033410977, "MAX:log_loss.min": 0.659393571427438, "MIN:log_loss.mean": 1.0410076586731762, "MAX:log_loss.mean": 4.683005375049639, "MIN:log_loss.max": 5.281425873150425, "MAX:log_loss.max": 23.025850929940454, "MIN:accuracy.min": 0.3333333333333333, "MAX:accuracy.min": 0.3333333333333333, "MIN:accuracy.mean": 0.6558000000000002, "MAX:accuracy.mean": 0.7050666666666667, "MIN:accuracy.max": 0.8933333333333333, "MAX:accuracy.max": 0.96, "MIN:kappa.min": -2.220446049250313e-16, "MAX:kappa.min": 0.0, "MIN:kappa.mean": 0.48369999999999996, "MAX:kappa.mean": 0.5576000000000001, "MIN:kappa.max": 0.84, "MAX:kappa.max": 0.9400000000000001}