{"mean accuracy": 0.6351333333333334, "max accuracy": 0.8533333333333333, "mean kappa": 0.4527000000000001, "max kappa": 0.7799999999999999}