{"MIN:log_loss.min": 0.6593871633864243, "MAX:log_loss.min": 0.7084582342246608, "MIN:log_loss.mean": 0.8003242835193702, "MAX:log_loss.mean": 0.971979433536564, "MIN:log_loss.max": 1.2120578052528377, "MAX:log_loss.max": 1.6475862688486458, "MIN:accuracy.min": 0.3333333333333333, "MAX:accuracy.min": 0.3333333333333333, "MIN:accuracy.mean": 0.6401333333333333, "MAX:accuracy.mean": 0.6832666666666666, "MIN:accuracy.max": 0.8533333333333334, "MAX:accuracy.max": 0.96, "MIN:kappa.min": 0.0, "MAX:kappa.min": 0.0, "MIN:kappa.mean": 0.4602000000000001, "MAX:kappa.mean": 0.5249, "MIN:kappa.max": 0.78, "MAX:kappa.max": 0.94}