{"mean accuracy": 0.8953333333333332, "max accuracy": 0.9666666666666667, "mean kappa": 0.8429999999999999, "max kappa": 0.95}