{"MIN:log_loss.min": 0.3924968107105428, "MAX:log_loss.min": 0.4261800590219135, "MIN:log_loss.mean": 0.6027420916038384, "MAX:log_loss.mean": 0.6167730975311826, "MIN:log_loss.max": 0.973516122492557, "MAX:log_loss.max": 0.9859348826419544, "MIN:accuracy.min": 0.4266666666666667, "MAX:accuracy.min": 0.5133333333333333, "MIN:accuracy.mean": 0.8016, "MAX:accuracy.mean": 0.8182666666666667, "MIN:accuracy.max": 0.96, "MAX:accuracy.max": 0.9666666666666667, "MIN:kappa.min": 0.14, "MAX:kappa.min": 0.27, "MIN:kappa.mean": 0.7023999999999999, "MAX:kappa.mean": 0.7273999999999999, "MIN:kappa.max": 0.94, "MAX:kappa.max": 0.95}