{"MIN:log_loss.min": 0.14945648259589123, "MAX:log_loss.min": 0.18351415745711308, "MIN:log_loss.mean": 0.36418929743673006, "MAX:log_loss.mean": 0.4285301955003259, "MIN:log_loss.max": 0.9410294653840393, "MAX:log_loss.max": 1.2985087765118448, "MIN:accuracy.min": 0.5466666666666666, "MAX:accuracy.min": 0.6666666666666666, "MIN:accuracy.mean": 0.8735333333333334, "MAX:accuracy.mean": 0.8974666666666665, "MIN:accuracy.max": 0.9466666666666667, "MAX:accuracy.max": 0.9666666666666667, "MIN:kappa.min": 0.31999999999999995, "MAX:kappa.min": 0.5, "MIN:kappa.mean": 0.8102999999999999, "MAX:kappa.mean": 0.8462000000000002, "MIN:kappa.max": 0.92, "MAX:kappa.max": 0.95}