{"MIN:log_loss.min": 0.4232573511765643, "MAX:log_loss.min": 0.5471766155526578, "MIN:log_loss.mean": 0.8483326634410077, "MAX:log_loss.mean": 0.9569292977746044, "MIN:log_loss.max": 1.639071492246258, "MAX:log_loss.max": 2.4877231979911825, "MIN:accuracy.min": 0.3333333333333333, "MAX:accuracy.min": 0.3333333333333333, "MIN:accuracy.mean": 0.6968666666666669, "MAX:accuracy.mean": 0.7166666666666667, "MIN:accuracy.max": 0.96, "MAX:accuracy.max": 0.96, "MIN:kappa.min": -2.220446049250313e-16, "MAX:kappa.min": 0.0, "MIN:kappa.mean": 0.5453000000000001, "MAX:kappa.mean": 0.575, "MIN:kappa.max": 0.9400000000000001, "MAX:kappa.max": 0.9400000000000001}