{"MIN:log_loss.min": 0.7741270862024292, "MAX:log_loss.min": 0.8331224249545987, "MIN:log_loss.mean": 0.8232406827222545, "MAX:log_loss.mean": 0.9223839002851687, "MIN:log_loss.max": 1.0576373314386265, "MAX:log_loss.max": 1.0729532088740172, "MIN:accuracy.min": 0.6733333333333333, "MAX:accuracy.min": 0.8133333333333334, "MIN:accuracy.mean": 0.8133333333333331, "MAX:accuracy.mean": 0.8541999999999998, "MIN:accuracy.max": 0.8133333333333334, "MAX:accuracy.max": 0.9733333333333334, "MIN:kappa.min": 0.51, "MAX:kappa.min": 0.72, "MIN:kappa.mean": 0.7199999999999999, "MAX:kappa.mean": 0.7813000000000001, "MIN:kappa.max": 0.72, "MAX:kappa.max": 0.96}