{"mean accuracy": 0.6906, "max accuracy": 0.8533333333333333, "mean kappa": 0.5359, "max kappa": 0.7799999999999999}