{"MIN:log_loss.min": 0.21114338412965958, "MAX:log_loss.min": 0.22032089858955953, "MIN:log_loss.mean": 0.46671238260294595, "MAX:log_loss.mean": 0.5011165335559751, "MIN:log_loss.max": 1.1266878581590554, "MAX:log_loss.max": 1.138551374057456, "MIN:accuracy.min": 0.3333333333333333, "MAX:accuracy.min": 0.3333333333333333, "MIN:accuracy.mean": 0.7764, "MAX:accuracy.mean": 0.8290666666666666, "MIN:accuracy.max": 0.96, "MAX:accuracy.max": 0.98, "MIN:kappa.min": 0.0, "MAX:kappa.min": 0.0, "MIN:kappa.mean": 0.6646000000000001, "MAX:kappa.mean": 0.7436, "MIN:kappa.max": 0.9400000000000001, "MAX:kappa.max": 0.97}