{"MIN:log_loss.min": 0.8290178462375157, "MAX:log_loss.min": 0.8867295753050399, "MIN:log_loss.mean": 0.970483772371047, "MAX:log_loss.mean": 1.1065058203332183, "MIN:log_loss.max": 2.2785844793434746, "MAX:log_loss.max": 2.5261821956476895, "MIN:accuracy.min": 0.3333333333333333, "MAX:accuracy.min": 0.3333333333333333, "MIN:accuracy.mean": 0.6204, "MAX:accuracy.mean": 0.6204, "MIN:accuracy.max": 0.6666666666666666, "MAX:accuracy.max": 0.6666666666666666, "MIN:kappa.min": 0.0, "MAX:kappa.min": 0.0, "MIN:kappa.mean": 0.43060000000000004, "MAX:kappa.mean": 0.43060000000000004, "MIN:kappa.max": 0.5, "MAX:kappa.max": 0.5}