{"MIN:log_loss.min": 0.8321752022486083, "MAX:log_loss.min": 0.8322829601109796, "MIN:log_loss.mean": 0.9346531307377965, "MAX:log_loss.mean": 0.939367526371415, "MIN:log_loss.max": 1.0986116637647152, "MAX:log_loss.max": 1.0986116637647154, "MIN:accuracy.min": 0.38, "MAX:accuracy.min": 0.38, "MIN:accuracy.mean": 0.7724666666666669, "MAX:accuracy.mean": 0.8419333333333333, "MIN:accuracy.max": 0.9533333333333334, "MAX:accuracy.max": 0.9533333333333334, "MIN:kappa.min": 0.06999999999999984, "MAX:kappa.min": 0.06999999999999984, "MIN:kappa.mean": 0.6587000000000001, "MAX:kappa.mean": 0.7628999999999999, "MIN:kappa.max": 0.9299999999999999, "MAX:kappa.max": 0.9299999999999999}