{"MIN:log_loss.min": 0.34169066052044295, "MAX:log_loss.min": 0.5984149781699185, "MIN:log_loss.mean": 0.6853709112505436, "MAX:log_loss.mean": 0.8627739766857669, "MIN:log_loss.max": 1.087036500635717, "MAX:log_loss.max": 1.3170673390784724, "MIN:accuracy.min": 0.3333333333333333, "MAX:accuracy.min": 0.66, "MIN:accuracy.mean": 0.6746666666666665, "MAX:accuracy.mean": 0.7602000000000001, "MIN:accuracy.max": 0.9133333333333333, "MAX:accuracy.max": 0.96, "MIN:kappa.min": 0.0, "MAX:kappa.min": 0.49, "MIN:kappa.mean": 0.512, "MAX:kappa.mean": 0.6403, "MIN:kappa.max": 0.87, "MAX:kappa.max": 0.9400000000000001}