{"MIN:log_loss.min": 0.13902341964160744, "MAX:log_loss.min": 0.2134072054345774, "MIN:log_loss.mean": 0.6395609489912898, "MAX:log_loss.mean": 0.6849683997346776, "MIN:log_loss.max": 1.218086722816514, "MAX:log_loss.max": 1.3213501079323497, "MIN:accuracy.min": 0.3333333333333333, "MAX:accuracy.min": 0.3333333333333333, "MIN:accuracy.mean": 0.6695999999999998, "MAX:accuracy.mean": 0.7234666666666666, "MIN:accuracy.max": 0.96, "MAX:accuracy.max": 0.96, "MIN:kappa.min": 0.0, "MAX:kappa.min": 0.0, "MIN:kappa.mean": 0.5044, "MAX:kappa.mean": 0.5851999999999999, "MIN:kappa.max": 0.9400000000000001, "MAX:kappa.max": 0.9400000000000001}