{"MIN:log_loss.min": 0.09807001718337022, "MAX:log_loss.min": 0.19899738795315494, "MIN:log_loss.mean": 0.2176538448402569, "MAX:log_loss.mean": 0.36873025941847787, "MIN:log_loss.max": 0.7813390702292344, "MAX:log_loss.max": 5.159867127577703, "MIN:accuracy.min": 0.3333333333333333, "MAX:accuracy.min": 0.6666666666666666, "MIN:accuracy.mean": 0.9339999999999999, "MAX:accuracy.mean": 0.9559333333333333, "MIN:accuracy.max": 0.9666666666666667, "MAX:accuracy.max": 0.98, "MIN:kappa.min": 0.0, "MAX:kappa.min": 0.5, "MIN:kappa.mean": 0.9009999999999999, "MAX:kappa.mean": 0.9338999999999998, "MIN:kappa.max": 0.95, "MAX:kappa.max": 0.97}