{"MIN:log_loss.min": 0.6248494758740255, "MAX:log_loss.min": 0.6287491382322802, "MIN:log_loss.mean": 0.9221738197593099, "MAX:log_loss.mean": 0.9258388789633117, "MIN:log_loss.max": 1.1951466231284997, "MAX:log_loss.max": 1.1951466231284997, "MIN:accuracy.min": 0.66, "MAX:accuracy.min": 0.66, "MIN:accuracy.mean": 0.7337333333333333, "MAX:accuracy.mean": 0.7407333333333332, "MIN:accuracy.max": 0.9533333333333334, "MAX:accuracy.max": 0.96, "MIN:kappa.min": 0.49, "MAX:kappa.min": 0.49, "MIN:kappa.mean": 0.6006000000000001, "MAX:kappa.mean": 0.6111000000000001, "MIN:kappa.max": 0.9299999999999999, "MAX:kappa.max": 0.94}