{"MIN:log_loss.min": 0.12673308471518135, "MAX:log_loss.min": 0.14508305968953375, "MIN:log_loss.mean": 0.43916005892260374, "MAX:log_loss.mean": 0.5094082498530631, "MIN:log_loss.max": 1.097994514841493, "MAX:log_loss.max": 1.1061761042696485, "MIN:accuracy.min": 0.3333333333333333, "MAX:accuracy.min": 0.7133333333333334, "MIN:accuracy.mean": 0.8036000000000001, "MAX:accuracy.mean": 0.8832, "MIN:accuracy.max": 0.96, "MAX:accuracy.max": 0.96, "MIN:kappa.min": -2.220446049250313e-16, "MAX:kappa.min": 0.5700000000000001, "MIN:kappa.mean": 0.7054000000000002, "MAX:kappa.mean": 0.8247999999999999, "MIN:kappa.max": 0.94, "MAX:kappa.max": 0.9400000000000001}