{"MIN:log_loss.min": 0.11477052025141345, "MAX:log_loss.min": 0.16549848825977787, "MIN:log_loss.mean": 0.817311777084827, "MAX:log_loss.mean": 1.1182082018733457, "MIN:log_loss.max": 16.578612669557128, "MAX:log_loss.max": 17.729905216054153, "MIN:accuracy.min": 0.3333333333333333, "MAX:accuracy.min": 0.52, "MIN:accuracy.mean": 0.8394666666666665, "MAX:accuracy.mean": 0.8815999999999997, "MIN:accuracy.max": 0.96, "MAX:accuracy.max": 0.96, "MIN:kappa.min": -2.220446049250313e-16, "MAX:kappa.min": 0.28, "MIN:kappa.mean": 0.7592, "MAX:kappa.mean": 0.8223999999999999, "MIN:kappa.max": 0.9400000000000001, "MAX:kappa.max": 0.9400000000000001}