{"MIN:log_loss.min": 0.644190804127558, "MAX:log_loss.min": 0.9070249575563468, "MIN:log_loss.mean": 0.9575911663276514, "MAX:log_loss.mean": 1.0207479841947191, "MIN:log_loss.max": 1.170746431391335, "MAX:log_loss.max": 1.4472106183994136, "MIN:accuracy.min": 0.3333333333333333, "MAX:accuracy.min": 0.6066666666666667, "MIN:accuracy.mean": 0.5837999999999999, "MAX:accuracy.mean": 0.6471333333333333, "MIN:accuracy.max": 0.6666666666666666, "MAX:accuracy.max": 0.96, "MIN:kappa.min": 0.0, "MAX:kappa.min": 0.41000000000000003, "MIN:kappa.mean": 0.3757, "MAX:kappa.mean": 0.47070000000000006, "MIN:kappa.max": 0.5, "MAX:kappa.max": 0.9400000000000001}