{"MIN:log_loss.min": 0.5653723755294872, "MAX:log_loss.min": 0.6210083242509497, "MIN:log_loss.mean": 0.8123455519083339, "MAX:log_loss.mean": 0.8702550651187231, "MIN:log_loss.max": 1.1953216426466218, "MAX:log_loss.max": 1.1953257180743628, "MIN:accuracy.min": 0.3333333333333333, "MAX:accuracy.min": 0.66, "MIN:accuracy.mean": 0.7292666666666666, "MAX:accuracy.mean": 0.780266666666667, "MIN:accuracy.max": 0.9533333333333334, "MAX:accuracy.max": 0.9666666666666667, "MIN:kappa.min": 0.0, "MAX:kappa.min": 0.49, "MIN:kappa.mean": 0.5939000000000001, "MAX:kappa.mean": 0.6704000000000001, "MIN:kappa.max": 0.9299999999999999, "MAX:kappa.max": 0.95}