{"MIN:log_loss.min": 0.061974732582766735, "MAX:log_loss.min": 0.14777552122072388, "MIN:log_loss.mean": 0.23985151810230332, "MAX:log_loss.mean": 0.36272839743863783, "MIN:log_loss.max": 0.8274417167803659, "MAX:log_loss.max": 0.9108878674839446, "MIN:accuracy.min": 0.82, "MAX:accuracy.min": 0.9466666666666667, "MIN:accuracy.mean": 0.9548666666666666, "MAX:accuracy.mean": 0.9641999999999998, "MIN:accuracy.max": 0.9733333333333334, "MAX:accuracy.max": 0.98, "MIN:kappa.min": 0.73, "MAX:kappa.min": 0.92, "MIN:kappa.mean": 0.9322999999999999, "MAX:kappa.mean": 0.9462999999999998, "MIN:kappa.max": 0.96, "MAX:kappa.max": 0.97}