{"MIN:log_loss.min": 0.07194061876293285, "MAX:log_loss.min": 0.16563234423453055, "MIN:log_loss.mean": 0.40879374199186924, "MAX:log_loss.mean": 0.6430247261281191, "MIN:log_loss.max": 2.1022919019664883, "MAX:log_loss.max": 11.512925466933945, "MIN:accuracy.min": 0.6533333333333333, "MAX:accuracy.min": 0.6733333333333333, "MIN:accuracy.mean": 0.8625333333333335, "MAX:accuracy.mean": 0.8965333333333334, "MIN:accuracy.max": 0.96, "MAX:accuracy.max": 0.98, "MIN:kappa.min": 0.48, "MAX:kappa.min": 0.51, "MIN:kappa.mean": 0.7938000000000001, "MAX:kappa.mean": 0.8447999999999999, "MIN:kappa.max": 0.9400000000000001, "MAX:kappa.max": 0.97}