{"mean accuracy": 0.9344666666666671, "max accuracy": 0.96, "mean kappa": 0.9017000000000001, "max kappa": 0.94}