{"mean accuracy": 0.9262000000000004, "max accuracy": 0.9666666666666666, "mean kappa": 0.8893000000000001, "max kappa": 0.9499999999999998}