{"MIN:log_loss.min": 0.22425895614951954, "MAX:log_loss.min": 0.790711981891084, "MIN:log_loss.mean": 0.6145599015184188, "MAX:log_loss.mean": 0.8585877886566824, "MIN:log_loss.max": 1.4289555014198672, "MAX:log_loss.max": 2.887277662021228, "MIN:accuracy.min": 0.3333333333333333, "MAX:accuracy.min": 0.4533333333333333, "MIN:accuracy.mean": 0.7408000000000001, "MAX:accuracy.mean": 0.7642000000000002, "MIN:accuracy.max": 0.96, "MAX:accuracy.max": 0.9666666666666667, "MIN:kappa.min": 0.0, "MAX:kappa.min": 0.18000000000000005, "MIN:kappa.mean": 0.6112000000000001, "MAX:kappa.mean": 0.6463, "MIN:kappa.max": 0.94, "MAX:kappa.max": 0.95}