{"MIN:log_loss.min": 0.6478369470736797, "MAX:log_loss.min": 0.8612593828140841, "MIN:log_loss.mean": 0.8922622470782099, "MAX:log_loss.mean": 1.3631382877764464, "MIN:log_loss.max": 1.1273994937328806, "MAX:log_loss.max": 2.708574072350402, "MIN:accuracy.min": 0.3333333333333333, "MAX:accuracy.min": 0.4066666666666667, "MIN:accuracy.mean": 0.585, "MAX:accuracy.mean": 0.5987333333333332, "MIN:accuracy.max": 0.6666666666666666, "MAX:accuracy.max": 0.9, "MIN:kappa.min": -2.220446049250313e-16, "MAX:kappa.min": 0.10999999999999999, "MIN:kappa.mean": 0.37749999999999995, "MAX:kappa.mean": 0.3981, "MIN:kappa.max": 0.5, "MAX:kappa.max": 0.85}