{"MIN:log_loss.min": 0.5701591066449568, "MAX:log_loss.min": 0.9430070911160889, "MIN:log_loss.mean": 0.672942178690495, "MAX:log_loss.mean": 1.0689143278626994, "MIN:log_loss.max": 0.9678294209002354, "MAX:log_loss.max": 1.3861624474169303, "MIN:accuracy.min": 0.3333333333333333, "MAX:accuracy.min": 0.6133333333333333, "MIN:accuracy.mean": 0.45746666666666663, "MAX:accuracy.mean": 0.6586666666666667, "MIN:accuracy.max": 0.6666666666666666, "MAX:accuracy.max": 0.7933333333333333, "MIN:kappa.min": -2.220446049250313e-16, "MAX:kappa.min": 0.42000000000000004, "MIN:kappa.mean": 0.1862, "MAX:kappa.mean": 0.488, "MIN:kappa.max": 0.5, "MAX:kappa.max": 0.69}