{"MIN:log_loss.min": 0.4810807699416135, "MAX:log_loss.min": 0.5125892889698096, "MIN:log_loss.mean": 0.7507823170571872, "MAX:log_loss.mean": 0.8228334179569008, "MIN:log_loss.max": 1.0985720868204734, "MAX:log_loss.max": 1.0985721022139505, "MIN:accuracy.min": 0.3333333333333333, "MAX:accuracy.min": 0.66, "MIN:accuracy.mean": 0.6517333333333335, "MAX:accuracy.mean": 0.6625333333333333, "MIN:accuracy.max": 0.6666666666666666, "MAX:accuracy.max": 0.6666666666666666, "MIN:kappa.min": 0.0, "MAX:kappa.min": 0.49, "MIN:kappa.mean": 0.47759999999999997, "MAX:kappa.mean": 0.4938000000000002, "MIN:kappa.max": 0.5, "MAX:kappa.max": 0.5}