{"mean accuracy": 0.949666666666667, "max accuracy": 0.96, "mean kappa": 0.9244999999999999, "max kappa": 0.94}