{"MIN:log_loss.min": 0.4149040624688445, "MAX:log_loss.min": 0.8998813258738103, "MIN:log_loss.mean": 0.8704479897460726, "MAX:log_loss.mean": 1.2819649738544756, "MIN:log_loss.max": 1.0616833290270982, "MAX:log_loss.max": 11.220833859636741, "MIN:accuracy.min": 0.12666666666666668, "MAX:accuracy.min": 0.5466666666666666, "MIN:accuracy.mean": 0.5075999999999999, "MAX:accuracy.mean": 0.6763333333333336, "MIN:accuracy.max": 0.6666666666666666, "MAX:accuracy.max": 0.9666666666666667, "MIN:kappa.min": -0.3100000000000003, "MAX:kappa.min": 0.31999999999999995, "MIN:kappa.mean": 0.2614, "MAX:kappa.mean": 0.5145000000000001, "MIN:kappa.max": 0.5, "MAX:kappa.max": 0.95}