{"MIN:log_loss.min": 0.5015556706321977, "MAX:log_loss.min": 0.7234442102534069, "MIN:log_loss.mean": 0.7434768773529359, "MAX:log_loss.mean": 1.1995005383395172, "MIN:log_loss.max": 1.1916270942222282, "MAX:log_loss.max": 2.356808073213323, "MIN:accuracy.min": 0.3333333333333333, "MAX:accuracy.min": 0.6533333333333333, "MIN:accuracy.mean": 0.6754666666666667, "MAX:accuracy.mean": 0.7246666666666667, "MIN:accuracy.max": 0.9466666666666667, "MAX:accuracy.max": 0.98, "MIN:kappa.min": 0.0, "MAX:kappa.min": 0.48, "MIN:kappa.mean": 0.5132, "MAX:kappa.mean": 0.587, "MIN:kappa.max": 0.92, "MAX:kappa.max": 0.97}