{"MIN:log_loss.min": 0.6927809927216195, "MAX:log_loss.min": 0.7018944433403603, "MIN:log_loss.mean": 0.9079995810054048, "MAX:log_loss.mean": 0.9141962851254939, "MIN:log_loss.max": 1.1755589735997836, "MAX:log_loss.max": 1.2421393170055555, "MIN:accuracy.min": 0.37333333333333335, "MAX:accuracy.min": 0.38666666666666666, "MIN:accuracy.mean": 0.7282000000000001, "MAX:accuracy.mean": 0.7371333333333335, "MIN:accuracy.max": 0.9533333333333334, "MAX:accuracy.max": 0.9666666666666667, "MIN:kappa.min": 0.06000000000000005, "MAX:kappa.min": 0.07999999999999996, "MIN:kappa.mean": 0.5923, "MAX:kappa.mean": 0.6057, "MIN:kappa.max": 0.9299999999999999, "MAX:kappa.max": 0.95}