{"MIN:log_loss.min": 0.615928331585404, "MAX:log_loss.min": 0.663745342762375, "MIN:log_loss.mean": 0.8095689688193608, "MAX:log_loss.mean": 0.8749439434934143, "MIN:log_loss.max": 1.1230242954982732, "MAX:log_loss.max": 1.1943903032569423, "MIN:accuracy.min": 0.36666666666666664, "MAX:accuracy.min": 0.62, "MIN:accuracy.mean": 0.7171333333333334, "MAX:accuracy.mean": 0.7447333333333336, "MIN:accuracy.max": 0.9133333333333333, "MAX:accuracy.max": 0.9533333333333334, "MIN:kappa.min": 0.050000000000000044, "MAX:kappa.min": 0.43000000000000005, "MIN:kappa.mean": 0.5757, "MAX:kappa.mean": 0.6171, "MIN:kappa.max": 0.87, "MAX:kappa.max": 0.9299999999999999}