{"MIN:log_loss.min": 0.12776713986529634, "MAX:log_loss.min": 0.24700323749772232, "MIN:log_loss.mean": 0.44717648127822296, "MAX:log_loss.mean": 0.5304244199684739, "MIN:log_loss.max": 1.076921901336757, "MAX:log_loss.max": 1.082629957810704, "MIN:accuracy.min": 0.3333333333333333, "MAX:accuracy.min": 0.62, "MIN:accuracy.mean": 0.8371999999999998, "MAX:accuracy.mean": 0.9032666666666666, "MIN:accuracy.max": 0.9466666666666667, "MAX:accuracy.max": 0.9666666666666667, "MIN:kappa.min": 0.0, "MAX:kappa.min": 0.43000000000000005, "MIN:kappa.mean": 0.7558, "MAX:kappa.mean": 0.8549, "MIN:kappa.max": 0.92, "MAX:kappa.max": 0.95}