{"MAX:log_loss.min": 0.5523567404176745, "ARGMAX:log_loss.min": [8, 422722], "MIN:log_loss.min": 0.5402868196702657, "ARGMIN:log_loss.min": [9, 455119], "MEAN:log_loss.min": 0.5485620407204552, "MAX:log_loss.mean": 0.8644183115926407, "ARGMAX:log_loss.mean": [5, 423293], "MIN:log_loss.mean": 0.8479288187220699, "ARGMIN:log_loss.mean": [9, 455119], "MEAN:log_loss.mean": 0.8557080066512599, "MAX:log_loss.max": 2.1896073380252776, "ARGMAX:log_loss.max": [0, 459987], "MIN:log_loss.max": 1.925987386197646, "ARGMIN:log_loss.max": [6, 431156], "MEAN:log_loss.max": 2.0449063784895576, "MAX:accuracy.min": 0.7142, "ARGMAX:accuracy.min": [0, 459987], "MIN:accuracy.min": 0.6923, "ARGMIN:accuracy.min": [9, 455119], "MEAN:accuracy.min": 0.7109300000000001, "MAX:accuracy.mean": 0.8058610000000002, "ARGMAX:accuracy.mean": [0, 459987], "MIN:accuracy.mean": 0.7991300000000001, "ARGMIN:accuracy.mean": [9, 455119], "MEAN:accuracy.mean": 0.8021050000000001, "MAX:accuracy.max": 0.8274, "ARGMAX:accuracy.max": [9, 455119], "MIN:accuracy.max": 0.8218, "ARGMIN:accuracy.max": [8, 422722], "MEAN:accuracy.max": 0.82409, "MAX:kappa.min": 0.6820772189049522, "ARGMAX:kappa.min": [0, 459987], "MIN:kappa.min": 0.6576835921493465, "ARGMIN:kappa.min": [9, 455119], "MEAN:kappa.min": 0.6784777547201296, "MAX:kappa.mean": 0.7841338187710992, "ARGMAX:kappa.mean": [0, 459987], "MIN:kappa.mean": 0.7766276557725496, "ARGMIN:kappa.mean": [9, 455119], "MEAN:kappa.mean": 0.7799597572655569, "MAX:kappa.max": 0.8081366746290688, "ARGMAX:kappa.max": [9, 455119], "MIN:kappa.max": 0.8018978673449423, "ARGMIN:kappa.max": [8, 422722], "MEAN:kappa.max": 0.8044528735863343}