{"MIN:log_loss.min": 0.22089513994426202, "MAX:log_loss.min": 0.6801221588200221, "MIN:log_loss.mean": 0.684663458274678, "MAX:log_loss.mean": 2.6874140175860024, "MIN:log_loss.max": 3.433691073310277, "MAX:log_loss.max": 12.945760407679355, "MIN:accuracy.min": 0.14666666666666667, "MAX:accuracy.min": 0.66, "MIN:accuracy.mean": 0.7040000000000001, "MAX:accuracy.mean": 0.7650000000000001, "MIN:accuracy.max": 0.9266666666666666, "MAX:accuracy.max": 0.9666666666666667, "MIN:kappa.min": -0.28, "MAX:kappa.min": 0.49, "MIN:kappa.mean": 0.556, "MAX:kappa.mean": 0.6475, "MIN:kappa.max": 0.89, "MAX:kappa.max": 0.95}