{"MIN:log_loss.min": 0.5171678379509289, "MAX:log_loss.min": 0.58571064707522, "MIN:log_loss.mean": 0.6962179076384994, "MAX:log_loss.mean": 0.7552468611069669, "MIN:log_loss.max": 1.1907429527461204, "MAX:log_loss.max": 1.1940788705491252, "MIN:accuracy.min": 0.66, "MAX:accuracy.min": 0.6666666666666666, "MIN:accuracy.mean": 0.8291333333333333, "MAX:accuracy.mean": 0.8560000000000001, "MIN:accuracy.max": 0.9466666666666667, "MAX:accuracy.max": 0.9666666666666667, "MIN:kappa.min": 0.49, "MAX:kappa.min": 0.5, "MIN:kappa.mean": 0.7437, "MAX:kappa.mean": 0.784, "MIN:kappa.max": 0.92, "MAX:kappa.max": 0.95}