{"MIN:log_loss.min": 0.12351638848454703, "MAX:log_loss.min": 0.829055560456498, "MIN:log_loss.mean": 0.6599281682286887, "MAX:log_loss.mean": 0.9829590790140026, "MIN:log_loss.max": 1.1075488449167972, "MAX:log_loss.max": 1.918616285114471, "MIN:accuracy.min": 0.0, "MAX:accuracy.min": 0.66, "MIN:accuracy.mean": 0.6237333333333333, "MAX:accuracy.mean": 0.6678000000000001, "MIN:accuracy.max": 0.6666666666666666, "MAX:accuracy.max": 0.96, "MIN:kappa.min": -0.4999999999999998, "MAX:kappa.min": 0.49, "MIN:kappa.mean": 0.4356000000000001, "MAX:kappa.mean": 0.5016999999999999, "MIN:kappa.max": 0.5, "MAX:kappa.max": 0.9400000000000001}