{"MIN:log_loss.min": 0.790182357671059, "MAX:log_loss.min": 0.7924758340206349, "MIN:log_loss.mean": 0.8497344705440077, "MAX:log_loss.mean": 0.8512820866679687, "MIN:log_loss.max": 1.3069596262506145, "MAX:log_loss.max": 1.30807844733113, "MIN:accuracy.min": 0.3333333333333333, "MAX:accuracy.min": 0.34, "MIN:accuracy.mean": 0.6462666666666668, "MAX:accuracy.mean": 0.6612666666666666, "MIN:accuracy.max": 0.96, "MAX:accuracy.max": 0.9666666666666667, "MIN:kappa.min": 1.1102230246251565e-16, "MAX:kappa.min": 0.010000000000000009, "MIN:kappa.mean": 0.46939999999999993, "MAX:kappa.mean": 0.4919, "MIN:kappa.max": 0.94, "MAX:kappa.max": 0.95}