{"mean accuracy": 0.4946666666666667, "max accuracy": 0.9666666666666666, "mean kappa": 0.242, "max kappa": 0.9499999999999998}