{"MIN:log_loss.min": 0.46225055862112496, "MAX:log_loss.min": 0.576522641131328, "MIN:log_loss.mean": 0.9046672777259286, "MAX:log_loss.mean": 5.43363088741421, "MIN:log_loss.max": 1.1341106385690183, "MAX:log_loss.max": 20.97564131271585, "MIN:accuracy.min": 0.3333333333333333, "MAX:accuracy.min": 0.3333333333333333, "MIN:accuracy.mean": 0.49540000000000006, "MAX:accuracy.mean": 0.6188666666666667, "MIN:accuracy.max": 0.6666666666666666, "MAX:accuracy.max": 0.9533333333333334, "MIN:kappa.min": 0.0, "MAX:kappa.min": 0.0, "MIN:kappa.mean": 0.2431, "MAX:kappa.mean": 0.42829999999999996, "MIN:kappa.max": 0.5, "MAX:kappa.max": 0.9299999999999999}