{"MIN:log_loss.min": 0.4927250449196908, "MAX:log_loss.min": 0.553445863231199, "MIN:log_loss.mean": 0.7357672218140475, "MAX:log_loss.mean": 0.7697865954023547, "MIN:log_loss.max": 1.195303172683403, "MAX:log_loss.max": 1.1953106223098504, "MIN:accuracy.min": 0.04666666666666667, "MAX:accuracy.min": 0.3333333333333333, "MIN:accuracy.mean": 0.7961999999999999, "MAX:accuracy.mean": 0.8190666666666665, "MIN:accuracy.max": 0.96, "MAX:accuracy.max": 0.96, "MIN:kappa.min": -0.42999999999999994, "MAX:kappa.min": 0.0, "MIN:kappa.mean": 0.6943, "MAX:kappa.mean": 0.7286000000000001, "MIN:kappa.max": 0.9400000000000001, "MAX:kappa.max": 0.9400000000000001}