{"MIN:log_loss.min": 0.67291956073554, "MAX:log_loss.min": 0.8764665125002757, "MIN:log_loss.mean": 1.0163558264724157, "MAX:log_loss.mean": 1.0618998771821375, "MIN:log_loss.max": 1.2542078930664067, "MAX:log_loss.max": 1.394276380878541, "MIN:accuracy.min": 0.3333333333333333, "MAX:accuracy.min": 0.3333333333333333, "MIN:accuracy.mean": 0.5704, "MAX:accuracy.mean": 0.5903333333333334, "MIN:accuracy.max": 0.6666666666666666, "MAX:accuracy.max": 0.9533333333333334, "MIN:kappa.min": 0.0, "MAX:kappa.min": 0.0, "MIN:kappa.mean": 0.35559999999999997, "MAX:kappa.mean": 0.3854999999999999, "MIN:kappa.max": 0.5, "MAX:kappa.max": 0.9299999999999999}