{"MIN:log_loss.min": 0.125422403237056, "MAX:log_loss.min": 0.5696639783989998, "MIN:log_loss.mean": 0.33520083819321256, "MAX:log_loss.mean": 0.7586594486399955, "MIN:log_loss.max": 0.8910318234270611, "MAX:log_loss.max": 1.0228375475187361, "MIN:accuracy.min": 0.3466666666666667, "MAX:accuracy.min": 0.6666666666666666, "MIN:accuracy.mean": 0.8838666666666666, "MAX:accuracy.mean": 0.9300666666666666, "MIN:accuracy.max": 0.8933333333333333, "MAX:accuracy.max": 0.9733333333333334, "MIN:kappa.min": 0.02000000000000013, "MAX:kappa.min": 0.5, "MIN:kappa.mean": 0.8258000000000001, "MAX:kappa.mean": 0.8951, "MIN:kappa.max": 0.84, "MAX:kappa.max": 0.96}