{"MIN:log_loss.min": 0.6500543621756424, "MAX:log_loss.min": 0.7901830954407026, "MIN:log_loss.mean": 0.8050753765667471, "MAX:log_loss.mean": 1.261292037613092, "MIN:log_loss.max": 1.9474419156360185, "MAX:log_loss.max": 9.696056572513395, "MIN:accuracy.min": 0.3333333333333333, "MAX:accuracy.min": 0.3333333333333333, "MIN:accuracy.mean": 0.6781333333333334, "MAX:accuracy.mean": 0.6868666666666666, "MIN:accuracy.max": 0.96, "MAX:accuracy.max": 0.96, "MIN:kappa.min": -2.220446049250313e-16, "MAX:kappa.min": -2.220446049250313e-16, "MIN:kappa.mean": 0.5172000000000001, "MAX:kappa.mean": 0.5303000000000001, "MIN:kappa.max": 0.94, "MAX:kappa.max": 0.9400000000000001}