{"MIN:log_loss.min": 0.14115598565076745, "MAX:log_loss.min": 0.17873506503159617, "MIN:log_loss.mean": 0.511930243468843, "MAX:log_loss.mean": 0.6421968519576551, "MIN:log_loss.max": 1.0985999586493778, "MAX:log_loss.max": 1.1359136284139428, "MIN:accuracy.min": 0.6066666666666667, "MAX:accuracy.min": 0.6666666666666666, "MIN:accuracy.mean": 0.7978666666666665, "MAX:accuracy.mean": 0.8310666666666667, "MIN:accuracy.max": 0.96, "MAX:accuracy.max": 0.96, "MIN:kappa.min": 0.41000000000000003, "MAX:kappa.min": 0.5, "MIN:kappa.mean": 0.6968, "MAX:kappa.mean": 0.7465999999999998, "MIN:kappa.max": 0.9400000000000001, "MAX:kappa.max": 0.9400000000000001}