{"MIN:log_loss.min": 0.21110199054822795, "MAX:log_loss.min": 0.24302526678908626, "MIN:log_loss.mean": 4.648998949246167, "MAX:log_loss.mean": 6.464264069143687, "MIN:log_loss.max": 21.78725758496532, "MAX:log_loss.max": 23.025850929951613, "MIN:accuracy.min": 0.06, "MAX:accuracy.min": 0.3333333333333333, "MIN:accuracy.mean": 0.5353333333333333, "MAX:accuracy.mean": 0.5630000000000001, "MIN:accuracy.max": 0.9533333333333334, "MAX:accuracy.max": 0.9733333333333334, "MIN:kappa.min": -0.4099999999999997, "MAX:kappa.min": 0.0, "MIN:kappa.mean": 0.303, "MAX:kappa.mean": 0.34450000000000003, "MIN:kappa.max": 0.9299999999999999, "MAX:kappa.max": 0.96}