{"mean accuracy": 0.6682666666666667, "max accuracy": 0.9466666666666667, "mean kappa": 0.5023999999999998, "max kappa": 0.9199999999999999}