{"MIN:log_loss.min": 0.6163816442648751, "MAX:log_loss.min": 0.6800416266012361, "MIN:log_loss.mean": 0.7526718085037502, "MAX:log_loss.mean": 0.919930163492657, "MIN:log_loss.max": 1.4990666966476789, "MAX:log_loss.max": 6.476705929353289, "MIN:accuracy.min": 0.3333333333333333, "MAX:accuracy.min": 0.35333333333333333, "MIN:accuracy.mean": 0.7277333333333335, "MAX:accuracy.mean": 0.7741333333333335, "MIN:accuracy.max": 0.9533333333333334, "MAX:accuracy.max": 0.96, "MIN:kappa.min": 0.0, "MAX:kappa.min": 0.030000000000000138, "MIN:kappa.mean": 0.5916, "MAX:kappa.mean": 0.6612, "MIN:kappa.max": 0.9299999999999999, "MAX:kappa.max": 0.9400000000000001}