{"MIN:log_loss.min": 0.6641493325443286, "MAX:log_loss.min": 0.6683618264695629, "MIN:log_loss.mean": 0.9735691450415938, "MAX:log_loss.mean": 1.0082595431377563, "MIN:log_loss.max": 1.2145168730307474, "MAX:log_loss.max": 1.2550589453107188, "MIN:accuracy.min": 0.5466666666666666, "MAX:accuracy.min": 0.6533333333333333, "MIN:accuracy.mean": 0.7066, "MAX:accuracy.mean": 0.7094, "MIN:accuracy.max": 0.8933333333333333, "MAX:accuracy.max": 0.94, "MIN:kappa.min": 0.31999999999999995, "MAX:kappa.min": 0.48, "MIN:kappa.mean": 0.5599, "MAX:kappa.mean": 0.5641, "MIN:kappa.max": 0.84, "MAX:kappa.max": 0.91}