{"MIN:log_loss.min": 0.1363222366127561, "MAX:log_loss.min": 0.7907570225621927, "MIN:log_loss.mean": 0.7434529771843311, "MAX:log_loss.mean": 0.9290660278228373, "MIN:log_loss.max": 1.0986122886681096, "MAX:log_loss.max": 1.1808121629371824, "MIN:accuracy.min": 0.013333333333333334, "MAX:accuracy.min": 0.3333333333333333, "MIN:accuracy.mean": 0.5536000000000001, "MAX:accuracy.mean": 0.6518, "MIN:accuracy.max": 0.6666666666666666, "MAX:accuracy.max": 0.96, "MIN:kappa.min": -0.48, "MAX:kappa.min": 0.0, "MIN:kappa.mean": 0.33039999999999997, "MAX:kappa.mean": 0.47769999999999996, "MIN:kappa.max": 0.5, "MAX:kappa.max": 0.9400000000000001}