{"MIN:log_loss.min": 0.0840175351052152, "MAX:log_loss.min": 0.23539693793714803, "MIN:log_loss.mean": 1.4936786046609378, "MAX:log_loss.mean": 4.768258195833301, "MIN:log_loss.max": 2.5031833549776747, "MAX:log_loss.max": 5.810573991666647, "MIN:accuracy.min": 0.3333333333333333, "MAX:accuracy.min": 0.3333333333333333, "MIN:accuracy.mean": 0.38366666666666666, "MAX:accuracy.mean": 0.5780666666666666, "MIN:accuracy.max": 0.92, "MAX:accuracy.max": 0.98, "MIN:kappa.min": -2.220446049250313e-16, "MAX:kappa.min": -2.220446049250313e-16, "MIN:kappa.mean": 0.07549999999999998, "MAX:kappa.mean": 0.3671000000000001, "MIN:kappa.max": 0.88, "MAX:kappa.max": 0.97}