{"MIN:log_loss.min": 0.20742596655178736, "MAX:log_loss.min": 0.22983250360184954, "MIN:log_loss.mean": 0.5625633170462752, "MAX:log_loss.mean": 0.6567665801094809, "MIN:log_loss.max": 1.0958057788843785, "MAX:log_loss.max": 1.0965589262387034, "MIN:accuracy.min": 0.3933333333333333, "MAX:accuracy.min": 0.76, "MIN:accuracy.mean": 0.8795333333333333, "MAX:accuracy.mean": 0.9245333333333333, "MIN:accuracy.max": 0.96, "MAX:accuracy.max": 0.96, "MIN:kappa.min": 0.08999999999999997, "MAX:kappa.min": 0.64, "MIN:kappa.mean": 0.8192999999999998, "MAX:kappa.mean": 0.8868, "MIN:kappa.max": 0.9400000000000001, "MAX:kappa.max": 0.9400000000000001}