{"MIN:log_loss.min": 0.31088218262935907, "MAX:log_loss.min": 0.5627253882292713, "MIN:log_loss.mean": 0.6711074677207249, "MAX:log_loss.mean": 7.407980944081163, "MIN:log_loss.max": 1.0985912751557425, "MAX:log_loss.max": 13.94502477852447, "MIN:accuracy.min": 0.04666666666666667, "MAX:accuracy.min": 0.36, "MIN:accuracy.mean": 0.5615333333333333, "MAX:accuracy.mean": 0.6332, "MIN:accuracy.max": 0.6666666666666666, "MAX:accuracy.max": 0.96, "MIN:kappa.min": -0.42999999999999994, "MAX:kappa.min": 0.040000000000000036, "MIN:kappa.mean": 0.3423, "MAX:kappa.mean": 0.4498, "MIN:kappa.max": 0.5, "MAX:kappa.max": 0.9400000000000001}