{"MIN:log_loss.min": 0.49030175689805183, "MAX:log_loss.min": 0.6056199374772907, "MIN:log_loss.mean": 0.7532938232506987, "MAX:log_loss.mean": 0.7826196544850059, "MIN:log_loss.max": 1.2153207226079576, "MAX:log_loss.max": 1.2155636262450842, "MIN:accuracy.min": 0.3333333333333333, "MAX:accuracy.min": 0.3333333333333333, "MIN:accuracy.mean": 0.7179333333333331, "MAX:accuracy.mean": 0.7510000000000001, "MIN:accuracy.max": 0.8933333333333333, "MAX:accuracy.max": 0.9533333333333334, "MIN:kappa.min": 0.0, "MAX:kappa.min": 0.0, "MIN:kappa.mean": 0.5769000000000001, "MAX:kappa.mean": 0.6265000000000001, "MIN:kappa.max": 0.8400000000000001, "MAX:kappa.max": 0.9299999999999999}