{"MIN:log_loss.min": 0.094167289264854, "MAX:log_loss.min": 0.21375364283988602, "MIN:log_loss.mean": 0.37310377734725014, "MAX:log_loss.mean": 1.108060602633561, "MIN:log_loss.max": 1.0263413194464912, "MAX:log_loss.max": 21.12533235426159, "MIN:accuracy.min": 0.3333333333333333, "MAX:accuracy.min": 0.6666666666666666, "MIN:accuracy.mean": 0.8693333333333331, "MAX:accuracy.mean": 0.8865999999999998, "MIN:accuracy.max": 0.96, "MAX:accuracy.max": 0.98, "MIN:kappa.min": -2.220446049250313e-16, "MAX:kappa.min": 0.5, "MIN:kappa.mean": 0.8039999999999999, "MAX:kappa.mean": 0.8298999999999999, "MIN:kappa.max": 0.9400000000000001, "MAX:kappa.max": 0.97}