{"mean accuracy": 0.6275333333333333, "max accuracy": 0.7266666666666666, "mean kappa": 0.4413, "max kappa": 0.5899999999999999}