{"MIN:log_loss.min": 0.08579409362987957, "MAX:log_loss.min": 0.29231032033877036, "MIN:log_loss.mean": 0.4395295078752836, "MAX:log_loss.mean": 1.067726684285867, "MIN:log_loss.max": 0.7993434747300885, "MAX:log_loss.max": 10.980921428097528, "MIN:accuracy.min": 0.6266666666666667, "MAX:accuracy.min": 0.6666666666666666, "MIN:accuracy.mean": 0.724266666666667, "MAX:accuracy.mean": 0.8772666666666668, "MIN:accuracy.max": 0.9533333333333334, "MAX:accuracy.max": 0.98, "MIN:kappa.min": 0.43999999999999995, "MAX:kappa.min": 0.5, "MIN:kappa.mean": 0.5864, "MAX:kappa.mean": 0.8159000000000001, "MIN:kappa.max": 0.9299999999999999, "MAX:kappa.max": 0.97}