{"MIN:log_loss.min": 0.29946165069392416, "MAX:log_loss.min": 0.31040165245718354, "MIN:log_loss.mean": 0.4620884051262407, "MAX:log_loss.mean": 0.5028687521837109, "MIN:log_loss.max": 1.031514674850218, "MAX:log_loss.max": 1.037366529216227, "MIN:accuracy.min": 0.37333333333333335, "MAX:accuracy.min": 0.4266666666666667, "MIN:accuracy.mean": 0.8284, "MAX:accuracy.mean": 0.8675333333333333, "MIN:accuracy.max": 0.9466666666666667, "MAX:accuracy.max": 0.96, "MIN:kappa.min": 0.06000000000000005, "MAX:kappa.min": 0.14, "MIN:kappa.mean": 0.7426000000000001, "MAX:kappa.mean": 0.8012999999999998, "MIN:kappa.max": 0.92, "MAX:kappa.max": 0.9400000000000001}