{"MIN:log_loss.min": 0.6319950919024659, "MAX:log_loss.min": 0.6939453867270522, "MIN:log_loss.mean": 0.8270247839076431, "MAX:log_loss.mean": 0.8348415229012222, "MIN:log_loss.max": 0.9880213935746633, "MAX:log_loss.max": 1.0316763007945304, "MIN:accuracy.min": 0.52, "MAX:accuracy.min": 0.6666666666666666, "MIN:accuracy.mean": 0.7434000000000002, "MAX:accuracy.mean": 0.7546, "MIN:accuracy.max": 0.96, "MAX:accuracy.max": 0.96, "MIN:kappa.min": 0.28, "MAX:kappa.min": 0.5, "MIN:kappa.mean": 0.6151, "MAX:kappa.mean": 0.6319, "MIN:kappa.max": 0.9400000000000001, "MAX:kappa.max": 0.9400000000000001}