{"MIN:log_loss.min": 0.346593984220126, "MAX:log_loss.min": 0.4909609873872523, "MIN:log_loss.mean": 0.7337680671362595, "MAX:log_loss.mean": 0.7894474251045974, "MIN:log_loss.max": 1.0885275490323143, "MAX:log_loss.max": 1.6054723521072278, "MIN:accuracy.min": 0.3333333333333333, "MAX:accuracy.min": 0.38, "MIN:accuracy.mean": 0.6550000000000001, "MAX:accuracy.mean": 0.6892000000000001, "MIN:accuracy.max": 0.9133333333333333, "MAX:accuracy.max": 0.96, "MIN:kappa.min": 0.0, "MAX:kappa.min": 0.06999999999999995, "MIN:kappa.mean": 0.4825, "MAX:kappa.mean": 0.5337999999999999, "MIN:kappa.max": 0.87, "MAX:kappa.max": 0.9400000000000001}