{"MIN:log_loss.min": 0.7474677660588612, "MAX:log_loss.min": 0.7474677660588612, "MIN:log_loss.mean": 0.8366850292996237, "MAX:log_loss.mean": 0.8366850292996237, "MIN:log_loss.max": 1.8777100037682528, "MAX:log_loss.max": 1.8777100037682528, "MIN:accuracy.min": 0.3333333333333333, "MAX:accuracy.min": 0.3333333333333333, "MIN:accuracy.mean": 0.7079333333333334, "MAX:accuracy.mean": 0.7079333333333334, "MIN:accuracy.max": 0.96, "MAX:accuracy.max": 0.96, "MIN:kappa.min": -2.220446049250313e-16, "MAX:kappa.min": -2.220446049250313e-16, "MIN:kappa.mean": 0.5619000000000001, "MAX:kappa.mean": 0.5619000000000001, "MIN:kappa.max": 0.94, "MAX:kappa.max": 0.94}