{"MIN:log_loss.min": 0.19159647624361784, "MAX:log_loss.min": 0.25912955798148773, "MIN:log_loss.mean": 0.4217257996951215, "MAX:log_loss.mean": 0.4882734390123713, "MIN:log_loss.max": 0.9616449840092518, "MAX:log_loss.max": 2.469569042907947, "MIN:accuracy.min": 0.66, "MAX:accuracy.min": 0.6666666666666666, "MIN:accuracy.mean": 0.8422666666666667, "MAX:accuracy.mean": 0.8696, "MIN:accuracy.max": 0.9066666666666666, "MAX:accuracy.max": 0.9466666666666667, "MIN:kappa.min": 0.49, "MAX:kappa.min": 0.5, "MIN:kappa.mean": 0.7634000000000001, "MAX:kappa.mean": 0.8044, "MIN:kappa.max": 0.86, "MAX:kappa.max": 0.92}