{"MIN:log_loss.min": 0.17205613777205794, "MAX:log_loss.min": 0.4136869588526683, "MIN:log_loss.mean": 0.9549828396561844, "MAX:log_loss.mean": 1.8811341167559028, "MIN:log_loss.max": 2.042170820639351, "MAX:log_loss.max": 7.084090152995321, "MIN:accuracy.min": 0.62, "MAX:accuracy.min": 0.62, "MIN:accuracy.mean": 0.6578666666666666, "MAX:accuracy.mean": 0.6943333333333335, "MIN:accuracy.max": 0.9133333333333333, "MAX:accuracy.max": 0.9466666666666667, "MIN:kappa.min": 0.43000000000000005, "MAX:kappa.min": 0.43000000000000005, "MIN:kappa.mean": 0.4867999999999999, "MAX:kappa.mean": 0.5415, "MIN:kappa.max": 0.87, "MAX:kappa.max": 0.92}