{"mean accuracy": 0.4925333333333332, "max accuracy": 0.6666666666666666, "mean kappa": 0.23879999999999996, "max kappa": 0.49999999999999994}