{"MIN:log_loss.min": 0.5079669338444159, "MAX:log_loss.min": 0.6770230709893045, "MIN:log_loss.mean": 0.7614705281047647, "MAX:log_loss.mean": 0.9691823712465603, "MIN:log_loss.max": 1.0984959145062854, "MAX:log_loss.max": 1.5828403544782204, "MIN:accuracy.min": 0.3333333333333333, "MAX:accuracy.min": 0.5533333333333333, "MIN:accuracy.mean": 0.6444666666666667, "MAX:accuracy.mean": 0.6630000000000001, "MIN:accuracy.max": 0.6666666666666666, "MAX:accuracy.max": 0.9533333333333334, "MIN:kappa.min": 0.0, "MAX:kappa.min": 0.32999999999999996, "MIN:kappa.mean": 0.4667, "MAX:kappa.mean": 0.49449999999999994, "MIN:kappa.max": 0.5, "MAX:kappa.max": 0.9299999999999999}