{"MIN:log_loss.min": 0.23093805333145942, "MAX:log_loss.min": 0.2722685575381442, "MIN:log_loss.mean": 0.7609579948039626, "MAX:log_loss.mean": 0.805648599856937, "MIN:log_loss.max": 10.551365459094452, "MAX:log_loss.max": 10.672919708710905, "MIN:accuracy.min": 0.37333333333333335, "MAX:accuracy.min": 0.6, "MIN:accuracy.mean": 0.8744, "MAX:accuracy.mean": 0.8971999999999999, "MIN:accuracy.max": 0.96, "MAX:accuracy.max": 0.9666666666666667, "MIN:kappa.min": 0.06000000000000005, "MAX:kappa.min": 0.4, "MIN:kappa.mean": 0.8116, "MAX:kappa.mean": 0.8458, "MIN:kappa.max": 0.94, "MAX:kappa.max": 0.95}