{"MIN:log_loss.min": 0.18840566957540064, "MAX:log_loss.min": 0.27830068851495676, "MIN:log_loss.mean": 0.5610537853727262, "MAX:log_loss.mean": 0.6262801619492362, "MIN:log_loss.max": 1.0880503157899648, "MAX:log_loss.max": 1.1411998290512748, "MIN:accuracy.min": 0.3333333333333333, "MAX:accuracy.min": 0.6533333333333333, "MIN:accuracy.mean": 0.7371999999999999, "MAX:accuracy.mean": 0.8217333333333333, "MIN:accuracy.max": 0.9266666666666666, "MAX:accuracy.max": 0.9733333333333334, "MIN:kappa.min": 0.0, "MAX:kappa.min": 0.48, "MIN:kappa.mean": 0.6057999999999999, "MAX:kappa.mean": 0.7326000000000001, "MIN:kappa.max": 0.89, "MAX:kappa.max": 0.96}