{"MIN:log_loss.min": 0.7335483585975597, "MAX:log_loss.min": 0.7471157226628228, "MIN:log_loss.mean": 0.8439509032508654, "MAX:log_loss.mean": 0.9478263139587643, "MIN:log_loss.max": 1.2028889289797158, "MAX:log_loss.max": 1.6205670945358879, "MIN:accuracy.min": 0.3333333333333333, "MAX:accuracy.min": 0.3333333333333333, "MIN:accuracy.mean": 0.6164666666666667, "MAX:accuracy.mean": 0.6249333333333335, "MIN:accuracy.max": 0.7466666666666667, "MAX:accuracy.max": 0.7866666666666666, "MIN:kappa.min": 0.0, "MAX:kappa.min": 0.0, "MIN:kappa.mean": 0.42469999999999986, "MAX:kappa.mean": 0.43739999999999996, "MIN:kappa.max": 0.62, "MAX:kappa.max": 0.6799999999999999}