{"MIN:log_loss.min": 0.6778926561362242, "MAX:log_loss.min": 0.7417950956279481, "MIN:log_loss.mean": 0.8605395590783916, "MAX:log_loss.mean": 3.0135503178608123, "MIN:log_loss.max": 1.091570388908079, "MAX:log_loss.max": 11.356327294039541, "MIN:accuracy.min": 0.3333333333333333, "MAX:accuracy.min": 0.66, "MIN:accuracy.mean": 0.66, "MAX:accuracy.mean": 0.6993333333333335, "MIN:accuracy.max": 0.66, "MAX:accuracy.max": 0.96, "MIN:kappa.min": 0.0, "MAX:kappa.min": 0.49, "MIN:kappa.mean": 0.4900000000000002, "MAX:kappa.mean": 0.549, "MIN:kappa.max": 0.49, "MAX:kappa.max": 0.94}