{"MIN:log_loss.min": 0.3391679935572851, "MAX:log_loss.min": 0.7766871320720092, "MIN:log_loss.mean": 0.9314236102865787, "MAX:log_loss.mean": 2.1971375859957463, "MIN:log_loss.max": 1.1768530852664594, "MAX:log_loss.max": 10.931375470741793, "MIN:accuracy.min": 0.3333333333333333, "MAX:accuracy.min": 0.3333333333333333, "MIN:accuracy.mean": 0.5934, "MAX:accuracy.mean": 0.6303333333333333, "MIN:accuracy.max": 0.8466666666666667, "MAX:accuracy.max": 0.9666666666666667, "MIN:kappa.min": -2.220446049250313e-16, "MAX:kappa.min": 0.0, "MIN:kappa.mean": 0.3901, "MAX:kappa.mean": 0.44549999999999995, "MIN:kappa.max": 0.77, "MAX:kappa.max": 0.95}