{"MIN:log_loss.min": 0.4536758196211803, "MAX:log_loss.min": 0.5786290943774194, "MIN:log_loss.mean": 0.850899570310988, "MAX:log_loss.mean": 0.8966481553704827, "MIN:log_loss.max": 1.1912707581954753, "MAX:log_loss.max": 1.537851449172441, "MIN:accuracy.min": 0.66, "MAX:accuracy.min": 0.66, "MIN:accuracy.mean": 0.7698000000000002, "MAX:accuracy.mean": 0.7942, "MIN:accuracy.max": 0.96, "MAX:accuracy.max": 0.9733333333333334, "MIN:kappa.min": 0.49, "MAX:kappa.min": 0.49, "MIN:kappa.mean": 0.6547, "MAX:kappa.mean": 0.6912999999999998, "MIN:kappa.max": 0.94, "MAX:kappa.max": 0.96}