{"MIN:log_loss.min": 0.12202223548637382, "MAX:log_loss.min": 0.21429656629179272, "MIN:log_loss.mean": 0.30173489646135065, "MAX:log_loss.mean": 0.39097876005692245, "MIN:log_loss.max": 0.7590226741861946, "MAX:log_loss.max": 0.9173274777134767, "MIN:accuracy.min": 0.47333333333333333, "MAX:accuracy.min": 0.8533333333333334, "MIN:accuracy.mean": 0.9148666666666665, "MAX:accuracy.mean": 0.9418666666666666, "MIN:accuracy.max": 0.96, "MAX:accuracy.max": 0.96, "MIN:kappa.min": 0.20999999999999996, "MAX:kappa.min": 0.78, "MIN:kappa.mean": 0.8722999999999999, "MAX:kappa.mean": 0.9127999999999998, "MIN:kappa.max": 0.9400000000000001, "MAX:kappa.max": 0.9400000000000001}