{"MIN:log_loss.min": 0.15106494131265186, "MAX:log_loss.min": 0.4437236788343474, "MIN:log_loss.mean": 1.0516686662680597, "MAX:log_loss.mean": 1.600632714220559, "MIN:log_loss.max": 2.44766076114825, "MAX:log_loss.max": 10.312378105880926, "MIN:accuracy.min": 0.32666666666666666, "MAX:accuracy.min": 0.6666666666666666, "MIN:accuracy.mean": 0.6478666666666666, "MAX:accuracy.mean": 0.7152000000000001, "MIN:accuracy.max": 0.8933333333333333, "MAX:accuracy.max": 0.9733333333333334, "MIN:kappa.min": -0.010000000000000231, "MAX:kappa.min": 0.5, "MIN:kappa.mean": 0.47180000000000005, "MAX:kappa.mean": 0.5728, "MIN:kappa.max": 0.84, "MAX:kappa.max": 0.96}