{"mean accuracy": 0.7319333333333333, "max accuracy": 0.9733333333333334, "mean kappa": 0.5978999999999999, "max kappa": 0.9600000000000001}