{"MIN:log_loss.min": 0.4762290341106878, "MAX:log_loss.min": 0.6892408023406561, "MIN:log_loss.mean": 0.7575770921737172, "MAX:log_loss.mean": 1.0323880131914094, "MIN:log_loss.max": 1.0534023520441675, "MAX:log_loss.max": 4.263570275386981, "MIN:accuracy.min": 0.3333333333333333, "MAX:accuracy.min": 0.34, "MIN:accuracy.mean": 0.7301999999999998, "MAX:accuracy.mean": 0.7574666666666667, "MIN:accuracy.max": 0.9, "MAX:accuracy.max": 0.96, "MIN:kappa.min": -2.220446049250313e-16, "MAX:kappa.min": 0.01000000000000012, "MIN:kappa.mean": 0.5953, "MAX:kappa.mean": 0.6362, "MIN:kappa.max": 0.85, "MAX:kappa.max": 0.9400000000000001}