{"mean accuracy": 0.716866666666667, "max accuracy": 0.9733333333333332, "mean kappa": 0.5752999999999999, "max kappa": 0.9599999999999997}