{"mean accuracy": 0.6795333333333334, "max accuracy": 0.96, "mean kappa": 0.5192999999999999, "max kappa": 0.94}