{"mean accuracy": 0.9452000000000003, "max accuracy": 0.9666666666666666, "mean kappa": 0.9178000000000001, "max kappa": 0.9499999999999998}