{"MIN:log_loss.min": 0.9085581951102673, "MAX:log_loss.min": 0.9085581951102673, "MIN:log_loss.mean": 1.0007561431748997, "MAX:log_loss.mean": 1.0007561431748997, "MIN:log_loss.max": 1.3283050682002122, "MAX:log_loss.max": 1.3283050682002122, "MIN:accuracy.min": 0.3333333333333333, "MAX:accuracy.min": 0.3333333333333333, "MIN:accuracy.mean": 0.49599999999999994, "MAX:accuracy.mean": 0.49599999999999994, "MIN:accuracy.max": 0.6666666666666666, "MAX:accuracy.max": 0.6666666666666666, "MIN:kappa.min": -2.220446049250313e-16, "MAX:kappa.min": -2.220446049250313e-16, "MIN:kappa.mean": 0.244, "MAX:kappa.mean": 0.244, "MIN:kappa.max": 0.5, "MAX:kappa.max": 0.5}