{"MIN:log_loss.min": 0.6887617632060306, "MAX:log_loss.min": 0.9443100640385313, "MIN:log_loss.mean": 0.8679209321631579, "MAX:log_loss.mean": 1.0543715893337544, "MIN:log_loss.max": 1.0985677090921577, "MAX:log_loss.max": 1.1952622833708164, "MIN:accuracy.min": 0.3333333333333333, "MAX:accuracy.min": 0.6666666666666666, "MIN:accuracy.mean": 0.6666666666666669, "MAX:accuracy.mean": 0.7098666666666666, "MIN:accuracy.max": 0.6666666666666666, "MAX:accuracy.max": 0.9533333333333334, "MIN:kappa.min": 0.0, "MAX:kappa.min": 0.5, "MIN:kappa.mean": 0.5, "MAX:kappa.mean": 0.5648000000000001, "MIN:kappa.max": 0.5, "MAX:kappa.max": 0.9299999999999999}