{"MIN:log_loss.min": 0.21635838232887522, "MAX:log_loss.min": 0.37242826597667195, "MIN:log_loss.mean": 0.6493865280379468, "MAX:log_loss.mean": 0.710723416198597, "MIN:log_loss.max": 1.0874736510159861, "MAX:log_loss.max": 1.3846445899635282, "MIN:accuracy.min": 0.3333333333333333, "MAX:accuracy.min": 0.38, "MIN:accuracy.mean": 0.6931999999999999, "MAX:accuracy.mean": 0.7198666666666667, "MIN:accuracy.max": 0.96, "MAX:accuracy.max": 0.96, "MIN:kappa.min": -2.220446049250313e-16, "MAX:kappa.min": 0.06999999999999995, "MIN:kappa.mean": 0.5398000000000001, "MAX:kappa.mean": 0.5797999999999999, "MIN:kappa.max": 0.9400000000000001, "MAX:kappa.max": 0.9400000000000001}