{"MIN:log_loss.min": 0.30098824872397517, "MAX:log_loss.min": 0.3900821125799358, "MIN:log_loss.mean": 0.4493600084758473, "MAX:log_loss.mean": 0.6087701472395132, "MIN:log_loss.max": 1.0944215864821574, "MAX:log_loss.max": 2.696895223047822, "MIN:accuracy.min": 0.3333333333333333, "MAX:accuracy.min": 0.5933333333333334, "MIN:accuracy.mean": 0.8054666666666667, "MAX:accuracy.mean": 0.902933333333333, "MIN:accuracy.max": 0.9266666666666666, "MAX:accuracy.max": 0.9666666666666667, "MIN:kappa.min": 0.0, "MAX:kappa.min": 0.39, "MIN:kappa.mean": 0.7082, "MAX:kappa.mean": 0.8543999999999999, "MIN:kappa.max": 0.89, "MAX:kappa.max": 0.95}