{"MIN:log_loss.min": 0.4677999519974541, "MAX:log_loss.min": 0.9738190269016945, "MIN:log_loss.mean": 0.7863114740777002, "MAX:log_loss.mean": 1.0521024923351296, "MIN:log_loss.max": 1.1051984443106035, "MAX:log_loss.max": 1.213371465178183, "MIN:accuracy.min": 0.3333333333333333, "MAX:accuracy.min": 0.6666666666666666, "MIN:accuracy.mean": 0.6561999999999999, "MAX:accuracy.mean": 0.6866666666666669, "MIN:accuracy.max": 0.6666666666666666, "MAX:accuracy.max": 0.96, "MIN:kappa.min": 0.0, "MAX:kappa.min": 0.5, "MIN:kappa.mean": 0.4843, "MAX:kappa.mean": 0.53, "MIN:kappa.max": 0.5, "MAX:kappa.max": 0.9400000000000001}