{"MIN:log_loss.min": 0.12184132518725875, "MAX:log_loss.min": 0.3029071663474339, "MIN:log_loss.mean": 1.4570703912005252, "MAX:log_loss.mean": 2.875562198642155, "MIN:log_loss.max": 8.51956484407797, "MAX:log_loss.max": 11.512925464970227, "MIN:accuracy.min": 0.34, "MAX:accuracy.min": 0.34, "MIN:accuracy.mean": 0.7055333333333335, "MAX:accuracy.mean": 0.7443333333333334, "MIN:accuracy.max": 0.96, "MAX:accuracy.max": 0.96, "MIN:kappa.min": 0.009999999999999898, "MAX:kappa.min": 0.009999999999999898, "MIN:kappa.mean": 0.5583, "MAX:kappa.mean": 0.6165, "MIN:kappa.max": 0.9400000000000001, "MAX:kappa.max": 0.9400000000000001}