{"MIN:log_loss.min": 0.10516421805377897, "MAX:log_loss.min": 0.1253929930504225, "MIN:log_loss.mean": 0.2970454247283414, "MAX:log_loss.mean": 1.3726728906745407, "MIN:log_loss.max": 1.415297003223364, "MAX:log_loss.max": 22.42457134778432, "MIN:accuracy.min": 0.3466666666666667, "MAX:accuracy.min": 0.92, "MIN:accuracy.mean": 0.9180666666666665, "MAX:accuracy.mean": 0.9512000000000004, "MIN:accuracy.max": 0.96, "MAX:accuracy.max": 0.96, "MIN:kappa.min": 0.020000000000000018, "MAX:kappa.min": 0.88, "MIN:kappa.mean": 0.8770999999999998, "MAX:kappa.mean": 0.9268000000000001, "MIN:kappa.max": 0.94, "MAX:kappa.max": 0.9400000000000001}