{"mean accuracy": 0.936266666666667, "max accuracy": 0.96, "mean kappa": 0.9043999999999999, "max kappa": 0.94}