{"MIN:log_loss.min": 0.7701765767884211, "MAX:log_loss.min": 0.8806166802729277, "MIN:log_loss.mean": 0.9303526132030308, "MAX:log_loss.mean": 1.3181553091807732, "MIN:log_loss.max": 1.4476899714503695, "MAX:log_loss.max": 6.071220364084326, "MIN:accuracy.min": 0.6, "MAX:accuracy.min": 0.6066666666666667, "MIN:accuracy.mean": 0.73, "MAX:accuracy.mean": 0.7394, "MIN:accuracy.max": 0.9333333333333333, "MAX:accuracy.max": 0.96, "MIN:kappa.min": 0.4, "MAX:kappa.min": 0.41000000000000003, "MIN:kappa.mean": 0.595, "MAX:kappa.mean": 0.6091000000000001, "MIN:kappa.max": 0.9, "MAX:kappa.max": 0.9400000000000001}