{"MIN:log_loss.min": 0.7229221346016933, "MAX:log_loss.min": 0.9754348350066468, "MIN:log_loss.mean": 0.9948334105433747, "MAX:log_loss.mean": 1.4529254598173507, "MIN:log_loss.max": 1.09859611860342, "MAX:log_loss.max": 2.68721033174199, "MIN:accuracy.min": 0.18666666666666668, "MAX:accuracy.min": 0.6666666666666666, "MIN:accuracy.mean": 0.5820666666666666, "MAX:accuracy.mean": 0.6666666666666669, "MIN:accuracy.max": 0.6666666666666666, "MAX:accuracy.max": 0.96, "MIN:kappa.min": -0.21999999999999997, "MAX:kappa.min": 0.5, "MIN:kappa.mean": 0.37310000000000004, "MAX:kappa.mean": 0.5, "MIN:kappa.max": 0.5, "MAX:kappa.max": 0.9400000000000001}