{"MIN:log_loss.min": 0.5916739940038422, "MAX:log_loss.min": 0.6870114767814403, "MIN:log_loss.mean": 0.6471316238006446, "MAX:log_loss.mean": 0.7385442983935279, "MIN:log_loss.max": 1.16732018247953, "MAX:log_loss.max": 1.2365165490198982, "MIN:accuracy.min": 0.30666666666666664, "MAX:accuracy.min": 0.34, "MIN:accuracy.mean": 0.7938666666666667, "MAX:accuracy.mean": 0.8291999999999998, "MIN:accuracy.max": 0.9266666666666666, "MAX:accuracy.max": 0.96, "MIN:kappa.min": -0.040000000000000036, "MAX:kappa.min": 0.010000000000000009, "MIN:kappa.mean": 0.6908000000000001, "MAX:kappa.mean": 0.7437999999999999, "MIN:kappa.max": 0.89, "MAX:kappa.max": 0.9400000000000001}