{"MIN:log_loss.min": 0.1221343982414552, "MAX:log_loss.min": 0.16270302794032546, "MIN:log_loss.mean": 0.3437702753282272, "MAX:log_loss.mean": 0.37500496573794145, "MIN:log_loss.max": 1.5008215570349877, "MAX:log_loss.max": 1.6265156262652667, "MIN:accuracy.min": 0.3333333333333333, "MAX:accuracy.min": 0.7333333333333333, "MIN:accuracy.mean": 0.8892666666666663, "MAX:accuracy.mean": 0.9305999999999998, "MIN:accuracy.max": 0.96, "MAX:accuracy.max": 0.96, "MIN:kappa.min": 0.0, "MAX:kappa.min": 0.6, "MIN:kappa.mean": 0.8338999999999999, "MAX:kappa.mean": 0.8958999999999997, "MIN:kappa.max": 0.9400000000000001, "MAX:kappa.max": 0.9400000000000001}