{"mean accuracy": 0.7722, "max accuracy": 0.9466666666666668, "mean kappa": 0.6583, "max kappa": 0.9200000000000002}