{"MIN:log_loss.min": 0.5483472823853532, "MAX:log_loss.min": 0.6484025242556289, "MIN:log_loss.mean": 0.7797106200297325, "MAX:log_loss.mean": 0.8059508336108775, "MIN:log_loss.max": 1.1449943907433004, "MAX:log_loss.max": 1.1655903196199207, "MIN:accuracy.min": 0.34, "MAX:accuracy.min": 0.41333333333333333, "MIN:accuracy.mean": 0.7395333333333334, "MAX:accuracy.mean": 0.7746666666666667, "MIN:accuracy.max": 0.9533333333333334, "MAX:accuracy.max": 0.96, "MIN:kappa.min": 0.010000000000000009, "MAX:kappa.min": 0.12, "MIN:kappa.mean": 0.6093, "MAX:kappa.mean": 0.662, "MIN:kappa.max": 0.9299999999999999, "MAX:kappa.max": 0.9400000000000001}