{"MIN:log_loss.min": 0.11803730316692568, "MAX:log_loss.min": 0.24368076735076197, "MIN:log_loss.mean": 0.4851953082183599, "MAX:log_loss.mean": 0.6542286884618911, "MIN:log_loss.max": 0.9173682822063154, "MAX:log_loss.max": 1.1620096803688458, "MIN:accuracy.min": 0.10666666666666667, "MAX:accuracy.min": 0.3466666666666667, "MIN:accuracy.mean": 0.6783333333333332, "MAX:accuracy.mean": 0.7866666666666666, "MIN:accuracy.max": 0.96, "MAX:accuracy.max": 0.96, "MIN:kappa.min": -0.3400000000000001, "MAX:kappa.min": 0.020000000000000018, "MIN:kappa.mean": 0.5175000000000001, "MAX:kappa.mean": 0.68, "MIN:kappa.max": 0.94, "MAX:kappa.max": 0.9400000000000001}