{"MIN:log_loss.min": 0.32060382508572827, "MAX:log_loss.min": 0.3493512807217773, "MIN:log_loss.mean": 0.5058901367936872, "MAX:log_loss.mean": 0.5516696918640641, "MIN:log_loss.max": 0.8572921982192643, "MAX:log_loss.max": 0.9195342000700397, "MIN:accuracy.min": 0.36, "MAX:accuracy.min": 0.66, "MIN:accuracy.mean": 0.8708, "MAX:accuracy.mean": 0.8963333333333332, "MIN:accuracy.max": 0.96, "MAX:accuracy.max": 0.96, "MIN:kappa.min": 0.040000000000000036, "MAX:kappa.min": 0.49, "MIN:kappa.mean": 0.8061999999999999, "MAX:kappa.mean": 0.8444999999999999, "MIN:kappa.max": 0.9400000000000001, "MAX:kappa.max": 0.9400000000000001}