{"MIN:log_loss.min": 0.8063172161281615, "MAX:log_loss.min": 0.8063172161281615, "MIN:log_loss.mean": 0.8891306141650187, "MAX:log_loss.mean": 0.8891306141650187, "MIN:log_loss.max": 1.0374388804486474, "MAX:log_loss.max": 1.0374388804486474, "MIN:accuracy.min": 0.6666666666666666, "MAX:accuracy.min": 0.6666666666666666, "MIN:accuracy.mean": 0.6666666666666669, "MAX:accuracy.mean": 0.6666666666666669, "MIN:accuracy.max": 0.6666666666666666, "MAX:accuracy.max": 0.6666666666666666, "MIN:kappa.min": 0.5, "MAX:kappa.min": 0.5, "MIN:kappa.mean": 0.5, "MAX:kappa.mean": 0.5, "MIN:kappa.max": 0.5, "MAX:kappa.max": 0.5}