{"MIN:log_loss.min": 0.6439928206207958, "MAX:log_loss.min": 0.9991792041902242, "MIN:log_loss.mean": 0.9362171417259657, "MAX:log_loss.mean": 1.0604894521075479, "MIN:log_loss.max": 1.1025478315249635, "MAX:log_loss.max": 1.404645243003665, "MIN:accuracy.min": 0.0, "MAX:accuracy.min": 0.38666666666666666, "MIN:accuracy.mean": 0.5178666666666665, "MAX:accuracy.mean": 0.5974, "MIN:accuracy.max": 0.6666666666666666, "MAX:accuracy.max": 0.96, "MIN:kappa.min": -0.5, "MAX:kappa.min": 0.07999999999999996, "MIN:kappa.mean": 0.2768, "MAX:kappa.mean": 0.3961, "MIN:kappa.max": 0.5, "MAX:kappa.max": 0.9400000000000001}