{"MIN:log_loss.min": 0.754711820889003, "MAX:log_loss.min": 0.754711820889003, "MIN:log_loss.mean": 1.2396929077061807, "MAX:log_loss.mean": 1.2396929077061807, "MIN:log_loss.max": 2.529999388427994, "MAX:log_loss.max": 2.529999388427994, "MIN:accuracy.min": 0.62, "MAX:accuracy.min": 0.62, "MIN:accuracy.mean": 0.6777333333333334, "MAX:accuracy.mean": 0.6777333333333334, "MIN:accuracy.max": 0.9133333333333333, "MAX:accuracy.max": 0.9133333333333333, "MIN:kappa.min": 0.43000000000000005, "MAX:kappa.min": 0.43000000000000005, "MIN:kappa.mean": 0.5166000000000001, "MAX:kappa.mean": 0.5166000000000001, "MIN:kappa.max": 0.87, "MAX:kappa.max": 0.87}