{"MIN:log_loss.min": 0.3341043785625585, "MAX:log_loss.min": 0.6136390669407964, "MIN:log_loss.mean": 0.6286349659973791, "MAX:log_loss.mean": 1.1163171823081546, "MIN:log_loss.max": 0.8614951550814215, "MAX:log_loss.max": 6.982161993789581, "MIN:accuracy.min": 0.37333333333333335, "MAX:accuracy.min": 0.7733333333333333, "MIN:accuracy.mean": 0.8183999999999998, "MAX:accuracy.mean": 0.9009999999999998, "MIN:accuracy.max": 0.9266666666666666, "MAX:accuracy.max": 0.96, "MIN:kappa.min": 0.06000000000000005, "MAX:kappa.min": 0.6599999999999999, "MIN:kappa.mean": 0.7276, "MAX:kappa.mean": 0.8515, "MIN:kappa.max": 0.89, "MAX:kappa.max": 0.9400000000000001}