{"MIN:log_loss.min": 0.4127194240395626, "MAX:log_loss.min": 0.6046097770073302, "MIN:log_loss.mean": 1.0197045646327931, "MAX:log_loss.mean": 1.1315379812370296, "MIN:log_loss.max": 1.492577572192808, "MAX:log_loss.max": 1.7580925765156683, "MIN:accuracy.min": 0.08, "MAX:accuracy.min": 0.23333333333333334, "MIN:accuracy.mean": 0.4414666666666667, "MAX:accuracy.mean": 0.5247333333333333, "MIN:accuracy.max": 0.8266666666666667, "MAX:accuracy.max": 0.9533333333333334, "MIN:kappa.min": -0.3799999999999999, "MAX:kappa.min": -0.15000000000000013, "MIN:kappa.mean": 0.16219999999999998, "MAX:kappa.mean": 0.2871, "MIN:kappa.max": 0.74, "MAX:kappa.max": 0.9299999999999999}