{"MIN:log_loss.min": 0.22353029770385016, "MAX:log_loss.min": 0.2402407879938201, "MIN:log_loss.mean": 0.4439767413624164, "MAX:log_loss.mean": 0.5231866310381422, "MIN:log_loss.max": 0.9685974756336897, "MAX:log_loss.max": 1.0308569681047743, "MIN:accuracy.min": 0.3333333333333333, "MAX:accuracy.min": 0.35333333333333333, "MIN:accuracy.mean": 0.9259999999999999, "MAX:accuracy.mean": 0.9296666666666666, "MIN:accuracy.max": 0.96, "MAX:accuracy.max": 0.96, "MIN:kappa.min": 0.0, "MAX:kappa.min": 0.030000000000000027, "MIN:kappa.mean": 0.8889999999999999, "MAX:kappa.mean": 0.8944999999999999, "MIN:kappa.max": 0.94, "MAX:kappa.max": 0.9400000000000001}