{"MIN:log_loss.min": 0.19403456529762494, "MAX:log_loss.min": 0.19414732557226955, "MIN:log_loss.mean": 0.2705637308123224, "MAX:log_loss.mean": 0.27319642027385277, "MIN:log_loss.max": 0.6381489748597867, "MAX:log_loss.max": 0.6506177563406814, "MIN:accuracy.min": 0.6666666666666666, "MAX:accuracy.min": 0.7, "MIN:accuracy.mean": 0.9110666666666667, "MAX:accuracy.mean": 0.9140666666666668, "MIN:accuracy.max": 0.96, "MAX:accuracy.max": 0.96, "MIN:kappa.min": 0.5, "MAX:kappa.min": 0.55, "MIN:kappa.mean": 0.8665999999999999, "MAX:kappa.mean": 0.8710999999999998, "MIN:kappa.max": 0.9400000000000001, "MAX:kappa.max": 0.9400000000000001}