{"MIN:log_loss.min": 0.11442049020789981, "MAX:log_loss.min": 0.1772754547937912, "MIN:log_loss.mean": 0.5686739599238636, "MAX:log_loss.mean": 0.6056418223846588, "MIN:log_loss.max": 1.098591348570793, "MAX:log_loss.max": 1.0986001963591738, "MIN:accuracy.min": 0.64, "MAX:accuracy.min": 0.7933333333333333, "MIN:accuracy.mean": 0.8692666666666666, "MAX:accuracy.mean": 0.9046, "MIN:accuracy.max": 0.9533333333333334, "MAX:accuracy.max": 0.98, "MIN:kappa.min": 0.45999999999999996, "MAX:kappa.min": 0.69, "MIN:kappa.mean": 0.8039000000000001, "MAX:kappa.mean": 0.8569000000000002, "MIN:kappa.max": 0.9299999999999999, "MAX:kappa.max": 0.97}