{"MIN:log_loss.min": 0.5428424325719584, "MAX:log_loss.min": 0.5874251221299842, "MIN:log_loss.mean": 0.6222940177548874, "MAX:log_loss.mean": 0.6938118849416014, "MIN:log_loss.max": 0.833852060836206, "MAX:log_loss.max": 0.9535138412139209, "MIN:accuracy.min": 0.48, "MAX:accuracy.min": 0.7133333333333334, "MIN:accuracy.mean": 0.7032666666666668, "MAX:accuracy.mean": 0.7133333333333334, "MIN:accuracy.max": 0.7133333333333334, "MAX:accuracy.max": 0.9666666666666667, "MIN:kappa.min": 0.21999999999999986, "MAX:kappa.min": 0.5700000000000001, "MIN:kappa.mean": 0.5549000000000002, "MAX:kappa.mean": 0.5700000000000002, "MIN:kappa.max": 0.5700000000000001, "MAX:kappa.max": 0.95}