{"mean accuracy": 0.7009333333333333, "max accuracy": 0.96, "mean kappa": 0.5513999999999999, "max kappa": 0.94}