{"MIN:log_loss.min": 0.5942445877993634, "MAX:log_loss.min": 1.0633679820176967, "MIN:log_loss.mean": 0.8440014063482875, "MAX:log_loss.mean": 1.1310567743313493, "MIN:log_loss.max": 0.9980537978927467, "MAX:log_loss.max": 1.5375918667962372, "MIN:accuracy.min": 0.6066666666666667, "MAX:accuracy.min": 0.6666666666666666, "MIN:accuracy.mean": 0.6664666666666669, "MAX:accuracy.mean": 0.6875333333333334, "MIN:accuracy.max": 0.6666666666666666, "MAX:accuracy.max": 0.9, "MIN:kappa.min": 0.41000000000000003, "MAX:kappa.min": 0.5, "MIN:kappa.mean": 0.4997, "MAX:kappa.mean": 0.5313, "MIN:kappa.max": 0.5, "MAX:kappa.max": 0.85}