{"MIN:log_loss.min": 0.49303448812402006, "MAX:log_loss.min": 0.7193538954556588, "MIN:log_loss.mean": 0.890288326629596, "MAX:log_loss.mean": 0.9912184011522325, "MIN:log_loss.max": 1.162099648487906, "MAX:log_loss.max": 1.405163938134092, "MIN:accuracy.min": 0.3333333333333333, "MAX:accuracy.min": 0.62, "MIN:accuracy.mean": 0.6275333333333333, "MAX:accuracy.mean": 0.6771333333333335, "MIN:accuracy.max": 0.9133333333333333, "MAX:accuracy.max": 0.96, "MIN:kappa.min": -2.220446049250313e-16, "MAX:kappa.min": 0.43000000000000005, "MIN:kappa.mean": 0.4413, "MAX:kappa.mean": 0.5157, "MIN:kappa.max": 0.87, "MAX:kappa.max": 0.9400000000000001}