{"MIN:log_loss.min": 0.3126332248611598, "MAX:log_loss.min": 0.7079635292881379, "MIN:log_loss.mean": 0.845797848541785, "MAX:log_loss.mean": 1.5169603219849517, "MIN:log_loss.max": 1.1802333484808356, "MAX:log_loss.max": 10.622189345957974, "MIN:accuracy.min": 0.3333333333333333, "MAX:accuracy.min": 0.56, "MIN:accuracy.mean": 0.5475333333333333, "MAX:accuracy.mean": 0.6691333333333334, "MIN:accuracy.max": 0.9133333333333333, "MAX:accuracy.max": 0.96, "MIN:kappa.min": -2.220446049250313e-16, "MAX:kappa.min": 0.33999999999999997, "MIN:kappa.mean": 0.32130000000000003, "MAX:kappa.mean": 0.5036999999999999, "MIN:kappa.max": 0.87, "MAX:kappa.max": 0.9400000000000001}