{"MIN:log_loss.min": 0.14662682530486093, "MAX:log_loss.min": 0.16010758619260992, "MIN:log_loss.mean": 0.43263167745537173, "MAX:log_loss.mean": 0.5411423646553897, "MIN:log_loss.max": 1.0814524402813066, "MAX:log_loss.max": 1.4625972273341397, "MIN:accuracy.min": 0.2866666666666667, "MAX:accuracy.min": 0.66, "MIN:accuracy.mean": 0.8577333333333332, "MAX:accuracy.mean": 0.8963999999999999, "MIN:accuracy.max": 0.96, "MAX:accuracy.max": 0.96, "MIN:kappa.min": -0.07000000000000006, "MAX:kappa.min": 0.49, "MIN:kappa.mean": 0.7866, "MAX:kappa.mean": 0.8445999999999998, "MIN:kappa.max": 0.9400000000000001, "MAX:kappa.max": 0.9400000000000001}