{"MIN:log_loss.min": 0.2858774454219111, "MAX:log_loss.min": 0.2882108089000171, "MIN:log_loss.mean": 0.5282344338273389, "MAX:log_loss.mean": 0.557497440959959, "MIN:log_loss.max": 1.095808812322376, "MAX:log_loss.max": 1.0976659326472566, "MIN:accuracy.min": 0.4, "MAX:accuracy.min": 0.6666666666666666, "MIN:accuracy.mean": 0.7664000000000002, "MAX:accuracy.mean": 0.7819333333333334, "MIN:accuracy.max": 0.96, "MAX:accuracy.max": 0.96, "MIN:kappa.min": 0.09999999999999998, "MAX:kappa.min": 0.5, "MIN:kappa.mean": 0.6496000000000001, "MAX:kappa.mean": 0.6728999999999999, "MIN:kappa.max": 0.9400000000000001, "MAX:kappa.max": 0.9400000000000001}