{"mean accuracy": 0.9537333333333337, "max accuracy": 0.96, "mean kappa": 0.9305999999999998, "max kappa": 0.94}