{"MIN:log_loss.min": 0.22012904637489802, "MAX:log_loss.min": 0.25236469430069103, "MIN:log_loss.mean": 0.5055554069966948, "MAX:log_loss.mean": 0.539623481815636, "MIN:log_loss.max": 1.0970486308563354, "MAX:log_loss.max": 1.097065173740738, "MIN:accuracy.min": 0.66, "MAX:accuracy.min": 0.6666666666666666, "MIN:accuracy.mean": 0.8317333333333333, "MAX:accuracy.mean": 0.8400666666666666, "MIN:accuracy.max": 0.94, "MAX:accuracy.max": 0.94, "MIN:kappa.min": 0.49, "MAX:kappa.min": 0.5, "MIN:kappa.mean": 0.7476, "MAX:kappa.mean": 0.7600999999999999, "MIN:kappa.max": 0.91, "MAX:kappa.max": 0.91}