{"mean accuracy": 0.6052666666666666, "max accuracy": 0.96, "mean kappa": 0.40790000000000004, "max kappa": 0.94}