{"MIN:log_loss.min": 0.6337299096559434, "MAX:log_loss.min": 0.7201192024920753, "MIN:log_loss.mean": 0.8109085439536186, "MAX:log_loss.mean": 0.9495896692987178, "MIN:log_loss.max": 1.1895482428361952, "MAX:log_loss.max": 1.3535847681152566, "MIN:accuracy.min": 0.3333333333333333, "MAX:accuracy.min": 0.36666666666666664, "MIN:accuracy.mean": 0.5980666666666667, "MAX:accuracy.mean": 0.664, "MIN:accuracy.max": 0.9333333333333333, "MAX:accuracy.max": 0.96, "MIN:kappa.min": -2.220446049250313e-16, "MAX:kappa.min": 0.050000000000000044, "MIN:kappa.mean": 0.3971, "MAX:kappa.mean": 0.496, "MIN:kappa.max": 0.9, "MAX:kappa.max": 0.9400000000000001}