{"MIN:log_loss.min": 0.26977830196645924, "MAX:log_loss.min": 0.28616858978654364, "MIN:log_loss.mean": 0.5133497540547564, "MAX:log_loss.mean": 0.5279803615677487, "MIN:log_loss.max": 2.553374201788013, "MAX:log_loss.max": 2.7732897263160092, "MIN:accuracy.min": 0.3333333333333333, "MAX:accuracy.min": 0.3333333333333333, "MIN:accuracy.mean": 0.8292666666666665, "MAX:accuracy.mean": 0.8543333333333331, "MIN:accuracy.max": 0.96, "MAX:accuracy.max": 0.96, "MIN:kappa.min": 0.0, "MAX:kappa.min": 0.0, "MIN:kappa.mean": 0.7439, "MAX:kappa.mean": 0.7815000000000001, "MIN:kappa.max": 0.9400000000000001, "MAX:kappa.max": 0.9400000000000001}