{"MIN:log_loss.min": 0.35621220702768197, "MAX:log_loss.min": 0.6593355242513004, "MIN:log_loss.mean": 0.5403242253153555, "MAX:log_loss.mean": 1.0005212514373796, "MIN:log_loss.max": 1.0572703194977526, "MAX:log_loss.max": 4.2200976381407065, "MIN:accuracy.min": 0.3333333333333333, "MAX:accuracy.min": 0.3933333333333333, "MIN:accuracy.mean": 0.6554666666666666, "MAX:accuracy.mean": 0.7073999999999999, "MIN:accuracy.max": 0.8933333333333333, "MAX:accuracy.max": 0.96, "MIN:kappa.min": -2.220446049250313e-16, "MAX:kappa.min": 0.08999999999999997, "MIN:kappa.mean": 0.4831999999999999, "MAX:kappa.mean": 0.5611, "MIN:kappa.max": 0.84, "MAX:kappa.max": 0.9400000000000001}