{"MIN:log_loss.min": 0.1391839394244697, "MAX:log_loss.min": 0.38823840915836255, "MIN:log_loss.mean": 0.5224862089172584, "MAX:log_loss.mean": 8.651654122575618, "MIN:log_loss.max": 1.906916728525396, "MAX:log_loss.max": 15.991810441842118, "MIN:accuracy.min": 0.32666666666666666, "MAX:accuracy.min": 0.3333333333333333, "MIN:accuracy.mean": 0.4107333333333333, "MAX:accuracy.mean": 0.7698, "MIN:accuracy.max": 0.94, "MAX:accuracy.max": 0.9733333333333334, "MIN:kappa.min": -0.010000000000000009, "MAX:kappa.min": 0.0, "MIN:kappa.mean": 0.1161, "MAX:kappa.mean": 0.6546999999999998, "MIN:kappa.max": 0.91, "MAX:kappa.max": 0.96}