{"MIN:log_loss.min": 0.6724388106478502, "MAX:log_loss.min": 0.6724729933784829, "MIN:log_loss.mean": 0.8788001741323684, "MAX:log_loss.mean": 0.9590356840152856, "MIN:log_loss.max": 1.0551483073910837, "MAX:log_loss.max": 1.076796717894622, "MIN:accuracy.min": 0.3333333333333333, "MAX:accuracy.min": 0.34, "MIN:accuracy.mean": 0.4421333333333334, "MAX:accuracy.mean": 0.7227333333333334, "MIN:accuracy.max": 0.9533333333333334, "MAX:accuracy.max": 0.9533333333333334, "MIN:kappa.min": -2.220446049250313e-16, "MAX:kappa.min": 0.010000000000000009, "MIN:kappa.mean": 0.1632, "MAX:kappa.mean": 0.5841, "MIN:kappa.max": 0.9299999999999999, "MAX:kappa.max": 0.9299999999999999}