{"MIN:log_loss.min": 0.23333074956563712, "MAX:log_loss.min": 0.39609958273139656, "MIN:log_loss.mean": 0.6905691501398278, "MAX:log_loss.mean": 0.7502437397918197, "MIN:log_loss.max": 1.2376319636298616, "MAX:log_loss.max": 1.6698716677038508, "MIN:accuracy.min": 0.38, "MAX:accuracy.min": 0.43333333333333335, "MIN:accuracy.mean": 0.7034, "MAX:accuracy.mean": 0.7694666666666667, "MIN:accuracy.max": 0.9533333333333334, "MAX:accuracy.max": 0.9666666666666667, "MIN:kappa.min": 0.06999999999999995, "MAX:kappa.min": 0.15000000000000002, "MIN:kappa.mean": 0.5550999999999999, "MAX:kappa.mean": 0.6542, "MIN:kappa.max": 0.9299999999999999, "MAX:kappa.max": 0.95}