{"MIN:log_loss.min": 0.36071758242370827, "MAX:log_loss.min": 0.7088080587051148, "MIN:log_loss.mean": 0.8310440958800289, "MAX:log_loss.mean": 0.9778655840378049, "MIN:log_loss.max": 1.0973957134773358, "MAX:log_loss.max": 1.822478241765868, "MIN:accuracy.min": 0.22666666666666666, "MAX:accuracy.min": 0.6533333333333333, "MIN:accuracy.mean": 0.5532, "MAX:accuracy.mean": 0.6584666666666666, "MIN:accuracy.max": 0.6666666666666666, "MAX:accuracy.max": 0.96, "MIN:kappa.min": -0.15999999999999992, "MAX:kappa.min": 0.48, "MIN:kappa.mean": 0.3298, "MAX:kappa.mean": 0.48769999999999997, "MIN:kappa.max": 0.5, "MAX:kappa.max": 0.9400000000000001}