{"MIN:log_loss.min": 0.09557750866994477, "MAX:log_loss.min": 0.19330085032154662, "MIN:log_loss.mean": 0.33623117008768555, "MAX:log_loss.mean": 0.3918365736018503, "MIN:log_loss.max": 0.9247150056549946, "MAX:log_loss.max": 1.0689472333360064, "MIN:accuracy.min": 0.6133333333333333, "MAX:accuracy.min": 0.9133333333333333, "MIN:accuracy.mean": 0.9175333333333332, "MAX:accuracy.mean": 0.9489999999999997, "MIN:accuracy.max": 0.96, "MAX:accuracy.max": 0.9666666666666667, "MIN:kappa.min": 0.42000000000000004, "MAX:kappa.min": 0.87, "MIN:kappa.mean": 0.8763000000000001, "MAX:kappa.mean": 0.9235, "MIN:kappa.max": 0.9400000000000001, "MAX:kappa.max": 0.95}