{"MIN:log_loss.min": 0.09553841640852506, "MAX:log_loss.min": 0.10910860054540947, "MIN:log_loss.mean": 0.5850226713502644, "MAX:log_loss.mean": 0.6071987672579103, "MIN:log_loss.max": 21.40994432096453, "MAX:log_loss.max": 23.025850929940454, "MIN:accuracy.min": 0.3333333333333333, "MAX:accuracy.min": 0.35333333333333333, "MIN:accuracy.mean": 0.9420000000000003, "MAX:accuracy.mean": 0.9460666666666665, "MIN:accuracy.max": 0.9666666666666667, "MAX:accuracy.max": 0.9733333333333334, "MIN:kappa.min": 0.0, "MAX:kappa.min": 0.030000000000000027, "MIN:kappa.mean": 0.9130000000000001, "MAX:kappa.mean": 0.9190999999999998, "MIN:kappa.max": 0.95, "MAX:kappa.max": 0.96}