{"MIN:log_loss.min": 0.06179817885306133, "MAX:log_loss.min": 0.08278292693239657, "MIN:log_loss.mean": 0.09243414430251759, "MAX:log_loss.mean": 0.13769528815708315, "MIN:log_loss.max": 0.3688848321114381, "MAX:log_loss.max": 0.5671428139029994, "MIN:accuracy.min": 0.96, "MAX:accuracy.min": 0.96, "MIN:accuracy.mean": 0.9677333333333332, "MAX:accuracy.mean": 0.97, "MIN:accuracy.max": 0.9733333333333334, "MAX:accuracy.max": 0.9733333333333334, "MIN:kappa.min": 0.94, "MAX:kappa.min": 0.94, "MIN:kappa.mean": 0.9515999999999998, "MAX:kappa.mean": 0.955, "MIN:kappa.max": 0.96, "MAX:kappa.max": 0.96}