{"MIN:log_loss.min": 0.46894542464052164, "MAX:log_loss.min": 0.804864960647723, "MIN:log_loss.mean": 0.9739270107685337, "MAX:log_loss.mean": 1.0425120273801516, "MIN:log_loss.max": 1.229687121912098, "MAX:log_loss.max": 1.3661980849126572, "MIN:accuracy.min": 0.0, "MAX:accuracy.min": 0.21333333333333335, "MIN:accuracy.mean": 0.523, "MAX:accuracy.mean": 0.5613333333333332, "MIN:accuracy.max": 0.7266666666666667, "MAX:accuracy.max": 0.9533333333333334, "MIN:kappa.min": -0.5, "MAX:kappa.min": -0.17999999999999994, "MIN:kappa.mean": 0.28450000000000003, "MAX:kappa.mean": 0.34199999999999997, "MIN:kappa.max": 0.5900000000000001, "MAX:kappa.max": 0.9299999999999999}