{"MIN:log_loss.min": 0.4628742009543304, "MAX:log_loss.min": 0.8303402989630182, "MIN:log_loss.mean": 0.7560198249844765, "MAX:log_loss.mean": 1.1528673134571807, "MIN:log_loss.max": 1.098612060163053, "MAX:log_loss.max": 2.5264983851937513, "MIN:accuracy.min": 0.3333333333333333, "MAX:accuracy.min": 0.6666666666666666, "MIN:accuracy.mean": 0.6312, "MAX:accuracy.mean": 0.6666666666666669, "MIN:accuracy.max": 0.6666666666666666, "MAX:accuracy.max": 0.8533333333333334, "MIN:kappa.min": 0.0, "MAX:kappa.min": 0.5, "MIN:kappa.mean": 0.4468, "MAX:kappa.mean": 0.5, "MIN:kappa.max": 0.5, "MAX:kappa.max": 0.78}