{"MIN:log_loss.min": 0.525375820661611, "MAX:log_loss.min": 0.768558070215124, "MIN:log_loss.mean": 0.9907500520006771, "MAX:log_loss.mean": 1.37768140411629, "MIN:log_loss.max": 1.1900235253542457, "MAX:log_loss.max": 2.8070704144874443, "MIN:accuracy.min": 0.22666666666666666, "MAX:accuracy.min": 0.36666666666666664, "MIN:accuracy.mean": 0.5696666666666667, "MAX:accuracy.mean": 0.6153333333333333, "MIN:accuracy.max": 0.6666666666666666, "MAX:accuracy.max": 0.9666666666666667, "MIN:kappa.min": -0.15999999999999992, "MAX:kappa.min": 0.050000000000000044, "MIN:kappa.mean": 0.3545, "MAX:kappa.mean": 0.42300000000000004, "MIN:kappa.max": 0.5, "MAX:kappa.max": 0.95}