{"MIN:log_loss.min": 0.1213904697952988, "MAX:log_loss.min": 0.16406111388972192, "MIN:log_loss.mean": 0.3105060868374797, "MAX:log_loss.mean": 0.37029479127932446, "MIN:log_loss.max": 0.8779212661724956, "MAX:log_loss.max": 3.0586368590362887, "MIN:accuracy.min": 0.3466666666666667, "MAX:accuracy.min": 0.7266666666666667, "MIN:accuracy.mean": 0.8888000000000003, "MAX:accuracy.mean": 0.9414666666666666, "MIN:accuracy.max": 0.9533333333333334, "MAX:accuracy.max": 0.9666666666666667, "MIN:kappa.min": 0.020000000000000018, "MAX:kappa.min": 0.5900000000000001, "MIN:kappa.mean": 0.8331999999999999, "MAX:kappa.mean": 0.9121999999999999, "MIN:kappa.max": 0.9299999999999999, "MAX:kappa.max": 0.95}