{"MIN:log_loss.min": 0.9453601057409506, "MAX:log_loss.min": 1.1129598436638555, "MIN:log_loss.mean": 0.9638729598715217, "MAX:log_loss.mean": 2.440262017855639, "MIN:log_loss.max": 1.0427198501889834, "MAX:log_loss.max": 12.979119348078893, "MIN:accuracy.min": 0.3333333333333333, "MAX:accuracy.min": 0.3333333333333333, "MIN:accuracy.mean": 0.3333333333333334, "MAX:accuracy.mean": 0.3333333333333334, "MIN:accuracy.max": 0.3333333333333333, "MAX:accuracy.max": 0.3333333333333333, "MIN:kappa.min": 0.0, "MAX:kappa.min": 0.0, "MIN:kappa.mean": 0.0, "MAX:kappa.mean": 0.0, "MIN:kappa.max": 0.0, "MAX:kappa.max": 0.0}