{"MIN:log_loss.min": 0.5933709144114959, "MAX:log_loss.min": 0.7437901302315364, "MIN:log_loss.mean": 0.9447608527774928, "MAX:log_loss.mean": 1.4914666678359094, "MIN:log_loss.max": 2.555319214153958, "MAX:log_loss.max": 10.635095559766738, "MIN:accuracy.min": 0.2, "MAX:accuracy.min": 0.3466666666666667, "MIN:accuracy.mean": 0.5608666666666666, "MAX:accuracy.mean": 0.6302666666666668, "MIN:accuracy.max": 0.76, "MAX:accuracy.max": 0.92, "MIN:kappa.min": -0.19999999999999996, "MAX:kappa.min": 0.02000000000000013, "MIN:kappa.mean": 0.3413000000000001, "MAX:kappa.mean": 0.4453999999999999, "MIN:kappa.max": 0.64, "MAX:kappa.max": 0.88}