{"MIN:log_loss.min": 0.05905047885112043, "MAX:log_loss.min": 0.08502777113761338, "MIN:log_loss.mean": 0.251032719489141, "MAX:log_loss.mean": 0.27227809010187887, "MIN:log_loss.max": 0.8538675780717792, "MAX:log_loss.max": 0.9088625044708768, "MIN:accuracy.min": 0.9133333333333333, "MAX:accuracy.min": 0.96, "MIN:accuracy.mean": 0.9705333333333332, "MAX:accuracy.mean": 0.9726666666666666, "MIN:accuracy.max": 0.9733333333333334, "MAX:accuracy.max": 0.9866666666666667, "MIN:kappa.min": 0.87, "MAX:kappa.min": 0.94, "MIN:kappa.mean": 0.9558, "MAX:kappa.mean": 0.9590000000000001, "MIN:kappa.max": 0.96, "MAX:kappa.max": 0.98}