{"MIN:log_loss.min": 0.2911135188068194, "MAX:log_loss.min": 0.49763802746957614, "MIN:log_loss.mean": 0.45345422060097457, "MAX:log_loss.mean": 0.6669649893635207, "MIN:log_loss.max": 0.9191850572398549, "MAX:log_loss.max": 0.9799139035744944, "MIN:accuracy.min": 0.35333333333333333, "MAX:accuracy.min": 0.6666666666666666, "MIN:accuracy.mean": 0.8683333333333334, "MAX:accuracy.mean": 0.9007999999999998, "MIN:accuracy.max": 0.9333333333333333, "MAX:accuracy.max": 0.9666666666666667, "MIN:kappa.min": 0.030000000000000027, "MAX:kappa.min": 0.5, "MIN:kappa.mean": 0.8024999999999999, "MAX:kappa.mean": 0.8512000000000001, "MIN:kappa.max": 0.9, "MAX:kappa.max": 0.95}