{"MIN:log_loss.min": 0.6206519052915747, "MAX:log_loss.min": 0.8103807283361698, "MIN:log_loss.mean": 0.8531240229758204, "MAX:log_loss.mean": 0.9916622430558069, "MIN:log_loss.max": 1.1234290064341876, "MAX:log_loss.max": 1.3527788985234104, "MIN:accuracy.min": 0.3333333333333333, "MAX:accuracy.min": 0.3333333333333333, "MIN:accuracy.mean": 0.5923333333333333, "MAX:accuracy.mean": 0.6923333333333335, "MIN:accuracy.max": 0.9333333333333333, "MAX:accuracy.max": 0.96, "MIN:kappa.min": 0.0, "MAX:kappa.min": 0.0, "MIN:kappa.mean": 0.3885, "MAX:kappa.mean": 0.5385, "MIN:kappa.max": 0.9, "MAX:kappa.max": 0.9400000000000001}