{"MIN:log_loss.min": 0.4833488618027958, "MAX:log_loss.min": 0.5570652331968139, "MIN:log_loss.mean": 0.8372129953351231, "MAX:log_loss.mean": 0.8854789076795113, "MIN:log_loss.max": 1.193827927919935, "MAX:log_loss.max": 1.338359613275893, "MIN:accuracy.min": 0.04, "MAX:accuracy.min": 0.3333333333333333, "MIN:accuracy.mean": 0.5913333333333334, "MAX:accuracy.mean": 0.6734, "MIN:accuracy.max": 0.94, "MAX:accuracy.max": 0.96, "MIN:kappa.min": -0.44000000000000017, "MAX:kappa.min": -2.220446049250313e-16, "MIN:kappa.mean": 0.38699999999999996, "MAX:kappa.mean": 0.5101, "MIN:kappa.max": 0.91, "MAX:kappa.max": 0.9400000000000001}