{"MIN:log_loss.min": 0.5999753379295978, "MAX:log_loss.min": 0.6740033526851414, "MIN:log_loss.mean": 0.7342007903247425, "MAX:log_loss.mean": 0.7530879201879448, "MIN:log_loss.max": 1.1919896214971901, "MAX:log_loss.max": 1.1921611022414547, "MIN:accuracy.min": 0.3333333333333333, "MAX:accuracy.min": 0.56, "MIN:accuracy.mean": 0.8262666666666667, "MAX:accuracy.mean": 0.8388, "MIN:accuracy.max": 0.9533333333333334, "MAX:accuracy.max": 0.96, "MIN:kappa.min": 0.0, "MAX:kappa.min": 0.3400000000000001, "MIN:kappa.mean": 0.7394, "MAX:kappa.mean": 0.7582000000000002, "MIN:kappa.max": 0.9299999999999999, "MAX:kappa.max": 0.9400000000000001}