{"MIN:log_loss.min": 0.139054311176111, "MAX:log_loss.min": 0.23431462263031713, "MIN:log_loss.mean": 0.5251653907221333, "MAX:log_loss.mean": 0.587336898930362, "MIN:log_loss.max": 1.035618705751006, "MAX:log_loss.max": 1.5982024293335366, "MIN:accuracy.min": 0.3333333333333333, "MAX:accuracy.min": 0.56, "MIN:accuracy.mean": 0.7835333333333332, "MAX:accuracy.mean": 0.8801333333333333, "MIN:accuracy.max": 0.9533333333333334, "MAX:accuracy.max": 0.96, "MIN:kappa.min": -2.220446049250313e-16, "MAX:kappa.min": 0.33999999999999997, "MIN:kappa.mean": 0.6753000000000001, "MAX:kappa.mean": 0.8201999999999999, "MIN:kappa.max": 0.9299999999999999, "MAX:kappa.max": 0.9400000000000001}