{"mean accuracy": 0.9322000000000001, "max accuracy": 0.96, "mean kappa": 0.8982999999999999, "max kappa": 0.94}