{"MIN:log_loss.min": 0.723518056914565, "MAX:log_loss.min": 0.7821645473605033, "MIN:log_loss.mean": 0.8614063733059492, "MAX:log_loss.mean": 0.9267389363758651, "MIN:log_loss.max": 1.1941897044535743, "MAX:log_loss.max": 1.1941897088956808, "MIN:accuracy.min": 0.5333333333333333, "MAX:accuracy.min": 0.6066666666666667, "MIN:accuracy.mean": 0.6619333333333333, "MAX:accuracy.mean": 0.6806000000000002, "MIN:accuracy.max": 0.9133333333333333, "MAX:accuracy.max": 0.96, "MIN:kappa.min": 0.30000000000000004, "MAX:kappa.min": 0.41000000000000003, "MIN:kappa.mean": 0.4929, "MAX:kappa.mean": 0.5208999999999999, "MIN:kappa.max": 0.87, "MAX:kappa.max": 0.9400000000000001}