{"MIN:log_loss.min": 0.11227856916561535, "MAX:log_loss.min": 0.11250945218041408, "MIN:log_loss.mean": 0.2658325923409816, "MAX:log_loss.mean": 0.2832313505898478, "MIN:log_loss.max": 0.8243432618586078, "MAX:log_loss.max": 0.9744970188434687, "MIN:accuracy.min": 0.6066666666666667, "MAX:accuracy.min": 0.8333333333333334, "MIN:accuracy.mean": 0.9331999999999999, "MAX:accuracy.mean": 0.9451999999999998, "MIN:accuracy.max": 0.96, "MAX:accuracy.max": 0.96, "MIN:kappa.min": 0.4099999999999999, "MAX:kappa.min": 0.75, "MIN:kappa.mean": 0.8997999999999999, "MAX:kappa.mean": 0.9177999999999998, "MIN:kappa.max": 0.9400000000000001, "MAX:kappa.max": 0.9400000000000001}