{"MIN:log_loss.min": 0.1259222747826355, "MAX:log_loss.min": 0.12725469404894185, "MIN:log_loss.mean": 0.4559727397394188, "MAX:log_loss.mean": 0.47638759216334764, "MIN:log_loss.max": 1.099973375813954, "MAX:log_loss.max": 1.2190883018156993, "MIN:accuracy.min": 0.3333333333333333, "MAX:accuracy.min": 0.5933333333333334, "MIN:accuracy.mean": 0.7908666666666665, "MAX:accuracy.mean": 0.8331333333333332, "MIN:accuracy.max": 0.96, "MAX:accuracy.max": 0.98, "MIN:kappa.min": 0.0, "MAX:kappa.min": 0.39, "MIN:kappa.mean": 0.6862999999999999, "MAX:kappa.mean": 0.7497, "MIN:kappa.max": 0.94, "MAX:kappa.max": 0.97}