{"MIN:log_loss.min": 0.5480134762420849, "MAX:log_loss.min": 0.5988808065293106, "MIN:log_loss.mean": 1.0000894638522992, "MAX:log_loss.mean": 1.0421436814471916, "MIN:log_loss.max": 2.1899866931031964, "MAX:log_loss.max": 2.4446530731293943, "MIN:accuracy.min": 0.25333333333333335, "MAX:accuracy.min": 0.3333333333333333, "MIN:accuracy.mean": 0.6671333333333331, "MAX:accuracy.mean": 0.7033999999999999, "MIN:accuracy.max": 0.96, "MAX:accuracy.max": 0.96, "MIN:kappa.min": -0.1200000000000001, "MAX:kappa.min": -2.220446049250313e-16, "MIN:kappa.mean": 0.5006999999999999, "MAX:kappa.mean": 0.5550999999999999, "MIN:kappa.max": 0.9400000000000001, "MAX:kappa.max": 0.9400000000000001}