{"MIN:log_loss.min": 0.08694457340384767, "MAX:log_loss.min": 0.13842459665831422, "MIN:log_loss.mean": 0.70655686379372, "MAX:log_loss.mean": 0.9450304853742137, "MIN:log_loss.max": 9.901115899874396, "MAX:log_loss.max": 12.66421801146725, "MIN:accuracy.min": 0.34, "MAX:accuracy.min": 0.6533333333333333, "MIN:accuracy.mean": 0.8597999999999999, "MAX:accuracy.mean": 0.8949999999999999, "MIN:accuracy.max": 0.96, "MAX:accuracy.max": 0.98, "MIN:kappa.min": 0.010000000000000009, "MAX:kappa.min": 0.48, "MIN:kappa.mean": 0.7896999999999998, "MAX:kappa.mean": 0.8425, "MIN:kappa.max": 0.94, "MAX:kappa.max": 0.97}