{"MIN:log_loss.min": 0.18440601370965026, "MAX:log_loss.min": 0.6577057090465104, "MIN:log_loss.mean": 0.6290218942573882, "MAX:log_loss.mean": 0.8652509469539283, "MIN:log_loss.max": 1.1246610931006187, "MAX:log_loss.max": 1.234331823941774, "MIN:accuracy.min": 0.3333333333333333, "MAX:accuracy.min": 0.62, "MIN:accuracy.mean": 0.6296666666666666, "MAX:accuracy.mean": 0.7317999999999999, "MIN:accuracy.max": 0.9133333333333333, "MAX:accuracy.max": 0.96, "MIN:kappa.min": 0.0, "MAX:kappa.min": 0.43000000000000005, "MIN:kappa.mean": 0.4445000000000001, "MAX:kappa.mean": 0.5977, "MIN:kappa.max": 0.87, "MAX:kappa.max": 0.9400000000000001}