{"MIN:log_loss.min": 0.11807188121487262, "MAX:log_loss.min": 0.21202137971172158, "MIN:log_loss.mean": 0.3607024249116166, "MAX:log_loss.mean": 0.6081745376949224, "MIN:log_loss.max": 0.8479137298325913, "MAX:log_loss.max": 6.689687527474021, "MIN:accuracy.min": 0.54, "MAX:accuracy.min": 0.6666666666666666, "MIN:accuracy.mean": 0.8075333333333334, "MAX:accuracy.mean": 0.8451333333333332, "MIN:accuracy.max": 0.96, "MAX:accuracy.max": 0.96, "MIN:kappa.min": 0.31000000000000005, "MAX:kappa.min": 0.5, "MIN:kappa.mean": 0.7112999999999999, "MAX:kappa.mean": 0.7676999999999999, "MIN:kappa.max": 0.9400000000000001, "MAX:kappa.max": 0.9400000000000001}