{"MIN:log_loss.min": 0.528093015629623, "MAX:log_loss.min": 0.5750436888681604, "MIN:log_loss.mean": 0.582294073085251, "MAX:log_loss.mean": 0.7923992463229667, "MIN:log_loss.max": 0.7364701569253415, "MAX:log_loss.max": 8.34149068296792, "MIN:accuracy.min": 0.20666666666666667, "MAX:accuracy.min": 0.6666666666666666, "MIN:accuracy.mean": 0.6666666666666669, "MAX:accuracy.mean": 0.6886666666666666, "MIN:accuracy.max": 0.6666666666666666, "MAX:accuracy.max": 0.7133333333333334, "MIN:kappa.min": -0.18999999999999995, "MAX:kappa.min": 0.5, "MIN:kappa.mean": 0.5, "MAX:kappa.mean": 0.5330000000000001, "MIN:kappa.max": 0.5, "MAX:kappa.max": 0.5700000000000001}