{"MIN:log_loss.min": 0.1344513014490715, "MAX:log_loss.min": 0.31412753668594035, "MIN:log_loss.mean": 0.5670774498106157, "MAX:log_loss.mean": 0.6757968170223918, "MIN:log_loss.max": 1.037272192441618, "MAX:log_loss.max": 5.17170462976816, "MIN:accuracy.min": 0.3333333333333333, "MAX:accuracy.min": 0.6666666666666666, "MIN:accuracy.mean": 0.7896000000000001, "MAX:accuracy.mean": 0.8295999999999998, "MIN:accuracy.max": 0.9533333333333334, "MAX:accuracy.max": 0.96, "MIN:kappa.min": 0.0, "MAX:kappa.min": 0.5, "MIN:kappa.mean": 0.6844000000000001, "MAX:kappa.mean": 0.7444000000000002, "MIN:kappa.max": 0.9299999999999999, "MAX:kappa.max": 0.9400000000000001}