{"MIN:log_loss.min": 0.12807915960092947, "MAX:log_loss.min": 0.19227751258450743, "MIN:log_loss.mean": 0.6025256477351406, "MAX:log_loss.mean": 0.7950752098361845, "MIN:log_loss.max": 1.0986119318012977, "MAX:log_loss.max": 1.8132942297161696, "MIN:accuracy.min": 0.3333333333333333, "MAX:accuracy.min": 0.3333333333333333, "MIN:accuracy.mean": 0.6894666666666666, "MAX:accuracy.mean": 0.7728666666666666, "MIN:accuracy.max": 0.96, "MAX:accuracy.max": 0.9666666666666667, "MIN:kappa.min": 0.0, "MAX:kappa.min": 0.0, "MIN:kappa.mean": 0.5342000000000001, "MAX:kappa.mean": 0.6592999999999999, "MIN:kappa.max": 0.9400000000000001, "MAX:kappa.max": 0.95}