{"MIN:log_loss.min": 0.11414198428252448, "MAX:log_loss.min": 0.18925223458848175, "MIN:log_loss.mean": 0.5690166243681944, "MAX:log_loss.mean": 0.6139701278772012, "MIN:log_loss.max": 1.0982019819950737, "MAX:log_loss.max": 1.0983086971691618, "MIN:accuracy.min": 0.3333333333333333, "MAX:accuracy.min": 0.3333333333333333, "MIN:accuracy.mean": 0.7245333333333334, "MAX:accuracy.mean": 0.7691333333333331, "MIN:accuracy.max": 0.9533333333333334, "MAX:accuracy.max": 0.9666666666666667, "MIN:kappa.min": -2.220446049250313e-16, "MAX:kappa.min": 0.0, "MIN:kappa.mean": 0.5868, "MAX:kappa.mean": 0.6537, "MIN:kappa.max": 0.9299999999999999, "MAX:kappa.max": 0.95}