{"MIN:log_loss.min": 0.5862970597220932, "MAX:log_loss.min": 0.7695448667623862, "MIN:log_loss.mean": 0.9613783853393103, "MAX:log_loss.mean": 1.1831516598822198, "MIN:log_loss.max": 1.2531647567700994, "MAX:log_loss.max": 2.2459622593734383, "MIN:accuracy.min": 0.1, "MAX:accuracy.min": 0.3333333333333333, "MIN:accuracy.mean": 0.5026666666666667, "MAX:accuracy.mean": 0.5359333333333334, "MIN:accuracy.max": 0.6666666666666666, "MAX:accuracy.max": 0.96, "MIN:kappa.min": -0.3500000000000001, "MAX:kappa.min": 0.0, "MIN:kappa.mean": 0.254, "MAX:kappa.mean": 0.30389999999999995, "MIN:kappa.max": 0.5, "MAX:kappa.max": 0.9400000000000001}