{"mean accuracy": 0.7121333333333336, "max accuracy": 0.9333333333333333, "mean kappa": 0.5681999999999999, "max kappa": 0.9}