{"MIN:log_loss.min": 0.13968898421743434, "MAX:log_loss.min": 0.9979836053894382, "MIN:log_loss.mean": 0.9527753589797431, "MAX:log_loss.mean": 5.264362842278116, "MIN:log_loss.max": 1.1112808278144284, "MAX:log_loss.max": 22.134013296689556, "MIN:accuracy.min": 0.006666666666666667, "MAX:accuracy.min": 0.34, "MIN:accuracy.mean": 0.4862666666666666, "MAX:accuracy.mean": 0.6560666666666667, "MIN:accuracy.max": 0.6666666666666666, "MAX:accuracy.max": 0.9666666666666667, "MIN:kappa.min": -0.49, "MAX:kappa.min": 0.010000000000000009, "MIN:kappa.mean": 0.22940000000000002, "MAX:kappa.mean": 0.48410000000000003, "MIN:kappa.max": 0.5, "MAX:kappa.max": 0.95}