{"MIN:log_loss.min": 0.1583041314870225, "MAX:log_loss.min": 0.3168670187507423, "MIN:log_loss.mean": 0.7077498578377146, "MAX:log_loss.mean": 0.7730601550851653, "MIN:log_loss.max": 1.1491396098658548, "MAX:log_loss.max": 1.2012280624202059, "MIN:accuracy.min": 0.3333333333333333, "MAX:accuracy.min": 0.3333333333333333, "MIN:accuracy.mean": 0.5499333333333333, "MAX:accuracy.mean": 0.5967999999999999, "MIN:accuracy.max": 0.9466666666666667, "MAX:accuracy.max": 0.9666666666666667, "MIN:kappa.min": -2.220446049250313e-16, "MAX:kappa.min": 0.0, "MIN:kappa.mean": 0.32489999999999997, "MAX:kappa.mean": 0.39520000000000005, "MIN:kappa.max": 0.92, "MAX:kappa.max": 0.95}