{"MIN:log_loss.min": 0.47782162177387943, "MAX:log_loss.min": 0.5356269712484913, "MIN:log_loss.mean": 0.7744764064017717, "MAX:log_loss.mean": 0.8260821760526378, "MIN:log_loss.max": 1.0671536756672506, "MAX:log_loss.max": 1.194787751361787, "MIN:accuracy.min": 0.31333333333333335, "MAX:accuracy.min": 0.48, "MIN:accuracy.mean": 0.6815333333333332, "MAX:accuracy.mean": 0.7180666666666664, "MIN:accuracy.max": 0.96, "MAX:accuracy.max": 0.96, "MIN:kappa.min": -0.030000000000000027, "MAX:kappa.min": 0.21999999999999997, "MIN:kappa.mean": 0.5223, "MAX:kappa.mean": 0.5771000000000001, "MIN:kappa.max": 0.94, "MAX:kappa.max": 0.9400000000000001}