{"mean accuracy": 0.7092000000000002, "max accuracy": 0.9533333333333333, "mean kappa": 0.5638, "max kappa": 0.9299999999999997}