{"mean accuracy": 0.5991999999999998, "max accuracy": 0.9733333333333334, "mean kappa": 0.3988000000000001, "max kappa": 0.9600000000000001}