{"MIN:log_loss.min": 0.14422656588191293, "MAX:log_loss.min": 0.19739590922143443, "MIN:log_loss.mean": 0.46347862332057893, "MAX:log_loss.mean": 0.5947218460064643, "MIN:log_loss.max": 1.0622432900690362, "MAX:log_loss.max": 1.4038885890063986, "MIN:accuracy.min": 0.3333333333333333, "MAX:accuracy.min": 0.66, "MIN:accuracy.mean": 0.7787333333333336, "MAX:accuracy.mean": 0.8107999999999999, "MIN:accuracy.max": 0.9466666666666667, "MAX:accuracy.max": 0.96, "MIN:kappa.min": -2.220446049250313e-16, "MAX:kappa.min": 0.49, "MIN:kappa.mean": 0.6681, "MAX:kappa.mean": 0.7162, "MIN:kappa.max": 0.92, "MAX:kappa.max": 0.9400000000000001}