{"MIN:log_loss.min": 0.24642939177557702, "MAX:log_loss.min": 0.5328731144649737, "MIN:log_loss.mean": 0.49888708684071903, "MAX:log_loss.mean": 0.9746422061655202, "MIN:log_loss.max": 0.8615892851030351, "MAX:log_loss.max": 8.638940383034422, "MIN:accuracy.min": 0.36666666666666664, "MAX:accuracy.min": 0.5666666666666667, "MIN:accuracy.mean": 0.7090000000000002, "MAX:accuracy.mean": 0.8245333333333333, "MIN:accuracy.max": 0.86, "MAX:accuracy.max": 0.96, "MIN:kappa.min": 0.050000000000000044, "MAX:kappa.min": 0.35, "MIN:kappa.mean": 0.5635, "MAX:kappa.mean": 0.7368000000000001, "MIN:kappa.max": 0.79, "MAX:kappa.max": 0.9400000000000001}