{"MIN:log_loss.min": 0.21520673935345827, "MAX:log_loss.min": 0.40413763547866366, "MIN:log_loss.mean": 0.46517507921732965, "MAX:log_loss.mean": 1.2152886939088325, "MIN:log_loss.max": 0.8082781301779832, "MAX:log_loss.max": 11.743183974269634, "MIN:accuracy.min": 0.48, "MAX:accuracy.min": 0.66, "MIN:accuracy.mean": 0.7345999999999998, "MAX:accuracy.mean": 0.8130666666666666, "MIN:accuracy.max": 0.9, "MAX:accuracy.max": 0.9666666666666667, "MIN:kappa.min": 0.21999999999999997, "MAX:kappa.min": 0.49, "MIN:kappa.mean": 0.6019, "MAX:kappa.mean": 0.7195999999999999, "MIN:kappa.max": 0.85, "MAX:kappa.max": 0.95}