{"MIN:log_loss.min": 0.22437151340740213, "MAX:log_loss.min": 0.28569429780051603, "MIN:log_loss.mean": 0.32660042102435183, "MAX:log_loss.mean": 0.3653744334164577, "MIN:log_loss.max": 0.757919834132182, "MAX:log_loss.max": 0.8022226368296406, "MIN:accuracy.min": 0.6666666666666666, "MAX:accuracy.min": 0.6666666666666666, "MIN:accuracy.mean": 0.8806666666666666, "MAX:accuracy.mean": 0.9104000000000002, "MIN:accuracy.max": 0.94, "MAX:accuracy.max": 0.9533333333333334, "MIN:kappa.min": 0.5, "MAX:kappa.min": 0.5, "MIN:kappa.mean": 0.8210000000000002, "MAX:kappa.mean": 0.8656000000000001, "MIN:kappa.max": 0.91, "MAX:kappa.max": 0.9299999999999999}