{"MIN:log_loss.min": 0.1125846265533507, "MAX:log_loss.min": 0.14679289761008418, "MIN:log_loss.mean": 0.3962613773161492, "MAX:log_loss.mean": 0.42778135369772824, "MIN:log_loss.max": 1.0235148770222273, "MAX:log_loss.max": 4.567488403474093, "MIN:accuracy.min": 0.52, "MAX:accuracy.min": 0.9533333333333334, "MIN:accuracy.mean": 0.9197333333333332, "MAX:accuracy.mean": 0.9594, "MIN:accuracy.max": 0.96, "MAX:accuracy.max": 0.96, "MIN:kappa.min": 0.28, "MAX:kappa.min": 0.9299999999999999, "MIN:kappa.mean": 0.8795999999999999, "MAX:kappa.mean": 0.9390999999999995, "MIN:kappa.max": 0.94, "MAX:kappa.max": 0.94}