{"MIN:log_loss.min": 0.6313935371836831, "MAX:log_loss.min": 0.7549589052916729, "MIN:log_loss.mean": 0.7235489784625861, "MAX:log_loss.mean": 0.8221741590349637, "MIN:log_loss.max": 0.9931559563549852, "MAX:log_loss.max": 1.0526819985925866, "MIN:accuracy.min": 0.44666666666666666, "MAX:accuracy.min": 0.66, "MIN:accuracy.mean": 0.8291333333333334, "MAX:accuracy.mean": 0.8400666666666665, "MIN:accuracy.max": 0.8866666666666667, "MAX:accuracy.max": 0.98, "MIN:kappa.min": 0.17000000000000004, "MAX:kappa.min": 0.4899999999999999, "MIN:kappa.mean": 0.7436999999999999, "MAX:kappa.mean": 0.7601000000000002, "MIN:kappa.max": 0.83, "MAX:kappa.max": 0.97}