{"MIN:log_loss.min": 0.1901174412798898, "MAX:log_loss.min": 0.7429520181771936, "MIN:log_loss.mean": 0.5434209665974244, "MAX:log_loss.mean": 1.2511607054014366, "MIN:log_loss.max": 1.0976106261917142, "MAX:log_loss.max": 9.053734942413287, "MIN:accuracy.min": 0.3333333333333333, "MAX:accuracy.min": 0.6333333333333333, "MIN:accuracy.mean": 0.7316666666666669, "MAX:accuracy.mean": 0.8, "MIN:accuracy.max": 0.9533333333333334, "MAX:accuracy.max": 0.9733333333333334, "MIN:kappa.min": -2.220446049250313e-16, "MAX:kappa.min": 0.44999999999999996, "MIN:kappa.mean": 0.5975, "MAX:kappa.mean": 0.7000000000000002, "MIN:kappa.max": 0.9299999999999999, "MAX:kappa.max": 0.96}