{"MIN:log_loss.min": 0.651356810009255, "MAX:log_loss.min": 0.8480313303837257, "MIN:log_loss.mean": 0.882558153444248, "MAX:log_loss.mean": 1.516450464733819, "MIN:log_loss.max": 1.1907363460911466, "MAX:log_loss.max": 2.7824573066860863, "MIN:accuracy.min": 0.3333333333333333, "MAX:accuracy.min": 0.6, "MIN:accuracy.mean": 0.6082666666666666, "MAX:accuracy.mean": 0.6829333333333335, "MIN:accuracy.max": 0.9466666666666667, "MAX:accuracy.max": 0.96, "MIN:kappa.min": 0.0, "MAX:kappa.min": 0.4, "MIN:kappa.mean": 0.41240000000000004, "MAX:kappa.mean": 0.5244000000000001, "MIN:kappa.max": 0.92, "MAX:kappa.max": 0.9400000000000001}