{"MIN:log_loss.min": 0.5811218868661706, "MAX:log_loss.min": 0.8867342250693621, "MIN:log_loss.mean": 0.8334597188579872, "MAX:log_loss.mean": 0.93766261781251, "MIN:log_loss.max": 1.0387680054532613, "MAX:log_loss.max": 2.977933210863184, "MIN:accuracy.min": 0.3333333333333333, "MAX:accuracy.min": 0.6666666666666666, "MIN:accuracy.mean": 0.6355333333333334, "MAX:accuracy.mean": 0.6666666666666669, "MIN:accuracy.max": 0.6666666666666666, "MAX:accuracy.max": 0.9466666666666667, "MIN:kappa.min": -2.220446049250313e-16, "MAX:kappa.min": 0.5, "MIN:kappa.mean": 0.4533, "MAX:kappa.mean": 0.5, "MIN:kappa.max": 0.5, "MAX:kappa.max": 0.92}