{"MIN:log_loss.min": 0.8589663089332229, "MAX:log_loss.min": 0.8633476595213531, "MIN:log_loss.mean": 1.0462851926549528, "MAX:log_loss.mean": 1.057494146903413, "MIN:log_loss.max": 1.2446124420715072, "MAX:log_loss.max": 1.2932222021148538, "MIN:accuracy.min": 0.3333333333333333, "MAX:accuracy.min": 0.3333333333333333, "MIN:accuracy.mean": 0.5936, "MAX:accuracy.mean": 0.5947333333333333, "MIN:accuracy.max": 0.8066666666666666, "MAX:accuracy.max": 0.8133333333333334, "MIN:kappa.min": 0.0, "MAX:kappa.min": 0.0, "MIN:kappa.mean": 0.39039999999999997, "MAX:kappa.mean": 0.39209999999999995, "MIN:kappa.max": 0.71, "MAX:kappa.max": 0.72}