{"MIN:log_loss.min": 0.1329038430424852, "MAX:log_loss.min": 0.30494839881113817, "MIN:log_loss.mean": 0.42418049469262803, "MAX:log_loss.mean": 1.2608248777012756, "MIN:log_loss.max": 0.9211978963252118, "MAX:log_loss.max": 19.394761464985148, "MIN:accuracy.min": 0.3466666666666667, "MAX:accuracy.min": 0.6666666666666666, "MIN:accuracy.mean": 0.8948, "MAX:accuracy.mean": 0.9295333333333332, "MIN:accuracy.max": 0.96, "MAX:accuracy.max": 0.96, "MIN:kappa.min": 0.020000000000000018, "MAX:kappa.min": 0.5, "MIN:kappa.mean": 0.8421999999999998, "MAX:kappa.mean": 0.8942999999999999, "MIN:kappa.max": 0.9400000000000001, "MAX:kappa.max": 0.9400000000000001}