{"MIN:log_loss.min": 0.40046546028771535, "MAX:log_loss.min": 0.7609966725579371, "MIN:log_loss.mean": 1.4451156935786609, "MAX:log_loss.mean": 7.1855177373993016, "MIN:log_loss.max": 8.491280748839227, "MAX:log_loss.max": 23.025850929940454, "MIN:accuracy.min": 0.3333333333333333, "MAX:accuracy.min": 0.3333333333333333, "MIN:accuracy.mean": 0.6090666666666666, "MAX:accuracy.mean": 0.6630666666666667, "MIN:accuracy.max": 0.88, "MAX:accuracy.max": 0.96, "MIN:kappa.min": -2.220446049250313e-16, "MAX:kappa.min": 1.1102230246251565e-16, "MIN:kappa.mean": 0.4135999999999999, "MAX:kappa.mean": 0.4946, "MIN:kappa.max": 0.8200000000000001, "MAX:kappa.max": 0.9400000000000001}