{"MIN:log_loss.min": 0.38193877365474177, "MAX:log_loss.min": 0.49022920467929587, "MIN:log_loss.mean": 0.6522410253358799, "MAX:log_loss.mean": 0.7121530430826145, "MIN:log_loss.max": 1.1152620839987957, "MAX:log_loss.max": 1.178009127703271, "MIN:accuracy.min": 0.3333333333333333, "MAX:accuracy.min": 0.4, "MIN:accuracy.mean": 0.7414000000000001, "MAX:accuracy.mean": 0.7968, "MIN:accuracy.max": 0.9133333333333333, "MAX:accuracy.max": 0.96, "MIN:kappa.min": -2.220446049250313e-16, "MAX:kappa.min": 0.09999999999999987, "MIN:kappa.mean": 0.6121, "MAX:kappa.mean": 0.6951999999999998, "MIN:kappa.max": 0.87, "MAX:kappa.max": 0.9400000000000001}