{"mean accuracy": 0.7008666666666667, "max accuracy": 0.9666666666666666, "mean kappa": 0.5513, "max kappa": 0.9499999999999998}