{"MIN:log_loss.min": 0.5658381944714008, "MAX:log_loss.min": 0.693949806540123, "MIN:log_loss.mean": 0.7982918105649135, "MAX:log_loss.mean": 0.8369282337889657, "MIN:log_loss.max": 0.9322169385626671, "MAX:log_loss.max": 1.246598525372693, "MIN:accuracy.min": 0.3333333333333333, "MAX:accuracy.min": 0.6666666666666666, "MIN:accuracy.mean": 0.6692666666666667, "MAX:accuracy.mean": 0.7567333333333335, "MIN:accuracy.max": 0.9133333333333333, "MAX:accuracy.max": 0.96, "MIN:kappa.min": 0.0, "MAX:kappa.min": 0.5, "MIN:kappa.mean": 0.5039000000000001, "MAX:kappa.mean": 0.6351, "MIN:kappa.max": 0.87, "MAX:kappa.max": 0.9400000000000001}