{"MIN:log_loss.min": 0.2885396330070943, "MAX:log_loss.min": 0.33488345695767074, "MIN:log_loss.mean": 0.5592884088331478, "MAX:log_loss.mean": 0.6863419002608673, "MIN:log_loss.max": 0.9842051770823084, "MAX:log_loss.max": 0.9967291389422106, "MIN:accuracy.min": 0.6466666666666666, "MAX:accuracy.min": 0.7733333333333333, "MIN:accuracy.mean": 0.8577999999999999, "MAX:accuracy.mean": 0.9097333333333333, "MIN:accuracy.max": 0.9133333333333333, "MAX:accuracy.max": 0.96, "MIN:kappa.min": 0.47, "MAX:kappa.min": 0.6599999999999999, "MIN:kappa.mean": 0.7867000000000001, "MAX:kappa.mean": 0.8645999999999999, "MIN:kappa.max": 0.87, "MAX:kappa.max": 0.9400000000000001}