{"MIN:log_loss.min": 0.5363049471624831, "MAX:log_loss.min": 0.5934927611621951, "MIN:log_loss.mean": 0.7538044733518139, "MAX:log_loss.mean": 0.8400921839640199, "MIN:log_loss.max": 1.1128700593435974, "MAX:log_loss.max": 1.2207153141982723, "MIN:accuracy.min": 0.3333333333333333, "MAX:accuracy.min": 0.5266666666666666, "MIN:accuracy.mean": 0.6850666666666666, "MAX:accuracy.mean": 0.7163333333333333, "MIN:accuracy.max": 0.9533333333333334, "MAX:accuracy.max": 0.96, "MIN:kappa.min": -2.220446049250313e-16, "MAX:kappa.min": 0.29000000000000004, "MIN:kappa.mean": 0.5276, "MAX:kappa.mean": 0.5745, "MIN:kappa.max": 0.9299999999999999, "MAX:kappa.max": 0.9400000000000001}