{"MIN:log_loss.min": 0.07178879013390727, "MAX:log_loss.min": 0.26105571718721954, "MIN:log_loss.mean": 0.41269974751701943, "MAX:log_loss.mean": 0.5248396518706143, "MIN:log_loss.max": 2.8715793979828437, "MAX:log_loss.max": 5.516165756896433, "MIN:accuracy.min": 0.3333333333333333, "MAX:accuracy.min": 0.38, "MIN:accuracy.mean": 0.8930666666666665, "MAX:accuracy.mean": 0.9317999999999997, "MIN:accuracy.max": 0.9733333333333334, "MAX:accuracy.max": 0.9733333333333334, "MIN:kappa.min": -2.220446049250313e-16, "MAX:kappa.min": 0.06999999999999995, "MIN:kappa.mean": 0.8396000000000002, "MAX:kappa.mean": 0.8976999999999998, "MIN:kappa.max": 0.96, "MAX:kappa.max": 0.96}