{"MIN:log_loss.min": 0.1462948113112872, "MAX:log_loss.min": 0.5336633913891262, "MIN:log_loss.mean": 0.8916433757702724, "MAX:log_loss.mean": 6.017677332905833, "MIN:log_loss.max": 3.0619348117377885, "MAX:log_loss.max": 15.42889206204747, "MIN:accuracy.min": 0.3333333333333333, "MAX:accuracy.min": 0.5866666666666667, "MIN:accuracy.mean": 0.6954, "MAX:accuracy.mean": 0.7341333333333333, "MIN:accuracy.max": 0.8866666666666667, "MAX:accuracy.max": 0.96, "MIN:kappa.min": 0.0, "MAX:kappa.min": 0.38, "MIN:kappa.mean": 0.5431, "MAX:kappa.mean": 0.6012000000000001, "MIN:kappa.max": 0.83, "MAX:kappa.max": 0.9400000000000001}