{"MIN:log_loss.min": 0.7832471803982805, "MAX:log_loss.min": 0.9288491981063567, "MIN:log_loss.mean": 0.8495898372693538, "MAX:log_loss.mean": 0.9704198093153309, "MIN:log_loss.max": 0.9328059692812822, "MAX:log_loss.max": 1.3518932015982348, "MIN:accuracy.min": 0.23333333333333334, "MAX:accuracy.min": 0.6066666666666667, "MIN:accuracy.mean": 0.5349333333333334, "MAX:accuracy.mean": 0.6593333333333335, "MIN:accuracy.max": 0.6466666666666666, "MAX:accuracy.max": 0.6666666666666666, "MIN:kappa.min": -0.1499999999999999, "MAX:kappa.min": 0.41000000000000003, "MIN:kappa.mean": 0.30239999999999995, "MAX:kappa.mean": 0.489, "MIN:kappa.max": 0.47, "MAX:kappa.max": 0.5}