{"MIN:log_loss.min": 0.2555646511881478, "MAX:log_loss.min": 0.2570615108350624, "MIN:log_loss.mean": 0.6518838784402535, "MAX:log_loss.mean": 0.6718708975951847, "MIN:log_loss.max": 1.1223468445068208, "MAX:log_loss.max": 1.1306554112337743, "MIN:accuracy.min": 0.02666666666666667, "MAX:accuracy.min": 0.03333333333333333, "MIN:accuracy.mean": 0.7179333333333332, "MAX:accuracy.mean": 0.7339333333333333, "MIN:accuracy.max": 0.92, "MAX:accuracy.max": 0.92, "MIN:kappa.min": -0.4600000000000002, "MAX:kappa.min": -0.44999999999999996, "MIN:kappa.mean": 0.5768999999999999, "MAX:kappa.mean": 0.6009, "MIN:kappa.max": 0.88, "MAX:kappa.max": 0.88}