{"MIN:log_loss.min": 0.1603233422285207, "MAX:log_loss.min": 0.21078064219219333, "MIN:log_loss.mean": 0.5874324540449888, "MAX:log_loss.mean": 0.611903369808327, "MIN:log_loss.max": 1.2184522735010475, "MAX:log_loss.max": 1.226438998007747, "MIN:accuracy.min": 0.3333333333333333, "MAX:accuracy.min": 0.3333333333333333, "MIN:accuracy.mean": 0.6962, "MAX:accuracy.mean": 0.7198, "MIN:accuracy.max": 0.96, "MAX:accuracy.max": 0.96, "MIN:kappa.min": 0.0, "MAX:kappa.min": 0.0, "MIN:kappa.mean": 0.5443, "MAX:kappa.mean": 0.5797, "MIN:kappa.max": 0.9400000000000001, "MAX:kappa.max": 0.9400000000000001}