{"MIN:log_loss.min": 0.5165777065590432, "MAX:log_loss.min": 0.6944606496438057, "MIN:log_loss.mean": 0.8493014288268931, "MAX:log_loss.mean": 1.2106003190010082, "MIN:log_loss.max": 2.1470052211451476, "MAX:log_loss.max": 8.04901374973062, "MIN:accuracy.min": 0.16, "MAX:accuracy.min": 0.3333333333333333, "MIN:accuracy.mean": 0.6198, "MAX:accuracy.mean": 0.7066666666666666, "MIN:accuracy.max": 0.6666666666666666, "MAX:accuracy.max": 0.96, "MIN:kappa.min": -0.26, "MAX:kappa.min": 0.0, "MIN:kappa.mean": 0.4297000000000001, "MAX:kappa.mean": 0.56, "MIN:kappa.max": 0.5, "MAX:kappa.max": 0.9400000000000001}