{"MIN:log_loss.min": 0.14244793798216643, "MAX:log_loss.min": 0.22709417000380042, "MIN:log_loss.mean": 0.5543423124469512, "MAX:log_loss.mean": 0.6509731758628459, "MIN:log_loss.max": 1.09861146290663, "MAX:log_loss.max": 2.877821919942104, "MIN:accuracy.min": 0.013333333333333334, "MAX:accuracy.min": 0.3333333333333333, "MIN:accuracy.mean": 0.7738666666666666, "MAX:accuracy.mean": 0.8174000000000002, "MIN:accuracy.max": 0.96, "MAX:accuracy.max": 0.96, "MIN:kappa.min": -0.48, "MAX:kappa.min": 0.0, "MIN:kappa.mean": 0.6608000000000002, "MAX:kappa.mean": 0.7260999999999999, "MIN:kappa.max": 0.94, "MAX:kappa.max": 0.9400000000000001}