{"MIN:log_loss.min": 0.234453847435992, "MAX:log_loss.min": 0.4753199630621943, "MIN:log_loss.mean": 0.8934851015771256, "MAX:log_loss.mean": 2.7774100358780514, "MIN:log_loss.max": 9.424048315528099, "MAX:log_loss.max": 21.415012633176246, "MIN:accuracy.min": 0.38, "MAX:accuracy.min": 0.6666666666666666, "MIN:accuracy.mean": 0.7426000000000001, "MAX:accuracy.mean": 0.7940666666666667, "MIN:accuracy.max": 0.96, "MAX:accuracy.max": 0.96, "MIN:kappa.min": 0.06999999999999984, "MAX:kappa.min": 0.5, "MIN:kappa.mean": 0.6139000000000001, "MAX:kappa.mean": 0.6911, "MIN:kappa.max": 0.9400000000000001, "MAX:kappa.max": 0.9400000000000001}