{"MIN:log_loss.min": 0.29380375925846275, "MAX:log_loss.min": 0.3061762141068612, "MIN:log_loss.mean": 7.183297831419199, "MAX:log_loss.mean": 7.428836085134117, "MIN:log_loss.max": 23.025850929940624, "MAX:log_loss.max": 23.025850929941825, "MIN:accuracy.min": 0.0, "MAX:accuracy.min": 0.3333333333333333, "MIN:accuracy.mean": 0.5294666666666666, "MAX:accuracy.mean": 0.5950666666666666, "MIN:accuracy.max": 0.96, "MAX:accuracy.max": 0.96, "MIN:kappa.min": -0.5, "MAX:kappa.min": 0.0, "MIN:kappa.mean": 0.2942, "MAX:kappa.mean": 0.39260000000000006, "MIN:kappa.max": 0.94, "MAX:kappa.max": 0.9400000000000001}