{"MIN:log_loss.min": 0.24169458463793309, "MAX:log_loss.min": 0.591431686317141, "MIN:log_loss.mean": 0.7040424210810329, "MAX:log_loss.mean": 0.8678730480165723, "MIN:log_loss.max": 1.165358808076061, "MAX:log_loss.max": 1.4279514193801723, "MIN:accuracy.min": 0.0, "MAX:accuracy.min": 0.3333333333333333, "MIN:accuracy.mean": 0.6332000000000001, "MAX:accuracy.mean": 0.6795333333333332, "MIN:accuracy.max": 0.9466666666666667, "MAX:accuracy.max": 0.96, "MIN:kappa.min": -0.4999999999999998, "MAX:kappa.min": 0.0, "MIN:kappa.mean": 0.4498, "MAX:kappa.mean": 0.5193, "MIN:kappa.max": 0.92, "MAX:kappa.max": 0.9400000000000001}