{"MIN:log_loss.min": 0.08043416461761912, "MAX:log_loss.min": 0.14805576837884496, "MIN:log_loss.mean": 0.20494611597556428, "MAX:log_loss.mean": 0.2592759271695782, "MIN:log_loss.max": 0.69133421269944, "MAX:log_loss.max": 0.7986581937201951, "MIN:accuracy.min": 0.7066666666666667, "MAX:accuracy.min": 0.9466666666666667, "MIN:accuracy.mean": 0.9610666666666667, "MAX:accuracy.mean": 0.9699333333333332, "MIN:accuracy.max": 0.98, "MAX:accuracy.max": 0.9866666666666667, "MIN:kappa.min": 0.56, "MAX:kappa.min": 0.92, "MIN:kappa.mean": 0.9416000000000001, "MAX:kappa.mean": 0.9549, "MIN:kappa.max": 0.97, "MAX:kappa.max": 0.98}