{"MIN:log_loss.min": 0.2446926303303452, "MAX:log_loss.min": 0.2522515813809232, "MIN:log_loss.mean": 0.9936631330609736, "MAX:log_loss.mean": 1.3524448936610438, "MIN:log_loss.max": 6.885084179647609, "MAX:log_loss.max": 16.858943270843714, "MIN:accuracy.min": 0.3333333333333333, "MAX:accuracy.min": 0.3466666666666667, "MIN:accuracy.mean": 0.7628, "MAX:accuracy.mean": 0.7939333333333336, "MIN:accuracy.max": 0.96, "MAX:accuracy.max": 0.9666666666666667, "MIN:kappa.min": -2.220446049250313e-16, "MAX:kappa.min": 0.019999999999999907, "MIN:kappa.mean": 0.6442, "MAX:kappa.mean": 0.6908999999999998, "MIN:kappa.max": 0.94, "MAX:kappa.max": 0.95}