{"MIN:log_loss.min": 0.13792718769128864, "MAX:log_loss.min": 1.0937889514800523, "MIN:log_loss.mean": 3.0334825993543753, "MAX:log_loss.mean": 6.62595973855943, "MIN:log_loss.max": 10.778899245130306, "MAX:log_loss.max": 12.352161721649527, "MIN:accuracy.min": 0.36666666666666664, "MAX:accuracy.min": 0.6466666666666666, "MIN:accuracy.mean": 0.6141999999999999, "MAX:accuracy.mean": 0.7120000000000001, "MIN:accuracy.max": 0.9133333333333333, "MAX:accuracy.max": 0.96, "MIN:kappa.min": 0.04999999999999982, "MAX:kappa.min": 0.47, "MIN:kappa.mean": 0.4213, "MAX:kappa.mean": 0.5680000000000001, "MIN:kappa.max": 0.87, "MAX:kappa.max": 0.9400000000000001}