{"MIN:log_loss.min": 0.5390555727814297, "MAX:log_loss.min": 0.5794464841061617, "MIN:log_loss.mean": 0.5595464859226087, "MAX:log_loss.mean": 0.5952826406009555, "MIN:log_loss.max": 0.6644574355724743, "MAX:log_loss.max": 0.7189782487047048, "MIN:accuracy.min": 0.7133333333333334, "MAX:accuracy.min": 0.74, "MIN:accuracy.mean": 0.8191333333333334, "MAX:accuracy.mean": 0.871, "MIN:accuracy.max": 0.9466666666666667, "MAX:accuracy.max": 0.9733333333333334, "MIN:kappa.min": 0.5700000000000001, "MAX:kappa.min": 0.61, "MIN:kappa.mean": 0.7287, "MAX:kappa.mean": 0.8064999999999999, "MIN:kappa.max": 0.92, "MAX:kappa.max": 0.96}