{"MIN:log_loss.min": 0.21717392555491272, "MAX:log_loss.min": 0.23421681977005468, "MIN:log_loss.mean": 0.5352832605481675, "MAX:log_loss.mean": 0.5762586709671593, "MIN:log_loss.max": 1.0976064240693217, "MAX:log_loss.max": 1.0978212939803302, "MIN:accuracy.min": 0.6666666666666666, "MAX:accuracy.min": 0.6666666666666666, "MIN:accuracy.mean": 0.8140000000000001, "MAX:accuracy.mean": 0.8270000000000001, "MIN:accuracy.max": 0.96, "MAX:accuracy.max": 0.96, "MIN:kappa.min": 0.5, "MAX:kappa.min": 0.5, "MIN:kappa.mean": 0.721, "MAX:kappa.mean": 0.7404999999999999, "MIN:kappa.max": 0.9400000000000001, "MAX:kappa.max": 0.9400000000000001}