{"MIN:log_loss.min": 0.12716628535800473, "MAX:log_loss.min": 0.35588733999380323, "MIN:log_loss.mean": 1.079806950691897, "MAX:log_loss.mean": 2.9023255784021655, "MIN:log_loss.max": 13.70583725808928, "MAX:log_loss.max": 23.94688496713807, "MIN:accuracy.min": 0.30666666666666664, "MAX:accuracy.min": 0.5533333333333333, "MIN:accuracy.mean": 0.7618666666666666, "MAX:accuracy.mean": 0.8545999999999999, "MIN:accuracy.max": 0.94, "MAX:accuracy.max": 0.96, "MIN:kappa.min": -0.04000000000000026, "MAX:kappa.min": 0.32999999999999996, "MIN:kappa.mean": 0.6428, "MAX:kappa.mean": 0.7819000000000003, "MIN:kappa.max": 0.91, "MAX:kappa.max": 0.9400000000000001}