{"MIN:log_loss.min": 0.1204653254728138, "MAX:log_loss.min": 0.27213863640001656, "MIN:log_loss.mean": 0.5571423975769885, "MAX:log_loss.mean": 0.6842942487295172, "MIN:log_loss.max": 1.2124127143049712, "MAX:log_loss.max": 1.297766285491208, "MIN:accuracy.min": 0.3333333333333333, "MAX:accuracy.min": 0.3333333333333333, "MIN:accuracy.mean": 0.6868666666666664, "MAX:accuracy.mean": 0.7497333333333331, "MIN:accuracy.max": 0.96, "MAX:accuracy.max": 0.96, "MIN:kappa.min": 0.0, "MAX:kappa.min": 0.0, "MIN:kappa.mean": 0.5303, "MAX:kappa.mean": 0.6245999999999999, "MIN:kappa.max": 0.94, "MAX:kappa.max": 0.9400000000000001}