{"MIN:log_loss.min": 0.4494683681986935, "MAX:log_loss.min": 0.5056030803496424, "MIN:log_loss.mean": 0.8296135639690269, "MAX:log_loss.mean": 0.8489055039225393, "MIN:log_loss.max": 2.2499944493756865, "MAX:log_loss.max": 2.313622734973937, "MIN:accuracy.min": 0.44, "MAX:accuracy.min": 0.46, "MIN:accuracy.mean": 0.7004666666666667, "MAX:accuracy.mean": 0.7101333333333332, "MIN:accuracy.max": 0.8933333333333333, "MAX:accuracy.max": 0.9066666666666666, "MIN:kappa.min": 0.16000000000000003, "MAX:kappa.min": 0.18999999999999995, "MIN:kappa.mean": 0.5507, "MAX:kappa.mean": 0.5651999999999999, "MIN:kappa.max": 0.84, "MAX:kappa.max": 0.86}