{"MIN:log_loss.min": 0.28183706062312447, "MAX:log_loss.min": 0.5099963982681849, "MIN:log_loss.mean": 0.7051810608834304, "MAX:log_loss.mean": 0.8336087948102935, "MIN:log_loss.max": 1.0980673220076436, "MAX:log_loss.max": 1.0994196147785744, "MIN:accuracy.min": 0.3333333333333333, "MAX:accuracy.min": 0.62, "MIN:accuracy.mean": 0.6762, "MAX:accuracy.mean": 0.7201333333333334, "MIN:accuracy.max": 0.9, "MAX:accuracy.max": 0.9533333333333334, "MIN:kappa.min": 0.0, "MAX:kappa.min": 0.43000000000000005, "MIN:kappa.mean": 0.5143, "MAX:kappa.mean": 0.5802, "MIN:kappa.max": 0.85, "MAX:kappa.max": 0.9299999999999999}