{"MIN:log_loss.min": 0.12179826620246204, "MAX:log_loss.min": 0.29597142501940293, "MIN:log_loss.mean": 0.518678892045816, "MAX:log_loss.mean": 0.6066652618405157, "MIN:log_loss.max": 1.0985951922011195, "MAX:log_loss.max": 1.0989092564714213, "MIN:accuracy.min": 0.3333333333333333, "MAX:accuracy.min": 0.36666666666666664, "MIN:accuracy.mean": 0.7696, "MAX:accuracy.mean": 0.7937333333333334, "MIN:accuracy.max": 0.96, "MAX:accuracy.max": 0.96, "MIN:kappa.min": 0.0, "MAX:kappa.min": 0.050000000000000044, "MIN:kappa.mean": 0.6544, "MAX:kappa.mean": 0.6906, "MIN:kappa.max": 0.94, "MAX:kappa.max": 0.9400000000000001}