{"MIN:log_loss.min": 0.12904132301672097, "MAX:log_loss.min": 0.20699019343652902, "MIN:log_loss.mean": 0.17278323980216764, "MAX:log_loss.mean": 0.24096707878827744, "MIN:log_loss.max": 0.34750774335961837, "MAX:log_loss.max": 0.6996246524855384, "MIN:accuracy.min": 0.6733333333333333, "MAX:accuracy.min": 0.9466666666666667, "MIN:accuracy.mean": 0.9495999999999998, "MAX:accuracy.mean": 0.9595999999999999, "MIN:accuracy.max": 0.96, "MAX:accuracy.max": 0.96, "MIN:kappa.min": 0.51, "MAX:kappa.min": 0.92, "MIN:kappa.mean": 0.9244, "MAX:kappa.mean": 0.9393999999999998, "MIN:kappa.max": 0.94, "MAX:kappa.max": 0.9400000000000001}