{"MIN:log_loss.min": 0.2553455474597143, "MAX:log_loss.min": 0.25911569705971477, "MIN:log_loss.mean": 0.4943705281483984, "MAX:log_loss.mean": 0.510553001894268, "MIN:log_loss.max": 1.133890451527841, "MAX:log_loss.max": 1.152400278944819, "MIN:accuracy.min": 0.62, "MAX:accuracy.min": 0.62, "MIN:accuracy.mean": 0.7652, "MAX:accuracy.mean": 0.7652666666666668, "MIN:accuracy.max": 0.92, "MAX:accuracy.max": 0.92, "MIN:kappa.min": 0.43000000000000005, "MAX:kappa.min": 0.43000000000000005, "MIN:kappa.mean": 0.6478, "MAX:kappa.mean": 0.6479000000000003, "MIN:kappa.max": 0.88, "MAX:kappa.max": 0.88}