{"MIN:log_loss.min": 0.5522414287458882, "MAX:log_loss.min": 1.0863249436628524, "MIN:log_loss.mean": 0.9306381336411336, "MAX:log_loss.mean": 2.071652713411894, "MIN:log_loss.max": 1.0985382607069392, "MAX:log_loss.max": 3.7151669536105767, "MIN:accuracy.min": 0.6666666666666666, "MAX:accuracy.min": 0.6666666666666666, "MIN:accuracy.mean": 0.6666666666666669, "MAX:accuracy.mean": 0.6666666666666669, "MIN:accuracy.max": 0.6666666666666666, "MAX:accuracy.max": 0.6666666666666666, "MIN:kappa.min": 0.5, "MAX:kappa.min": 0.5, "MIN:kappa.mean": 0.5, "MAX:kappa.mean": 0.5, "MIN:kappa.max": 0.5, "MAX:kappa.max": 0.5}