{"MIN:log_loss.min": 0.7670393806928327, "MAX:log_loss.min": 0.7806307558229784, "MIN:log_loss.mean": 0.8509832066771759, "MAX:log_loss.mean": 0.8567057223891916, "MIN:log_loss.max": 1.0980798408869759, "MAX:log_loss.max": 1.0981333729897105, "MIN:accuracy.min": 0.6533333333333333, "MAX:accuracy.min": 0.6866666666666666, "MIN:accuracy.mean": 0.7999333333333333, "MAX:accuracy.mean": 0.8447999999999999, "MIN:accuracy.max": 0.9466666666666667, "MAX:accuracy.max": 0.96, "MIN:kappa.min": 0.48, "MAX:kappa.min": 0.53, "MIN:kappa.mean": 0.6999000000000001, "MAX:kappa.mean": 0.7671999999999999, "MIN:kappa.max": 0.92, "MAX:kappa.max": 0.94}