{"MIN:log_loss.min": 0.6573485338191694, "MAX:log_loss.min": 0.8952583220178288, "MIN:log_loss.mean": 0.9142117755515493, "MAX:log_loss.mean": 0.9458230989875986, "MIN:log_loss.max": 1.098135529955695, "MAX:log_loss.max": 1.2416724843362505, "MIN:accuracy.min": 0.3333333333333333, "MAX:accuracy.min": 0.64, "MIN:accuracy.mean": 0.6740000000000002, "MAX:accuracy.mean": 0.7083333333333335, "MIN:accuracy.max": 0.8933333333333333, "MAX:accuracy.max": 0.9666666666666667, "MIN:kappa.min": 0.0, "MAX:kappa.min": 0.45999999999999996, "MIN:kappa.mean": 0.511, "MAX:kappa.mean": 0.5625, "MIN:kappa.max": 0.84, "MAX:kappa.max": 0.95}