{"MIN:log_loss.min": 0.13978612038556212, "MAX:log_loss.min": 0.17180655427957905, "MIN:log_loss.mean": 0.4994648992735894, "MAX:log_loss.mean": 0.5414204164599434, "MIN:log_loss.max": 1.0547778537717216, "MAX:log_loss.max": 1.0587651031965144, "MIN:accuracy.min": 0.56, "MAX:accuracy.min": 0.66, "MIN:accuracy.mean": 0.8648, "MAX:accuracy.mean": 0.8849333333333332, "MIN:accuracy.max": 0.96, "MAX:accuracy.max": 0.9666666666666667, "MIN:kappa.min": 0.33999999999999997, "MAX:kappa.min": 0.49, "MIN:kappa.mean": 0.7972, "MAX:kappa.mean": 0.8274000000000001, "MIN:kappa.max": 0.94, "MAX:kappa.max": 0.95}