{"MIN:log_loss.min": 0.12129451544150523, "MAX:log_loss.min": 0.21776092341023476, "MIN:log_loss.mean": 0.29384519395087316, "MAX:log_loss.mean": 0.46222599693229555, "MIN:log_loss.max": 0.8477841652379405, "MAX:log_loss.max": 0.974115618061514, "MIN:accuracy.min": 0.3333333333333333, "MAX:accuracy.min": 0.6666666666666666, "MIN:accuracy.mean": 0.8623999999999999, "MAX:accuracy.mean": 0.9039333333333333, "MIN:accuracy.max": 0.96, "MAX:accuracy.max": 0.9733333333333334, "MIN:kappa.min": 1.1102230246251565e-16, "MAX:kappa.min": 0.5, "MIN:kappa.mean": 0.7935999999999999, "MAX:kappa.mean": 0.8559000000000002, "MIN:kappa.max": 0.9400000000000001, "MAX:kappa.max": 0.96}