{"MIN:log_loss.min": 0.2194799056840577, "MAX:log_loss.min": 0.7292385677313348, "MIN:log_loss.mean": 0.5976263503946596, "MAX:log_loss.mean": 0.9977075673795853, "MIN:log_loss.max": 1.184706605016914, "MAX:log_loss.max": 1.4213674585087588, "MIN:accuracy.min": 0.02, "MAX:accuracy.min": 0.34, "MIN:accuracy.mean": 0.6847999999999999, "MAX:accuracy.mean": 0.7186666666666666, "MIN:accuracy.max": 0.96, "MAX:accuracy.max": 0.96, "MIN:kappa.min": -0.47, "MAX:kappa.min": 0.010000000000000009, "MIN:kappa.mean": 0.5272000000000001, "MAX:kappa.mean": 0.578, "MIN:kappa.max": 0.9400000000000001, "MAX:kappa.max": 0.9400000000000001}