{"MIN:log_loss.min": 0.08640979327045023, "MAX:log_loss.min": 0.09773823031031341, "MIN:log_loss.mean": 0.2284561850572832, "MAX:log_loss.mean": 0.24314523768921376, "MIN:log_loss.max": 1.027910767630873, "MAX:log_loss.max": 1.2014808622009843, "MIN:accuracy.min": 0.3333333333333333, "MAX:accuracy.min": 0.3333333333333333, "MIN:accuracy.mean": 0.9314, "MAX:accuracy.mean": 0.9367333333333332, "MIN:accuracy.max": 0.9666666666666667, "MAX:accuracy.max": 0.9733333333333334, "MIN:kappa.min": 0.0, "MAX:kappa.min": 0.0, "MIN:kappa.mean": 0.8970999999999999, "MAX:kappa.mean": 0.9050999999999999, "MIN:kappa.max": 0.95, "MAX:kappa.max": 0.96}