{"mean accuracy": 0.5886, "max accuracy": 0.6666666666666666, "mean kappa": 0.3829000000000001, "max kappa": 0.5}