{"MIN:log_loss.min": 0.11375983195664839, "MAX:log_loss.min": 0.12243507580748118, "MIN:log_loss.mean": 0.28059721625141815, "MAX:log_loss.mean": 0.32376169085101053, "MIN:log_loss.max": 0.807423530957949, "MAX:log_loss.max": 0.87880619139597, "MIN:accuracy.min": 0.5533333333333333, "MAX:accuracy.min": 0.7466666666666667, "MIN:accuracy.mean": 0.9435333333333332, "MAX:accuracy.mean": 0.9531999999999999, "MIN:accuracy.max": 0.96, "MAX:accuracy.max": 0.96, "MIN:kappa.min": 0.32999999999999996, "MAX:kappa.min": 0.62, "MIN:kappa.mean": 0.9152999999999998, "MAX:kappa.mean": 0.9297999999999996, "MIN:kappa.max": 0.9400000000000001, "MAX:kappa.max": 0.9400000000000001}