{"MIN:log_loss.min": 0.3403307771455493, "MAX:log_loss.min": 0.37276666889209775, "MIN:log_loss.mean": 0.5906524164365977, "MAX:log_loss.mean": 1.042149538289799, "MIN:log_loss.max": 3.213188958914149, "MAX:log_loss.max": 14.06544266340156, "MIN:accuracy.min": 0.21333333333333335, "MAX:accuracy.min": 0.41333333333333333, "MIN:accuracy.mean": 0.8073333333333332, "MAX:accuracy.mean": 0.8520000000000002, "MIN:accuracy.max": 0.94, "MAX:accuracy.max": 0.96, "MIN:kappa.min": -0.17999999999999994, "MAX:kappa.min": 0.12, "MIN:kappa.mean": 0.7110000000000001, "MAX:kappa.mean": 0.7780000000000001, "MIN:kappa.max": 0.91, "MAX:kappa.max": 0.9400000000000001}