{"MIN:log_loss.min": 0.12653265238014494, "MAX:log_loss.min": 0.13090797726039285, "MIN:log_loss.mean": 0.4613002729851605, "MAX:log_loss.mean": 0.6607264696256705, "MIN:log_loss.max": 1.0976081000789752, "MAX:log_loss.max": 1.796948337417407, "MIN:accuracy.min": 0.3333333333333333, "MAX:accuracy.min": 0.3333333333333333, "MIN:accuracy.mean": 0.7745333333333333, "MAX:accuracy.mean": 0.8280666666666666, "MIN:accuracy.max": 0.9466666666666667, "MAX:accuracy.max": 0.96, "MIN:kappa.min": -2.220446049250313e-16, "MAX:kappa.min": 0.0, "MIN:kappa.mean": 0.6618, "MAX:kappa.mean": 0.7421, "MIN:kappa.max": 0.92, "MAX:kappa.max": 0.94}