{"MIN:log_loss.min": 0.05208900141847077, "MAX:log_loss.min": 0.34272866475218905, "MIN:log_loss.mean": 0.25024395915114434, "MAX:log_loss.mean": 0.4231723413021667, "MIN:log_loss.max": 0.7902941269206517, "MAX:log_loss.max": 4.181869687967383, "MIN:accuracy.min": 0.6666666666666666, "MAX:accuracy.min": 0.92, "MIN:accuracy.mean": 0.9131999999999999, "MAX:accuracy.mean": 0.9342666666666665, "MIN:accuracy.max": 0.9666666666666667, "MAX:accuracy.max": 0.9866666666666667, "MIN:kappa.min": 0.5, "MAX:kappa.min": 0.88, "MIN:kappa.mean": 0.8698, "MAX:kappa.mean": 0.9014000000000002, "MIN:kappa.max": 0.95, "MAX:kappa.max": 0.98}