{"MIN:log_loss.min": 0.5781793192333808, "MAX:log_loss.min": 0.5833871126594098, "MIN:log_loss.mean": 0.6727619736451601, "MAX:log_loss.mean": 0.6755309124559541, "MIN:log_loss.max": 0.8869250606885563, "MAX:log_loss.max": 0.8884957328617141, "MIN:accuracy.min": 0.66, "MAX:accuracy.min": 0.6666666666666666, "MIN:accuracy.mean": 0.8339333333333333, "MAX:accuracy.mean": 0.8367999999999998, "MIN:accuracy.max": 0.96, "MAX:accuracy.max": 0.96, "MIN:kappa.min": 0.49, "MAX:kappa.min": 0.5, "MIN:kappa.mean": 0.7509000000000001, "MAX:kappa.mean": 0.7552000000000001, "MIN:kappa.max": 0.94, "MAX:kappa.max": 0.9400000000000001}