{"MIN:log_loss.min": 0.1895805207680005, "MAX:log_loss.min": 0.9212857477713767, "MIN:log_loss.mean": 0.7579518938440158, "MAX:log_loss.mean": 1.6299004125609051, "MIN:log_loss.max": 1.1947804462589209, "MAX:log_loss.max": 6.532162178833651, "MIN:accuracy.min": 0.32666666666666666, "MAX:accuracy.min": 0.36666666666666664, "MIN:accuracy.mean": 0.5702666666666666, "MAX:accuracy.mean": 0.6379333333333332, "MIN:accuracy.max": 0.6666666666666666, "MAX:accuracy.max": 0.94, "MIN:kappa.min": -0.010000000000000009, "MAX:kappa.min": 0.050000000000000044, "MIN:kappa.mean": 0.35540000000000005, "MAX:kappa.mean": 0.45690000000000003, "MIN:kappa.max": 0.5, "MAX:kappa.max": 0.91}