{"MIN:log_loss.min": 0.2279724986381036, "MAX:log_loss.min": 0.320320481612733, "MIN:log_loss.mean": 0.5430989284499669, "MAX:log_loss.mean": 0.6372703705833687, "MIN:log_loss.max": 1.9572963888074044, "MAX:log_loss.max": 7.479619148398089, "MIN:accuracy.min": 0.3333333333333333, "MAX:accuracy.min": 0.3333333333333333, "MIN:accuracy.mean": 0.7953999999999999, "MAX:accuracy.mean": 0.8273333333333333, "MIN:accuracy.max": 0.9, "MAX:accuracy.max": 0.96, "MIN:kappa.min": 0.0, "MAX:kappa.min": 0.0, "MIN:kappa.mean": 0.6931, "MAX:kappa.mean": 0.7410000000000001, "MIN:kappa.max": 0.85, "MAX:kappa.max": 0.9400000000000001}