{"MAX:log_loss.min": 0.9687121195591871, "ARGMAX:log_loss.min": [8, 341895], "MIN:log_loss.min": 0.9385754958367383, "ARGMIN:log_loss.min": [3, 453126], "MEAN:log_loss.min": 0.9450645129264416, "MAX:log_loss.mean": 1.1952353331543337, "ARGMAX:log_loss.mean": [9, 341963], "MIN:log_loss.mean": 1.1832693838664938, "ARGMIN:log_loss.mean": [5, 386095], "MEAN:log_loss.mean": 1.1864951468847789, "MAX:log_loss.max": 2.0581804610758287, "ARGMAX:log_loss.max": [1, 440827], "MIN:log_loss.max": 2.050291977396993, "ARGMIN:log_loss.max": [4, 386144], "MEAN:log_loss.max": 2.0536302222515075, "MAX:accuracy.min": 0.3099, "ARGMAX:accuracy.min": [1, 440827], "MIN:accuracy.min": 0.2936, "ARGMIN:accuracy.min": [8, 341895], "MEAN:accuracy.min": 0.29873, "MAX:accuracy.mean": 0.7015069999999999, "ARGMAX:accuracy.mean": [0, 425655], "MIN:accuracy.mean": 0.6939489999999999, "ARGMIN:accuracy.mean": [9, 341963], "MEAN:accuracy.mean": 0.6975178000000001, "MAX:accuracy.max": 0.7403, "ARGMAX:accuracy.max": [0, 425655], "MIN:accuracy.max": 0.7296, "ARGMIN:accuracy.max": [8, 341895], "MEAN:accuracy.max": 0.73573, "MAX:kappa.min": 0.2297550415663291, "ARGMAX:kappa.min": [1, 440827], "MIN:kappa.min": 0.2105995383638848, "ARGMIN:kappa.min": [8, 341895], "MEAN:kappa.min": 0.2166484991371424, "MAX:kappa.mean": 0.667778297681076, "ARGMAX:kappa.mean": [0, 425655], "MIN:kappa.mean": 0.6592777991643599, "ARGMIN:kappa.mean": [9, 341963], "MEAN:kappa.mean": 0.6632894407272492, "MAX:kappa.max": 0.7111255495191264, "ARGMAX:kappa.max": [0, 425655], "MIN:kappa.max": 0.6992013551245932, "ARGMIN:kappa.max": [8, 341895], "MEAN:kappa.max": 0.7060244672493565}