{"MIN:log_loss.min": 0.1211006780172275, "MAX:log_loss.min": 0.18738485884495748, "MIN:log_loss.mean": 0.6469437224138869, "MAX:log_loss.mean": 0.823726467897035, "MIN:log_loss.max": 1.0986119495902233, "MAX:log_loss.max": 1.7312466890988405, "MIN:accuracy.min": 0.3333333333333333, "MAX:accuracy.min": 0.5266666666666666, "MIN:accuracy.mean": 0.6541999999999999, "MAX:accuracy.mean": 0.7143999999999999, "MIN:accuracy.max": 0.96, "MAX:accuracy.max": 0.96, "MIN:kappa.min": -2.220446049250313e-16, "MAX:kappa.min": 0.29000000000000004, "MIN:kappa.mean": 0.4813, "MAX:kappa.mean": 0.5716, "MIN:kappa.max": 0.94, "MAX:kappa.max": 0.9400000000000001}