{"MIN:log_loss.min": 0.09088618003887373, "MAX:log_loss.min": 0.09088829899062531, "MIN:log_loss.mean": 0.3585155718001697, "MAX:log_loss.mean": 0.35857644968283575, "MIN:log_loss.max": 0.7785065435669846, "MAX:log_loss.max": 0.7785065435669846, "MIN:accuracy.min": 0.9266666666666666, "MAX:accuracy.min": 0.9266666666666666, "MIN:accuracy.mean": 0.9580666666666667, "MAX:accuracy.mean": 0.9582, "MIN:accuracy.max": 0.9666666666666667, "MAX:accuracy.max": 0.9666666666666667, "MIN:kappa.min": 0.89, "MAX:kappa.min": 0.89, "MIN:kappa.mean": 0.9370999999999999, "MAX:kappa.mean": 0.9372999999999999, "MIN:kappa.max": 0.95, "MAX:kappa.max": 0.95}