{"MIN:log_loss.min": 0.49861375051333007, "MAX:log_loss.min": 0.5129898269058951, "MIN:log_loss.mean": 0.7919287810892425, "MAX:log_loss.mean": 0.8102904795919815, "MIN:log_loss.max": 1.2180675920695807, "MAX:log_loss.max": 1.2180676606680463, "MIN:accuracy.min": 0.3333333333333333, "MAX:accuracy.min": 0.3333333333333333, "MIN:accuracy.mean": 0.6564666666666666, "MAX:accuracy.mean": 0.6769333333333333, "MIN:accuracy.max": 0.9533333333333334, "MAX:accuracy.max": 0.96, "MIN:kappa.min": -2.220446049250313e-16, "MAX:kappa.min": 0.0, "MIN:kappa.mean": 0.4847000000000001, "MAX:kappa.mean": 0.5154, "MIN:kappa.max": 0.9299999999999999, "MAX:kappa.max": 0.94}