{"MIN:log_loss.min": 0.15479553913568236, "MAX:log_loss.min": 0.2730686153180239, "MIN:log_loss.mean": 0.606767181461462, "MAX:log_loss.mean": 2.1649556869623443, "MIN:log_loss.max": 9.413535193665748, "MAX:log_loss.max": 23.025850929940454, "MIN:accuracy.min": 0.3333333333333333, "MAX:accuracy.min": 0.3333333333333333, "MIN:accuracy.mean": 0.7623999999999999, "MAX:accuracy.mean": 0.8083999999999999, "MIN:accuracy.max": 0.9333333333333333, "MAX:accuracy.max": 0.96, "MIN:kappa.min": -2.220446049250313e-16, "MAX:kappa.min": 0.0, "MIN:kappa.mean": 0.6436, "MAX:kappa.mean": 0.7126000000000002, "MIN:kappa.max": 0.9, "MAX:kappa.max": 0.94}