{"MIN:log_loss.min": 0.27544892144791444, "MAX:log_loss.min": 0.6697575890832231, "MIN:log_loss.mean": 0.5408530245845041, "MAX:log_loss.mean": 0.8258677674367303, "MIN:log_loss.max": 1.0290795745501662, "MAX:log_loss.max": 2.0072081404366386, "MIN:accuracy.min": 0.36666666666666664, "MAX:accuracy.min": 0.7133333333333334, "MIN:accuracy.mean": 0.7918666666666668, "MAX:accuracy.mean": 0.8983333333333334, "MIN:accuracy.max": 0.86, "MAX:accuracy.max": 0.9666666666666667, "MIN:kappa.min": 0.050000000000000044, "MAX:kappa.min": 0.5700000000000001, "MIN:kappa.mean": 0.6877999999999999, "MAX:kappa.mean": 0.8475, "MIN:kappa.max": 0.79, "MAX:kappa.max": 0.95}