{"MIN:log_loss.min": 0.41643690536030487, "MAX:log_loss.min": 0.5982652365860358, "MIN:log_loss.mean": 0.7842961846567958, "MAX:log_loss.mean": 0.8295869534507873, "MIN:log_loss.max": 1.2137638847259102, "MAX:log_loss.max": 1.216823001972614, "MIN:accuracy.min": 0.3333333333333333, "MAX:accuracy.min": 0.3333333333333333, "MIN:accuracy.mean": 0.6444000000000001, "MAX:accuracy.mean": 0.7061999999999997, "MIN:accuracy.max": 0.9533333333333334, "MAX:accuracy.max": 0.96, "MIN:kappa.min": -2.220446049250313e-16, "MAX:kappa.min": 0.0, "MIN:kappa.mean": 0.46659999999999996, "MAX:kappa.mean": 0.5592999999999999, "MIN:kappa.max": 0.9299999999999999, "MAX:kappa.max": 0.9400000000000001}