{"MIN:log_loss.min": 0.4628160013356446, "MAX:log_loss.min": 0.4717422614190072, "MIN:log_loss.mean": 0.7207264110107988, "MAX:log_loss.mean": 0.7713527138855375, "MIN:log_loss.max": 1.098612223413314, "MAX:log_loss.max": 1.0986122406108405, "MIN:accuracy.min": 0.37333333333333335, "MAX:accuracy.min": 0.64, "MIN:accuracy.mean": 0.6277999999999999, "MAX:accuracy.mean": 0.6651333333333335, "MIN:accuracy.max": 0.6666666666666666, "MAX:accuracy.max": 0.6666666666666666, "MIN:kappa.min": 0.06000000000000005, "MAX:kappa.min": 0.45999999999999996, "MIN:kappa.mean": 0.4416999999999999, "MAX:kappa.mean": 0.49770000000000003, "MIN:kappa.max": 0.5, "MAX:kappa.max": 0.5}