{"MIN:log_loss.min": 0.385199842877013, "MAX:log_loss.min": 0.6072801218686491, "MIN:log_loss.mean": 0.8926593051984247, "MAX:log_loss.mean": 1.1644235332184478, "MIN:log_loss.max": 1.1956889870745395, "MAX:log_loss.max": 4.99887887043517, "MIN:accuracy.min": 0.3333333333333333, "MAX:accuracy.min": 0.3933333333333333, "MIN:accuracy.mean": 0.6538666666666668, "MAX:accuracy.mean": 0.6841333333333333, "MIN:accuracy.max": 0.9266666666666666, "MAX:accuracy.max": 0.96, "MIN:kappa.min": -2.220446049250313e-16, "MAX:kappa.min": 0.08999999999999997, "MIN:kappa.mean": 0.4808, "MAX:kappa.mean": 0.5262, "MIN:kappa.max": 0.89, "MAX:kappa.max": 0.9400000000000001}