{"MIN:log_loss.min": 0.10958486756669221, "MAX:log_loss.min": 0.12509001084841298, "MIN:log_loss.mean": 0.40522121329091904, "MAX:log_loss.mean": 0.4200803759032828, "MIN:log_loss.max": 1.0865672289208526, "MAX:log_loss.max": 1.0865703272581193, "MIN:accuracy.min": 0.6666666666666666, "MAX:accuracy.min": 0.6666666666666666, "MIN:accuracy.mean": 0.8554666666666665, "MAX:accuracy.mean": 0.8771333333333332, "MIN:accuracy.max": 0.9533333333333334, "MAX:accuracy.max": 0.9666666666666667, "MIN:kappa.min": 0.5, "MAX:kappa.min": 0.5, "MIN:kappa.mean": 0.7832000000000001, "MAX:kappa.mean": 0.8157, "MIN:kappa.max": 0.9299999999999999, "MAX:kappa.max": 0.95}