{"MIN:log_loss.min": 0.16111611851113145, "MAX:log_loss.min": 0.16150674679666116, "MIN:log_loss.mean": 0.4341190828013856, "MAX:log_loss.mean": 0.5181670490486422, "MIN:log_loss.max": 3.226736134374646, "MAX:log_loss.max": 3.2267361344217975, "MIN:accuracy.min": 0.6533333333333333, "MAX:accuracy.min": 0.6666666666666666, "MIN:accuracy.mean": 0.8183333333333332, "MAX:accuracy.mean": 0.8284666666666667, "MIN:accuracy.max": 0.96, "MAX:accuracy.max": 0.96, "MIN:kappa.min": 0.48, "MAX:kappa.min": 0.5, "MIN:kappa.mean": 0.7275, "MAX:kappa.mean": 0.7426999999999999, "MIN:kappa.max": 0.94, "MAX:kappa.max": 0.9400000000000001}