{"MIN:log_loss.min": 0.6311461791407348, "MAX:log_loss.min": 0.7362075723137068, "MIN:log_loss.mean": 0.7624590131449115, "MAX:log_loss.mean": 0.8153305603215731, "MIN:log_loss.max": 1.3792618443934075, "MAX:log_loss.max": 1.7447431339917052, "MIN:accuracy.min": 0.3333333333333333, "MAX:accuracy.min": 0.5466666666666666, "MIN:accuracy.mean": 0.7124666666666667, "MAX:accuracy.mean": 0.7298666666666667, "MIN:accuracy.max": 0.9533333333333334, "MAX:accuracy.max": 0.96, "MIN:kappa.min": 0.0, "MAX:kappa.min": 0.31999999999999995, "MIN:kappa.mean": 0.5687, "MAX:kappa.mean": 0.5948, "MIN:kappa.max": 0.9299999999999999, "MAX:kappa.max": 0.9400000000000001}