{"MIN:log_loss.min": 0.4562909005372026, "MAX:log_loss.min": 0.4944101325015358, "MIN:log_loss.mean": 0.6671863128390142, "MAX:log_loss.mean": 0.7429799620288732, "MIN:log_loss.max": 1.1690338843428723, "MAX:log_loss.max": 1.1712926039953049, "MIN:accuracy.min": 0.5666666666666667, "MAX:accuracy.min": 0.6666666666666666, "MIN:accuracy.mean": 0.7825333333333336, "MAX:accuracy.mean": 0.7944000000000002, "MIN:accuracy.max": 0.96, "MAX:accuracy.max": 0.96, "MIN:kappa.min": 0.35, "MAX:kappa.min": 0.5, "MIN:kappa.mean": 0.6738, "MAX:kappa.mean": 0.6916000000000001, "MIN:kappa.max": 0.9400000000000001, "MAX:kappa.max": 0.9400000000000001}