{"MIN:log_loss.min": 0.40046546028771535, "MAX:log_loss.min": 0.519109542775675, "MIN:log_loss.mean": 3.634281400657613, "MAX:log_loss.mean": 7.1855177373993016, "MIN:log_loss.max": 15.403911522934989, "MAX:log_loss.max": 23.025850929940454, "MIN:accuracy.min": 0.3333333333333333, "MAX:accuracy.min": 0.3466666666666667, "MIN:accuracy.mean": 0.6090666666666666, "MAX:accuracy.mean": 0.6660666666666667, "MIN:accuracy.max": 0.88, "MAX:accuracy.max": 0.96, "MIN:kappa.min": -2.220446049250313e-16, "MAX:kappa.min": 0.020000000000000018, "MIN:kappa.mean": 0.4135999999999999, "MAX:kappa.mean": 0.4990999999999999, "MIN:kappa.max": 0.8200000000000001, "MAX:kappa.max": 0.9400000000000001}