{"MIN:log_loss.min": 0.08843065808795231, "MAX:log_loss.min": 0.12710589002558817, "MIN:log_loss.mean": 0.3901769502970361, "MAX:log_loss.mean": 0.43259595686766983, "MIN:log_loss.max": 9.987948254009329, "MAX:log_loss.max": 11.512925464970227, "MIN:accuracy.min": 0.5066666666666667, "MAX:accuracy.min": 0.6666666666666666, "MIN:accuracy.mean": 0.8919333333333335, "MAX:accuracy.mean": 0.9161999999999999, "MIN:accuracy.max": 0.96, "MAX:accuracy.max": 0.9733333333333334, "MIN:kappa.min": 0.26, "MAX:kappa.min": 0.5, "MIN:kappa.mean": 0.8379000000000001, "MAX:kappa.mean": 0.8743000000000001, "MIN:kappa.max": 0.94, "MAX:kappa.max": 0.96}