{"MIN:log_loss.min": 0.112380236101317, "MAX:log_loss.min": 0.2261647651416744, "MIN:log_loss.mean": 0.6512052687995797, "MAX:log_loss.mean": 0.8817194171365421, "MIN:log_loss.max": 1.0985695529035828, "MAX:log_loss.max": 2.304513700902112, "MIN:accuracy.min": 0.38666666666666666, "MAX:accuracy.min": 0.54, "MIN:accuracy.mean": 0.6782, "MAX:accuracy.mean": 0.7328666666666668, "MIN:accuracy.max": 0.96, "MAX:accuracy.max": 0.96, "MIN:kappa.min": 0.07999999999999996, "MAX:kappa.min": 0.31000000000000005, "MIN:kappa.mean": 0.5173, "MAX:kappa.mean": 0.5992999999999999, "MIN:kappa.max": 0.9400000000000001, "MAX:kappa.max": 0.9400000000000001}