{"MIN:log_loss.min": 0.2835188596359662, "MAX:log_loss.min": 0.3448520365578636, "MIN:log_loss.mean": 0.6231163880511261, "MAX:log_loss.mean": 0.7072432024688385, "MIN:log_loss.max": 1.2096852571699557, "MAX:log_loss.max": 1.236510165557729, "MIN:accuracy.min": 0.3333333333333333, "MAX:accuracy.min": 0.3333333333333333, "MIN:accuracy.mean": 0.6549333333333334, "MAX:accuracy.mean": 0.7005333333333335, "MIN:accuracy.max": 0.9466666666666667, "MAX:accuracy.max": 0.96, "MIN:kappa.min": 0.0, "MAX:kappa.min": 0.0, "MIN:kappa.mean": 0.4824, "MAX:kappa.mean": 0.5508, "MIN:kappa.max": 0.92, "MAX:kappa.max": 0.9400000000000001}