{"MIN:log_loss.min": 0.5441041123993161, "MAX:log_loss.min": 0.7065797509857432, "MIN:log_loss.mean": 0.7673679369311049, "MAX:log_loss.mean": 0.8951467944980513, "MIN:log_loss.max": 1.0984708715653375, "MAX:log_loss.max": 1.1924336480394853, "MIN:accuracy.min": 0.36, "MAX:accuracy.min": 0.6666666666666666, "MIN:accuracy.mean": 0.7282666666666667, "MAX:accuracy.mean": 0.8040666666666667, "MIN:accuracy.max": 0.96, "MAX:accuracy.max": 0.96, "MIN:kappa.min": 0.040000000000000036, "MAX:kappa.min": 0.5, "MIN:kappa.mean": 0.5924, "MAX:kappa.mean": 0.7061000000000002, "MIN:kappa.max": 0.94, "MAX:kappa.max": 0.9400000000000001}