{"MIN:log_loss.min": 0.12999908229625315, "MAX:log_loss.min": 0.15589745821459863, "MIN:log_loss.mean": 0.9921952108236884, "MAX:log_loss.mean": 1.0445578582742916, "MIN:log_loss.max": 2.782265184826556, "MAX:log_loss.max": 2.782265184826556, "MIN:accuracy.min": 0.3333333333333333, "MAX:accuracy.min": 0.3333333333333333, "MIN:accuracy.mean": 0.5197333333333333, "MAX:accuracy.mean": 0.5868, "MIN:accuracy.max": 0.96, "MAX:accuracy.max": 0.96, "MIN:kappa.min": 0.0, "MAX:kappa.min": 0.0, "MIN:kappa.mean": 0.27959999999999996, "MAX:kappa.mean": 0.3801999999999998, "MIN:kappa.max": 0.94, "MAX:kappa.max": 0.94}