{"mean accuracy": 0.5680666666666666, "max accuracy": 0.9533333333333333, "mean kappa": 0.3520999999999999, "max kappa": 0.9299999999999997}