{"MIN:log_loss.min": 0.17123860024336957, "MAX:log_loss.min": 0.3070714672064145, "MIN:log_loss.mean": 0.5729465628266932, "MAX:log_loss.mean": 0.7332346460004796, "MIN:log_loss.max": 1.0128438434847769, "MAX:log_loss.max": 1.0985123771967369, "MIN:accuracy.min": 0.3333333333333333, "MAX:accuracy.min": 0.6133333333333333, "MIN:accuracy.mean": 0.7399999999999999, "MAX:accuracy.mean": 0.7913999999999998, "MIN:accuracy.max": 0.9466666666666667, "MAX:accuracy.max": 0.96, "MIN:kappa.min": 0.0, "MAX:kappa.min": 0.42000000000000004, "MIN:kappa.mean": 0.61, "MAX:kappa.mean": 0.6870999999999999, "MIN:kappa.max": 0.92, "MAX:kappa.max": 0.9400000000000001}