{"MIN:log_loss.min": 0.48366715576136227, "MAX:log_loss.min": 0.9853435534088522, "MIN:log_loss.mean": 0.9726033652384588, "MAX:log_loss.mean": 2.0530640742044524, "MIN:log_loss.max": 1.8270258519237166, "MAX:log_loss.max": 5.540576598905474, "MIN:accuracy.min": 0.3333333333333333, "MAX:accuracy.min": 0.66, "MIN:accuracy.mean": 0.6176666666666667, "MAX:accuracy.mean": 0.6702666666666667, "MIN:accuracy.max": 0.6666666666666666, "MAX:accuracy.max": 0.9466666666666667, "MIN:kappa.min": 0.0, "MAX:kappa.min": 0.49, "MIN:kappa.mean": 0.42649999999999993, "MAX:kappa.mean": 0.5054, "MIN:kappa.max": 0.5, "MAX:kappa.max": 0.92}