{"MIN:log_loss.min": 0.7375740626480587, "MAX:log_loss.min": 0.894423397242382, "MIN:log_loss.mean": 0.9046075425722685, "MAX:log_loss.mean": 1.35543597789291, "MIN:log_loss.max": 1.1048005909019574, "MAX:log_loss.max": 3.953440929833332, "MIN:accuracy.min": 0.0, "MAX:accuracy.min": 0.3333333333333333, "MIN:accuracy.mean": 0.5471333333333334, "MAX:accuracy.mean": 0.6117333333333332, "MIN:accuracy.max": 0.6666666666666666, "MAX:accuracy.max": 0.8933333333333333, "MIN:kappa.min": -0.4999999999999998, "MAX:kappa.min": 0.0, "MIN:kappa.mean": 0.32069999999999993, "MAX:kappa.mean": 0.4176, "MIN:kappa.max": 0.5, "MAX:kappa.max": 0.8400000000000001}