{"MIN:log_loss.min": 0.6722650119177153, "MAX:log_loss.min": 0.6757747154230568, "MIN:log_loss.mean": 0.7910397435523717, "MAX:log_loss.mean": 0.7924989369461403, "MIN:log_loss.max": 1.018731966257503, "MAX:log_loss.max": 1.0404569826200074, "MIN:accuracy.min": 0.66, "MAX:accuracy.min": 0.66, "MIN:accuracy.mean": 0.8429999999999999, "MAX:accuracy.mean": 0.8658000000000001, "MIN:accuracy.max": 0.9533333333333334, "MAX:accuracy.max": 0.9533333333333334, "MIN:kappa.min": 0.49, "MAX:kappa.min": 0.49, "MIN:kappa.mean": 0.7644999999999998, "MAX:kappa.mean": 0.7986999999999999, "MIN:kappa.max": 0.9299999999999999, "MAX:kappa.max": 0.9299999999999999}