{"MIN:log_loss.min": 0.6530983648238862, "MAX:log_loss.min": 0.8867333135777714, "MIN:log_loss.mean": 0.9651796352555232, "MAX:log_loss.mean": 1.0558956463213796, "MIN:log_loss.max": 1.1939463504407302, "MAX:log_loss.max": 1.456225207940271, "MIN:accuracy.min": 0.22666666666666666, "MAX:accuracy.min": 0.35333333333333333, "MIN:accuracy.mean": 0.5717333333333334, "MAX:accuracy.mean": 0.5978000000000001, "MIN:accuracy.max": 0.6666666666666666, "MAX:accuracy.max": 0.92, "MIN:kappa.min": -0.15999999999999992, "MAX:kappa.min": 0.029999999999999916, "MIN:kappa.mean": 0.35760000000000003, "MAX:kappa.mean": 0.3967, "MIN:kappa.max": 0.5, "MAX:kappa.max": 0.88}