{"MIN:log_loss.min": 0.4133250590582501, "MAX:log_loss.min": 0.4505785621719099, "MIN:log_loss.mean": 0.6204839231050894, "MAX:log_loss.mean": 0.7003071113977632, "MIN:log_loss.max": 1.210605492050684, "MAX:log_loss.max": 1.5194107450565393, "MIN:accuracy.min": 0.22, "MAX:accuracy.min": 0.3333333333333333, "MIN:accuracy.mean": 0.8076000000000002, "MAX:accuracy.mean": 0.8321333333333333, "MIN:accuracy.max": 0.96, "MAX:accuracy.max": 0.9666666666666667, "MIN:kappa.min": -0.16999999999999993, "MAX:kappa.min": 0.0, "MIN:kappa.mean": 0.7113999999999998, "MAX:kappa.mean": 0.7482, "MIN:kappa.max": 0.9400000000000001, "MAX:kappa.max": 0.95}