{"MIN:log_loss.min": 0.22441730778527869, "MAX:log_loss.min": 0.23492060345473822, "MIN:log_loss.mean": 0.6468821563437696, "MAX:log_loss.mean": 0.6815822236707624, "MIN:log_loss.max": 1.0974484287580026, "MAX:log_loss.max": 1.0974495466678373, "MIN:accuracy.min": 0.43333333333333335, "MAX:accuracy.min": 0.62, "MIN:accuracy.mean": 0.7349333333333332, "MAX:accuracy.mean": 0.786, "MIN:accuracy.max": 0.96, "MAX:accuracy.max": 0.96, "MIN:kappa.min": 0.15000000000000002, "MAX:kappa.min": 0.43000000000000005, "MIN:kappa.mean": 0.6023999999999999, "MAX:kappa.mean": 0.6789999999999999, "MIN:kappa.max": 0.9400000000000001, "MAX:kappa.max": 0.9400000000000001}