{"MIN:log_loss.min": 0.12833405759378572, "MAX:log_loss.min": 0.20448056057347594, "MIN:log_loss.mean": 0.35365858249924514, "MAX:log_loss.mean": 0.457522561177515, "MIN:log_loss.max": 1.9538603534639019, "MAX:log_loss.max": 7.849124081921697, "MIN:accuracy.min": 0.3333333333333333, "MAX:accuracy.min": 0.3333333333333333, "MIN:accuracy.mean": 0.8995333333333333, "MAX:accuracy.mean": 0.9133333333333333, "MIN:accuracy.max": 0.9666666666666667, "MAX:accuracy.max": 0.9733333333333334, "MIN:kappa.min": 0.0, "MAX:kappa.min": 0.0, "MIN:kappa.mean": 0.8492999999999999, "MAX:kappa.mean": 0.87, "MIN:kappa.max": 0.95, "MAX:kappa.max": 0.96}