{"MIN:log_loss.min": 0.670460008383555, "MAX:log_loss.min": 0.8049078147286398, "MIN:log_loss.mean": 0.7956908047032392, "MAX:log_loss.mean": 0.8847894879929059, "MIN:log_loss.max": 1.482818508354834, "MAX:log_loss.max": 1.5937912733167243, "MIN:accuracy.min": 0.3333333333333333, "MAX:accuracy.min": 0.36666666666666664, "MIN:accuracy.mean": 0.6788000000000003, "MAX:accuracy.mean": 0.7002000000000002, "MIN:accuracy.max": 0.96, "MAX:accuracy.max": 0.96, "MIN:kappa.min": 1.1102230246251565e-16, "MAX:kappa.min": 0.050000000000000044, "MIN:kappa.mean": 0.5181999999999999, "MAX:kappa.mean": 0.5503, "MIN:kappa.max": 0.9400000000000001, "MAX:kappa.max": 0.9400000000000001}