{"MIN:log_loss.min": 0.3030613237344483, "MAX:log_loss.min": 0.5541221266437443, "MIN:log_loss.mean": 0.7676013903240515, "MAX:log_loss.mean": 0.9680965880546563, "MIN:log_loss.max": 1.0921671817328713, "MAX:log_loss.max": 1.5984561318125239, "MIN:accuracy.min": 0.36666666666666664, "MAX:accuracy.min": 0.37333333333333335, "MIN:accuracy.mean": 0.6225333333333333, "MAX:accuracy.mean": 0.6911333333333335, "MIN:accuracy.max": 0.94, "MAX:accuracy.max": 0.96, "MIN:kappa.min": 0.050000000000000044, "MAX:kappa.min": 0.06000000000000005, "MIN:kappa.mean": 0.43379999999999996, "MAX:kappa.mean": 0.5367000000000001, "MIN:kappa.max": 0.91, "MAX:kappa.max": 0.9400000000000001}