{"MIN:log_loss.min": 0.5118998003114401, "MAX:log_loss.min": 0.52963456836635, "MIN:log_loss.mean": 0.75429559199796, "MAX:log_loss.mean": 0.7730499210969949, "MIN:log_loss.max": 1.1611932530520057, "MAX:log_loss.max": 1.1740149352910247, "MIN:accuracy.min": 0.3333333333333333, "MAX:accuracy.min": 0.3333333333333333, "MIN:accuracy.mean": 0.7599333333333332, "MAX:accuracy.mean": 0.7964666666666667, "MIN:accuracy.max": 0.96, "MAX:accuracy.max": 0.96, "MIN:kappa.min": 0.0, "MAX:kappa.min": 0.0, "MIN:kappa.mean": 0.6399, "MAX:kappa.mean": 0.6947, "MIN:kappa.max": 0.94, "MAX:kappa.max": 0.9400000000000001}