{"MIN:log_loss.min": 0.1154021540636037, "MAX:log_loss.min": 0.25624532101201286, "MIN:log_loss.mean": 0.3374046054289878, "MAX:log_loss.mean": 0.6399375023710983, "MIN:log_loss.max": 0.8230033324213412, "MAX:log_loss.max": 9.673527996784916, "MIN:accuracy.min": 0.44666666666666666, "MAX:accuracy.min": 0.6666666666666666, "MIN:accuracy.mean": 0.8869999999999999, "MAX:accuracy.mean": 0.8986666666666666, "MIN:accuracy.max": 0.96, "MAX:accuracy.max": 0.96, "MIN:kappa.min": 0.17000000000000004, "MAX:kappa.min": 0.5, "MIN:kappa.mean": 0.8305, "MAX:kappa.mean": 0.848, "MIN:kappa.max": 0.94, "MAX:kappa.max": 0.9400000000000001}