{"MIN:log_loss.min": 0.07414861500048682, "MAX:log_loss.min": 0.1455646440228595, "MIN:log_loss.mean": 0.34992663741041846, "MAX:log_loss.mean": 0.3891523002961461, "MIN:log_loss.max": 3.974919430655883, "MAX:log_loss.max": 10.424179787228917, "MIN:accuracy.min": 0.34, "MAX:accuracy.min": 0.6666666666666666, "MIN:accuracy.mean": 0.8865333333333332, "MAX:accuracy.mean": 0.9263333333333335, "MIN:accuracy.max": 0.9666666666666667, "MAX:accuracy.max": 0.98, "MIN:kappa.min": 0.010000000000000009, "MAX:kappa.min": 0.5, "MIN:kappa.mean": 0.8298000000000001, "MAX:kappa.mean": 0.8895000000000001, "MIN:kappa.max": 0.95, "MAX:kappa.max": 0.97}