{"MIN:log_loss.min": 0.05815764928339529, "MAX:log_loss.min": 0.2287617509572392, "MIN:log_loss.mean": 0.3003406565699926, "MAX:log_loss.mean": 0.565389980195578, "MIN:log_loss.max": 0.9892718918608735, "MAX:log_loss.max": 7.8314610936093745, "MIN:accuracy.min": 0.3333333333333333, "MAX:accuracy.min": 0.6666666666666666, "MIN:accuracy.mean": 0.9088, "MAX:accuracy.mean": 0.9205333333333334, "MIN:accuracy.max": 0.98, "MAX:accuracy.max": 0.9866666666666667, "MIN:kappa.min": 0.0, "MAX:kappa.min": 0.5, "MIN:kappa.mean": 0.8632, "MAX:kappa.mean": 0.8808, "MIN:kappa.max": 0.97, "MAX:kappa.max": 0.98}