{"MIN:log_loss.min": 0.33080373647523503, "MAX:log_loss.min": 0.6959164955258325, "MIN:log_loss.mean": 1.0561825085534617, "MAX:log_loss.mean": 6.604466582003749, "MIN:log_loss.max": 1.5167715681411449, "MAX:log_loss.max": 23.025850929940454, "MIN:accuracy.min": 0.006666666666666667, "MAX:accuracy.min": 0.20666666666666667, "MIN:accuracy.mean": 0.46820000000000006, "MAX:accuracy.mean": 0.5489333333333333, "MIN:accuracy.max": 0.84, "MAX:accuracy.max": 0.8933333333333333, "MIN:kappa.min": -0.49, "MAX:kappa.min": -0.18999999999999995, "MIN:kappa.mean": 0.20230000000000004, "MAX:kappa.mean": 0.32340000000000013, "MIN:kappa.max": 0.76, "MAX:kappa.max": 0.84}