{"MIN:log_loss.min": 0.18877422611819858, "MAX:log_loss.min": 0.24157647854929973, "MIN:log_loss.mean": 0.2287631469749364, "MAX:log_loss.mean": 0.418217108670555, "MIN:log_loss.max": 0.4388812105176563, "MAX:log_loss.max": 3.003936502612211, "MIN:accuracy.min": 0.5266666666666666, "MAX:accuracy.min": 0.8666666666666667, "MIN:accuracy.mean": 0.9187333333333334, "MAX:accuracy.mean": 0.9411333333333335, "MIN:accuracy.max": 0.96, "MAX:accuracy.max": 0.96, "MIN:kappa.min": 0.29000000000000004, "MAX:kappa.min": 0.8, "MIN:kappa.mean": 0.8780999999999999, "MAX:kappa.mean": 0.9117000000000001, "MIN:kappa.max": 0.9400000000000001, "MAX:kappa.max": 0.9400000000000001}