{"MIN:log_loss.min": 0.12540811582287156, "MAX:log_loss.min": 0.670873236620119, "MIN:log_loss.mean": 0.9346140934365141, "MAX:log_loss.mean": 3.4480520146678075, "MIN:log_loss.max": 1.3691353231119232, "MAX:log_loss.max": 22.692345810613553, "MIN:accuracy.min": 0.32666666666666666, "MAX:accuracy.min": 0.3333333333333333, "MIN:accuracy.mean": 0.5350666666666667, "MAX:accuracy.mean": 0.6347333333333333, "MIN:accuracy.max": 0.9133333333333333, "MAX:accuracy.max": 0.96, "MIN:kappa.min": -0.010000000000000009, "MAX:kappa.min": 0.0, "MIN:kappa.mean": 0.30260000000000004, "MAX:kappa.mean": 0.45209999999999995, "MIN:kappa.max": 0.87, "MAX:kappa.max": 0.9400000000000001}