{"MIN:log_loss.min": 0.47998833974691524, "MAX:log_loss.min": 0.5423915534387931, "MIN:log_loss.mean": 0.6938832213218333, "MAX:log_loss.mean": 0.7172699194594198, "MIN:log_loss.max": 1.1852984752308289, "MAX:log_loss.max": 1.1897040074351246, "MIN:accuracy.min": 0.6466666666666666, "MAX:accuracy.min": 0.6666666666666666, "MIN:accuracy.mean": 0.8178666666666667, "MAX:accuracy.mean": 0.8477999999999999, "MIN:accuracy.max": 0.96, "MAX:accuracy.max": 0.9733333333333334, "MIN:kappa.min": 0.47, "MAX:kappa.min": 0.5, "MIN:kappa.mean": 0.7267999999999999, "MAX:kappa.mean": 0.7716999999999998, "MIN:kappa.max": 0.9400000000000001, "MAX:kappa.max": 0.96}