{"MIN:log_loss.min": 0.4875629553156491, "MAX:log_loss.min": 0.8924152326145974, "MIN:log_loss.mean": 0.8952895538943111, "MAX:log_loss.mean": 1.0785960781765367, "MIN:log_loss.max": 1.0716489539969156, "MAX:log_loss.max": 12.15399678344432, "MIN:accuracy.min": 0.3333333333333333, "MAX:accuracy.min": 0.6333333333333333, "MIN:accuracy.mean": 0.6657333333333331, "MAX:accuracy.mean": 0.7308666666666669, "MIN:accuracy.max": 0.96, "MAX:accuracy.max": 0.9666666666666667, "MIN:kappa.min": -2.220446049250313e-16, "MAX:kappa.min": 0.44999999999999996, "MIN:kappa.mean": 0.49859999999999993, "MAX:kappa.mean": 0.5962999999999999, "MIN:kappa.max": 0.9400000000000001, "MAX:kappa.max": 0.95}