{"MIN:log_loss.min": 0.10220735363887568, "MAX:log_loss.min": 0.16143921429079336, "MIN:log_loss.mean": 0.1996511735448307, "MAX:log_loss.mean": 0.377729395561359, "MIN:log_loss.max": 0.7128975497255872, "MAX:log_loss.max": 0.7654543902682014, "MIN:accuracy.min": 0.8, "MAX:accuracy.min": 0.8933333333333333, "MIN:accuracy.mean": 0.9567333333333333, "MAX:accuracy.mean": 0.9603999999999999, "MIN:accuracy.max": 0.9733333333333334, "MAX:accuracy.max": 0.9733333333333334, "MIN:kappa.min": 0.7, "MAX:kappa.min": 0.84, "MIN:kappa.mean": 0.9350999999999999, "MAX:kappa.mean": 0.9405999999999998, "MIN:kappa.max": 0.96, "MAX:kappa.max": 0.96}