{"mean accuracy": 0.6692666666666668, "max accuracy": 0.9666666666666666, "mean kappa": 0.5038999999999999, "max kappa": 0.9499999999999998}