{"MIN:log_loss.min": 0.5577465595500456, "MAX:log_loss.min": 0.6930251131208868, "MIN:log_loss.mean": 0.8039979978921636, "MAX:log_loss.mean": 0.8738580056470316, "MIN:log_loss.max": 1.1779996706193314, "MAX:log_loss.max": 2.1164911964506565, "MIN:accuracy.min": 0.3333333333333333, "MAX:accuracy.min": 0.3333333333333333, "MIN:accuracy.mean": 0.626, "MAX:accuracy.mean": 0.6905333333333331, "MIN:accuracy.max": 0.94, "MAX:accuracy.max": 0.9666666666666667, "MIN:kappa.min": -2.220446049250313e-16, "MAX:kappa.min": 0.0, "MIN:kappa.mean": 0.439, "MAX:kappa.mean": 0.5357999999999999, "MIN:kappa.max": 0.91, "MAX:kappa.max": 0.95}