{"mean accuracy": 0.7622666666666666, "max accuracy": 0.9533333333333334, "mean kappa": 0.6433999999999999, "max kappa": 0.93}