{"MIN:log_loss.min": 0.046238416747488964, "MAX:log_loss.min": 0.0780707155597356, "MIN:log_loss.mean": 0.23425262738518807, "MAX:log_loss.mean": 0.497642790459796, "MIN:log_loss.max": 0.8217799890751007, "MAX:log_loss.max": 13.594171452592263, "MIN:accuracy.min": 0.58, "MAX:accuracy.min": 0.68, "MIN:accuracy.mean": 0.9392666666666666, "MAX:accuracy.mean": 0.9567999999999999, "MIN:accuracy.max": 0.9733333333333334, "MAX:accuracy.max": 0.9866666666666667, "MIN:kappa.min": 0.37, "MAX:kappa.min": 0.52, "MIN:kappa.mean": 0.9089, "MAX:kappa.mean": 0.9351999999999998, "MIN:kappa.max": 0.96, "MAX:kappa.max": 0.98}