{"MIN:log_loss.min": 0.5064176595351986, "MAX:log_loss.min": 0.5549061416728803, "MIN:log_loss.mean": 0.7547633994966431, "MAX:log_loss.mean": 0.8213594090538093, "MIN:log_loss.max": 1.407895128170656, "MAX:log_loss.max": 1.50296910002331, "MIN:accuracy.min": 0.2, "MAX:accuracy.min": 0.21333333333333335, "MIN:accuracy.mean": 0.6473333333333332, "MAX:accuracy.mean": 0.7034, "MIN:accuracy.max": 0.96, "MAX:accuracy.max": 0.96, "MIN:kappa.min": -0.19999999999999996, "MAX:kappa.min": -0.17999999999999994, "MIN:kappa.mean": 0.4709999999999999, "MAX:kappa.mean": 0.5550999999999999, "MIN:kappa.max": 0.9400000000000001, "MAX:kappa.max": 0.9400000000000001}