{"MIN:log_loss.min": 0.8751683931609515, "MAX:log_loss.min": 1.0106424639226779, "MIN:log_loss.mean": 0.9390171777739562, "MAX:log_loss.mean": 1.0767875712262527, "MIN:log_loss.max": 2.1008763334714393, "MAX:log_loss.max": 2.495930060886582, "MIN:accuracy.min": 0.3333333333333333, "MAX:accuracy.min": 0.6666666666666666, "MIN:accuracy.mean": 0.6306, "MAX:accuracy.mean": 0.6666666666666669, "MIN:accuracy.max": 0.6666666666666666, "MAX:accuracy.max": 0.6666666666666666, "MIN:kappa.min": 0.0, "MAX:kappa.min": 0.5, "MIN:kappa.mean": 0.44589999999999996, "MAX:kappa.mean": 0.5, "MIN:kappa.max": 0.5, "MAX:kappa.max": 0.5}