{"MIN:log_loss.min": 0.2876942287925393, "MAX:log_loss.min": 0.3035442581536472, "MIN:log_loss.mean": 0.4506355859308732, "MAX:log_loss.mean": 0.6373140641006313, "MIN:log_loss.max": 2.2594697137747257, "MAX:log_loss.max": 11.512925466726854, "MIN:accuracy.min": 0.52, "MAX:accuracy.min": 0.6666666666666666, "MIN:accuracy.mean": 0.8158000000000001, "MAX:accuracy.mean": 0.9093999999999999, "MIN:accuracy.max": 0.96, "MAX:accuracy.max": 0.96, "MIN:kappa.min": 0.28, "MAX:kappa.min": 0.5, "MIN:kappa.mean": 0.7237, "MAX:kappa.mean": 0.8641000000000001, "MIN:kappa.max": 0.9400000000000001, "MAX:kappa.max": 0.9400000000000001}