{"MIN:log_loss.min": 0.3950213105262384, "MAX:log_loss.min": 0.513222368433854, "MIN:log_loss.mean": 0.7671385234797126, "MAX:log_loss.mean": 1.438392086165957, "MIN:log_loss.max": 1.2180199324101402, "MAX:log_loss.max": 5.366841261919892, "MIN:accuracy.min": 0.3333333333333333, "MAX:accuracy.min": 0.3333333333333333, "MIN:accuracy.mean": 0.6268666666666667, "MAX:accuracy.mean": 0.6465333333333334, "MIN:accuracy.max": 0.8533333333333334, "MAX:accuracy.max": 0.9533333333333334, "MIN:kappa.min": 0.0, "MAX:kappa.min": 0.0, "MIN:kappa.mean": 0.4403, "MAX:kappa.mean": 0.4698, "MIN:kappa.max": 0.78, "MAX:kappa.max": 0.9299999999999999}