{"MIN:log_loss.min": 0.17794531810145864, "MAX:log_loss.min": 0.33396756911227016, "MIN:log_loss.mean": 0.5936772070563177, "MAX:log_loss.mean": 0.6970372501148492, "MIN:log_loss.max": 1.0177622247483378, "MAX:log_loss.max": 1.0500006936069048, "MIN:accuracy.min": 0.36666666666666664, "MAX:accuracy.min": 0.6666666666666666, "MIN:accuracy.mean": 0.8300666666666665, "MAX:accuracy.mean": 0.8834666666666665, "MIN:accuracy.max": 0.9133333333333333, "MAX:accuracy.max": 0.96, "MIN:kappa.min": 0.050000000000000044, "MAX:kappa.min": 0.5, "MIN:kappa.mean": 0.7451000000000002, "MAX:kappa.mean": 0.8251999999999999, "MIN:kappa.max": 0.87, "MAX:kappa.max": 0.9400000000000001}