{"MIN:log_loss.min": 0.6291854997853507, "MAX:log_loss.min": 0.9603301627968047, "MIN:log_loss.mean": 0.8709668527952603, "MAX:log_loss.mean": 1.0547667429685004, "MIN:log_loss.max": 1.1253237462148555, "MAX:log_loss.max": 1.2005227538250054, "MIN:accuracy.min": 0.3333333333333333, "MAX:accuracy.min": 0.6666666666666666, "MIN:accuracy.mean": 0.6639333333333335, "MAX:accuracy.mean": 0.6870666666666668, "MIN:accuracy.max": 0.6666666666666666, "MAX:accuracy.max": 0.96, "MIN:kappa.min": 0.0, "MAX:kappa.min": 0.5, "MIN:kappa.mean": 0.4959, "MAX:kappa.mean": 0.5306000000000001, "MIN:kappa.max": 0.5, "MAX:kappa.max": 0.94}