{"MIN:log_loss.min": 0.15680640939398072, "MAX:log_loss.min": 0.6268193053249566, "MIN:log_loss.mean": 1.3587022502660315, "MAX:log_loss.mean": 4.978003507883256, "MIN:log_loss.max": 7.814366736460458, "MAX:log_loss.max": 21.523010670417783, "MIN:accuracy.min": 0.25333333333333335, "MAX:accuracy.min": 0.36666666666666664, "MIN:accuracy.mean": 0.6231333333333334, "MAX:accuracy.mean": 0.6792666666666668, "MIN:accuracy.max": 0.9266666666666666, "MAX:accuracy.max": 0.9733333333333334, "MIN:kappa.min": -0.1200000000000001, "MAX:kappa.min": 0.050000000000000044, "MIN:kappa.mean": 0.4347, "MAX:kappa.mean": 0.5189, "MIN:kappa.max": 0.89, "MAX:kappa.max": 0.96}