{"MIN:log_loss.min": 0.24574451358051969, "MAX:log_loss.min": 0.6446160533231381, "MIN:log_loss.mean": 0.6837630306663098, "MAX:log_loss.mean": 0.8913530011869915, "MIN:log_loss.max": 1.0639973486155856, "MAX:log_loss.max": 2.3305784557596714, "MIN:accuracy.min": 0.5533333333333333, "MAX:accuracy.min": 0.6666666666666666, "MIN:accuracy.mean": 0.7992666666666665, "MAX:accuracy.mean": 0.9081999999999999, "MIN:accuracy.max": 0.96, "MAX:accuracy.max": 0.96, "MIN:kappa.min": 0.32999999999999996, "MAX:kappa.min": 0.5, "MIN:kappa.mean": 0.6989000000000002, "MAX:kappa.mean": 0.8622999999999998, "MIN:kappa.max": 0.94, "MAX:kappa.max": 0.9400000000000001}