{"MIN:log_loss.min": 0.1678202335277771, "MAX:log_loss.min": 0.38461525013432335, "MIN:log_loss.mean": 0.43505443543114575, "MAX:log_loss.mean": 0.6470205464914264, "MIN:log_loss.max": 0.9207279874180159, "MAX:log_loss.max": 1.597586843177654, "MIN:accuracy.min": 0.5666666666666667, "MAX:accuracy.min": 0.7066666666666667, "MIN:accuracy.mean": 0.8501333333333332, "MAX:accuracy.mean": 0.8797999999999999, "MIN:accuracy.max": 0.96, "MAX:accuracy.max": 0.96, "MIN:kappa.min": 0.35, "MAX:kappa.min": 0.56, "MIN:kappa.mean": 0.7751999999999998, "MAX:kappa.mean": 0.8197, "MIN:kappa.max": 0.9400000000000001, "MAX:kappa.max": 0.9400000000000001}