{"MIN:log_loss.min": 0.22913319559816084, "MAX:log_loss.min": 0.34773484265419585, "MIN:log_loss.mean": 0.6401495137767071, "MAX:log_loss.mean": 0.7209211345322752, "MIN:log_loss.max": 1.0979718658938418, "MAX:log_loss.max": 1.223038675626586, "MIN:accuracy.min": 0.3333333333333333, "MAX:accuracy.min": 0.3333333333333333, "MIN:accuracy.mean": 0.6582666666666664, "MAX:accuracy.mean": 0.7444666666666667, "MIN:accuracy.max": 0.9466666666666667, "MAX:accuracy.max": 0.96, "MIN:kappa.min": 0.0, "MAX:kappa.min": 0.0, "MIN:kappa.mean": 0.4874, "MAX:kappa.mean": 0.6167000000000001, "MIN:kappa.max": 0.92, "MAX:kappa.max": 0.9400000000000001}