{"MIN:log_loss.min": 0.17297579591495416, "MAX:log_loss.min": 0.20258365825510674, "MIN:log_loss.mean": 0.4475570034981803, "MAX:log_loss.mean": 0.5239804283187142, "MIN:log_loss.max": 0.9514411093984548, "MAX:log_loss.max": 2.7718296671740394, "MIN:accuracy.min": 0.6066666666666667, "MAX:accuracy.min": 0.8333333333333334, "MIN:accuracy.mean": 0.8498666666666667, "MAX:accuracy.mean": 0.8815333333333332, "MIN:accuracy.max": 0.9666666666666667, "MAX:accuracy.max": 0.9666666666666667, "MIN:kappa.min": 0.41000000000000003, "MAX:kappa.min": 0.75, "MIN:kappa.mean": 0.7748, "MAX:kappa.mean": 0.8223000000000001, "MIN:kappa.max": 0.95, "MAX:kappa.max": 0.95}