{"MIN:log_loss.min": 0.1370254864748072, "MAX:log_loss.min": 0.5021414070232896, "MIN:log_loss.mean": 0.6012666333428209, "MAX:log_loss.mean": 0.760936062564697, "MIN:log_loss.max": 1.0984595414145508, "MAX:log_loss.max": 1.2181107280269727, "MIN:accuracy.min": 0.3333333333333333, "MAX:accuracy.min": 0.6666666666666666, "MIN:accuracy.mean": 0.7034, "MAX:accuracy.mean": 0.7887333333333335, "MIN:accuracy.max": 0.94, "MAX:accuracy.max": 0.96, "MIN:kappa.min": 0.0, "MAX:kappa.min": 0.5, "MIN:kappa.mean": 0.5550999999999999, "MAX:kappa.mean": 0.6831, "MIN:kappa.max": 0.91, "MAX:kappa.max": 0.9400000000000001}