{"MIN:log_loss.min": 0.3222214482127828, "MAX:log_loss.min": 0.43385036216138056, "MIN:log_loss.mean": 0.7256719285038045, "MAX:log_loss.mean": 0.8102794405491116, "MIN:log_loss.max": 1.1228251602031423, "MAX:log_loss.max": 1.3606399697875777, "MIN:accuracy.min": 0.0, "MAX:accuracy.min": 0.34, "MIN:accuracy.mean": 0.5760666666666666, "MAX:accuracy.mean": 0.6402666666666668, "MIN:accuracy.max": 0.96, "MAX:accuracy.max": 0.96, "MIN:kappa.min": -0.5, "MAX:kappa.min": 0.010000000000000009, "MIN:kappa.mean": 0.36409999999999987, "MAX:kappa.mean": 0.4604, "MIN:kappa.max": 0.9400000000000001, "MAX:kappa.max": 0.9400000000000001}