{"mean accuracy": 0.6335333333333332, "max accuracy": 0.8533333333333333, "mean kappa": 0.4503000000000001, "max kappa": 0.7799999999999999}