{"MIN:log_loss.min": 0.38859352665721447, "MAX:log_loss.min": 0.8833011589646577, "MIN:log_loss.mean": 0.7470031903304621, "MAX:log_loss.mean": 0.9123174427302829, "MIN:log_loss.max": 1.0398192626592822, "MAX:log_loss.max": 1.1777029481570525, "MIN:accuracy.min": 0.04, "MAX:accuracy.min": 0.3333333333333333, "MIN:accuracy.mean": 0.6962666666666667, "MAX:accuracy.mean": 0.8068666666666666, "MIN:accuracy.max": 0.96, "MAX:accuracy.max": 0.96, "MIN:kappa.min": -0.43999999999999995, "MAX:kappa.min": 0.0, "MIN:kappa.mean": 0.5444, "MAX:kappa.mean": 0.7102999999999998, "MIN:kappa.max": 0.94, "MAX:kappa.max": 0.9400000000000001}