{"mean accuracy": 0.6652666666666669, "max accuracy": 0.6666666666666666, "mean kappa": 0.4978999999999999, "max kappa": 0.49999999999999994}