{"MIN:log_loss.min": 0.6850580022807758, "MAX:log_loss.min": 1.0106960435522419, "MIN:log_loss.mean": 0.9542037482922159, "MAX:log_loss.mean": 1.2480022139968951, "MIN:log_loss.max": 1.1630640746368752, "MAX:log_loss.max": 2.573396357846122, "MIN:accuracy.min": 0.3333333333333333, "MAX:accuracy.min": 0.3333333333333333, "MIN:accuracy.mean": 0.5703333333333334, "MAX:accuracy.mean": 0.6047333333333335, "MIN:accuracy.max": 0.6666666666666666, "MAX:accuracy.max": 0.96, "MIN:kappa.min": 0.0, "MAX:kappa.min": 0.0, "MIN:kappa.mean": 0.3555, "MAX:kappa.mean": 0.4071000000000001, "MIN:kappa.max": 0.5, "MAX:kappa.max": 0.9400000000000001}