{"MIN:log_loss.min": 0.24476087698761384, "MAX:log_loss.min": 0.2817139500120975, "MIN:log_loss.mean": 0.7433279826778135, "MAX:log_loss.mean": 0.8054056742756291, "MIN:log_loss.max": 1.1004839360941951, "MAX:log_loss.max": 1.2055242996271704, "MIN:accuracy.min": 0.02666666666666667, "MAX:accuracy.min": 0.6066666666666667, "MIN:accuracy.mean": 0.6572666666666668, "MAX:accuracy.mean": 0.7276666666666665, "MIN:accuracy.max": 0.92, "MAX:accuracy.max": 0.94, "MIN:kappa.min": -0.4600000000000002, "MAX:kappa.min": 0.41000000000000003, "MIN:kappa.mean": 0.48590000000000005, "MAX:kappa.mean": 0.5914999999999999, "MIN:kappa.max": 0.88, "MAX:kappa.max": 0.91}