{"MIN:log_loss.min": 0.3444743662930304, "MAX:log_loss.min": 0.34566388702008227, "MIN:log_loss.mean": 0.549858946920739, "MAX:log_loss.mean": 0.5789170386488762, "MIN:log_loss.max": 1.2103429532669403, "MAX:log_loss.max": 1.2209236471123557, "MIN:accuracy.min": 0.3333333333333333, "MAX:accuracy.min": 0.3333333333333333, "MIN:accuracy.mean": 0.7706666666666666, "MAX:accuracy.mean": 0.8306666666666667, "MIN:accuracy.max": 0.9533333333333334, "MAX:accuracy.max": 0.9666666666666667, "MIN:kappa.min": 0.0, "MAX:kappa.min": 0.0, "MIN:kappa.mean": 0.6560000000000001, "MAX:kappa.mean": 0.7460000000000001, "MIN:kappa.max": 0.9299999999999999, "MAX:kappa.max": 0.95}