{"MIN:log_loss.min": 0.07384690970097682, "MAX:log_loss.min": 0.1310075283086385, "MIN:log_loss.mean": 0.282777993127356, "MAX:log_loss.mean": 0.4792326182825997, "MIN:log_loss.max": 0.9367185840246673, "MAX:log_loss.max": 11.226892681724037, "MIN:accuracy.min": 0.58, "MAX:accuracy.min": 0.94, "MIN:accuracy.mean": 0.9370000000000002, "MAX:accuracy.mean": 0.9518666666666669, "MIN:accuracy.max": 0.96, "MAX:accuracy.max": 0.9733333333333334, "MIN:kappa.min": 0.37, "MAX:kappa.min": 0.91, "MIN:kappa.mean": 0.9055000000000001, "MAX:kappa.mean": 0.9278, "MIN:kappa.max": 0.94, "MAX:kappa.max": 0.96}