{"MIN:log_loss.min": 0.2993047146349807, "MAX:log_loss.min": 0.35931827691921664, "MIN:log_loss.mean": 0.554071900914294, "MAX:log_loss.mean": 0.6295685464489057, "MIN:log_loss.max": 1.2179807980201922, "MAX:log_loss.max": 1.218050242844046, "MIN:accuracy.min": 0.3333333333333333, "MAX:accuracy.min": 0.3333333333333333, "MIN:accuracy.mean": 0.7559333333333332, "MAX:accuracy.mean": 0.7849999999999998, "MIN:accuracy.max": 0.96, "MAX:accuracy.max": 0.9666666666666667, "MIN:kappa.min": 0.0, "MAX:kappa.min": 0.0, "MIN:kappa.mean": 0.6339, "MAX:kappa.mean": 0.6774999999999999, "MIN:kappa.max": 0.9400000000000001, "MAX:kappa.max": 0.95}