{"MIN:log_loss.min": 0.6103730907573296, "MAX:log_loss.min": 0.7780884625398291, "MIN:log_loss.mean": 0.9309135077629306, "MAX:log_loss.mean": 1.2311795393329727, "MIN:log_loss.max": 1.155168040007001, "MAX:log_loss.max": 2.7722722447802504, "MIN:accuracy.min": 0.3333333333333333, "MAX:accuracy.min": 0.56, "MIN:accuracy.mean": 0.5849333333333334, "MAX:accuracy.mean": 0.6408666666666667, "MIN:accuracy.max": 0.7333333333333333, "MAX:accuracy.max": 0.96, "MIN:kappa.min": -2.220446049250313e-16, "MAX:kappa.min": 0.33999999999999997, "MIN:kappa.mean": 0.37739999999999996, "MAX:kappa.mean": 0.46129999999999993, "MIN:kappa.max": 0.6, "MAX:kappa.max": 0.94}