{"MIN:log_loss.min": 0.11158919736665325, "MAX:log_loss.min": 0.23532006142037143, "MIN:log_loss.mean": 0.5058044839377609, "MAX:log_loss.mean": 0.5961077233249161, "MIN:log_loss.max": 1.0983356016760308, "MAX:log_loss.max": 3.0205745836965887, "MIN:accuracy.min": 0.6333333333333333, "MAX:accuracy.min": 0.8333333333333334, "MIN:accuracy.mean": 0.8562666666666665, "MAX:accuracy.mean": 0.8882666666666666, "MIN:accuracy.max": 0.9466666666666667, "MAX:accuracy.max": 0.9666666666666667, "MIN:kappa.min": 0.44999999999999996, "MAX:kappa.min": 0.75, "MIN:kappa.mean": 0.7844, "MAX:kappa.mean": 0.8324000000000001, "MIN:kappa.max": 0.92, "MAX:kappa.max": 0.95}