{"MIN:log_loss.min": 0.3385501752845116, "MAX:log_loss.min": 0.35967683260751426, "MIN:log_loss.mean": 0.6881910325395068, "MAX:log_loss.mean": 0.700872622085665, "MIN:log_loss.max": 4.445746119459377, "MAX:log_loss.max": 4.445751103682882, "MIN:accuracy.min": 0.32666666666666666, "MAX:accuracy.min": 0.3333333333333333, "MIN:accuracy.mean": 0.7323999999999999, "MAX:accuracy.mean": 0.7673333333333335, "MIN:accuracy.max": 0.9533333333333334, "MAX:accuracy.max": 0.9666666666666667, "MIN:kappa.min": -0.009999999999999787, "MAX:kappa.min": -2.220446049250313e-16, "MIN:kappa.mean": 0.5986, "MAX:kappa.mean": 0.6509999999999999, "MIN:kappa.max": 0.9299999999999999, "MAX:kappa.max": 0.95}