{"MIN:log_loss.min": 0.3694590770767239, "MAX:log_loss.min": 0.3694590770767239, "MIN:log_loss.mean": 0.6330099913990186, "MAX:log_loss.mean": 0.6330099913990186, "MIN:log_loss.max": 0.9935790769481382, "MAX:log_loss.max": 0.9935790769481382, "MIN:accuracy.min": 0.3333333333333333, "MAX:accuracy.min": 0.3333333333333333, "MIN:accuracy.mean": 0.7804666666666666, "MAX:accuracy.mean": 0.7804666666666666, "MIN:accuracy.max": 0.96, "MAX:accuracy.max": 0.96, "MIN:kappa.min": 0.0, "MAX:kappa.min": 0.0, "MIN:kappa.mean": 0.6707, "MAX:kappa.mean": 0.6707, "MIN:kappa.max": 0.9400000000000001, "MAX:kappa.max": 0.9400000000000001}