{"MIN:log_loss.min": 0.11689375898077925, "MAX:log_loss.min": 0.49290239624877574, "MIN:log_loss.mean": 0.5987046449857921, "MAX:log_loss.mean": 4.122775911091408, "MIN:log_loss.max": 1.0977905729566353, "MAX:log_loss.max": 11.481297528579034, "MIN:accuracy.min": 0.3333333333333333, "MAX:accuracy.min": 0.64, "MIN:accuracy.mean": 0.6486666666666667, "MAX:accuracy.mean": 0.6926666666666668, "MIN:accuracy.max": 0.6666666666666666, "MAX:accuracy.max": 0.9666666666666667, "MIN:kappa.min": 0.0, "MAX:kappa.min": 0.45999999999999996, "MIN:kappa.mean": 0.473, "MAX:kappa.mean": 0.539, "MIN:kappa.max": 0.5, "MAX:kappa.max": 0.95}