{"MIN:log_loss.min": 0.6291445684083432, "MAX:log_loss.min": 0.6308509254148118, "MIN:log_loss.mean": 0.7985134702599872, "MAX:log_loss.mean": 0.8046560798812714, "MIN:log_loss.max": 1.0979047973400655, "MAX:log_loss.max": 1.097904797377359, "MIN:accuracy.min": 0.36666666666666664, "MAX:accuracy.min": 0.36666666666666664, "MIN:accuracy.mean": 0.8564666666666665, "MAX:accuracy.mean": 0.8695999999999998, "MIN:accuracy.max": 0.9733333333333334, "MAX:accuracy.max": 0.98, "MIN:kappa.min": 0.050000000000000044, "MAX:kappa.min": 0.050000000000000044, "MIN:kappa.mean": 0.7847, "MAX:kappa.mean": 0.8044000000000001, "MIN:kappa.max": 0.96, "MAX:kappa.max": 0.97}