{"MIN:log_loss.min": 0.2222670461048501, "MAX:log_loss.min": 0.37164312482396006, "MIN:log_loss.mean": 0.425440131120036, "MAX:log_loss.mean": 0.5688761731629828, "MIN:log_loss.max": 0.8029600713576284, "MAX:log_loss.max": 1.007012262110611, "MIN:accuracy.min": 0.5733333333333334, "MAX:accuracy.min": 0.7333333333333333, "MIN:accuracy.mean": 0.8816666666666668, "MAX:accuracy.mean": 0.9015333333333334, "MIN:accuracy.max": 0.9333333333333333, "MAX:accuracy.max": 0.9666666666666667, "MIN:kappa.min": 0.36, "MAX:kappa.min": 0.6, "MIN:kappa.mean": 0.8224999999999999, "MAX:kappa.mean": 0.8523000000000001, "MIN:kappa.max": 0.9, "MAX:kappa.max": 0.95}