{"MIN:log_loss.min": 0.4102132031939191, "MAX:log_loss.min": 0.8084698811073509, "MIN:log_loss.mean": 0.6487677118469728, "MAX:log_loss.mean": 0.8887149388415152, "MIN:log_loss.max": 1.0239998204978553, "MAX:log_loss.max": 1.0439632695911025, "MIN:accuracy.min": 0.35333333333333333, "MAX:accuracy.min": 0.6666666666666666, "MIN:accuracy.mean": 0.6666666666666669, "MAX:accuracy.mean": 0.6809999999999999, "MIN:accuracy.max": 0.6666666666666666, "MAX:accuracy.max": 0.88, "MIN:kappa.min": 0.030000000000000027, "MAX:kappa.min": 0.5, "MIN:kappa.mean": 0.5, "MAX:kappa.mean": 0.5214999999999999, "MIN:kappa.max": 0.5, "MAX:kappa.max": 0.8200000000000001}