{"mean accuracy": 0.8928666666666665, "max accuracy": 0.96, "mean kappa": 0.8392999999999999, "max kappa": 0.94}