{"MIN:log_loss.min": 0.08581868807268046, "MAX:log_loss.min": 0.25743949584613623, "MIN:log_loss.mean": 0.3785774279116753, "MAX:log_loss.mean": 0.5890311596306558, "MIN:log_loss.max": 2.603357372985936, "MAX:log_loss.max": 12.069010888493306, "MIN:accuracy.min": 0.56, "MAX:accuracy.min": 0.6466666666666666, "MIN:accuracy.mean": 0.9076, "MAX:accuracy.mean": 0.9514666666666666, "MIN:accuracy.max": 0.9666666666666667, "MAX:accuracy.max": 0.9866666666666667, "MIN:kappa.min": 0.33999999999999997, "MAX:kappa.min": 0.47, "MIN:kappa.mean": 0.8614000000000002, "MAX:kappa.mean": 0.9271999999999998, "MIN:kappa.max": 0.95, "MAX:kappa.max": 0.98}