{"MIN:log_loss.min": 0.25894300020980676, "MAX:log_loss.min": 0.4025193937050035, "MIN:log_loss.mean": 0.44458173338771445, "MAX:log_loss.mean": 0.4879678574067089, "MIN:log_loss.max": 0.992276964372972, "MAX:log_loss.max": 1.0227221030553229, "MIN:accuracy.min": 0.3333333333333333, "MAX:accuracy.min": 0.3333333333333333, "MIN:accuracy.mean": 0.8708666666666667, "MAX:accuracy.mean": 0.8954666666666666, "MIN:accuracy.max": 0.96, "MAX:accuracy.max": 0.96, "MIN:kappa.min": 0.0, "MAX:kappa.min": 0.0, "MIN:kappa.mean": 0.8063000000000001, "MAX:kappa.mean": 0.8432000000000001, "MIN:kappa.max": 0.94, "MAX:kappa.max": 0.9400000000000001}