{"mean accuracy": 0.3333333333333334, "max accuracy": 0.3333333333333333, "mean kappa": 0.0, "max kappa": 0.0}