{"mean accuracy": 0.9243333333333331, "max accuracy": 0.96, "mean kappa": 0.8864999999999997, "max kappa": 0.94}