{"MIN:log_loss.min": 0.14663664401024304, "MAX:log_loss.min": 0.7139285288474255, "MIN:log_loss.mean": 0.6548857092502423, "MAX:log_loss.mean": 1.3310621223968995, "MIN:log_loss.max": 1.098068052533253, "MAX:log_loss.max": 3.2381544841658827, "MIN:accuracy.min": 0.04, "MAX:accuracy.min": 0.3333333333333333, "MIN:accuracy.mean": 0.5889333333333333, "MAX:accuracy.mean": 0.6813333333333331, "MIN:accuracy.max": 0.9333333333333333, "MAX:accuracy.max": 0.96, "MIN:kappa.min": -0.43999999999999995, "MAX:kappa.min": 0.0, "MIN:kappa.mean": 0.3834, "MAX:kappa.mean": 0.522, "MIN:kappa.max": 0.9, "MAX:kappa.max": 0.9400000000000001}