{"MIN:log_loss.min": 0.3358284538105021, "MAX:log_loss.min": 0.3473035443111184, "MIN:log_loss.mean": 0.5004894636280437, "MAX:log_loss.mean": 0.5921935154143436, "MIN:log_loss.max": 1.0696126438987863, "MAX:log_loss.max": 3.4660563212555067, "MIN:accuracy.min": 0.3333333333333333, "MAX:accuracy.min": 0.3333333333333333, "MIN:accuracy.mean": 0.7712, "MAX:accuracy.mean": 0.8678666666666666, "MIN:accuracy.max": 0.9666666666666667, "MAX:accuracy.max": 0.98, "MIN:kappa.min": 0.0, "MAX:kappa.min": 0.0, "MIN:kappa.mean": 0.6568, "MAX:kappa.mean": 0.8017999999999997, "MIN:kappa.max": 0.95, "MAX:kappa.max": 0.97}