{"MIN:log_loss.min": 0.20854065228538657, "MAX:log_loss.min": 0.37977651587938854, "MIN:log_loss.mean": 0.639281236021904, "MAX:log_loss.mean": 0.8526240273475316, "MIN:log_loss.max": 1.0985135385167013, "MAX:log_loss.max": 1.9932742718169003, "MIN:accuracy.min": 0.3333333333333333, "MAX:accuracy.min": 0.8466666666666667, "MIN:accuracy.mean": 0.7289333333333334, "MAX:accuracy.mean": 0.8983333333333334, "MIN:accuracy.max": 0.8133333333333334, "MAX:accuracy.max": 0.96, "MIN:kappa.min": 0.0, "MAX:kappa.min": 0.77, "MIN:kappa.mean": 0.5933999999999999, "MAX:kappa.mean": 0.8475, "MIN:kappa.max": 0.72, "MAX:kappa.max": 0.9400000000000001}