{"mean accuracy": 0.7484666666666665, "max accuracy": 0.9666666666666666, "mean kappa": 0.6226999999999999, "max kappa": 0.9499999999999998}