{"MIN:log_loss.min": 0.15125035645786275, "MAX:log_loss.min": 0.41053610962721754, "MIN:log_loss.mean": 2.5916120144522274, "MAX:log_loss.mean": 5.023954880525108, "MIN:log_loss.max": 10.372477794388306, "MAX:log_loss.max": 15.375501278187311, "MIN:accuracy.min": 0.37333333333333335, "MAX:accuracy.min": 0.6666666666666666, "MIN:accuracy.mean": 0.6639999999999999, "MAX:accuracy.mean": 0.6970000000000002, "MIN:accuracy.max": 0.94, "MAX:accuracy.max": 0.96, "MIN:kappa.min": 0.06000000000000005, "MAX:kappa.min": 0.5, "MIN:kappa.mean": 0.496, "MAX:kappa.mean": 0.5455, "MIN:kappa.max": 0.91, "MAX:kappa.max": 0.9400000000000001}