{"MIN:log_loss.min": 0.7547822642830093, "MAX:log_loss.min": 0.9460284357945122, "MIN:log_loss.mean": 0.8503095294253488, "MAX:log_loss.mean": 1.0229050927163585, "MIN:log_loss.max": 1.1789878176660007, "MAX:log_loss.max": 1.2173362641602543, "MIN:accuracy.min": 0.3333333333333333, "MAX:accuracy.min": 0.3333333333333333, "MIN:accuracy.mean": 0.5578, "MAX:accuracy.mean": 0.6401333333333333, "MIN:accuracy.max": 0.6666666666666666, "MAX:accuracy.max": 0.9466666666666667, "MIN:kappa.min": -2.220446049250313e-16, "MAX:kappa.min": 0.0, "MIN:kappa.mean": 0.3367, "MAX:kappa.mean": 0.4602000000000001, "MIN:kappa.max": 0.5, "MAX:kappa.max": 0.92}