{"MIN:log_loss.min": 0.2344934488809541, "MAX:log_loss.min": 0.6706056330011351, "MIN:log_loss.mean": 0.6737731937402438, "MAX:log_loss.mean": 4.723278886391497, "MIN:log_loss.max": 1.2214044106060964, "MAX:log_loss.max": 11.82103044363834, "MIN:accuracy.min": 0.3333333333333333, "MAX:accuracy.min": 0.6533333333333333, "MIN:accuracy.mean": 0.6631333333333331, "MAX:accuracy.mean": 0.7088000000000001, "MIN:accuracy.max": 0.9466666666666667, "MAX:accuracy.max": 0.9733333333333334, "MIN:kappa.min": -2.220446049250313e-16, "MAX:kappa.min": 0.48, "MIN:kappa.mean": 0.4947000000000001, "MAX:kappa.mean": 0.5632, "MIN:kappa.max": 0.92, "MAX:kappa.max": 0.96}