{"MIN:log_loss.min": 0.8667678146424852, "MAX:log_loss.min": 0.8667678146424852, "MIN:log_loss.mean": 0.9243031705317856, "MAX:log_loss.mean": 0.9243031705317856, "MIN:log_loss.max": 1.2353630931272244, "MAX:log_loss.max": 1.2353630931272244, "MIN:accuracy.min": 0.43333333333333335, "MAX:accuracy.min": 0.43333333333333335, "MIN:accuracy.mean": 0.6622666666666669, "MAX:accuracy.mean": 0.6622666666666669, "MIN:accuracy.max": 0.7666666666666667, "MAX:accuracy.max": 0.7666666666666667, "MIN:kappa.min": 0.15000000000000002, "MAX:kappa.min": 0.15000000000000002, "MIN:kappa.mean": 0.49339999999999995, "MAX:kappa.mean": 0.49339999999999995, "MIN:kappa.max": 0.65, "MAX:kappa.max": 0.65}