{"MIN:log_loss.min": 0.15014851216160854, "MAX:log_loss.min": 0.619105624100679, "MIN:log_loss.mean": 0.644350707794866, "MAX:log_loss.mean": 0.8435730450551132, "MIN:log_loss.max": 1.1952233549799067, "MAX:log_loss.max": 1.2276530558567815, "MIN:accuracy.min": 0.3333333333333333, "MAX:accuracy.min": 0.66, "MIN:accuracy.mean": 0.6926000000000001, "MAX:accuracy.mean": 0.7574, "MIN:accuracy.max": 0.9533333333333334, "MAX:accuracy.max": 0.96, "MIN:kappa.min": 0.0, "MAX:kappa.min": 0.49, "MIN:kappa.mean": 0.5388999999999999, "MAX:kappa.mean": 0.6361, "MIN:kappa.max": 0.9299999999999999, "MAX:kappa.max": 0.9400000000000001}