{"MIN:log_loss.min": 0.26053695952899547, "MAX:log_loss.min": 0.2897828334683656, "MIN:log_loss.mean": 0.4310536634469772, "MAX:log_loss.mean": 0.4582096618913575, "MIN:log_loss.max": 0.8524479959598215, "MAX:log_loss.max": 1.4171142425527608, "MIN:accuracy.min": 0.6533333333333333, "MAX:accuracy.min": 0.6933333333333334, "MIN:accuracy.mean": 0.9165333333333333, "MAX:accuracy.mean": 0.9261333333333333, "MIN:accuracy.max": 0.96, "MAX:accuracy.max": 0.9666666666666667, "MIN:kappa.min": 0.48, "MAX:kappa.min": 0.54, "MIN:kappa.mean": 0.8748, "MAX:kappa.mean": 0.8892000000000002, "MIN:kappa.max": 0.9400000000000001, "MAX:kappa.max": 0.95}