{"MIN:log_loss.min": 0.1890252414022223, "MAX:log_loss.min": 0.37063432626673043, "MIN:log_loss.mean": 2.244687593114007, "MAX:log_loss.mean": 5.946687939883503, "MIN:log_loss.max": 11.743183974269634, "MAX:log_loss.max": 23.025850929940454, "MIN:accuracy.min": 0.3333333333333333, "MAX:accuracy.min": 0.6266666666666667, "MIN:accuracy.mean": 0.7012666666666667, "MAX:accuracy.mean": 0.7589333333333335, "MIN:accuracy.max": 0.96, "MAX:accuracy.max": 0.9666666666666667, "MIN:kappa.min": 0.0, "MAX:kappa.min": 0.43999999999999995, "MIN:kappa.mean": 0.5519000000000001, "MAX:kappa.mean": 0.6384, "MIN:kappa.max": 0.94, "MAX:kappa.max": 0.95}