{"mean accuracy": 0.6748666666666665, "max accuracy": 0.92, "mean kappa": 0.5123000000000002, "max kappa": 0.88}