{"MIN:log_loss.min": 0.6765932724561882, "MAX:log_loss.min": 0.8394313187918662, "MIN:log_loss.mean": 0.8452671615837773, "MAX:log_loss.mean": 1.0503045555366664, "MIN:log_loss.max": 1.0916569337357047, "MAX:log_loss.max": 1.2836306282396444, "MIN:accuracy.min": 0.3333333333333333, "MAX:accuracy.min": 0.4866666666666667, "MIN:accuracy.mean": 0.591, "MAX:accuracy.mean": 0.6132666666666666, "MIN:accuracy.max": 0.6666666666666666, "MAX:accuracy.max": 0.8933333333333333, "MIN:kappa.min": -2.220446049250313e-16, "MAX:kappa.min": 0.22999999999999998, "MIN:kappa.mean": 0.38650000000000007, "MAX:kappa.mean": 0.4199, "MIN:kappa.max": 0.5, "MAX:kappa.max": 0.84}