{"MIN:log_loss.min": 0.27164591096609686, "MAX:log_loss.min": 0.43141155889344207, "MIN:log_loss.mean": 0.7048533527141686, "MAX:log_loss.mean": 1.749677146879989, "MIN:log_loss.max": 1.1991974687993696, "MAX:log_loss.max": 13.276402015242395, "MIN:accuracy.min": 0.31333333333333335, "MAX:accuracy.min": 0.3333333333333333, "MIN:accuracy.mean": 0.6756666666666666, "MAX:accuracy.mean": 0.7201999999999997, "MIN:accuracy.max": 0.96, "MAX:accuracy.max": 0.9666666666666667, "MIN:kappa.min": -0.030000000000000027, "MAX:kappa.min": 0.0, "MIN:kappa.mean": 0.5135, "MAX:kappa.mean": 0.5803, "MIN:kappa.max": 0.94, "MAX:kappa.max": 0.95}