{"MIN:log_loss.min": 0.2466861944016882, "MAX:log_loss.min": 0.40099824497575765, "MIN:log_loss.mean": 0.5802061470012047, "MAX:log_loss.mean": 0.6974237475056873, "MIN:log_loss.max": 1.0382957565191766, "MAX:log_loss.max": 4.883440614716008, "MIN:accuracy.min": 0.4, "MAX:accuracy.min": 0.6266666666666667, "MIN:accuracy.mean": 0.7698666666666668, "MAX:accuracy.mean": 0.8188000000000001, "MIN:accuracy.max": 0.9466666666666667, "MAX:accuracy.max": 0.96, "MIN:kappa.min": 0.09999999999999998, "MAX:kappa.min": 0.43999999999999995, "MIN:kappa.mean": 0.6547999999999997, "MAX:kappa.mean": 0.7282000000000001, "MIN:kappa.max": 0.92, "MAX:kappa.max": 0.9400000000000001}