{"mean accuracy": 0.5620666666666668, "max accuracy": 0.6666666666666666, "mean kappa": 0.3430999999999999, "max kappa": 0.5}