{"MIN:log_loss.min": 0.2812550529097209, "MAX:log_loss.min": 0.3665414797981008, "MIN:log_loss.mean": 0.666116786343347, "MAX:log_loss.mean": 0.7204460063245377, "MIN:log_loss.max": 1.0928538710491509, "MAX:log_loss.max": 1.3566372090128977, "MIN:accuracy.min": 0.3333333333333333, "MAX:accuracy.min": 0.3466666666666667, "MIN:accuracy.mean": 0.7252666666666667, "MAX:accuracy.mean": 0.7721333333333333, "MIN:accuracy.max": 0.9533333333333334, "MAX:accuracy.max": 0.96, "MIN:kappa.min": -2.220446049250313e-16, "MAX:kappa.min": 0.020000000000000018, "MIN:kappa.mean": 0.5879000000000001, "MAX:kappa.mean": 0.6582000000000001, "MIN:kappa.max": 0.9299999999999999, "MAX:kappa.max": 0.9400000000000001}