{"MIN:log_loss.min": 0.17304857030017087, "MAX:log_loss.min": 0.25633410984627947, "MIN:log_loss.mean": 0.6401383091321847, "MAX:log_loss.mean": 0.9349129507623863, "MIN:log_loss.max": 1.0985705450830732, "MAX:log_loss.max": 4.28250615743147, "MIN:accuracy.min": 0.08666666666666667, "MAX:accuracy.min": 0.3333333333333333, "MIN:accuracy.mean": 0.6733333333333333, "MAX:accuracy.mean": 0.7313333333333332, "MIN:accuracy.max": 0.96, "MAX:accuracy.max": 0.9666666666666667, "MIN:kappa.min": -0.3700000000000001, "MAX:kappa.min": 0.0, "MIN:kappa.mean": 0.5100000000000001, "MAX:kappa.mean": 0.597, "MIN:kappa.max": 0.9400000000000001, "MAX:kappa.max": 0.95}