{"MIN:log_loss.min": 0.4168171508564414, "MAX:log_loss.min": 0.4887032911974949, "MIN:log_loss.mean": 0.7457423703505052, "MAX:log_loss.mean": 1.707416099262728, "MIN:log_loss.max": 1.098557034461162, "MAX:log_loss.max": 7.4785875822468775, "MIN:accuracy.min": 0.32666666666666666, "MAX:accuracy.min": 0.6666666666666666, "MIN:accuracy.mean": 0.6293333333333332, "MAX:accuracy.mean": 0.6740666666666668, "MIN:accuracy.max": 0.6666666666666666, "MAX:accuracy.max": 0.96, "MIN:kappa.min": -0.010000000000000009, "MAX:kappa.min": 0.5, "MIN:kappa.mean": 0.44400000000000006, "MAX:kappa.mean": 0.5111, "MIN:kappa.max": 0.5, "MAX:kappa.max": 0.9400000000000001}