{"mean accuracy": 0.9449333333333333, "max accuracy": 0.96, "mean kappa": 0.9173999999999995, "max kappa": 0.94}