{"MIN:log_loss.min": 0.6411089053425713, "MAX:log_loss.min": 0.868119339550494, "MIN:log_loss.mean": 0.7757243984685255, "MAX:log_loss.mean": 0.9316474793998202, "MIN:log_loss.max": 1.6673773981011846, "MAX:log_loss.max": 1.9679152055961655, "MIN:accuracy.min": 0.3333333333333333, "MAX:accuracy.min": 0.56, "MIN:accuracy.mean": 0.6503333333333334, "MAX:accuracy.mean": 0.7303333333333335, "MIN:accuracy.max": 0.94, "MAX:accuracy.max": 0.9666666666666667, "MIN:kappa.min": -2.220446049250313e-16, "MAX:kappa.min": 0.33999999999999997, "MIN:kappa.mean": 0.4755, "MAX:kappa.mean": 0.5955, "MIN:kappa.max": 0.91, "MAX:kappa.max": 0.95}