{"MIN:log_loss.min": 0.5122608199516603, "MAX:log_loss.min": 0.5753955562740888, "MIN:log_loss.mean": 0.573450508676412, "MAX:log_loss.mean": 0.6385059185377743, "MIN:log_loss.max": 0.816751910999667, "MAX:log_loss.max": 0.893209444017993, "MIN:accuracy.min": 0.6533333333333333, "MAX:accuracy.min": 0.6666666666666666, "MIN:accuracy.mean": 0.6665333333333335, "MAX:accuracy.mean": 0.8384666666666667, "MIN:accuracy.max": 0.6666666666666666, "MAX:accuracy.max": 0.96, "MIN:kappa.min": 0.48, "MAX:kappa.min": 0.5, "MIN:kappa.mean": 0.4998, "MAX:kappa.mean": 0.7576999999999998, "MIN:kappa.max": 0.5, "MAX:kappa.max": 0.9400000000000001}