{"MIN:log_loss.min": 0.47333916325815345, "MAX:log_loss.min": 0.601481994946882, "MIN:log_loss.mean": 1.1080863837764903, "MAX:log_loss.mean": 1.140694684652814, "MIN:log_loss.max": 2.7722602460666956, "MAX:log_loss.max": 2.7735477258070045, "MIN:accuracy.min": 0.3333333333333333, "MAX:accuracy.min": 0.3333333333333333, "MIN:accuracy.mean": 0.5994666666666666, "MAX:accuracy.mean": 0.6176666666666666, "MIN:accuracy.max": 0.8933333333333333, "MAX:accuracy.max": 0.9, "MIN:kappa.min": 0.0, "MAX:kappa.min": 0.0, "MIN:kappa.mean": 0.3992, "MAX:kappa.mean": 0.4265, "MIN:kappa.max": 0.84, "MAX:kappa.max": 0.8500000000000001}