{"MIN:log_loss.min": 0.6248240675585818, "MAX:log_loss.min": 0.7729290431119661, "MIN:log_loss.mean": 0.8977381867904498, "MAX:log_loss.mean": 0.9323547526792635, "MIN:log_loss.max": 1.1903795400682868, "MAX:log_loss.max": 1.195913667337456, "MIN:accuracy.min": 0.3333333333333333, "MAX:accuracy.min": 0.52, "MIN:accuracy.mean": 0.6968000000000001, "MAX:accuracy.mean": 0.7057333333333333, "MIN:accuracy.max": 0.9533333333333334, "MAX:accuracy.max": 0.9533333333333334, "MIN:kappa.min": 0.0, "MAX:kappa.min": 0.2799999999999999, "MIN:kappa.mean": 0.5451999999999999, "MAX:kappa.mean": 0.5586000000000001, "MIN:kappa.max": 0.9299999999999999, "MAX:kappa.max": 0.9299999999999999}