{"MIN:log_loss.min": 0.4335428438224943, "MAX:log_loss.min": 0.5882870748814795, "MIN:log_loss.mean": 0.5654951418126671, "MAX:log_loss.mean": 0.70076179971257, "MIN:log_loss.max": 0.8180135230909555, "MAX:log_loss.max": 0.9413109201879589, "MIN:accuracy.min": 0.44666666666666666, "MAX:accuracy.min": 0.7133333333333334, "MIN:accuracy.mean": 0.9124666666666665, "MAX:accuracy.mean": 0.9352666666666666, "MIN:accuracy.max": 0.96, "MAX:accuracy.max": 0.9666666666666667, "MIN:kappa.min": 0.16999999999999993, "MAX:kappa.min": 0.5700000000000001, "MIN:kappa.mean": 0.8687, "MAX:kappa.mean": 0.9028999999999999, "MIN:kappa.max": 0.9400000000000001, "MAX:kappa.max": 0.95}