{"MIN:log_loss.min": 0.4699784010058873, "MAX:log_loss.min": 0.5885748524140155, "MIN:log_loss.mean": 0.6251232061493908, "MAX:log_loss.mean": 0.7071324708208385, "MIN:log_loss.max": 0.8822847051928607, "MAX:log_loss.max": 1.023938726728852, "MIN:accuracy.min": 0.38666666666666666, "MAX:accuracy.min": 0.7133333333333334, "MIN:accuracy.mean": 0.8064666666666668, "MAX:accuracy.mean": 0.8464666666666667, "MIN:accuracy.max": 0.9133333333333333, "MAX:accuracy.max": 0.9533333333333334, "MIN:kappa.min": 0.07999999999999996, "MAX:kappa.min": 0.5700000000000001, "MIN:kappa.mean": 0.7097, "MAX:kappa.mean": 0.7697000000000002, "MIN:kappa.max": 0.87, "MAX:kappa.max": 0.9299999999999999}