{"MIN:log_loss.min": 0.18705662345699337, "MAX:log_loss.min": 0.35123314659884025, "MIN:log_loss.mean": 0.5582544193609332, "MAX:log_loss.mean": 1.3574495446927355, "MIN:log_loss.max": 3.9228497837115985, "MAX:log_loss.max": 11.526954569270877, "MIN:accuracy.min": 0.3333333333333333, "MAX:accuracy.min": 0.6666666666666666, "MIN:accuracy.mean": 0.7636, "MAX:accuracy.mean": 0.8710000000000001, "MIN:accuracy.max": 0.94, "MAX:accuracy.max": 0.96, "MIN:kappa.min": 0.0, "MAX:kappa.min": 0.5, "MIN:kappa.mean": 0.6454000000000001, "MAX:kappa.mean": 0.8064999999999999, "MIN:kappa.max": 0.91, "MAX:kappa.max": 0.9400000000000001}