{"MIN:log_loss.min": 0.34048052048416033, "MAX:log_loss.min": 0.7761720798122878, "MIN:log_loss.mean": 0.7107321979267904, "MAX:log_loss.mean": 1.283161011431854, "MIN:log_loss.max": 1.1938297417346921, "MAX:log_loss.max": 3.8330205698049014, "MIN:accuracy.min": 0.3333333333333333, "MAX:accuracy.min": 0.62, "MIN:accuracy.mean": 0.6628666666666667, "MAX:accuracy.mean": 0.7043999999999998, "MIN:accuracy.max": 0.9066666666666666, "MAX:accuracy.max": 0.96, "MIN:kappa.min": 0.0, "MAX:kappa.min": 0.43000000000000005, "MIN:kappa.mean": 0.4943, "MAX:kappa.mean": 0.5566000000000001, "MIN:kappa.max": 0.86, "MAX:kappa.max": 0.9400000000000001}