{"mean accuracy": 0.8847333333333333, "max accuracy": 0.9733333333333332, "mean kappa": 0.8271000000000001, "max kappa": 0.9599999999999997}