{"MIN:log_loss.min": 0.1923106790942044, "MAX:log_loss.min": 0.2915112887559977, "MIN:log_loss.mean": 0.5464293656890373, "MAX:log_loss.mean": 0.701442616100548, "MIN:log_loss.max": 1.0980599747322435, "MAX:log_loss.max": 1.0980607765962584, "MIN:accuracy.min": 0.3333333333333333, "MAX:accuracy.min": 0.5266666666666666, "MIN:accuracy.mean": 0.7243333333333334, "MAX:accuracy.mean": 0.8124666666666667, "MIN:accuracy.max": 0.9466666666666667, "MAX:accuracy.max": 0.96, "MIN:kappa.min": -2.220446049250313e-16, "MAX:kappa.min": 0.29000000000000004, "MIN:kappa.mean": 0.5865, "MAX:kappa.mean": 0.7187, "MIN:kappa.max": 0.92, "MAX:kappa.max": 0.9400000000000001}