{"MIN:log_loss.min": 0.5680548164230923, "MAX:log_loss.min": 0.6617259918639377, "MIN:log_loss.mean": 0.9167957287563314, "MAX:log_loss.mean": 1.0544989968966267, "MIN:log_loss.max": 1.2139028787280015, "MAX:log_loss.max": 1.4065536515890262, "MIN:accuracy.min": 0.3333333333333333, "MAX:accuracy.min": 0.3333333333333333, "MIN:accuracy.mean": 0.5544, "MAX:accuracy.mean": 0.5932000000000001, "MIN:accuracy.max": 0.94, "MAX:accuracy.max": 0.9666666666666667, "MIN:kappa.min": 0.0, "MAX:kappa.min": 0.0, "MIN:kappa.mean": 0.33160000000000006, "MAX:kappa.mean": 0.3898, "MIN:kappa.max": 0.91, "MAX:kappa.max": 0.95}