{"MIN:log_loss.min": 0.41738900367643417, "MAX:log_loss.min": 0.48017440874422257, "MIN:log_loss.mean": 0.5861045149164671, "MAX:log_loss.mean": 0.8244472191988811, "MIN:log_loss.max": 1.098612141713615, "MAX:log_loss.max": 2.0415873203727393, "MIN:accuracy.min": 0.3333333333333333, "MAX:accuracy.min": 0.56, "MIN:accuracy.mean": 0.6242, "MAX:accuracy.mean": 0.6609333333333336, "MIN:accuracy.max": 0.6666666666666666, "MAX:accuracy.max": 0.6666666666666666, "MIN:kappa.min": 0.0, "MAX:kappa.min": 0.33999999999999997, "MIN:kappa.mean": 0.43629999999999997, "MAX:kappa.mean": 0.4914, "MIN:kappa.max": 0.5, "MAX:kappa.max": 0.5}