{"MIN:log_loss.min": 0.3975977621129203, "MAX:log_loss.min": 0.6638619334438542, "MIN:log_loss.mean": 0.7377192143772632, "MAX:log_loss.mean": 5.785688644188912, "MIN:log_loss.max": 1.2174838251876132, "MAX:log_loss.max": 12.724754068071116, "MIN:accuracy.min": 0.3333333333333333, "MAX:accuracy.min": 0.56, "MIN:accuracy.mean": 0.6343333333333332, "MAX:accuracy.mean": 0.6917333333333333, "MIN:accuracy.max": 0.9, "MAX:accuracy.max": 0.96, "MIN:kappa.min": 0.0, "MAX:kappa.min": 0.33999999999999997, "MIN:kappa.mean": 0.4515, "MAX:kappa.mean": 0.5376, "MIN:kappa.max": 0.85, "MAX:kappa.max": 0.9400000000000001}