{"MIN:log_loss.min": 0.4770787104795216, "MAX:log_loss.min": 0.5911389393031111, "MIN:log_loss.mean": 0.7388903500398782, "MAX:log_loss.mean": 0.836893434894385, "MIN:log_loss.max": 1.156983048883602, "MAX:log_loss.max": 1.3541897863982904, "MIN:accuracy.min": 0.0, "MAX:accuracy.min": 0.3333333333333333, "MIN:accuracy.mean": 0.6302, "MAX:accuracy.mean": 0.7297333333333333, "MIN:accuracy.max": 0.96, "MAX:accuracy.max": 0.96, "MIN:kappa.min": -0.4999999999999998, "MAX:kappa.min": 0.0, "MIN:kappa.mean": 0.44530000000000003, "MAX:kappa.mean": 0.5946, "MIN:kappa.max": 0.94, "MAX:kappa.max": 0.9400000000000001}