{"MIN:log_loss.min": 0.12325518528121458, "MAX:log_loss.min": 0.24186895480858367, "MIN:log_loss.mean": 0.47913073272697565, "MAX:log_loss.mean": 0.58341463277358, "MIN:log_loss.max": 1.0332627038581417, "MAX:log_loss.max": 1.0829193979089535, "MIN:accuracy.min": 0.2733333333333333, "MAX:accuracy.min": 0.7666666666666667, "MIN:accuracy.mean": 0.9084666666666663, "MAX:accuracy.mean": 0.9328666666666665, "MIN:accuracy.max": 0.9466666666666667, "MAX:accuracy.max": 0.96, "MIN:kappa.min": -0.09000000000000008, "MAX:kappa.min": 0.65, "MIN:kappa.mean": 0.8626999999999997, "MAX:kappa.mean": 0.8993000000000001, "MIN:kappa.max": 0.92, "MAX:kappa.max": 0.94}