{"MIN:log_loss.min": 0.15877262486872662, "MAX:log_loss.min": 0.1904731848068435, "MIN:log_loss.mean": 0.9981930550604399, "MAX:log_loss.mean": 1.1432395585503583, "MIN:log_loss.max": 6.447238260383329, "MAX:log_loss.max": 9.901115899874396, "MIN:accuracy.min": 0.36666666666666664, "MAX:accuracy.min": 0.6666666666666666, "MIN:accuracy.mean": 0.8201999999999999, "MAX:accuracy.mean": 0.8314666666666665, "MIN:accuracy.max": 0.96, "MAX:accuracy.max": 0.96, "MIN:kappa.min": 0.050000000000000044, "MAX:kappa.min": 0.5, "MIN:kappa.mean": 0.7303000000000001, "MAX:kappa.mean": 0.7472, "MIN:kappa.max": 0.94, "MAX:kappa.max": 0.9400000000000001}