{"MIN:log_loss.min": 0.04440276191045098, "MAX:log_loss.min": 0.1047061797443691, "MIN:log_loss.mean": 0.4144936977191893, "MAX:log_loss.mean": 0.4712164779067091, "MIN:log_loss.max": 1.1008303611818786, "MAX:log_loss.max": 1.1726213696995964, "MIN:accuracy.min": 0.013333333333333334, "MAX:accuracy.min": 0.3466666666666667, "MIN:accuracy.mean": 0.7802, "MAX:accuracy.mean": 0.8336666666666668, "MIN:accuracy.max": 0.9733333333333334, "MAX:accuracy.max": 0.9933333333333333, "MIN:kappa.min": -0.48, "MAX:kappa.min": 0.020000000000000018, "MIN:kappa.mean": 0.6703, "MAX:kappa.mean": 0.7504999999999998, "MIN:kappa.max": 0.96, "MAX:kappa.max": 0.99}