{"MIN:log_loss.min": 0.8280078380745478, "MAX:log_loss.min": 0.9290673702426129, "MIN:log_loss.mean": 0.9210327178131992, "MAX:log_loss.mean": 1.0235104986191261, "MIN:log_loss.max": 1.0521635884589884, "MAX:log_loss.max": 2.4943749038446814, "MIN:accuracy.min": 0.3333333333333333, "MAX:accuracy.min": 0.36666666666666664, "MIN:accuracy.mean": 0.6418, "MAX:accuracy.mean": 0.6944666666666667, "MIN:accuracy.max": 0.6666666666666666, "MAX:accuracy.max": 0.9133333333333333, "MIN:kappa.min": 0.0, "MAX:kappa.min": 0.050000000000000044, "MIN:kappa.mean": 0.46269999999999994, "MAX:kappa.mean": 0.5417000000000001, "MIN:kappa.max": 0.5, "MAX:kappa.max": 0.87}