{"MIN:log_loss.min": 0.45274652637614643, "MAX:log_loss.min": 1.1869408049689898, "MIN:log_loss.mean": 0.9438507284227451, "MAX:log_loss.mean": 2.2584057323439723, "MIN:log_loss.max": 1.8885772972114496, "MAX:log_loss.max": 16.25973425324013, "MIN:accuracy.min": 0.10666666666666667, "MAX:accuracy.min": 0.6666666666666666, "MIN:accuracy.mean": 0.5686, "MAX:accuracy.mean": 0.6666666666666669, "MIN:accuracy.max": 0.6666666666666666, "MAX:accuracy.max": 0.96, "MIN:kappa.min": -0.3400000000000001, "MAX:kappa.min": 0.5, "MIN:kappa.mean": 0.35290000000000005, "MAX:kappa.mean": 0.5, "MIN:kappa.max": 0.5, "MAX:kappa.max": 0.9400000000000001}