{"MIN:log_loss.min": 0.10034814396255777, "MAX:log_loss.min": 0.14512851367570628, "MIN:log_loss.mean": 3.94639142183315, "MAX:log_loss.mean": 4.11667589425373, "MIN:log_loss.max": 11.512925464970227, "MAX:log_loss.max": 11.74393146352517, "MIN:accuracy.min": 0.3333333333333333, "MAX:accuracy.min": 0.3333333333333333, "MIN:accuracy.mean": 0.6707333333333334, "MAX:accuracy.mean": 0.6818, "MIN:accuracy.max": 0.9666666666666667, "MAX:accuracy.max": 0.9666666666666667, "MIN:kappa.min": -2.220446049250313e-16, "MAX:kappa.min": -2.220446049250313e-16, "MIN:kappa.mean": 0.5061, "MAX:kappa.mean": 0.5227, "MIN:kappa.max": 0.95, "MAX:kappa.max": 0.95}