{"MIN:log_loss.min": 0.7732172854311389, "MAX:log_loss.min": 1.0387333734336237, "MIN:log_loss.mean": 0.9628824745193058, "MAX:log_loss.mean": 1.3152503383764746, "MIN:log_loss.max": 1.15376547229129, "MAX:log_loss.max": 7.820527648072739, "MIN:accuracy.min": 0.3333333333333333, "MAX:accuracy.min": 0.6666666666666666, "MIN:accuracy.mean": 0.6216, "MAX:accuracy.mean": 0.6666666666666669, "MIN:accuracy.max": 0.6666666666666666, "MAX:accuracy.max": 0.6666666666666666, "MIN:kappa.min": 0.0, "MAX:kappa.min": 0.5, "MIN:kappa.mean": 0.4324, "MAX:kappa.mean": 0.5, "MIN:kappa.max": 0.5, "MAX:kappa.max": 0.5}