{"MIN:log_loss.min": 0.14731013357435088, "MAX:log_loss.min": 0.3555337906950194, "MIN:log_loss.mean": 0.6322953255096359, "MAX:log_loss.mean": 2.422186686417526, "MIN:log_loss.max": 1.0976378547469297, "MAX:log_loss.max": 12.013661019598054, "MIN:accuracy.min": 0.38666666666666666, "MAX:accuracy.min": 0.48, "MIN:accuracy.mean": 0.7678, "MAX:accuracy.mean": 0.7761333333333333, "MIN:accuracy.max": 0.9533333333333334, "MAX:accuracy.max": 0.9533333333333334, "MIN:kappa.min": 0.07999999999999996, "MAX:kappa.min": 0.21999999999999997, "MIN:kappa.mean": 0.6517000000000001, "MAX:kappa.mean": 0.6642000000000001, "MIN:kappa.max": 0.9299999999999999, "MAX:kappa.max": 0.9299999999999999}