{"MIN:log_loss.min": 0.528367307020966, "MAX:log_loss.min": 0.6089494836628777, "MIN:log_loss.mean": 0.6466906605607415, "MAX:log_loss.mean": 0.7525068146955131, "MIN:log_loss.max": 0.9108941163358251, "MAX:log_loss.max": 4.426937236292037, "MIN:accuracy.min": 0.02666666666666667, "MAX:accuracy.min": 0.6533333333333333, "MIN:accuracy.mean": 0.8498, "MAX:accuracy.mean": 0.9092666666666664, "MIN:accuracy.max": 0.96, "MAX:accuracy.max": 0.9733333333333334, "MIN:kappa.min": -0.4600000000000002, "MAX:kappa.min": 0.48, "MIN:kappa.mean": 0.7746999999999999, "MAX:kappa.mean": 0.8639, "MIN:kappa.max": 0.9400000000000001, "MAX:kappa.max": 0.96}