{"MIN:log_loss.min": 0.48305946880157213, "MAX:log_loss.min": 0.5106631428955146, "MIN:log_loss.mean": 0.7747440404363151, "MAX:log_loss.mean": 0.7802279943004025, "MIN:log_loss.max": 1.0985437352466687, "MAX:log_loss.max": 1.0985439965295367, "MIN:accuracy.min": 0.3333333333333333, "MAX:accuracy.min": 0.3333333333333333, "MIN:accuracy.mean": 0.6439333333333334, "MAX:accuracy.mean": 0.6484666666666667, "MIN:accuracy.max": 0.6666666666666666, "MAX:accuracy.max": 0.6666666666666666, "MIN:kappa.min": 0.0, "MAX:kappa.min": 0.0, "MIN:kappa.mean": 0.46590000000000004, "MAX:kappa.mean": 0.47269999999999995, "MIN:kappa.max": 0.5, "MAX:kappa.max": 0.5}