{"MIN:log_loss.min": 0.15755694560617986, "MAX:log_loss.min": 0.26547490161554077, "MIN:log_loss.mean": 0.2931912918027554, "MAX:log_loss.mean": 0.6046376018530089, "MIN:log_loss.max": 0.6611438842224309, "MAX:log_loss.max": 8.71225592309958, "MIN:accuracy.min": 0.4266666666666667, "MAX:accuracy.min": 0.5933333333333334, "MIN:accuracy.mean": 0.8728666666666666, "MAX:accuracy.mean": 0.9132000000000001, "MIN:accuracy.max": 0.96, "MAX:accuracy.max": 0.98, "MIN:kappa.min": 0.14, "MAX:kappa.min": 0.39, "MIN:kappa.mean": 0.8093, "MAX:kappa.mean": 0.8697999999999999, "MIN:kappa.max": 0.94, "MAX:kappa.max": 0.97}