{"MIN:log_loss.min": 0.4282518067755081, "MAX:log_loss.min": 0.522160757162821, "MIN:log_loss.mean": 0.5488126607426326, "MAX:log_loss.mean": 0.5870565129497392, "MIN:log_loss.max": 0.8255544243697521, "MAX:log_loss.max": 0.885620416184764, "MIN:accuracy.min": 0.6666666666666666, "MAX:accuracy.min": 0.7666666666666667, "MIN:accuracy.mean": 0.8869999999999999, "MAX:accuracy.mean": 0.9175333333333335, "MIN:accuracy.max": 0.9466666666666667, "MAX:accuracy.max": 0.96, "MIN:kappa.min": 0.5, "MAX:kappa.min": 0.65, "MIN:kappa.mean": 0.8305, "MAX:kappa.mean": 0.8763000000000001, "MIN:kappa.max": 0.92, "MAX:kappa.max": 0.9400000000000001}