{"MIN:log_loss.min": 0.21584658964664877, "MAX:log_loss.min": 0.9677495833261461, "MIN:log_loss.mean": 0.9177986927375978, "MAX:log_loss.mean": 1.0891885267389418, "MIN:log_loss.max": 1.0986122886681096, "MAX:log_loss.max": 1.5427576553666689, "MIN:accuracy.min": 0.3333333333333333, "MAX:accuracy.min": 0.3333333333333333, "MIN:accuracy.mean": 0.4845999999999999, "MAX:accuracy.mean": 0.5534, "MIN:accuracy.max": 0.6666666666666666, "MAX:accuracy.max": 0.96, "MIN:kappa.min": -2.220446049250313e-16, "MAX:kappa.min": 0.0, "MIN:kappa.mean": 0.2269, "MAX:kappa.mean": 0.33010000000000006, "MIN:kappa.max": 0.5, "MAX:kappa.max": 0.9400000000000001}