{"MIN:log_loss.min": 0.6065305806068569, "MAX:log_loss.min": 0.8869086152422331, "MIN:log_loss.mean": 0.9740072738555753, "MAX:log_loss.mean": 1.0254607586538393, "MIN:log_loss.max": 1.1909205732082995, "MAX:log_loss.max": 1.374492184575553, "MIN:accuracy.min": 0.16, "MAX:accuracy.min": 0.3333333333333333, "MIN:accuracy.mean": 0.5510666666666666, "MAX:accuracy.mean": 0.5712666666666667, "MIN:accuracy.max": 0.6666666666666666, "MAX:accuracy.max": 0.96, "MIN:kappa.min": -0.2599999999999998, "MAX:kappa.min": 0.0, "MIN:kappa.mean": 0.32659999999999995, "MAX:kappa.mean": 0.35690000000000005, "MIN:kappa.max": 0.5, "MAX:kappa.max": 0.94}