{"MIN:log_loss.min": 0.6544319529522991, "MAX:log_loss.min": 0.9312148585717, "MIN:log_loss.mean": 0.8428872920763375, "MAX:log_loss.mean": 0.9731183049532404, "MIN:log_loss.max": 1.1073219294878784, "MAX:log_loss.max": 3.6780701020614166, "MIN:accuracy.min": 0.3333333333333333, "MAX:accuracy.min": 0.3333333333333333, "MIN:accuracy.mean": 0.6008666666666665, "MAX:accuracy.mean": 0.6405333333333334, "MIN:accuracy.max": 0.6666666666666666, "MAX:accuracy.max": 0.6666666666666666, "MIN:kappa.min": 0.0, "MAX:kappa.min": 0.0, "MIN:kappa.mean": 0.40129999999999993, "MAX:kappa.mean": 0.4608, "MIN:kappa.max": 0.5, "MAX:kappa.max": 0.5}