{"MIN:log_loss.min": 0.19150555911884293, "MAX:log_loss.min": 0.2036333852031647, "MIN:log_loss.mean": 0.5107695943776623, "MAX:log_loss.mean": 0.5607520424511788, "MIN:log_loss.max": 1.0863569269464461, "MAX:log_loss.max": 1.1258420518205665, "MIN:accuracy.min": 0.23333333333333334, "MAX:accuracy.min": 0.23333333333333334, "MIN:accuracy.mean": 0.8033333333333331, "MAX:accuracy.mean": 0.8357999999999999, "MIN:accuracy.max": 0.96, "MAX:accuracy.max": 0.96, "MIN:kappa.min": -0.1499999999999999, "MAX:kappa.min": -0.1499999999999999, "MIN:kappa.mean": 0.7049999999999998, "MAX:kappa.mean": 0.7536999999999999, "MIN:kappa.max": 0.94, "MAX:kappa.max": 0.9400000000000001}