{"MIN:log_loss.min": 0.2603436105748266, "MAX:log_loss.min": 0.3695518571581089, "MIN:log_loss.mean": 0.6078461771270028, "MAX:log_loss.mean": 0.7193269295715488, "MIN:log_loss.max": 1.0978331431263053, "MAX:log_loss.max": 1.097915045676877, "MIN:accuracy.min": 0.34, "MAX:accuracy.min": 0.66, "MIN:accuracy.mean": 0.7148666666666667, "MAX:accuracy.mean": 0.7673333333333333, "MIN:accuracy.max": 0.92, "MAX:accuracy.max": 0.9266666666666666, "MIN:kappa.min": 0.010000000000000009, "MAX:kappa.min": 0.49, "MIN:kappa.mean": 0.5722999999999999, "MAX:kappa.mean": 0.6509999999999999, "MIN:kappa.max": 0.88, "MAX:kappa.max": 0.89}