{"MIN:log_loss.min": 0.1201166895523864, "MAX:log_loss.min": 0.2660059325719677, "MIN:log_loss.mean": 0.17101769959717533, "MAX:log_loss.mean": 0.3151385280784258, "MIN:log_loss.max": 0.4688337012505234, "MAX:log_loss.max": 0.7400957546319333, "MIN:accuracy.min": 0.56, "MAX:accuracy.min": 0.8133333333333334, "MIN:accuracy.mean": 0.9271333333333331, "MAX:accuracy.mean": 0.9492000000000002, "MIN:accuracy.max": 0.96, "MAX:accuracy.max": 0.96, "MIN:kappa.min": 0.33999999999999997, "MAX:kappa.min": 0.72, "MIN:kappa.mean": 0.8906999999999999, "MAX:kappa.mean": 0.9238, "MIN:kappa.max": 0.94, "MAX:kappa.max": 0.9400000000000001}