{"MIN:log_loss.min": 0.2509063355137244, "MAX:log_loss.min": 0.25976230842682146, "MIN:log_loss.mean": 0.6146928371223646, "MAX:log_loss.mean": 0.6393885980263669, "MIN:log_loss.max": 15.780604151390968, "MAX:log_loss.max": 15.792825661099577, "MIN:accuracy.min": 0.3333333333333333, "MAX:accuracy.min": 0.3333333333333333, "MIN:accuracy.mean": 0.8232, "MAX:accuracy.mean": 0.8321999999999998, "MIN:accuracy.max": 0.94, "MAX:accuracy.max": 0.9466666666666667, "MIN:kappa.min": 0.0, "MAX:kappa.min": 0.0, "MIN:kappa.mean": 0.7347999999999999, "MAX:kappa.mean": 0.7483, "MIN:kappa.max": 0.91, "MAX:kappa.max": 0.92}