{"MIN:log_loss.min": 0.41280597891551346, "MAX:log_loss.min": 0.4940396078665837, "MIN:log_loss.mean": 0.5278941740357019, "MAX:log_loss.mean": 0.6038138037015215, "MIN:log_loss.max": 0.9478362469552796, "MAX:log_loss.max": 0.9931867706214471, "MIN:accuracy.min": 0.4866666666666667, "MAX:accuracy.min": 0.6066666666666667, "MIN:accuracy.mean": 0.8944666666666667, "MAX:accuracy.mean": 0.9146666666666665, "MIN:accuracy.max": 0.94, "MAX:accuracy.max": 0.9666666666666667, "MIN:kappa.min": 0.22999999999999998, "MAX:kappa.min": 0.41000000000000003, "MIN:kappa.mean": 0.8417, "MAX:kappa.mean": 0.8720000000000002, "MIN:kappa.max": 0.91, "MAX:kappa.max": 0.95}