{"MIN:log_loss.min": 0.6792548723940897, "MAX:log_loss.min": 0.9177642826430824, "MIN:log_loss.mean": 1.0627881157923804, "MAX:log_loss.mean": 1.296050043143681, "MIN:log_loss.max": 1.2853362006439868, "MAX:log_loss.max": 2.8001139199269742, "MIN:accuracy.min": 0.2866666666666667, "MAX:accuracy.min": 0.56, "MIN:accuracy.mean": 0.5640666666666667, "MAX:accuracy.mean": 0.6701333333333334, "MIN:accuracy.max": 0.6666666666666666, "MAX:accuracy.max": 0.96, "MIN:kappa.min": -0.07000000000000006, "MAX:kappa.min": 0.33999999999999997, "MIN:kappa.mean": 0.3461, "MAX:kappa.mean": 0.5052, "MIN:kappa.max": 0.5, "MAX:kappa.max": 0.9400000000000001}