{"mean accuracy": 0.6056666666666666, "max accuracy": 0.8933333333333333, "mean kappa": 0.40849999999999986, "max kappa": 0.84}