{"MIN:log_loss.min": 0.40941478102941, "MAX:log_loss.min": 0.6840012308121903, "MIN:log_loss.mean": 0.7634317306315443, "MAX:log_loss.mean": 4.197650675128984, "MIN:log_loss.max": 3.227335855646961, "MAX:log_loss.max": 15.27258543335564, "MIN:accuracy.min": 0.3333333333333333, "MAX:accuracy.min": 0.3333333333333333, "MIN:accuracy.mean": 0.6109333333333333, "MAX:accuracy.mean": 0.6592666666666667, "MIN:accuracy.max": 0.6666666666666666, "MAX:accuracy.max": 0.96, "MIN:kappa.min": -2.220446049250313e-16, "MAX:kappa.min": 0.0, "MIN:kappa.mean": 0.4164, "MAX:kappa.mean": 0.4889, "MIN:kappa.max": 0.5, "MAX:kappa.max": 0.9400000000000001}