{"MIN:log_loss.min": 0.3010139124140785, "MAX:log_loss.min": 0.3604785243067847, "MIN:log_loss.mean": 1.302707059209762, "MAX:log_loss.mean": 1.471762091216727, "MIN:log_loss.max": 13.511086183455703, "MAX:log_loss.max": 18.473069856164997, "MIN:accuracy.min": 0.3333333333333333, "MAX:accuracy.min": 0.3333333333333333, "MIN:accuracy.mean": 0.7924666666666667, "MAX:accuracy.mean": 0.8241333333333333, "MIN:accuracy.max": 0.96, "MAX:accuracy.max": 0.9666666666666667, "MIN:kappa.min": -2.220446049250313e-16, "MAX:kappa.min": 0.0, "MIN:kappa.mean": 0.6887000000000002, "MAX:kappa.mean": 0.7361999999999999, "MIN:kappa.max": 0.9400000000000001, "MAX:kappa.max": 0.95}