{"MIN:log_loss.min": 0.2696010803145984, "MAX:log_loss.min": 0.5556810928254001, "MIN:log_loss.mean": 0.7996763641731296, "MAX:log_loss.mean": 1.087001450389455, "MIN:log_loss.max": 1.0674381610079433, "MAX:log_loss.max": 9.516742749216933, "MIN:accuracy.min": 0.3333333333333333, "MAX:accuracy.min": 0.6666666666666666, "MIN:accuracy.mean": 0.7502, "MAX:accuracy.mean": 0.7853333333333333, "MIN:accuracy.max": 0.9133333333333333, "MAX:accuracy.max": 0.96, "MIN:kappa.min": -2.220446049250313e-16, "MAX:kappa.min": 0.5, "MIN:kappa.mean": 0.6253, "MAX:kappa.mean": 0.6779999999999999, "MIN:kappa.max": 0.87, "MAX:kappa.max": 0.9400000000000001}