{"MIN:log_loss.min": 0.10988893298225515, "MAX:log_loss.min": 0.12966483602240048, "MIN:log_loss.mean": 0.2523195259461663, "MAX:log_loss.mean": 0.2713057972961334, "MIN:log_loss.max": 0.7020803871719563, "MAX:log_loss.max": 0.7649792154684654, "MIN:accuracy.min": 0.4666666666666667, "MAX:accuracy.min": 0.7, "MIN:accuracy.mean": 0.9368000000000002, "MAX:accuracy.mean": 0.9553333333333334, "MIN:accuracy.max": 0.9733333333333334, "MAX:accuracy.max": 0.9733333333333334, "MIN:kappa.min": 0.19999999999999996, "MAX:kappa.min": 0.55, "MIN:kappa.mean": 0.9052, "MAX:kappa.mean": 0.9329999999999999, "MIN:kappa.max": 0.96, "MAX:kappa.max": 0.96}