{"MIN:log_loss.min": 0.5580566083217684, "MAX:log_loss.min": 0.8867311812629112, "MIN:log_loss.mean": 0.9077357272852794, "MAX:log_loss.mean": 1.2543455630563045, "MIN:log_loss.max": 1.1925265044644975, "MAX:log_loss.max": 2.309299252388079, "MIN:accuracy.min": 0.04, "MAX:accuracy.min": 0.36666666666666664, "MIN:accuracy.mean": 0.5354666666666666, "MAX:accuracy.mean": 0.6130666666666668, "MIN:accuracy.max": 0.6666666666666666, "MAX:accuracy.max": 0.98, "MIN:kappa.min": -0.4399999999999997, "MAX:kappa.min": 0.050000000000000044, "MIN:kappa.mean": 0.3032, "MAX:kappa.mean": 0.4195999999999999, "MIN:kappa.max": 0.5, "MAX:kappa.max": 0.97}