{"mean accuracy": 0.6651333333333337, "max accuracy": 0.7, "mean kappa": 0.4977, "max kappa": 0.5499999999999999}