{"MIN:log_loss.min": 0.3157580316129084, "MAX:log_loss.min": 0.42162726558731156, "MIN:log_loss.mean": 0.5948840382646706, "MAX:log_loss.mean": 2.0712897431408144, "MIN:log_loss.max": 0.9312186511907256, "MAX:log_loss.max": 2.7255096681480393, "MIN:accuracy.min": 0.3333333333333333, "MAX:accuracy.min": 0.6, "MIN:accuracy.mean": 0.3724, "MAX:accuracy.mean": 0.6716666666666667, "MIN:accuracy.max": 0.86, "MAX:accuracy.max": 0.98, "MIN:kappa.min": -2.220446049250313e-16, "MAX:kappa.min": 0.4, "MIN:kappa.mean": 0.05859999999999998, "MAX:kappa.mean": 0.5075, "MIN:kappa.max": 0.79, "MAX:kappa.max": 0.97}