{"MIN:log_loss.min": 0.5013978837171368, "MAX:log_loss.min": 0.5560544033682997, "MIN:log_loss.mean": 0.897455909501563, "MAX:log_loss.mean": 1.120181007547142, "MIN:log_loss.max": 4.9249885685871675, "MAX:log_loss.max": 14.533590778691813, "MIN:accuracy.min": 0.18, "MAX:accuracy.min": 0.3333333333333333, "MIN:accuracy.mean": 0.7460666666666665, "MAX:accuracy.mean": 0.7626666666666664, "MIN:accuracy.max": 0.96, "MAX:accuracy.max": 0.96, "MIN:kappa.min": -0.22999999999999998, "MAX:kappa.min": 0.0, "MIN:kappa.mean": 0.6191, "MAX:kappa.mean": 0.6439999999999999, "MIN:kappa.max": 0.9400000000000001, "MAX:kappa.max": 0.9400000000000001}