{"MIN:log_loss.min": 0.2191381875383966, "MAX:log_loss.min": 0.27824658744996045, "MIN:log_loss.mean": 0.36313383215840306, "MAX:log_loss.mean": 0.5345321994126505, "MIN:log_loss.max": 0.6596015221055243, "MAX:log_loss.max": 1.0996065081737276, "MIN:accuracy.min": 0.7333333333333333, "MAX:accuracy.min": 0.7666666666666667, "MIN:accuracy.mean": 0.9031333333333335, "MAX:accuracy.mean": 0.9243333333333332, "MIN:accuracy.max": 0.96, "MAX:accuracy.max": 0.96, "MIN:kappa.min": 0.6, "MAX:kappa.min": 0.65, "MIN:kappa.mean": 0.8547, "MAX:kappa.mean": 0.8865, "MIN:kappa.max": 0.94, "MAX:kappa.max": 0.9400000000000001}