{"MIN:log_loss.min": 0.6409973483374086, "MAX:log_loss.min": 0.907276096881249, "MIN:log_loss.mean": 0.8382191242986786, "MAX:log_loss.mean": 1.4379957484365433, "MIN:log_loss.max": 1.1804873979525952, "MAX:log_loss.max": 2.7343536553652608, "MIN:accuracy.min": 0.2866666666666667, "MAX:accuracy.min": 0.36666666666666664, "MIN:accuracy.mean": 0.5590666666666667, "MAX:accuracy.mean": 0.6362666666666668, "MIN:accuracy.max": 0.6666666666666666, "MAX:accuracy.max": 0.96, "MIN:kappa.min": -0.07000000000000006, "MAX:kappa.min": 0.050000000000000044, "MIN:kappa.mean": 0.33860000000000007, "MAX:kappa.mean": 0.45439999999999997, "MIN:kappa.max": 0.5, "MAX:kappa.max": 0.9400000000000001}