{"MIN:log_loss.min": 0.11502099767827331, "MAX:log_loss.min": 0.13267238455094885, "MIN:log_loss.mean": 0.4741058736413789, "MAX:log_loss.mean": 0.5095307066584576, "MIN:log_loss.max": 1.9905481825509879, "MAX:log_loss.max": 3.928190603923024, "MIN:accuracy.min": 0.34, "MAX:accuracy.min": 0.36666666666666664, "MIN:accuracy.mean": 0.8102666666666666, "MAX:accuracy.mean": 0.8426666666666666, "MIN:accuracy.max": 0.96, "MAX:accuracy.max": 0.9666666666666667, "MIN:kappa.min": 0.009999999999999898, "MAX:kappa.min": 0.050000000000000155, "MIN:kappa.mean": 0.7154000000000003, "MAX:kappa.mean": 0.764, "MIN:kappa.max": 0.9400000000000001, "MAX:kappa.max": 0.95}