{"MIN:log_loss.min": 0.5276005240307842, "MAX:log_loss.min": 0.9233782077881855, "MIN:log_loss.mean": 1.2324521661842773, "MAX:log_loss.mean": 5.111272858895355, "MIN:log_loss.max": 2.3725560741811154, "MAX:log_loss.max": 12.005194272191732, "MIN:accuracy.min": 0.3333333333333333, "MAX:accuracy.min": 0.3333333333333333, "MIN:accuracy.mean": 0.5430666666666667, "MAX:accuracy.mean": 0.5773333333333334, "MIN:accuracy.max": 0.6666666666666666, "MAX:accuracy.max": 0.8866666666666667, "MIN:kappa.min": 0.0, "MAX:kappa.min": 0.0, "MIN:kappa.mean": 0.3146, "MAX:kappa.mean": 0.366, "MIN:kappa.max": 0.5, "MAX:kappa.max": 0.83}