{"MIN:log_loss.min": 0.5957013715306413, "MAX:log_loss.min": 0.5957013715306413, "MIN:log_loss.mean": 0.8256700059262211, "MAX:log_loss.mean": 0.8256700059262211, "MIN:log_loss.max": 1.1239809561820981, "MAX:log_loss.max": 1.1239809561820981, "MIN:accuracy.min": 0.62, "MAX:accuracy.min": 0.62, "MIN:accuracy.mean": 0.727, "MAX:accuracy.mean": 0.727, "MIN:accuracy.max": 0.9133333333333333, "MAX:accuracy.max": 0.9133333333333333, "MIN:kappa.min": 0.43000000000000005, "MAX:kappa.min": 0.43000000000000005, "MIN:kappa.mean": 0.5904999999999999, "MAX:kappa.mean": 0.5904999999999999, "MIN:kappa.max": 0.87, "MAX:kappa.max": 0.87}