{"MIN:log_loss.min": 0.5384745580558274, "MAX:log_loss.min": 0.5606611906800822, "MIN:log_loss.mean": 0.6720681837892714, "MAX:log_loss.mean": 0.6980921601194416, "MIN:log_loss.max": 1.0556012303253601, "MAX:log_loss.max": 1.082903270948961, "MIN:accuracy.min": 0.5533333333333333, "MAX:accuracy.min": 0.6666666666666666, "MIN:accuracy.mean": 0.8561999999999999, "MAX:accuracy.mean": 0.9022, "MIN:accuracy.max": 0.9666666666666667, "MAX:accuracy.max": 0.9733333333333334, "MIN:kappa.min": 0.32999999999999996, "MAX:kappa.min": 0.5, "MIN:kappa.mean": 0.7842999999999999, "MAX:kappa.mean": 0.8533, "MIN:kappa.max": 0.95, "MAX:kappa.max": 0.96}