{"MIN:log_loss.min": 0.3446828611244839, "MAX:log_loss.min": 0.4739501305286336, "MIN:log_loss.mean": 0.7252195680352338, "MAX:log_loss.mean": 0.8398471683622981, "MIN:log_loss.max": 1.2184314726861059, "MAX:log_loss.max": 1.6024008866410384, "MIN:accuracy.min": 0.3333333333333333, "MAX:accuracy.min": 0.3333333333333333, "MIN:accuracy.mean": 0.6498666666666666, "MAX:accuracy.mean": 0.6968666666666666, "MIN:accuracy.max": 0.9133333333333333, "MAX:accuracy.max": 0.9666666666666667, "MIN:kappa.min": -2.220446049250313e-16, "MAX:kappa.min": 0.0, "MIN:kappa.mean": 0.47479999999999994, "MAX:kappa.mean": 0.5452999999999999, "MIN:kappa.max": 0.87, "MAX:kappa.max": 0.95}