{"MIN:log_loss.min": 0.21944241032017436, "MAX:log_loss.min": 0.2858938554083018, "MIN:log_loss.mean": 0.586141898135037, "MAX:log_loss.mean": 0.6273768697036717, "MIN:log_loss.max": 1.150474977941951, "MAX:log_loss.max": 1.1928179195227722, "MIN:accuracy.min": 0.42, "MAX:accuracy.min": 0.4866666666666667, "MIN:accuracy.mean": 0.7597333333333333, "MAX:accuracy.mean": 0.7828, "MIN:accuracy.max": 0.96, "MAX:accuracy.max": 0.96, "MIN:kappa.min": 0.13, "MAX:kappa.min": 0.22999999999999998, "MIN:kappa.mean": 0.6396000000000001, "MAX:kappa.mean": 0.6742000000000001, "MIN:kappa.max": 0.9400000000000001, "MAX:kappa.max": 0.9400000000000001}