{"MIN:log_loss.min": 0.29919868820150947, "MAX:log_loss.min": 0.3178322778427938, "MIN:log_loss.mean": 0.6193877529047278, "MAX:log_loss.mean": 0.6346531641583266, "MIN:log_loss.max": 1.0290933454189142, "MAX:log_loss.max": 1.9467073627346383, "MIN:accuracy.min": 0.3333333333333333, "MAX:accuracy.min": 0.3333333333333333, "MIN:accuracy.mean": 0.8379999999999999, "MAX:accuracy.mean": 0.8398666666666665, "MIN:accuracy.max": 0.96, "MAX:accuracy.max": 0.96, "MIN:kappa.min": 1.1102230246251565e-16, "MAX:kappa.min": 1.1102230246251565e-16, "MIN:kappa.mean": 0.757, "MAX:kappa.mean": 0.7598, "MIN:kappa.max": 0.9400000000000001, "MAX:kappa.max": 0.9400000000000001}