{"MIN:log_loss.min": 0.388086984610232, "MAX:log_loss.min": 0.4848764047994412, "MIN:log_loss.mean": 3.931503197493906, "MAX:log_loss.mean": 7.326818922473011, "MIN:log_loss.max": 13.917384688015842, "MAX:log_loss.max": 23.025850929940454, "MIN:accuracy.min": 0.22666666666666666, "MAX:accuracy.min": 0.3333333333333333, "MIN:accuracy.mean": 0.5701333333333334, "MAX:accuracy.mean": 0.6275333333333333, "MIN:accuracy.max": 0.88, "MAX:accuracy.max": 0.96, "MIN:kappa.min": -0.15999999999999992, "MAX:kappa.min": -2.220446049250313e-16, "MIN:kappa.mean": 0.3552, "MAX:kappa.mean": 0.44129999999999986, "MIN:kappa.max": 0.8200000000000001, "MAX:kappa.max": 0.9400000000000001}