{"MIN:log_loss.min": 0.38685547447396645, "MAX:log_loss.min": 0.42622830245478716, "MIN:log_loss.mean": 0.6251315244034431, "MAX:log_loss.mean": 0.6500041137918983, "MIN:log_loss.max": 1.2173687840114649, "MAX:log_loss.max": 1.2181081199235724, "MIN:accuracy.min": 0.3333333333333333, "MAX:accuracy.min": 0.3333333333333333, "MIN:accuracy.mean": 0.7372666666666668, "MAX:accuracy.mean": 0.7601333333333333, "MIN:accuracy.max": 0.92, "MAX:accuracy.max": 0.96, "MIN:kappa.min": 0.0, "MAX:kappa.min": 0.0, "MIN:kappa.mean": 0.6059, "MAX:kappa.mean": 0.6402000000000001, "MIN:kappa.max": 0.88, "MAX:kappa.max": 0.94}