{"MIN:log_loss.min": 0.11154157730404377, "MAX:log_loss.min": 0.1517360128742568, "MIN:log_loss.mean": 0.37026377298339447, "MAX:log_loss.mean": 0.4673875991611947, "MIN:log_loss.max": 0.9389626801876856, "MAX:log_loss.max": 3.584511740110917, "MIN:accuracy.min": 0.3333333333333333, "MAX:accuracy.min": 0.3333333333333333, "MIN:accuracy.mean": 0.8873333333333333, "MAX:accuracy.mean": 0.9052666666666667, "MIN:accuracy.max": 0.96, "MAX:accuracy.max": 0.9666666666666667, "MIN:kappa.min": 0.0, "MAX:kappa.min": 0.0, "MIN:kappa.mean": 0.831, "MAX:kappa.mean": 0.8578999999999999, "MIN:kappa.max": 0.94, "MAX:kappa.max": 0.95}