{"MIN:log_loss.min": 0.09142490584580239, "MAX:log_loss.min": 0.16043555272267487, "MIN:log_loss.mean": 0.30048836574975707, "MAX:log_loss.mean": 0.6614173235516624, "MIN:log_loss.max": 1.786817700733325, "MAX:log_loss.max": 29.181878340618667, "MIN:accuracy.min": 0.08666666666666667, "MAX:accuracy.min": 0.68, "MIN:accuracy.mean": 0.8921333333333332, "MAX:accuracy.mean": 0.9034666666666666, "MIN:accuracy.max": 0.96, "MAX:accuracy.max": 0.9866666666666667, "MIN:kappa.min": -0.3700000000000001, "MAX:kappa.min": 0.52, "MIN:kappa.mean": 0.8382000000000001, "MAX:kappa.mean": 0.8552, "MIN:kappa.max": 0.94, "MAX:kappa.max": 0.98}