{"MIN:log_loss.min": 0.415520454357532, "MAX:log_loss.min": 0.5311841053580382, "MIN:log_loss.mean": 0.5679686452443751, "MAX:log_loss.mean": 0.6244317042851725, "MIN:log_loss.max": 0.9679736320797823, "MAX:log_loss.max": 1.27235218723173, "MIN:accuracy.min": 0.36, "MAX:accuracy.min": 0.5533333333333333, "MIN:accuracy.mean": 0.805333333333333, "MAX:accuracy.mean": 0.8766666666666666, "MIN:accuracy.max": 0.96, "MAX:accuracy.max": 0.96, "MIN:kappa.min": 0.040000000000000036, "MAX:kappa.min": 0.32999999999999996, "MIN:kappa.mean": 0.7080000000000001, "MAX:kappa.mean": 0.8150000000000002, "MIN:kappa.max": 0.9400000000000001, "MAX:kappa.max": 0.9400000000000001}