{"MIN:log_loss.min": 0.24228944400393299, "MAX:log_loss.min": 0.31431365005218265, "MIN:log_loss.mean": 0.5202647566075259, "MAX:log_loss.mean": 0.5759723791702016, "MIN:log_loss.max": 1.0927853260833347, "MAX:log_loss.max": 1.0934960665592688, "MIN:accuracy.min": 0.66, "MAX:accuracy.min": 0.6666666666666666, "MIN:accuracy.mean": 0.8040666666666668, "MAX:accuracy.mean": 0.818066666666667, "MIN:accuracy.max": 0.94, "MAX:accuracy.max": 0.94, "MIN:kappa.min": 0.49, "MAX:kappa.min": 0.5, "MIN:kappa.mean": 0.7061, "MAX:kappa.mean": 0.7271000000000001, "MIN:kappa.max": 0.91, "MAX:kappa.max": 0.91}