{"MIN:log_loss.min": 0.08636766860904681, "MAX:log_loss.min": 0.17489467626846505, "MIN:log_loss.mean": 0.5889685860340478, "MAX:log_loss.mean": 0.7789414146613656, "MIN:log_loss.max": 11.460891753987086, "MAX:log_loss.max": 11.473475100428168, "MIN:accuracy.min": 0.49333333333333335, "MAX:accuracy.min": 0.6666666666666666, "MIN:accuracy.mean": 0.8626666666666668, "MAX:accuracy.mean": 0.8764666666666667, "MIN:accuracy.max": 0.9466666666666667, "MAX:accuracy.max": 0.9666666666666667, "MIN:kappa.min": 0.24, "MAX:kappa.min": 0.5, "MIN:kappa.mean": 0.794, "MAX:kappa.mean": 0.8147, "MIN:kappa.max": 0.92, "MAX:kappa.max": 0.95}