{"MIN:log_loss.min": 0.1694572233970241, "MAX:log_loss.min": 0.2931221862576752, "MIN:log_loss.mean": 0.5539835857717312, "MAX:log_loss.mean": 0.6478557269349889, "MIN:log_loss.max": 1.0948211095771523, "MAX:log_loss.max": 1.0975693185767577, "MIN:accuracy.min": 0.3333333333333333, "MAX:accuracy.min": 0.6666666666666666, "MIN:accuracy.mean": 0.7318000000000001, "MAX:accuracy.mean": 0.7793333333333332, "MIN:accuracy.max": 0.9266666666666666, "MAX:accuracy.max": 0.9533333333333334, "MIN:kappa.min": 0.0, "MAX:kappa.min": 0.5, "MIN:kappa.mean": 0.5977, "MAX:kappa.mean": 0.6689999999999998, "MIN:kappa.max": 0.89, "MAX:kappa.max": 0.9299999999999999}