{"MIN:log_loss.min": 0.22683215088246556, "MAX:log_loss.min": 0.23168421966208796, "MIN:log_loss.mean": 0.656327756399767, "MAX:log_loss.mean": 0.7084073457375638, "MIN:log_loss.max": 1.0984663951809734, "MAX:log_loss.max": 1.098468083511081, "MIN:accuracy.min": 0.6866666666666666, "MAX:accuracy.min": 0.82, "MIN:accuracy.mean": 0.8935999999999997, "MAX:accuracy.mean": 0.9421333333333333, "MIN:accuracy.max": 0.96, "MAX:accuracy.max": 0.96, "MIN:kappa.min": 0.53, "MAX:kappa.min": 0.73, "MIN:kappa.mean": 0.8404000000000003, "MAX:kappa.mean": 0.9131999999999999, "MIN:kappa.max": 0.9400000000000001, "MAX:kappa.max": 0.9400000000000001}