{"MIN:log_loss.min": 0.1679248861619278, "MAX:log_loss.min": 0.3234002028165895, "MIN:log_loss.mean": 0.3820871166795872, "MAX:log_loss.mean": 0.6600259674059258, "MIN:log_loss.max": 1.1870256360334763, "MAX:log_loss.max": 5.527744071390712, "MIN:accuracy.min": 0.62, "MAX:accuracy.min": 0.6733333333333333, "MIN:accuracy.mean": 0.8331999999999999, "MAX:accuracy.mean": 0.8522, "MIN:accuracy.max": 0.92, "MAX:accuracy.max": 0.9466666666666667, "MIN:kappa.min": 0.43000000000000005, "MAX:kappa.min": 0.51, "MIN:kappa.mean": 0.7497999999999998, "MAX:kappa.mean": 0.7783000000000001, "MIN:kappa.max": 0.88, "MAX:kappa.max": 0.92}