{"MIN:log_loss.min": 0.11551610511759014, "MAX:log_loss.min": 0.12376878037505525, "MIN:log_loss.mean": 0.45547133253870653, "MAX:log_loss.mean": 0.4948143626793275, "MIN:log_loss.max": 1.0919384213836576, "MAX:log_loss.max": 1.0934610601596502, "MIN:accuracy.min": 0.8533333333333334, "MAX:accuracy.min": 0.8933333333333333, "MIN:accuracy.mean": 0.9438666666666665, "MAX:accuracy.mean": 0.9516666666666665, "MIN:accuracy.max": 0.96, "MAX:accuracy.max": 0.96, "MIN:kappa.min": 0.78, "MAX:kappa.min": 0.8400000000000001, "MIN:kappa.mean": 0.9158, "MAX:kappa.mean": 0.9274999999999999, "MIN:kappa.max": 0.9400000000000001, "MAX:kappa.max": 0.9400000000000001}