{"mean accuracy": 0.6225333333333333, "max accuracy": 0.9, "mean kappa": 0.43379999999999996, "max kappa": 0.85}