{"MIN:log_loss.min": 0.8395397296290542, "MAX:log_loss.min": 1.0352227227438284, "MIN:log_loss.mean": 0.903996715353172, "MAX:log_loss.mean": 1.0659379653816878, "MIN:log_loss.max": 1.04249721113525, "MAX:log_loss.max": 1.5799754278477387, "MIN:accuracy.min": 0.3333333333333333, "MAX:accuracy.min": 0.3333333333333333, "MIN:accuracy.mean": 0.5738, "MAX:accuracy.mean": 0.6461999999999999, "MIN:accuracy.max": 0.6666666666666666, "MAX:accuracy.max": 0.88, "MIN:kappa.min": -2.220446049250313e-16, "MAX:kappa.min": 0.0, "MIN:kappa.mean": 0.3606999999999999, "MAX:kappa.mean": 0.46930000000000005, "MIN:kappa.max": 0.5, "MAX:kappa.max": 0.8200000000000001}