{"MIN:log_loss.min": 0.7193599044364896, "MAX:log_loss.min": 0.7688184970115011, "MIN:log_loss.mean": 0.8746054482034832, "MAX:log_loss.mean": 1.0079126289109754, "MIN:log_loss.max": 1.0986021220684972, "MAX:log_loss.max": 1.4205521004619304, "MIN:accuracy.min": 0.3333333333333333, "MAX:accuracy.min": 0.6066666666666667, "MIN:accuracy.mean": 0.6856666666666665, "MAX:accuracy.mean": 0.7392666666666667, "MIN:accuracy.max": 0.86, "MAX:accuracy.max": 0.96, "MIN:kappa.min": 0.0, "MAX:kappa.min": 0.41000000000000003, "MIN:kappa.mean": 0.5285, "MAX:kappa.mean": 0.6089, "MIN:kappa.max": 0.79, "MAX:kappa.max": 0.9400000000000001}