{"MIN:log_loss.min": 0.48512070322695117, "MAX:log_loss.min": 0.6423573311521109, "MIN:log_loss.mean": 0.7517430043202521, "MAX:log_loss.mean": 3.731044338339679, "MIN:log_loss.max": 1.6143125749541631, "MAX:log_loss.max": 16.758881400217653, "MIN:accuracy.min": 0.013333333333333334, "MAX:accuracy.min": 0.36666666666666664, "MIN:accuracy.mean": 0.6557999999999999, "MAX:accuracy.mean": 0.7680666666666666, "MIN:accuracy.max": 0.8533333333333334, "MAX:accuracy.max": 0.96, "MIN:kappa.min": -0.48, "MAX:kappa.min": 0.04999999999999982, "MIN:kappa.mean": 0.48369999999999985, "MAX:kappa.mean": 0.6521000000000001, "MIN:kappa.max": 0.78, "MAX:kappa.max": 0.9400000000000001}