{"MIN:log_loss.min": 0.31637811562863316, "MAX:log_loss.min": 0.4975298668459257, "MIN:log_loss.mean": 0.7018055560009414, "MAX:log_loss.mean": 2.270452803323418, "MIN:log_loss.max": 2.067118041037881, "MAX:log_loss.max": 16.348354160257724, "MIN:accuracy.min": 0.3333333333333333, "MAX:accuracy.min": 0.3333333333333333, "MIN:accuracy.mean": 0.7603333333333333, "MAX:accuracy.mean": 0.8128666666666667, "MIN:accuracy.max": 0.96, "MAX:accuracy.max": 0.96, "MIN:kappa.min": 0.0, "MAX:kappa.min": 0.0, "MIN:kappa.mean": 0.6405, "MAX:kappa.mean": 0.7193, "MIN:kappa.max": 0.94, "MAX:kappa.max": 0.94}