{"MIN:log_loss.min": 0.6326957110040017, "MAX:log_loss.min": 0.6995197907693121, "MIN:log_loss.mean": 0.7383451988455293, "MAX:log_loss.mean": 0.7910340394556897, "MIN:log_loss.max": 1.224383573214755, "MAX:log_loss.max": 1.595940358513719, "MIN:accuracy.min": 0.3333333333333333, "MAX:accuracy.min": 0.6133333333333333, "MIN:accuracy.mean": 0.7678666666666668, "MAX:accuracy.mean": 0.8125333333333334, "MIN:accuracy.max": 0.9, "MAX:accuracy.max": 0.9533333333333334, "MIN:kappa.min": 0.0, "MAX:kappa.min": 0.42000000000000004, "MIN:kappa.mean": 0.6517999999999999, "MAX:kappa.mean": 0.7188, "MIN:kappa.max": 0.85, "MAX:kappa.max": 0.9299999999999999}