{"MIN:log_loss.min": 0.5923357901560532, "MAX:log_loss.min": 0.7921972782281163, "MIN:log_loss.mean": 0.8921213237798986, "MAX:log_loss.mean": 0.9384778442095342, "MIN:log_loss.max": 1.0968227780253923, "MAX:log_loss.max": 1.2800666969883636, "MIN:accuracy.min": 0.15333333333333332, "MAX:accuracy.min": 0.42, "MIN:accuracy.mean": 0.6638000000000001, "MAX:accuracy.mean": 0.7051333333333335, "MIN:accuracy.max": 0.86, "MAX:accuracy.max": 0.96, "MIN:kappa.min": -0.27, "MAX:kappa.min": 0.1299999999999999, "MIN:kappa.mean": 0.49570000000000003, "MAX:kappa.mean": 0.5577, "MIN:kappa.max": 0.79, "MAX:kappa.max": 0.9400000000000001}