{"MIN:log_loss.min": 0.09731355810434178, "MAX:log_loss.min": 0.21085997480172486, "MIN:log_loss.mean": 0.4798422255208519, "MAX:log_loss.mean": 0.6873581028465305, "MIN:log_loss.max": 1.0912110428800696, "MAX:log_loss.max": 11.080265985373616, "MIN:accuracy.min": 0.3333333333333333, "MAX:accuracy.min": 0.3333333333333333, "MIN:accuracy.mean": 0.7433999999999998, "MAX:accuracy.mean": 0.7795333333333333, "MIN:accuracy.max": 0.94, "MAX:accuracy.max": 0.9666666666666667, "MIN:kappa.min": 0.0, "MAX:kappa.min": 0.0, "MIN:kappa.mean": 0.6150999999999999, "MAX:kappa.mean": 0.6693000000000001, "MIN:kappa.max": 0.91, "MAX:kappa.max": 0.95}