{"MIN:log_loss.min": 0.8085044281346002, "MAX:log_loss.min": 0.9518639638471137, "MIN:log_loss.mean": 0.9610105964999903, "MAX:log_loss.mean": 1.1406735004553303, "MIN:log_loss.max": 1.090708450458168, "MAX:log_loss.max": 1.4172554287421595, "MIN:accuracy.min": 0.0, "MAX:accuracy.min": 0.3333333333333333, "MIN:accuracy.mean": 0.3536000000000001, "MAX:accuracy.mean": 0.6424, "MIN:accuracy.max": 0.58, "MAX:accuracy.max": 0.6666666666666666, "MIN:kappa.min": -0.5, "MAX:kappa.min": 0.0, "MIN:kappa.mean": 0.03040000000000001, "MAX:kappa.mean": 0.46360000000000007, "MIN:kappa.max": 0.37, "MAX:kappa.max": 0.5}