{"MIN:log_loss.min": 0.09241291363285599, "MAX:log_loss.min": 0.4378316640480269, "MIN:log_loss.mean": 0.9724108483315063, "MAX:log_loss.mean": 1.597597653061685, "MIN:log_loss.max": 2.3662632327458923, "MAX:log_loss.max": 3.915441009849325, "MIN:accuracy.min": 0.3333333333333333, "MAX:accuracy.min": 0.6533333333333333, "MIN:accuracy.mean": 0.666666666666667, "MAX:accuracy.mean": 0.6851333333333333, "MIN:accuracy.max": 0.7666666666666667, "MAX:accuracy.max": 0.9733333333333334, "MIN:kappa.min": 0.0, "MAX:kappa.min": 0.48, "MIN:kappa.mean": 0.5, "MAX:kappa.mean": 0.5277000000000001, "MIN:kappa.max": 0.65, "MAX:kappa.max": 0.96}