{"MIN:log_loss.min": 0.10102759286980706, "MAX:log_loss.min": 0.14496015428808026, "MIN:log_loss.mean": 0.22086883167925964, "MAX:log_loss.mean": 0.38849340387418246, "MIN:log_loss.max": 0.7625382283552109, "MAX:log_loss.max": 7.226971388528255, "MIN:accuracy.min": 0.58, "MAX:accuracy.min": 0.96, "MIN:accuracy.mean": 0.9227999999999998, "MAX:accuracy.mean": 0.9636666666666669, "MIN:accuracy.max": 0.9466666666666667, "MAX:accuracy.max": 0.9666666666666667, "MIN:kappa.min": 0.37, "MAX:kappa.min": 0.94, "MIN:kappa.mean": 0.8841999999999999, "MAX:kappa.mean": 0.9455, "MIN:kappa.max": 0.92, "MAX:kappa.max": 0.95}