{"MIN:log_loss.min": 0.08217731983792924, "MAX:log_loss.min": 0.12886206037300316, "MIN:log_loss.mean": 0.2397524156964136, "MAX:log_loss.mean": 0.2782623089334071, "MIN:log_loss.max": 0.7469625193116455, "MAX:log_loss.max": 0.783153165694661, "MIN:accuracy.min": 0.94, "MAX:accuracy.min": 0.94, "MIN:accuracy.mean": 0.9638666666666664, "MAX:accuracy.mean": 0.9668666666666667, "MIN:accuracy.max": 0.9733333333333334, "MAX:accuracy.max": 0.9733333333333334, "MIN:kappa.min": 0.91, "MAX:kappa.min": 0.91, "MIN:kappa.mean": 0.9457999999999999, "MAX:kappa.mean": 0.9502999999999999, "MIN:kappa.max": 0.96, "MAX:kappa.max": 0.96}