{"MIN:log_loss.min": 0.7630436501076342, "MAX:log_loss.min": 0.9334037483487966, "MIN:log_loss.mean": 0.8811743290477999, "MAX:log_loss.mean": 0.9798228668967649, "MIN:log_loss.max": 1.0986070324731263, "MAX:log_loss.max": 1.1669664043122034, "MIN:accuracy.min": 0.3333333333333333, "MAX:accuracy.min": 0.6666666666666666, "MIN:accuracy.mean": 0.6616, "MAX:accuracy.mean": 0.69, "MIN:accuracy.max": 0.6666666666666666, "MAX:accuracy.max": 0.9066666666666666, "MIN:kappa.min": 0.0, "MAX:kappa.min": 0.5, "MIN:kappa.mean": 0.4924000000000001, "MAX:kappa.mean": 0.535, "MIN:kappa.max": 0.5, "MAX:kappa.max": 0.86}