{"mean accuracy": 0.6037333333333335, "max accuracy": 0.6666666666666666, "mean kappa": 0.4055999999999999, "max kappa": 0.5}