{"MIN:log_loss.min": 0.05680948236308724, "MAX:log_loss.min": 0.06437788304838324, "MIN:log_loss.mean": 0.23139178653475412, "MAX:log_loss.mean": 0.305435344501542, "MIN:log_loss.max": 0.8030469098014875, "MAX:log_loss.max": 1.0533138342542816, "MIN:accuracy.min": 0.6666666666666666, "MAX:accuracy.min": 0.84, "MIN:accuracy.mean": 0.9348666666666665, "MAX:accuracy.mean": 0.9406, "MIN:accuracy.max": 0.98, "MAX:accuracy.max": 0.9866666666666667, "MIN:kappa.min": 0.5, "MAX:kappa.min": 0.76, "MIN:kappa.mean": 0.9022999999999999, "MAX:kappa.mean": 0.9109, "MIN:kappa.max": 0.97, "MAX:kappa.max": 0.98}