{"MIN:log_loss.min": 0.10931913700731462, "MAX:log_loss.min": 0.4446424158908752, "MIN:log_loss.mean": 0.4762061958500772, "MAX:log_loss.mean": 0.6781211714026728, "MIN:log_loss.max": 0.9035815757521762, "MAX:log_loss.max": 3.925468538494704, "MIN:accuracy.min": 0.35333333333333333, "MAX:accuracy.min": 0.8066666666666666, "MIN:accuracy.mean": 0.8474666666666667, "MAX:accuracy.mean": 0.9451333333333336, "MIN:accuracy.max": 0.9533333333333334, "MAX:accuracy.max": 0.9666666666666667, "MIN:kappa.min": 0.030000000000000027, "MAX:kappa.min": 0.71, "MIN:kappa.mean": 0.7712, "MAX:kappa.mean": 0.9177, "MIN:kappa.max": 0.9299999999999999, "MAX:kappa.max": 0.95}