{"MIN:log_loss.min": 0.33134863644678586, "MAX:log_loss.min": 0.46470606193221925, "MIN:log_loss.mean": 0.5304152291921227, "MAX:log_loss.mean": 0.5827684553100145, "MIN:log_loss.max": 0.7714793453134132, "MAX:log_loss.max": 0.943381424955366, "MIN:accuracy.min": 0.3333333333333333, "MAX:accuracy.min": 0.6, "MIN:accuracy.mean": 0.8963333333333332, "MAX:accuracy.mean": 0.9199333333333332, "MIN:accuracy.max": 0.9466666666666667, "MAX:accuracy.max": 0.96, "MIN:kappa.min": 0.0, "MAX:kappa.min": 0.4, "MIN:kappa.mean": 0.8444999999999999, "MAX:kappa.mean": 0.8798999999999998, "MIN:kappa.max": 0.92, "MAX:kappa.max": 0.9400000000000001}