{"MIN:log_loss.min": 0.17409944890216061, "MAX:log_loss.min": 0.508073972576274, "MIN:log_loss.mean": 0.671863821025434, "MAX:log_loss.mean": 1.1048531925244638, "MIN:log_loss.max": 1.2176560264108351, "MAX:log_loss.max": 6.0573711260194205, "MIN:accuracy.min": 0.3333333333333333, "MAX:accuracy.min": 0.3333333333333333, "MIN:accuracy.mean": 0.6282000000000001, "MAX:accuracy.mean": 0.6874666666666667, "MIN:accuracy.max": 0.8533333333333334, "MAX:accuracy.max": 0.96, "MIN:kappa.min": 0.0, "MAX:kappa.min": 0.0, "MIN:kappa.mean": 0.44229999999999997, "MAX:kappa.mean": 0.5312, "MIN:kappa.max": 0.78, "MAX:kappa.max": 0.9400000000000001}