{"MIN:log_loss.min": 0.5939578984285239, "MAX:log_loss.min": 0.7301311275202221, "MIN:log_loss.mean": 0.8194322896697429, "MAX:log_loss.mean": 0.8833889677125972, "MIN:log_loss.max": 1.177965422636807, "MAX:log_loss.max": 1.2160009964155611, "MIN:accuracy.min": 0.3333333333333333, "MAX:accuracy.min": 0.3333333333333333, "MIN:accuracy.mean": 0.6580000000000001, "MAX:accuracy.mean": 0.7092666666666667, "MIN:accuracy.max": 0.8933333333333333, "MAX:accuracy.max": 0.9466666666666667, "MIN:kappa.min": 0.0, "MAX:kappa.min": 0.0, "MIN:kappa.mean": 0.48700000000000004, "MAX:kappa.mean": 0.5639000000000001, "MIN:kappa.max": 0.84, "MAX:kappa.max": 0.92}