{"MIN:log_loss.min": 0.45685450300744745, "MAX:log_loss.min": 0.7930058463171819, "MIN:log_loss.mean": 0.838532643260623, "MAX:log_loss.mean": 1.0149620466707672, "MIN:log_loss.max": 1.9030669375865705, "MAX:log_loss.max": 7.512858874443173, "MIN:accuracy.min": 0.2733333333333333, "MAX:accuracy.min": 0.3333333333333333, "MIN:accuracy.mean": 0.6688666666666667, "MAX:accuracy.mean": 0.7035333333333332, "MIN:accuracy.max": 0.94, "MAX:accuracy.max": 0.9666666666666667, "MIN:kappa.min": -0.09000000000000008, "MAX:kappa.min": 1.1102230246251565e-16, "MIN:kappa.mean": 0.5033, "MAX:kappa.mean": 0.5552999999999999, "MIN:kappa.max": 0.91, "MAX:kappa.max": 0.95}