{"MIN:log_loss.min": 0.28878599324903204, "MAX:log_loss.min": 0.31327059139472674, "MIN:log_loss.mean": 0.42680548794913664, "MAX:log_loss.mean": 0.5500723395750835, "MIN:log_loss.max": 0.9507880812230076, "MAX:log_loss.max": 1.0396654486935892, "MIN:accuracy.min": 0.3333333333333333, "MAX:accuracy.min": 0.34, "MIN:accuracy.mean": 0.8578, "MAX:accuracy.mean": 0.8981999999999998, "MIN:accuracy.max": 0.9533333333333334, "MAX:accuracy.max": 0.96, "MIN:kappa.min": 0.0, "MAX:kappa.min": 0.010000000000000009, "MIN:kappa.mean": 0.7867000000000001, "MAX:kappa.mean": 0.8472999999999999, "MIN:kappa.max": 0.9299999999999999, "MAX:kappa.max": 0.9400000000000001}