{"MIN:log_loss.min": 0.8060075593191701, "MAX:log_loss.min": 0.8119626324733518, "MIN:log_loss.mean": 0.9072506452509903, "MAX:log_loss.mean": 1.0995405181335496, "MIN:log_loss.max": 1.009142907149946, "MAX:log_loss.max": 2.8278038823043965, "MIN:accuracy.min": 0.6666666666666666, "MAX:accuracy.min": 0.6666666666666666, "MIN:accuracy.mean": 0.6666666666666669, "MAX:accuracy.mean": 0.6666666666666669, "MIN:accuracy.max": 0.6666666666666666, "MAX:accuracy.max": 0.6666666666666666, "MIN:kappa.min": 0.5, "MAX:kappa.min": 0.5, "MIN:kappa.mean": 0.5, "MAX:kappa.mean": 0.5, "MIN:kappa.max": 0.5, "MAX:kappa.max": 0.5}