{"MIN:log_loss.min": 0.11029785047994731, "MAX:log_loss.min": 0.13707635275007563, "MIN:log_loss.mean": 0.4641137628171758, "MAX:log_loss.mean": 0.61129245888755, "MIN:log_loss.max": 1.098513015187806, "MAX:log_loss.max": 1.0985210487015684, "MIN:accuracy.min": 0.3333333333333333, "MAX:accuracy.min": 0.3333333333333333, "MIN:accuracy.mean": 0.7196666666666666, "MAX:accuracy.mean": 0.8078666666666665, "MIN:accuracy.max": 0.96, "MAX:accuracy.max": 0.9666666666666667, "MIN:kappa.min": -2.220446049250313e-16, "MAX:kappa.min": 0.0, "MIN:kappa.mean": 0.5794999999999999, "MAX:kappa.mean": 0.7118000000000001, "MIN:kappa.max": 0.94, "MAX:kappa.max": 0.95}