{"MIN:log_loss.min": 0.2858748376472035, "MAX:log_loss.min": 0.28689853847116825, "MIN:log_loss.mean": 0.48779076064196714, "MAX:log_loss.mean": 0.5475810170435538, "MIN:log_loss.max": 1.166942483525354, "MAX:log_loss.max": 1.1669425110141232, "MIN:accuracy.min": 0.36, "MAX:accuracy.min": 0.6666666666666666, "MIN:accuracy.mean": 0.7460666666666667, "MAX:accuracy.mean": 0.7682000000000001, "MIN:accuracy.max": 0.96, "MAX:accuracy.max": 0.96, "MIN:kappa.min": 0.040000000000000036, "MAX:kappa.min": 0.5, "MIN:kappa.mean": 0.6191, "MAX:kappa.mean": 0.6523, "MIN:kappa.max": 0.9400000000000001, "MAX:kappa.max": 0.9400000000000001}