{"MIN:log_loss.min": 0.08320756906248568, "MAX:log_loss.min": 0.19637500858602153, "MIN:log_loss.mean": 0.30411544059148654, "MAX:log_loss.mean": 0.6282716708472322, "MIN:log_loss.max": 0.7675008329761439, "MAX:log_loss.max": 5.395010475837916, "MIN:accuracy.min": 0.66, "MAX:accuracy.min": 0.76, "MIN:accuracy.mean": 0.8905333333333333, "MAX:accuracy.mean": 0.9190666666666665, "MIN:accuracy.max": 0.9666666666666667, "MAX:accuracy.max": 0.9866666666666667, "MIN:kappa.min": 0.49, "MAX:kappa.min": 0.64, "MIN:kappa.mean": 0.8358, "MAX:kappa.mean": 0.8785999999999998, "MIN:kappa.max": 0.95, "MAX:kappa.max": 0.98}