{"MIN:log_loss.min": 0.10483868752012375, "MAX:log_loss.min": 0.25556574128296544, "MIN:log_loss.mean": 0.5371569710777552, "MAX:log_loss.mean": 0.849300135640399, "MIN:log_loss.max": 1.0981489323716944, "MAX:log_loss.max": 1.5603042499448312, "MIN:accuracy.min": 0.2733333333333333, "MAX:accuracy.min": 0.3333333333333333, "MIN:accuracy.mean": 0.7436, "MAX:accuracy.mean": 0.7860000000000003, "MIN:accuracy.max": 0.9266666666666666, "MAX:accuracy.max": 0.96, "MIN:kappa.min": -0.08999999999999986, "MAX:kappa.min": 0.0, "MIN:kappa.mean": 0.6154, "MAX:kappa.mean": 0.6789999999999999, "MIN:kappa.max": 0.89, "MAX:kappa.max": 0.9400000000000001}