{"MIN:log_loss.min": 0.5286910684687018, "MAX:log_loss.min": 0.9487901070707432, "MIN:log_loss.mean": 0.8911079307899076, "MAX:log_loss.mean": 1.018193233092673, "MIN:log_loss.max": 1.0985708202774738, "MAX:log_loss.max": 1.5020563681077803, "MIN:accuracy.min": 0.08666666666666667, "MAX:accuracy.min": 0.64, "MIN:accuracy.mean": 0.5854, "MAX:accuracy.mean": 0.6641333333333336, "MIN:accuracy.max": 0.6666666666666666, "MAX:accuracy.max": 0.9666666666666667, "MIN:kappa.min": -0.3700000000000001, "MAX:kappa.min": 0.45999999999999996, "MIN:kappa.mean": 0.37810000000000005, "MAX:kappa.mean": 0.4962, "MIN:kappa.max": 0.5, "MAX:kappa.max": 0.95}