{"MIN:log_loss.min": 0.7276496760761528, "MAX:log_loss.min": 0.8279908923367124, "MIN:log_loss.mean": 0.9579641663130625, "MAX:log_loss.mean": 1.1406827349051196, "MIN:log_loss.max": 1.1750093323891615, "MAX:log_loss.max": 2.0324244011051684, "MIN:accuracy.min": 0.3333333333333333, "MAX:accuracy.min": 0.6066666666666667, "MIN:accuracy.mean": 0.6335333333333334, "MAX:accuracy.mean": 0.6689333333333333, "MIN:accuracy.max": 0.9133333333333333, "MAX:accuracy.max": 0.96, "MIN:kappa.min": 0.0, "MAX:kappa.min": 0.41000000000000003, "MIN:kappa.mean": 0.4502999999999999, "MAX:kappa.mean": 0.5034000000000001, "MIN:kappa.max": 0.87, "MAX:kappa.max": 0.94}