{"MIN:log_loss.min": 0.28189351785079814, "MAX:log_loss.min": 0.4040689637932403, "MIN:log_loss.mean": 0.6576934551498027, "MAX:log_loss.mean": 0.6945718310113282, "MIN:log_loss.max": 1.0986102105237892, "MAX:log_loss.max": 1.2327310321744855, "MIN:accuracy.min": 0.3333333333333333, "MAX:accuracy.min": 0.5133333333333333, "MIN:accuracy.mean": 0.65, "MAX:accuracy.mean": 0.7440666666666668, "MIN:accuracy.max": 0.8933333333333333, "MAX:accuracy.max": 0.96, "MIN:kappa.min": 0.0, "MAX:kappa.min": 0.27, "MIN:kappa.mean": 0.4749999999999999, "MAX:kappa.mean": 0.6161, "MIN:kappa.max": 0.8400000000000001, "MAX:kappa.max": 0.9400000000000001}