{"MIN:log_loss.min": 0.27965683609823305, "MAX:log_loss.min": 0.4353466905159855, "MIN:log_loss.mean": 0.5738047304027676, "MAX:log_loss.mean": 1.8929601218800727, "MIN:log_loss.max": 1.6565091925697073, "MAX:log_loss.max": 17.367466810364288, "MIN:accuracy.min": 0.32, "MAX:accuracy.min": 0.3333333333333333, "MIN:accuracy.mean": 0.7734000000000001, "MAX:accuracy.mean": 0.8079999999999999, "MIN:accuracy.max": 0.9466666666666667, "MAX:accuracy.max": 0.96, "MIN:kappa.min": -0.020000000000000018, "MAX:kappa.min": 0.0, "MIN:kappa.mean": 0.6600999999999999, "MAX:kappa.mean": 0.7120000000000001, "MIN:kappa.max": 0.92, "MAX:kappa.max": 0.9400000000000001}