{"MIN:log_loss.min": 0.281538878561677, "MAX:log_loss.min": 0.2989371639364631, "MIN:log_loss.mean": 0.5329947197801588, "MAX:log_loss.mean": 0.6290910669385549, "MIN:log_loss.max": 1.09796117183731, "MAX:log_loss.max": 1.1104113364244341, "MIN:accuracy.min": 0.3333333333333333, "MAX:accuracy.min": 0.6666666666666666, "MIN:accuracy.mean": 0.7340000000000001, "MAX:accuracy.mean": 0.7618666666666667, "MIN:accuracy.max": 0.96, "MAX:accuracy.max": 0.96, "MIN:kappa.min": 0.0, "MAX:kappa.min": 0.5, "MIN:kappa.mean": 0.601, "MAX:kappa.mean": 0.6428, "MIN:kappa.max": 0.9400000000000001, "MAX:kappa.max": 0.9400000000000001}