{"MIN:log_loss.min": 0.7553299704237636, "MAX:log_loss.min": 0.9365499481179448, "MIN:log_loss.mean": 0.9490137526865772, "MAX:log_loss.mean": 1.0369548519691139, "MIN:log_loss.max": 1.0976605871398264, "MAX:log_loss.max": 1.0986122886967882, "MIN:accuracy.min": 0.4866666666666667, "MAX:accuracy.min": 0.6666666666666666, "MIN:accuracy.mean": 0.6919333333333335, "MAX:accuracy.mean": 0.7280666666666669, "MIN:accuracy.max": 0.92, "MAX:accuracy.max": 0.96, "MIN:kappa.min": 0.22999999999999998, "MAX:kappa.min": 0.5, "MIN:kappa.mean": 0.5379, "MAX:kappa.mean": 0.5921, "MIN:kappa.max": 0.88, "MAX:kappa.max": 0.9400000000000001}