{"MIN:log_loss.min": 0.5116307340125082, "MAX:log_loss.min": 0.7053010732856516, "MIN:log_loss.mean": 0.9269312989647425, "MAX:log_loss.mean": 6.1815746385838315, "MIN:log_loss.max": 1.1708050015749978, "MAX:log_loss.max": 12.786306552480012, "MIN:accuracy.min": 0.3333333333333333, "MAX:accuracy.min": 0.56, "MIN:accuracy.mean": 0.636, "MAX:accuracy.mean": 0.6519333333333335, "MIN:accuracy.max": 0.9333333333333333, "MAX:accuracy.max": 0.96, "MIN:kappa.min": -2.220446049250313e-16, "MAX:kappa.min": 0.33999999999999997, "MIN:kappa.mean": 0.45399999999999996, "MAX:kappa.mean": 0.47789999999999994, "MIN:kappa.max": 0.9, "MAX:kappa.max": 0.9400000000000001}