{"MIN:log_loss.min": 0.4709539482244389, "MAX:log_loss.min": 0.7846918197988121, "MIN:log_loss.mean": 0.7134740445652222, "MAX:log_loss.mean": 0.8422760900784567, "MIN:log_loss.max": 0.9056926264730812, "MAX:log_loss.max": 1.5857191668201625, "MIN:accuracy.min": 0.47333333333333333, "MAX:accuracy.min": 0.8066666666666666, "MIN:accuracy.mean": 0.7062666666666665, "MAX:accuracy.mean": 0.8715333333333333, "MIN:accuracy.max": 0.8066666666666666, "MAX:accuracy.max": 0.9333333333333333, "MIN:kappa.min": 0.20999999999999996, "MAX:kappa.min": 0.71, "MIN:kappa.mean": 0.5594, "MAX:kappa.mean": 0.8073, "MIN:kappa.max": 0.71, "MAX:kappa.max": 0.9}