{"MIN:log_loss.min": 0.6215861027390099, "MAX:log_loss.min": 0.6881078498629951, "MIN:log_loss.mean": 0.9389116575524724, "MAX:log_loss.mean": 1.0989801763436036, "MIN:log_loss.max": 1.2054205849943023, "MAX:log_loss.max": 1.6655205140010332, "MIN:accuracy.min": 0.03333333333333333, "MAX:accuracy.min": 0.3333333333333333, "MIN:accuracy.mean": 0.43273333333333336, "MAX:accuracy.mean": 0.5759333333333334, "MIN:accuracy.max": 0.7933333333333333, "MAX:accuracy.max": 0.96, "MIN:kappa.min": -0.44999999999999996, "MAX:kappa.min": 1.1102230246251565e-16, "MIN:kappa.mean": 0.1491, "MAX:kappa.mean": 0.36389999999999995, "MIN:kappa.max": 0.69, "MAX:kappa.max": 0.9400000000000001}