{"MIN:log_loss.min": 0.18505616820146878, "MAX:log_loss.min": 0.5624813558455274, "MIN:log_loss.mean": 1.1638600081368569, "MAX:log_loss.mean": 6.851399005531679, "MIN:log_loss.max": 5.647120186830849, "MAX:log_loss.max": 15.354360874936047, "MIN:accuracy.min": 0.3333333333333333, "MAX:accuracy.min": 0.3333333333333333, "MIN:accuracy.mean": 0.5311333333333333, "MAX:accuracy.mean": 0.6011333333333334, "MIN:accuracy.max": 0.8133333333333334, "MAX:accuracy.max": 0.9466666666666667, "MIN:kappa.min": -2.220446049250313e-16, "MAX:kappa.min": 0.0, "MIN:kappa.mean": 0.29669999999999996, "MAX:kappa.mean": 0.4017000000000001, "MIN:kappa.max": 0.72, "MAX:kappa.max": 0.92}