{"MIN:log_loss.min": 0.22499335729659115, "MAX:log_loss.min": 0.4676882041821774, "MIN:log_loss.mean": 0.5699343720078993, "MAX:log_loss.mean": 0.6512177992941836, "MIN:log_loss.max": 1.091181478863886, "MAX:log_loss.max": 1.0936574464901787, "MIN:accuracy.min": 0.34, "MAX:accuracy.min": 0.7, "MIN:accuracy.mean": 0.8172666666666665, "MAX:accuracy.mean": 0.8597333333333335, "MIN:accuracy.max": 0.96, "MAX:accuracy.max": 0.96, "MIN:kappa.min": 0.010000000000000009, "MAX:kappa.min": 0.55, "MIN:kappa.mean": 0.7258999999999999, "MAX:kappa.mean": 0.7896000000000001, "MIN:kappa.max": 0.9400000000000001, "MAX:kappa.max": 0.9400000000000001}