{"MIN:log_loss.min": 0.649289291385709, "MAX:log_loss.min": 0.66719870825282, "MIN:log_loss.mean": 0.8192383046092954, "MAX:log_loss.mean": 0.8491292213575172, "MIN:log_loss.max": 1.19896741360294, "MAX:log_loss.max": 1.1996571334094837, "MIN:accuracy.min": 0.3333333333333333, "MAX:accuracy.min": 0.3333333333333333, "MIN:accuracy.mean": 0.5968666666666667, "MAX:accuracy.mean": 0.6261333333333334, "MIN:accuracy.max": 0.9133333333333333, "MAX:accuracy.max": 0.96, "MIN:kappa.min": 0.0, "MAX:kappa.min": 0.0, "MIN:kappa.mean": 0.3953, "MAX:kappa.mean": 0.4392000000000001, "MIN:kappa.max": 0.87, "MAX:kappa.max": 0.9400000000000001}