{"MIN:log_loss.min": 0.2863467048925232, "MAX:log_loss.min": 0.5081764013709555, "MIN:log_loss.mean": 0.31858249286207113, "MAX:log_loss.mean": 0.6578513327765408, "MIN:log_loss.max": 0.6951319975710262, "MAX:log_loss.max": 0.894816226806711, "MIN:accuracy.min": 0.6133333333333333, "MAX:accuracy.min": 0.6666666666666666, "MIN:accuracy.mean": 0.9003333333333334, "MAX:accuracy.mean": 0.9118666666666665, "MIN:accuracy.max": 0.96, "MAX:accuracy.max": 0.96, "MIN:kappa.min": 0.42000000000000004, "MAX:kappa.min": 0.5, "MIN:kappa.mean": 0.8504999999999999, "MAX:kappa.mean": 0.8678, "MIN:kappa.max": 0.94, "MAX:kappa.max": 0.9400000000000001}