{"mean accuracy": 0.6118666666666667, "max accuracy": 0.9600000000000001, "mean kappa": 0.4178, "max kappa": 0.9400000000000001}