{"MIN:log_loss.min": 0.16525400756336667, "MAX:log_loss.min": 0.3090754202557427, "MIN:log_loss.mean": 0.5793160832701164, "MAX:log_loss.mean": 4.940999111995861, "MIN:log_loss.max": 0.86194832621629, "MAX:log_loss.max": 6.082843026486692, "MIN:accuracy.min": 0.3333333333333333, "MAX:accuracy.min": 0.6333333333333333, "MIN:accuracy.mean": 0.38346666666666673, "MAX:accuracy.mean": 0.8727999999999999, "MIN:accuracy.max": 0.9266666666666666, "MAX:accuracy.max": 0.96, "MIN:kappa.min": -2.220446049250313e-16, "MAX:kappa.min": 0.44999999999999996, "MIN:kappa.mean": 0.07519999999999999, "MAX:kappa.mean": 0.8092000000000001, "MIN:kappa.max": 0.89, "MAX:kappa.max": 0.9400000000000001}