{"MIN:log_loss.min": 0.3154530676368451, "MAX:log_loss.min": 0.3924002861600639, "MIN:log_loss.mean": 0.6163629088548958, "MAX:log_loss.mean": 0.7288080898794731, "MIN:log_loss.max": 1.0975525694262849, "MAX:log_loss.max": 1.0975544726419004, "MIN:accuracy.min": 0.3333333333333333, "MAX:accuracy.min": 0.3333333333333333, "MIN:accuracy.mean": 0.7410000000000001, "MAX:accuracy.mean": 0.7668666666666666, "MIN:accuracy.max": 0.86, "MAX:accuracy.max": 0.96, "MIN:kappa.min": 0.0, "MAX:kappa.min": 0.0, "MIN:kappa.mean": 0.6114999999999999, "MAX:kappa.mean": 0.6503, "MIN:kappa.max": 0.79, "MAX:kappa.max": 0.9400000000000001}