{"MIN:log_loss.min": 0.046319560275027885, "MAX:log_loss.min": 0.05473831125106175, "MIN:log_loss.mean": 0.26595851389450387, "MAX:log_loss.mean": 0.2726797039928244, "MIN:log_loss.max": 0.9567900382558363, "MAX:log_loss.max": 0.978395142160429, "MIN:accuracy.min": 0.3333333333333333, "MAX:accuracy.min": 0.3333333333333333, "MIN:accuracy.mean": 0.9396, "MAX:accuracy.mean": 0.9513333333333333, "MIN:accuracy.max": 0.98, "MAX:accuracy.max": 0.9866666666666667, "MIN:kappa.min": 1.1102230246251565e-16, "MAX:kappa.min": 1.1102230246251565e-16, "MIN:kappa.mean": 0.9094, "MAX:kappa.mean": 0.9269999999999999, "MIN:kappa.max": 0.97, "MAX:kappa.max": 0.98}