{"mean accuracy": 0.6712666666666665, "max accuracy": 0.96, "mean kappa": 0.5068999999999999, "max kappa": 0.94}