{"mean accuracy": 0.9490000000000002, "max accuracy": 0.9600000000000001, "mean kappa": 0.9235, "max kappa": 0.9400000000000001}