{"MIN:log_loss.min": 0.82793424061606, "MAX:log_loss.min": 0.82793424061606, "MIN:log_loss.mean": 0.9811865679263877, "MAX:log_loss.mean": 0.9811865679263877, "MIN:log_loss.max": 1.1944082712320268, "MAX:log_loss.max": 1.1944082712320268, "MIN:accuracy.min": 0.6066666666666667, "MAX:accuracy.min": 0.6066666666666667, "MIN:accuracy.mean": 0.6530666666666667, "MAX:accuracy.mean": 0.6530666666666667, "MIN:accuracy.max": 0.9133333333333333, "MAX:accuracy.max": 0.9133333333333333, "MIN:kappa.min": 0.41000000000000003, "MAX:kappa.min": 0.41000000000000003, "MIN:kappa.mean": 0.4796, "MAX:kappa.mean": 0.4796, "MIN:kappa.max": 0.87, "MAX:kappa.max": 0.87}