{"MIN:log_loss.min": 0.2348212904582084, "MAX:log_loss.min": 0.3160024524138269, "MIN:log_loss.mean": 0.7079717624303694, "MAX:log_loss.mean": 0.7198209426759324, "MIN:log_loss.max": 3.785551031787768, "MAX:log_loss.max": 3.892710349532666, "MIN:accuracy.min": 0.6533333333333333, "MAX:accuracy.min": 0.6666666666666666, "MIN:accuracy.mean": 0.8988666666666667, "MAX:accuracy.mean": 0.9045333333333333, "MIN:accuracy.max": 0.96, "MAX:accuracy.max": 0.9666666666666667, "MIN:kappa.min": 0.48, "MAX:kappa.min": 0.5, "MIN:kappa.mean": 0.8483000000000002, "MAX:kappa.mean": 0.8568000000000001, "MIN:kappa.max": 0.9400000000000001, "MAX:kappa.max": 0.95}