{"MIN:log_loss.min": 0.6448770602402938, "MAX:log_loss.min": 0.718435364468607, "MIN:log_loss.mean": 0.924832550295106, "MAX:log_loss.mean": 1.3210505268254251, "MIN:log_loss.max": 1.1931479716059479, "MAX:log_loss.max": 2.9851454795274774, "MIN:accuracy.min": 0.66, "MAX:accuracy.min": 0.66, "MIN:accuracy.mean": 0.7444, "MAX:accuracy.mean": 0.7502000000000001, "MIN:accuracy.max": 0.9533333333333334, "MAX:accuracy.max": 0.9533333333333334, "MIN:kappa.min": 0.49, "MAX:kappa.min": 0.49, "MIN:kappa.mean": 0.6166000000000001, "MAX:kappa.mean": 0.6253000000000001, "MIN:kappa.max": 0.9299999999999999, "MAX:kappa.max": 0.9299999999999999}