{"MIN:log_loss.min": 0.11630138999363995, "MAX:log_loss.min": 0.6812537329650127, "MIN:log_loss.mean": 0.5553637966963186, "MAX:log_loss.mean": 0.8021432321480779, "MIN:log_loss.max": 1.0888560576055326, "MAX:log_loss.max": 2.6091022966455806, "MIN:accuracy.min": 0.3333333333333333, "MAX:accuracy.min": 0.3333333333333333, "MIN:accuracy.mean": 0.7403333333333336, "MAX:accuracy.mean": 0.7827333333333334, "MIN:accuracy.max": 0.96, "MAX:accuracy.max": 0.96, "MIN:kappa.min": -2.220446049250313e-16, "MAX:kappa.min": 0.0, "MIN:kappa.mean": 0.6105, "MAX:kappa.mean": 0.6741000000000001, "MIN:kappa.max": 0.94, "MAX:kappa.max": 0.9400000000000001}