{"MIN:log_loss.min": 0.18898355923044474, "MAX:log_loss.min": 0.36102133030887806, "MIN:log_loss.mean": 0.65553290857653, "MAX:log_loss.mean": 0.7400266086936956, "MIN:log_loss.max": 1.1555764382091092, "MAX:log_loss.max": 1.2489116306766133, "MIN:accuracy.min": 0.18, "MAX:accuracy.min": 0.3333333333333333, "MIN:accuracy.mean": 0.6368666666666666, "MAX:accuracy.mean": 0.6782, "MIN:accuracy.max": 0.9066666666666666, "MAX:accuracy.max": 0.9666666666666667, "MIN:kappa.min": -0.22999999999999998, "MAX:kappa.min": 0.0, "MIN:kappa.mean": 0.4553000000000001, "MAX:kappa.mean": 0.5173, "MIN:kappa.max": 0.86, "MAX:kappa.max": 0.95}