{"MIN:log_loss.min": 0.5359500315816628, "MAX:log_loss.min": 0.5873381444402703, "MIN:log_loss.mean": 0.7555911502006655, "MAX:log_loss.mean": 0.8941500490445119, "MIN:log_loss.max": 1.3231718214668549, "MAX:log_loss.max": 2.2946086568287374, "MIN:accuracy.min": 0.3333333333333333, "MAX:accuracy.min": 0.36666666666666664, "MIN:accuracy.mean": 0.6608666666666667, "MAX:accuracy.mean": 0.7023999999999999, "MIN:accuracy.max": 0.9066666666666666, "MAX:accuracy.max": 0.9666666666666667, "MIN:kappa.min": 0.0, "MAX:kappa.min": 0.050000000000000044, "MIN:kappa.mean": 0.49129999999999996, "MAX:kappa.mean": 0.5536, "MIN:kappa.max": 0.86, "MAX:kappa.max": 0.95}