{"MIN:log_loss.min": 0.09076708776194829, "MAX:log_loss.min": 0.19171251086775284, "MIN:log_loss.mean": 0.3123671043785255, "MAX:log_loss.mean": 0.39956528245366807, "MIN:log_loss.max": 0.8558795186626573, "MAX:log_loss.max": 8.34559237371984, "MIN:accuracy.min": 0.41333333333333333, "MAX:accuracy.min": 0.6133333333333333, "MIN:accuracy.mean": 0.9391333333333333, "MAX:accuracy.mean": 0.9554666666666667, "MIN:accuracy.max": 0.9733333333333334, "MAX:accuracy.max": 0.9733333333333334, "MIN:kappa.min": 0.12, "MAX:kappa.min": 0.42000000000000004, "MIN:kappa.mean": 0.9087000000000002, "MAX:kappa.mean": 0.9331999999999999, "MIN:kappa.max": 0.96, "MAX:kappa.max": 0.96}