{"MIN:log_loss.min": 0.5926554667754083, "MAX:log_loss.min": 0.8805255835878806, "MIN:log_loss.mean": 0.8633352268188856, "MAX:log_loss.mean": 1.0264037893465205, "MIN:log_loss.max": 1.4864610330198227, "MAX:log_loss.max": 2.701267586453138, "MIN:accuracy.min": 0.3333333333333333, "MAX:accuracy.min": 0.5266666666666666, "MIN:accuracy.mean": 0.6510666666666667, "MAX:accuracy.mean": 0.7260666666666666, "MIN:accuracy.max": 0.8266666666666667, "MAX:accuracy.max": 0.96, "MIN:kappa.min": -2.220446049250313e-16, "MAX:kappa.min": 0.29000000000000004, "MIN:kappa.mean": 0.47659999999999997, "MAX:kappa.mean": 0.5891, "MIN:kappa.max": 0.74, "MAX:kappa.max": 0.9400000000000001}