{"mean accuracy": 0.6662000000000002, "max accuracy": 0.76, "mean kappa": 0.4992999999999999, "max kappa": 0.64}