{"MIN:log_loss.min": 0.09671021186622326, "MAX:log_loss.min": 0.1685778089633567, "MIN:log_loss.mean": 0.38627401350859375, "MAX:log_loss.mean": 0.48238076112569944, "MIN:log_loss.max": 0.7452691578050818, "MAX:log_loss.max": 1.155483709745395, "MIN:accuracy.min": 0.19333333333333333, "MAX:accuracy.min": 0.6666666666666666, "MIN:accuracy.mean": 0.7868000000000002, "MAX:accuracy.mean": 0.8533333333333334, "MIN:accuracy.max": 0.96, "MAX:accuracy.max": 0.9666666666666667, "MIN:kappa.min": -0.20999999999999996, "MAX:kappa.min": 0.5, "MIN:kappa.mean": 0.6802000000000001, "MAX:kappa.mean": 0.78, "MIN:kappa.max": 0.9400000000000001, "MAX:kappa.max": 0.95}