{"MIN:log_loss.min": 0.802598897396451, "MAX:log_loss.min": 1.0106742186715325, "MIN:log_loss.mean": 0.9694499943932995, "MAX:log_loss.mean": 1.0946251232246498, "MIN:log_loss.max": 1.5991619008509788, "MAX:log_loss.max": 2.0507556371320126, "MIN:accuracy.min": 0.3333333333333333, "MAX:accuracy.min": 0.4266666666666667, "MIN:accuracy.mean": 0.6227333333333334, "MAX:accuracy.mean": 0.6578, "MIN:accuracy.max": 0.6666666666666666, "MAX:accuracy.max": 0.96, "MIN:kappa.min": 0.0, "MAX:kappa.min": 0.14, "MIN:kappa.mean": 0.4341, "MAX:kappa.mean": 0.48669999999999985, "MIN:kappa.max": 0.5, "MAX:kappa.max": 0.9400000000000001}