{"mean accuracy": 0.6885333333333336, "max accuracy": 0.96, "mean kappa": 0.5327999999999999, "max kappa": 0.94}