{"mean accuracy": 0.6952000000000004, "max accuracy": 0.7666666666666666, "mean kappa": 0.5428000000000001, "max kappa": 0.6499999999999999}