{"MIN:log_loss.min": 0.11264683235270757, "MAX:log_loss.min": 0.11747522377674448, "MIN:log_loss.mean": 0.25798671035007115, "MAX:log_loss.mean": 0.2812256243209118, "MIN:log_loss.max": 0.5147490843027527, "MAX:log_loss.max": 1.2375235105098112, "MIN:accuracy.min": 0.56, "MAX:accuracy.min": 0.8933333333333333, "MIN:accuracy.mean": 0.9396666666666669, "MAX:accuracy.mean": 0.9483333333333335, "MIN:accuracy.max": 0.9466666666666667, "MAX:accuracy.max": 0.96, "MIN:kappa.min": 0.33999999999999997, "MAX:kappa.min": 0.84, "MIN:kappa.mean": 0.9095, "MAX:kappa.mean": 0.9225000000000001, "MIN:kappa.max": 0.92, "MAX:kappa.max": 0.94}