{"MIN:log_loss.min": 0.6542040498460011, "MAX:log_loss.min": 0.8117746947210831, "MIN:log_loss.mean": 0.8393778320543279, "MAX:log_loss.mean": 1.4157063317218925, "MIN:log_loss.max": 1.1892940108432521, "MAX:log_loss.max": 4.673611893156893, "MIN:accuracy.min": 0.3333333333333333, "MAX:accuracy.min": 0.36666666666666664, "MIN:accuracy.mean": 0.6099333333333334, "MAX:accuracy.mean": 0.6622666666666668, "MIN:accuracy.max": 0.88, "MAX:accuracy.max": 0.96, "MIN:kappa.min": -2.220446049250313e-16, "MAX:kappa.min": 0.050000000000000044, "MIN:kappa.mean": 0.41490000000000005, "MAX:kappa.mean": 0.4934000000000001, "MIN:kappa.max": 0.8200000000000001, "MAX:kappa.max": 0.9400000000000001}