{"MIN:log_loss.min": 0.5967707143633447, "MAX:log_loss.min": 0.7102456476256058, "MIN:log_loss.mean": 0.7725432231030124, "MAX:log_loss.mean": 1.1808943286154012, "MIN:log_loss.max": 1.4833257406355085, "MAX:log_loss.max": 6.041233578849833, "MIN:accuracy.min": 0.3333333333333333, "MAX:accuracy.min": 0.56, "MIN:accuracy.mean": 0.6737333333333333, "MAX:accuracy.mean": 0.7111333333333334, "MIN:accuracy.max": 0.9533333333333334, "MAX:accuracy.max": 0.9666666666666667, "MIN:kappa.min": -2.220446049250313e-16, "MAX:kappa.min": 0.33999999999999997, "MIN:kappa.mean": 0.5106, "MAX:kappa.mean": 0.5667, "MIN:kappa.max": 0.9299999999999999, "MAX:kappa.max": 0.95}