{"MAX:log_loss.min": 0.8123312039818423, "ARGMAX:log_loss.min": [9, 428478], "MIN:log_loss.min": 0.7714796038682749, "ARGMIN:log_loss.min": [0, 458496], "MEAN:log_loss.min": 0.7951613317445605, "MAX:log_loss.mean": 1.1060626181311588, "ARGMAX:log_loss.mean": [6, 435637], "MIN:log_loss.mean": 1.0550878493400626, "ARGMIN:log_loss.mean": [0, 458496], "MEAN:log_loss.mean": 1.0846538945268112, "MAX:log_loss.max": 4.23929001083132, "ARGMAX:log_loss.max": [2, 456807], "MIN:log_loss.max": 3.688508938457883, "ARGMIN:log_loss.max": [3, 451050], "MEAN:log_loss.max": 3.850771814509978, "MAX:accuracy.min": 0.3056, "ARGMAX:accuracy.min": [0, 458496], "MIN:accuracy.min": 0.2782, "ARGMIN:accuracy.min": [8, 428507], "MEAN:accuracy.min": 0.28715, "MAX:accuracy.mean": 0.73899, "ARGMAX:accuracy.mean": [0, 458496], "MIN:accuracy.mean": 0.725997, "ARGMIN:accuracy.mean": [9, 428478], "MEAN:accuracy.mean": 0.7320013000000001, "MAX:accuracy.max": 0.7766, "ARGMAX:accuracy.max": [0, 458496], "MIN:accuracy.max": 0.7643, "ARGMIN:accuracy.max": [9, 428478], "MEAN:accuracy.max": 0.7686299999999999, "MAX:kappa.min": 0.22805370238295286, "ARGMAX:kappa.min": [0, 458496], "MIN:kappa.min": 0.19671177559995456, "ARGMIN:kappa.min": [8, 428507], "MEAN:kappa.min": 0.20701774865943165, "MAX:kappa.mean": 0.7096457536076897, "ARGMAX:kappa.mean": [0, 458496], "MIN:kappa.mean": 0.6951605918248466, "ARGMIN:kappa.mean": [9, 428478], "MEAN:kappa.mean": 0.7018559850904711, "MAX:kappa.max": 0.75147986564739, "ARGMAX:kappa.max": [0, 458496], "MIN:kappa.max": 0.7377876751218442, "ARGMIN:kappa.max": [9, 428478], "MEAN:kappa.max": 0.742612385175167}