{"MIN:log_loss.min": 0.11207395691950026, "MAX:log_loss.min": 0.21251778694570664, "MIN:log_loss.mean": 0.39813701743874097, "MAX:log_loss.mean": 0.758622979831231, "MIN:log_loss.max": 0.8042693338653913, "MAX:log_loss.max": 2.0645821149914756, "MIN:accuracy.min": 0.48, "MAX:accuracy.min": 0.6666666666666666, "MIN:accuracy.mean": 0.7925333333333333, "MAX:accuracy.mean": 0.8236666666666664, "MIN:accuracy.max": 0.9466666666666667, "MAX:accuracy.max": 0.96, "MIN:kappa.min": 0.21999999999999997, "MAX:kappa.min": 0.5, "MIN:kappa.mean": 0.6888000000000002, "MAX:kappa.mean": 0.7355000000000002, "MIN:kappa.max": 0.92, "MAX:kappa.max": 0.9400000000000001}