{"MIN:log_loss.min": 0.5979293004093035, "MAX:log_loss.min": 0.7135360213405962, "MIN:log_loss.mean": 0.90490730385147, "MAX:log_loss.mean": 1.0297819956413052, "MIN:log_loss.max": 1.1952763263524255, "MAX:log_loss.max": 1.9390119689275056, "MIN:accuracy.min": 0.54, "MAX:accuracy.min": 0.6666666666666666, "MIN:accuracy.mean": 0.6722666666666669, "MAX:accuracy.mean": 0.7080666666666668, "MIN:accuracy.max": 0.86, "MAX:accuracy.max": 0.9533333333333334, "MIN:kappa.min": 0.31000000000000005, "MAX:kappa.min": 0.5, "MIN:kappa.mean": 0.5084, "MAX:kappa.mean": 0.5620999999999999, "MIN:kappa.max": 0.79, "MAX:kappa.max": 0.9299999999999999}