{"MIN:log_loss.min": 0.14740369315085652, "MAX:log_loss.min": 0.18505711162578892, "MIN:log_loss.mean": 0.2592206520980701, "MAX:log_loss.mean": 0.26446189725390457, "MIN:log_loss.max": 0.8217881125542829, "MAX:log_loss.max": 0.8368621521093486, "MIN:accuracy.min": 0.3466666666666667, "MAX:accuracy.min": 0.47333333333333333, "MIN:accuracy.mean": 0.9499999999999998, "MAX:accuracy.mean": 0.9523333333333333, "MIN:accuracy.max": 0.9666666666666667, "MAX:accuracy.max": 0.9733333333333334, "MIN:kappa.min": 0.020000000000000018, "MAX:kappa.min": 0.20999999999999996, "MIN:kappa.mean": 0.9249999999999997, "MAX:kappa.mean": 0.9284999999999998, "MIN:kappa.max": 0.95, "MAX:kappa.max": 0.96}