{"MIN:log_loss.min": 0.14514251474962714, "MAX:log_loss.min": 0.3113537685545768, "MIN:log_loss.mean": 0.7083281168862247, "MAX:log_loss.mean": 0.9181720499818026, "MIN:log_loss.max": 1.3530673220158624, "MAX:log_loss.max": 1.7921852040455273, "MIN:accuracy.min": 0.3333333333333333, "MAX:accuracy.min": 0.48, "MIN:accuracy.mean": 0.6696000000000002, "MAX:accuracy.mean": 0.7373333333333335, "MIN:accuracy.max": 0.9466666666666667, "MAX:accuracy.max": 0.96, "MIN:kappa.min": -2.220446049250313e-16, "MAX:kappa.min": 0.22000000000000008, "MIN:kappa.mean": 0.5044, "MAX:kappa.mean": 0.606, "MIN:kappa.max": 0.92, "MAX:kappa.max": 0.9400000000000001}