{"MIN:log_loss.min": 0.6778824344998514, "MAX:log_loss.min": 0.6807404207342067, "MIN:log_loss.mean": 0.9567177763020915, "MAX:log_loss.mean": 0.9646956300797822, "MIN:log_loss.max": 5.559487401577174, "MAX:log_loss.max": 5.5829793659949845, "MIN:accuracy.min": 0.6066666666666667, "MAX:accuracy.min": 0.62, "MIN:accuracy.mean": 0.7178000000000001, "MAX:accuracy.mean": 0.7408666666666668, "MIN:accuracy.max": 0.9133333333333333, "MAX:accuracy.max": 0.96, "MIN:kappa.min": 0.41000000000000003, "MAX:kappa.min": 0.43000000000000005, "MIN:kappa.mean": 0.5767, "MAX:kappa.mean": 0.6113000000000001, "MIN:kappa.max": 0.87, "MAX:kappa.max": 0.94}