{"MIN:log_loss.min": 0.4676451703131109, "MAX:log_loss.min": 0.9936800088146013, "MIN:log_loss.mean": 0.7197302441572754, "MAX:log_loss.mean": 1.713797182934361, "MIN:log_loss.max": 1.0983207944825586, "MAX:log_loss.max": 3.972476221857314, "MIN:accuracy.min": 0.3333333333333333, "MAX:accuracy.min": 0.48, "MIN:accuracy.mean": 0.5719333333333334, "MAX:accuracy.mean": 0.6154666666666667, "MIN:accuracy.max": 0.62, "MAX:accuracy.max": 0.7266666666666667, "MIN:kappa.min": -2.220446049250313e-16, "MAX:kappa.min": 0.21999999999999997, "MIN:kappa.mean": 0.3579, "MAX:kappa.mean": 0.4232, "MIN:kappa.max": 0.43000000000000005, "MAX:kappa.max": 0.5900000000000001}