{"MIN:log_loss.min": 0.11502393239748185, "MAX:log_loss.min": 0.19981119930879557, "MIN:log_loss.mean": 1.0246726068587642, "MAX:log_loss.mean": 2.6497411492538396, "MIN:log_loss.max": 11.718711682914297, "MAX:log_loss.max": 18.917072970261476, "MIN:accuracy.min": 0.31333333333333335, "MAX:accuracy.min": 0.44666666666666666, "MIN:accuracy.mean": 0.7378666666666667, "MAX:accuracy.mean": 0.7733999999999999, "MIN:accuracy.max": 0.9466666666666667, "MAX:accuracy.max": 0.96, "MIN:kappa.min": -0.030000000000000027, "MAX:kappa.min": 0.17000000000000004, "MIN:kappa.mean": 0.6067999999999999, "MAX:kappa.mean": 0.6600999999999999, "MIN:kappa.max": 0.92, "MAX:kappa.max": 0.9400000000000001}