{"MIN:log_loss.min": 0.732204049741306, "MAX:log_loss.min": 0.946067434105659, "MIN:log_loss.mean": 0.8065290619371842, "MAX:log_loss.mean": 1.0273827224663612, "MIN:log_loss.max": 1.0860334130223017, "MAX:log_loss.max": 1.601381739779522, "MIN:accuracy.min": 0.3333333333333333, "MAX:accuracy.min": 0.3333333333333333, "MIN:accuracy.mean": 0.5536666666666666, "MAX:accuracy.mean": 0.6369333333333332, "MIN:accuracy.max": 0.6666666666666666, "MAX:accuracy.max": 0.6666666666666666, "MIN:kappa.min": 0.0, "MAX:kappa.min": 0.0, "MIN:kappa.mean": 0.33049999999999996, "MAX:kappa.mean": 0.45539999999999997, "MIN:kappa.max": 0.5, "MAX:kappa.max": 0.5}