{"MIN:log_loss.min": 0.0711736983415954, "MAX:log_loss.min": 0.09343885543869078, "MIN:log_loss.mean": 0.4123403765602137, "MAX:log_loss.mean": 0.5181139722399771, "MIN:log_loss.max": 0.8818957348125991, "MAX:log_loss.max": 1.1640135733129344, "MIN:accuracy.min": 0.8466666666666667, "MAX:accuracy.min": 0.9466666666666667, "MIN:accuracy.mean": 0.9548000000000001, "MAX:accuracy.mean": 0.9592666666666667, "MIN:accuracy.max": 0.96, "MAX:accuracy.max": 0.98, "MIN:kappa.min": 0.77, "MAX:kappa.min": 0.92, "MIN:kappa.mean": 0.9322, "MAX:kappa.mean": 0.9388999999999996, "MIN:kappa.max": 0.94, "MAX:kappa.max": 0.97}