{"MIN:log_loss.min": 0.29499571362550864, "MAX:log_loss.min": 1.0027632888176667, "MIN:log_loss.mean": 0.5247242824664649, "MAX:log_loss.mean": 10.526678260965175, "MIN:log_loss.max": 1.0984385876560934, "MAX:log_loss.max": 11.563645483406715, "MIN:accuracy.min": 0.3333333333333333, "MAX:accuracy.min": 0.62, "MIN:accuracy.mean": 0.6249333333333332, "MAX:accuracy.mean": 0.6904666666666667, "MIN:accuracy.max": 0.6666666666666666, "MAX:accuracy.max": 0.9666666666666667, "MIN:kappa.min": 0.0, "MAX:kappa.min": 0.43000000000000005, "MIN:kappa.mean": 0.4374, "MAX:kappa.mean": 0.5357, "MIN:kappa.max": 0.5, "MAX:kappa.max": 0.95}