{"MIN:log_loss.min": 0.1732734655309276, "MAX:log_loss.min": 0.26084767110597373, "MIN:log_loss.mean": 0.6977978707962055, "MAX:log_loss.mean": 0.8318479844757395, "MIN:log_loss.max": 1.09603215068961, "MAX:log_loss.max": 2.305883249962163, "MIN:accuracy.min": 0.52, "MAX:accuracy.min": 0.6666666666666666, "MIN:accuracy.mean": 0.7226000000000002, "MAX:accuracy.mean": 0.7505333333333333, "MIN:accuracy.max": 0.9266666666666666, "MAX:accuracy.max": 0.9466666666666667, "MIN:kappa.min": 0.28, "MAX:kappa.min": 0.5, "MIN:kappa.mean": 0.5839, "MAX:kappa.mean": 0.6258, "MIN:kappa.max": 0.89, "MAX:kappa.max": 0.92}