{"MIN:log_loss.min": 0.3048271604812581, "MAX:log_loss.min": 0.3381481453691512, "MIN:log_loss.mean": 0.5682791637630566, "MAX:log_loss.mean": 0.6196925393771606, "MIN:log_loss.max": 1.0964927374158933, "MAX:log_loss.max": 1.0965263849633318, "MIN:accuracy.min": 0.3333333333333333, "MAX:accuracy.min": 0.3333333333333333, "MIN:accuracy.mean": 0.7516666666666666, "MAX:accuracy.mean": 0.7598666666666665, "MIN:accuracy.max": 0.9533333333333334, "MAX:accuracy.max": 0.96, "MIN:kappa.min": 0.0, "MAX:kappa.min": 0.0, "MIN:kappa.mean": 0.6275000000000001, "MAX:kappa.mean": 0.6397999999999999, "MIN:kappa.max": 0.9299999999999999, "MAX:kappa.max": 0.9400000000000001}