{"MIN:log_loss.min": 0.43037854066895886, "MAX:log_loss.min": 0.5728624819732018, "MIN:log_loss.mean": 0.8941610755809133, "MAX:log_loss.mean": 1.3521311098015047, "MIN:log_loss.max": 4.780933636918879, "MAX:log_loss.max": 10.65676302375956, "MIN:accuracy.min": 0.3466666666666667, "MAX:accuracy.min": 0.56, "MIN:accuracy.mean": 0.7021999999999999, "MAX:accuracy.mean": 0.7587999999999999, "MIN:accuracy.max": 0.88, "MAX:accuracy.max": 0.9466666666666667, "MIN:kappa.min": 0.020000000000000018, "MAX:kappa.min": 0.33999999999999997, "MIN:kappa.mean": 0.5533000000000001, "MAX:kappa.mean": 0.6382, "MIN:kappa.max": 0.8200000000000001, "MAX:kappa.max": 0.92}