{"MIN:log_loss.min": 0.40492600223805764, "MAX:log_loss.min": 0.9054360033367389, "MIN:log_loss.mean": 0.8584902045624554, "MAX:log_loss.mean": 1.5819456722387892, "MIN:log_loss.max": 1.0980553354594493, "MAX:log_loss.max": 21.219173185256167, "MIN:accuracy.min": 0.3333333333333333, "MAX:accuracy.min": 0.56, "MIN:accuracy.mean": 0.6959333333333333, "MAX:accuracy.mean": 0.7638666666666667, "MIN:accuracy.max": 0.88, "MAX:accuracy.max": 0.96, "MIN:kappa.min": -2.220446049250313e-16, "MAX:kappa.min": 0.33999999999999997, "MIN:kappa.mean": 0.5439, "MAX:kappa.mean": 0.6457999999999999, "MIN:kappa.max": 0.8200000000000001, "MAX:kappa.max": 0.9400000000000001}