{"MIN:log_loss.min": 0.4690727828432738, "MAX:log_loss.min": 1.0207707641733952, "MIN:log_loss.mean": 1.387520147271565, "MAX:log_loss.mean": 5.798504129815584, "MIN:log_loss.max": 6.124316312376628, "MAX:log_loss.max": 20.901465188447357, "MIN:accuracy.min": 0.3333333333333333, "MAX:accuracy.min": 0.6666666666666666, "MIN:accuracy.mean": 0.6156000000000001, "MAX:accuracy.mean": 0.6666666666666669, "MIN:accuracy.max": 0.6666666666666666, "MAX:accuracy.max": 0.96, "MIN:kappa.min": -2.220446049250313e-16, "MAX:kappa.min": 0.5, "MIN:kappa.mean": 0.42339999999999994, "MAX:kappa.mean": 0.5, "MIN:kappa.max": 0.5, "MAX:kappa.max": 0.9400000000000001}