{"MIN:log_loss.min": 0.30214993882840496, "MAX:log_loss.min": 0.30387613341271535, "MIN:log_loss.mean": 0.46560912575723135, "MAX:log_loss.mean": 0.5331045676143106, "MIN:log_loss.max": 1.0885823300064934, "MAX:log_loss.max": 1.0907799037899313, "MIN:accuracy.min": 0.3333333333333333, "MAX:accuracy.min": 0.56, "MIN:accuracy.mean": 0.7594666666666668, "MAX:accuracy.mean": 0.8118000000000002, "MIN:accuracy.max": 0.96, "MAX:accuracy.max": 0.98, "MIN:kappa.min": 0.0, "MAX:kappa.min": 0.33999999999999997, "MIN:kappa.mean": 0.6392, "MAX:kappa.mean": 0.7177, "MIN:kappa.max": 0.9400000000000001, "MAX:kappa.max": 0.97}