{"MIN:log_loss.min": 0.09160264361782743, "MAX:log_loss.min": 0.8865812287548923, "MIN:log_loss.mean": 0.5032645080497155, "MAX:log_loss.mean": 8.541992228850837, "MIN:log_loss.max": 0.9268559529780728, "MAX:log_loss.max": 23.025850929940454, "MIN:accuracy.min": 0.3333333333333333, "MAX:accuracy.min": 0.66, "MIN:accuracy.mean": 0.6817333333333334, "MAX:accuracy.mean": 0.7889999999999998, "MIN:accuracy.max": 0.9466666666666667, "MAX:accuracy.max": 0.9733333333333334, "MIN:kappa.min": 0.0, "MAX:kappa.min": 0.49, "MIN:kappa.mean": 0.5226000000000001, "MAX:kappa.mean": 0.6835000000000001, "MIN:kappa.max": 0.92, "MAX:kappa.max": 0.96}