{"MIN:log_loss.min": 0.3313399988074397, "MAX:log_loss.min": 0.6751142559379916, "MIN:log_loss.mean": 0.7350852223175535, "MAX:log_loss.mean": 1.497865410687474, "MIN:log_loss.max": 0.9162134870416859, "MAX:log_loss.max": 5.2423800263671945, "MIN:accuracy.min": 0.3333333333333333, "MAX:accuracy.min": 0.6533333333333333, "MIN:accuracy.mean": 0.6408666666666666, "MAX:accuracy.mean": 0.6694666666666664, "MIN:accuracy.max": 0.6666666666666666, "MAX:accuracy.max": 0.96, "MIN:kappa.min": -2.220446049250313e-16, "MAX:kappa.min": 0.48, "MIN:kappa.mean": 0.46129999999999993, "MAX:kappa.mean": 0.5042, "MIN:kappa.max": 0.5, "MAX:kappa.max": 0.9400000000000001}