{"MIN:log_loss.min": 0.4624162649440325, "MAX:log_loss.min": 0.8652688632768919, "MIN:log_loss.mean": 1.0217818913874666, "MAX:log_loss.mean": 1.457674108807597, "MIN:log_loss.max": 1.4703769924827832, "MAX:log_loss.max": 11.976446042864207, "MIN:accuracy.min": 0.0, "MAX:accuracy.min": 0.20666666666666667, "MIN:accuracy.mean": 0.4454666666666667, "MAX:accuracy.mean": 0.6180666666666665, "MIN:accuracy.max": 0.72, "MAX:accuracy.max": 0.8733333333333333, "MIN:kappa.min": -0.5, "MAX:kappa.min": -0.18999999999999995, "MIN:kappa.mean": 0.16819999999999996, "MAX:kappa.mean": 0.4271000000000001, "MIN:kappa.max": 0.5800000000000001, "MAX:kappa.max": 0.81}