{"MIN:log_loss.min": 0.2384658486819244, "MAX:log_loss.min": 0.3556695876391256, "MIN:log_loss.mean": 0.5827539108515478, "MAX:log_loss.mean": 0.6958288509444924, "MIN:log_loss.max": 1.1536872398455977, "MAX:log_loss.max": 2.0085099754080185, "MIN:accuracy.min": 0.3333333333333333, "MAX:accuracy.min": 0.4266666666666667, "MIN:accuracy.mean": 0.8653333333333333, "MAX:accuracy.mean": 0.9381333333333335, "MIN:accuracy.max": 0.9466666666666667, "MAX:accuracy.max": 0.9666666666666667, "MIN:kappa.min": 0.0, "MAX:kappa.min": 0.14, "MIN:kappa.mean": 0.7979999999999997, "MAX:kappa.mean": 0.9071999999999999, "MIN:kappa.max": 0.92, "MAX:kappa.max": 0.95}