{"MIN:log_loss.min": 0.5815200348367404, "MAX:log_loss.min": 0.7131332238070708, "MIN:log_loss.mean": 0.9318101567723294, "MAX:log_loss.mean": 1.2318855169880052, "MIN:log_loss.max": 1.1875184997033872, "MAX:log_loss.max": 2.7618982104443495, "MIN:accuracy.min": 0.31333333333333335, "MAX:accuracy.min": 0.3333333333333333, "MIN:accuracy.mean": 0.5785333333333333, "MAX:accuracy.mean": 0.6275333333333333, "MIN:accuracy.max": 0.6666666666666666, "MAX:accuracy.max": 0.92, "MIN:kappa.min": -0.030000000000000027, "MAX:kappa.min": 0.0, "MIN:kappa.mean": 0.36779999999999996, "MAX:kappa.mean": 0.4413, "MIN:kappa.max": 0.5, "MAX:kappa.max": 0.88}