{"MIN:log_loss.min": 0.19325194766292225, "MAX:log_loss.min": 0.40481606698507494, "MIN:log_loss.mean": 0.38270802528515746, "MAX:log_loss.mean": 0.5348906363359196, "MIN:log_loss.max": 0.7261893874395291, "MAX:log_loss.max": 1.0229408839812515, "MIN:accuracy.min": 0.3333333333333333, "MAX:accuracy.min": 0.72, "MIN:accuracy.mean": 0.8175333333333333, "MAX:accuracy.mean": 0.9236666666666666, "MIN:accuracy.max": 0.94, "MAX:accuracy.max": 0.9733333333333334, "MIN:kappa.min": 0.0, "MAX:kappa.min": 0.5800000000000001, "MIN:kappa.mean": 0.7263000000000001, "MAX:kappa.mean": 0.8855, "MIN:kappa.max": 0.91, "MAX:kappa.max": 0.96}