{"mean accuracy": 0.9528000000000003, "max accuracy": 0.96, "mean kappa": 0.9291999999999999, "max kappa": 0.94}