{"MIN:log_loss.min": 0.2206048041129862, "MAX:log_loss.min": 0.39912326545076293, "MIN:log_loss.mean": 0.67643070178554, "MAX:log_loss.mean": 0.8653788632942228, "MIN:log_loss.max": 1.098164384202794, "MAX:log_loss.max": 1.2190075955814768, "MIN:accuracy.min": 0.3333333333333333, "MAX:accuracy.min": 0.3333333333333333, "MIN:accuracy.mean": 0.5974000000000002, "MAX:accuracy.mean": 0.6789999999999999, "MIN:accuracy.max": 0.9133333333333333, "MAX:accuracy.max": 0.96, "MIN:kappa.min": 0.0, "MAX:kappa.min": 0.0, "MIN:kappa.mean": 0.3961, "MAX:kappa.mean": 0.5185, "MIN:kappa.max": 0.87, "MAX:kappa.max": 0.9400000000000001}