{"MIN:log_loss.min": 0.2558005767256565, "MAX:log_loss.min": 0.38623672021740174, "MIN:log_loss.mean": 0.4867870494241054, "MAX:log_loss.mean": 0.5197143913150465, "MIN:log_loss.max": 0.853045867315208, "MAX:log_loss.max": 0.857643957443762, "MIN:accuracy.min": 0.6666666666666666, "MAX:accuracy.min": 0.6666666666666666, "MIN:accuracy.mean": 0.7927333333333334, "MAX:accuracy.mean": 0.8467999999999999, "MIN:accuracy.max": 0.9333333333333333, "MAX:accuracy.max": 0.96, "MIN:kappa.min": 0.5, "MAX:kappa.min": 0.5, "MIN:kappa.mean": 0.6891000000000002, "MAX:kappa.mean": 0.7702000000000002, "MIN:kappa.max": 0.9, "MAX:kappa.max": 0.9400000000000001}