{"mean accuracy": 0.6460000000000001, "max accuracy": 0.96, "mean kappa": 0.46899999999999986, "max kappa": 0.94}