{"MIN:log_loss.min": 0.17733519546213172, "MAX:log_loss.min": 0.3646487133388116, "MIN:log_loss.mean": 0.3137115153083747, "MAX:log_loss.mean": 0.44934291687107814, "MIN:log_loss.max": 0.7668580224584887, "MAX:log_loss.max": 2.5692958039827074, "MIN:accuracy.min": 0.36666666666666664, "MAX:accuracy.min": 0.6666666666666666, "MIN:accuracy.mean": 0.8671999999999999, "MAX:accuracy.mean": 0.9090666666666665, "MIN:accuracy.max": 0.9733333333333334, "MAX:accuracy.max": 0.98, "MIN:kappa.min": 0.050000000000000044, "MAX:kappa.min": 0.5, "MIN:kappa.mean": 0.8007999999999997, "MAX:kappa.mean": 0.8635999999999998, "MIN:kappa.max": 0.96, "MAX:kappa.max": 0.97}