{"MIN:log_loss.min": 0.6163772617956408, "MAX:log_loss.min": 0.8128042017158285, "MIN:log_loss.mean": 0.8960777159256685, "MAX:log_loss.mean": 0.955508637291909, "MIN:log_loss.max": 1.1299990394069932, "MAX:log_loss.max": 1.4674964540929536, "MIN:accuracy.min": 0.36666666666666664, "MAX:accuracy.min": 0.66, "MIN:accuracy.mean": 0.6719333333333333, "MAX:accuracy.mean": 0.7430666666666665, "MIN:accuracy.max": 0.9533333333333334, "MAX:accuracy.max": 0.9533333333333334, "MIN:kappa.min": 0.050000000000000044, "MAX:kappa.min": 0.49, "MIN:kappa.mean": 0.5078999999999999, "MAX:kappa.mean": 0.6146, "MIN:kappa.max": 0.9299999999999999, "MAX:kappa.max": 0.9299999999999999}