{"MIN:log_loss.min": 0.08771961062649299, "MAX:log_loss.min": 0.20552440381275805, "MIN:log_loss.mean": 0.5169435877386306, "MAX:log_loss.mean": 0.5622065430724199, "MIN:log_loss.max": 1.0983493756304443, "MAX:log_loss.max": 1.0984016142085808, "MIN:accuracy.min": 0.3333333333333333, "MAX:accuracy.min": 0.38, "MIN:accuracy.mean": 0.7767333333333332, "MAX:accuracy.mean": 0.8593999999999999, "MIN:accuracy.max": 0.96, "MAX:accuracy.max": 0.9666666666666667, "MIN:kappa.min": -2.220446049250313e-16, "MAX:kappa.min": 0.06999999999999995, "MIN:kappa.mean": 0.6650999999999999, "MAX:kappa.mean": 0.7890999999999999, "MIN:kappa.max": 0.94, "MAX:kappa.max": 0.95}