{"MIN:log_loss.min": 0.6719814532834, "MAX:log_loss.min": 0.6719814532834, "MIN:log_loss.mean": 0.8086460228835799, "MAX:log_loss.mean": 0.8086460228835799, "MIN:log_loss.max": 1.0517091414879758, "MAX:log_loss.max": 1.0517091414879758, "MIN:accuracy.min": 0.4266666666666667, "MAX:accuracy.min": 0.4266666666666667, "MIN:accuracy.mean": 0.6584666666666666, "MAX:accuracy.mean": 0.6584666666666666, "MIN:accuracy.max": 0.84, "MAX:accuracy.max": 0.84, "MIN:kappa.min": 0.14, "MAX:kappa.min": 0.14, "MIN:kappa.mean": 0.48769999999999997, "MAX:kappa.mean": 0.48769999999999997, "MIN:kappa.max": 0.76, "MAX:kappa.max": 0.76}