{"MIN:log_loss.min": 0.5534039124173398, "MAX:log_loss.min": 0.8867342250639803, "MIN:log_loss.mean": 0.8139897997447731, "MAX:log_loss.mean": 0.9371595934621179, "MIN:log_loss.max": 1.322269743223159, "MAX:log_loss.max": 2.347175189728013, "MIN:accuracy.min": 0.3333333333333333, "MAX:accuracy.min": 0.6066666666666667, "MIN:accuracy.mean": 0.6851333333333335, "MAX:accuracy.mean": 0.7432000000000002, "MIN:accuracy.max": 0.96, "MAX:accuracy.max": 0.96, "MIN:kappa.min": -2.220446049250313e-16, "MAX:kappa.min": 0.41000000000000003, "MIN:kappa.mean": 0.5277000000000001, "MAX:kappa.mean": 0.6148, "MIN:kappa.max": 0.9400000000000001, "MAX:kappa.max": 0.9400000000000001}