{"MIN:log_loss.min": 0.6434837204162528, "MAX:log_loss.min": 0.7199929182705707, "MIN:log_loss.mean": 0.7844021859515341, "MAX:log_loss.mean": 0.7958625189207882, "MIN:log_loss.max": 0.9259791659126898, "MAX:log_loss.max": 1.0829380937858388, "MIN:accuracy.min": 0.3333333333333333, "MAX:accuracy.min": 0.36666666666666664, "MIN:accuracy.mean": 0.7269333333333334, "MAX:accuracy.mean": 0.732, "MIN:accuracy.max": 0.8933333333333333, "MAX:accuracy.max": 0.9533333333333334, "MIN:kappa.min": 0.0, "MAX:kappa.min": 0.050000000000000044, "MIN:kappa.mean": 0.5904, "MAX:kappa.mean": 0.5980000000000001, "MIN:kappa.max": 0.84, "MAX:kappa.max": 0.9299999999999999}