{"MIN:log_loss.min": 0.5887747714347616, "MAX:log_loss.min": 1.000925058534477, "MIN:log_loss.mean": 0.9753010554535727, "MAX:log_loss.mean": 1.1002322139520395, "MIN:log_loss.max": 2.0423215347609704, "MAX:log_loss.max": 4.297305645354436, "MIN:accuracy.min": 0.25333333333333335, "MAX:accuracy.min": 0.6666666666666666, "MIN:accuracy.mean": 0.6149333333333333, "MAX:accuracy.mean": 0.6883333333333332, "MIN:accuracy.max": 0.6666666666666666, "MAX:accuracy.max": 0.96, "MIN:kappa.min": -0.1200000000000001, "MAX:kappa.min": 0.5, "MIN:kappa.mean": 0.42239999999999994, "MAX:kappa.mean": 0.5325, "MIN:kappa.max": 0.5, "MAX:kappa.max": 0.9400000000000001}