{"mean accuracy": 0.6998000000000002, "max accuracy": 0.9466666666666667, "mean kappa": 0.5497, "max kappa": 0.9199999999999998}