{"MIN:log_loss.min": 0.1371009290912522, "MAX:log_loss.min": 0.22705098624146577, "MIN:log_loss.mean": 0.5944333093899538, "MAX:log_loss.mean": 0.6465935971542447, "MIN:log_loss.max": 1.0986118666149427, "MAX:log_loss.max": 1.1012102914799784, "MIN:accuracy.min": 0.5733333333333334, "MAX:accuracy.min": 0.6666666666666666, "MIN:accuracy.mean": 0.7551333333333333, "MAX:accuracy.mean": 0.7958666666666666, "MIN:accuracy.max": 0.9666666666666667, "MAX:accuracy.max": 0.98, "MIN:kappa.min": 0.36, "MAX:kappa.min": 0.5, "MIN:kappa.mean": 0.6327, "MAX:kappa.mean": 0.6938000000000001, "MIN:kappa.max": 0.95, "MAX:kappa.max": 0.97}