{"MIN:log_loss.min": 0.5407158431298842, "MAX:log_loss.min": 0.5784340618192981, "MIN:log_loss.mean": 0.6392492124647263, "MAX:log_loss.mean": 0.7585877595913653, "MIN:log_loss.max": 0.9365153091798171, "MAX:log_loss.max": 1.0460420886237132, "MIN:accuracy.min": 0.4, "MAX:accuracy.min": 0.66, "MIN:accuracy.mean": 0.8510666666666666, "MAX:accuracy.mean": 0.8855333333333333, "MIN:accuracy.max": 0.9533333333333334, "MAX:accuracy.max": 0.96, "MIN:kappa.min": 0.09999999999999987, "MAX:kappa.min": 0.49, "MIN:kappa.mean": 0.7766000000000001, "MAX:kappa.mean": 0.8283, "MIN:kappa.max": 0.9299999999999999, "MAX:kappa.max": 0.9400000000000001}