{"MIN:log_loss.min": 0.08620597794553046, "MAX:log_loss.min": 0.0949752562391506, "MIN:log_loss.mean": 0.44629053710560646, "MAX:log_loss.mean": 0.46720700305703894, "MIN:log_loss.max": 1.0983045732250043, "MAX:log_loss.max": 1.0983045814240533, "MIN:accuracy.min": 0.9533333333333334, "MAX:accuracy.min": 0.96, "MIN:accuracy.mean": 0.959, "MAX:accuracy.mean": 0.9614, "MIN:accuracy.max": 0.9666666666666667, "MAX:accuracy.max": 0.9666666666666667, "MIN:kappa.min": 0.9299999999999999, "MAX:kappa.min": 0.94, "MIN:kappa.mean": 0.9384999999999998, "MAX:kappa.mean": 0.9420999999999998, "MIN:kappa.max": 0.95, "MAX:kappa.max": 0.95}