{"MIN:log_loss.min": 0.1292089414870872, "MAX:log_loss.min": 0.2991296280236305, "MIN:log_loss.mean": 0.6709710896384834, "MAX:log_loss.mean": 3.619176551245396, "MIN:log_loss.max": 1.219196089401032, "MAX:log_loss.max": 23.025850929940454, "MIN:accuracy.min": 0.32666666666666666, "MAX:accuracy.min": 0.3333333333333333, "MIN:accuracy.mean": 0.624, "MAX:accuracy.mean": 0.6775333333333334, "MIN:accuracy.max": 0.9333333333333333, "MAX:accuracy.max": 0.9533333333333334, "MIN:kappa.min": -0.009999999999999787, "MAX:kappa.min": 0.0, "MIN:kappa.mean": 0.436, "MAX:kappa.mean": 0.5163, "MIN:kappa.max": 0.9, "MAX:kappa.max": 0.9299999999999999}