{"MIN:log_loss.min": 0.6264749530597274, "MAX:log_loss.min": 0.670527998943791, "MIN:log_loss.mean": 0.7902695941142227, "MAX:log_loss.mean": 0.8455847860106076, "MIN:log_loss.max": 1.0978035720511472, "MAX:log_loss.max": 1.2179490848416437, "MIN:accuracy.min": 0.3333333333333333, "MAX:accuracy.min": 0.36666666666666664, "MIN:accuracy.mean": 0.6024, "MAX:accuracy.mean": 0.6293333333333333, "MIN:accuracy.max": 0.7866666666666666, "MAX:accuracy.max": 0.96, "MIN:kappa.min": 0.0, "MAX:kappa.min": 0.050000000000000044, "MIN:kappa.mean": 0.4035999999999999, "MAX:kappa.mean": 0.444, "MIN:kappa.max": 0.6799999999999999, "MAX:kappa.max": 0.9400000000000001}