{"MIN:log_loss.min": 0.5405648576477218, "MAX:log_loss.min": 0.5405648576477218, "MIN:log_loss.mean": 0.6164390761722536, "MAX:log_loss.mean": 0.6164390761722536, "MIN:log_loss.max": 0.9117760993402088, "MAX:log_loss.max": 0.9117760993402088, "MIN:accuracy.min": 0.6533333333333333, "MAX:accuracy.min": 0.6533333333333333, "MIN:accuracy.mean": 0.8303333333333334, "MAX:accuracy.mean": 0.8303333333333334, "MIN:accuracy.max": 0.9266666666666666, "MAX:accuracy.max": 0.9266666666666666, "MIN:kappa.min": 0.48, "MAX:kappa.min": 0.48, "MIN:kappa.mean": 0.7455000000000002, "MAX:kappa.mean": 0.7455000000000002, "MIN:kappa.max": 0.89, "MAX:kappa.max": 0.89}