{"MIN:log_loss.min": 0.485004761721651, "MAX:log_loss.min": 0.7883305963421695, "MIN:log_loss.mean": 0.7575620609862307, "MAX:log_loss.mean": 3.8979680375446493, "MIN:log_loss.max": 1.6807369595370325, "MAX:log_loss.max": 14.913403363899821, "MIN:accuracy.min": 0.21333333333333335, "MAX:accuracy.min": 0.3333333333333333, "MIN:accuracy.mean": 0.6850666666666667, "MAX:accuracy.mean": 0.7516000000000002, "MIN:accuracy.max": 0.96, "MAX:accuracy.max": 0.96, "MIN:kappa.min": -0.17999999999999994, "MAX:kappa.min": 1.1102230246251565e-16, "MIN:kappa.mean": 0.5276000000000001, "MAX:kappa.mean": 0.6274000000000001, "MIN:kappa.max": 0.94, "MAX:kappa.max": 0.9400000000000001}