{"mean accuracy": 0.9441333333333336, "max accuracy": 0.96, "mean kappa": 0.9161999999999999, "max kappa": 0.94}