{"MIN:log_loss.min": 0.32822298360273283, "MAX:log_loss.min": 0.45661965057713927, "MIN:log_loss.mean": 3.4275360108101096, "MAX:log_loss.mean": 5.980685271027431, "MIN:log_loss.max": 15.279232495880608, "MAX:log_loss.max": 22.62712712511981, "MIN:accuracy.min": 0.3333333333333333, "MAX:accuracy.min": 0.3333333333333333, "MIN:accuracy.mean": 0.6123999999999999, "MAX:accuracy.mean": 0.6742666666666665, "MIN:accuracy.max": 0.9466666666666667, "MAX:accuracy.max": 0.96, "MIN:kappa.min": -2.220446049250313e-16, "MAX:kappa.min": 1.1102230246251565e-16, "MIN:kappa.mean": 0.4186000000000001, "MAX:kappa.mean": 0.5114000000000001, "MIN:kappa.max": 0.92, "MAX:kappa.max": 0.9400000000000001}