{"MIN:log_loss.min": 0.35202255397447596, "MAX:log_loss.min": 0.3819730986573838, "MIN:log_loss.mean": 0.48855722644711114, "MAX:log_loss.mean": 0.5483056410028428, "MIN:log_loss.max": 0.9645090474837438, "MAX:log_loss.max": 4.146234294030699, "MIN:accuracy.min": 0.3333333333333333, "MAX:accuracy.min": 0.37333333333333335, "MIN:accuracy.mean": 0.8278, "MAX:accuracy.mean": 0.8692, "MIN:accuracy.max": 0.96, "MAX:accuracy.max": 0.9666666666666667, "MIN:kappa.min": 0.0, "MAX:kappa.min": 0.06000000000000005, "MIN:kappa.mean": 0.7416999999999999, "MAX:kappa.mean": 0.8038000000000003, "MIN:kappa.max": 0.94, "MAX:kappa.max": 0.95}