{"MIN:log_loss.min": 0.29032288023326097, "MAX:log_loss.min": 0.49761419812922725, "MIN:log_loss.mean": 0.5594989094264146, "MAX:log_loss.mean": 0.6829350121358075, "MIN:log_loss.max": 1.0202237975727915, "MAX:log_loss.max": 1.0422645414174698, "MIN:accuracy.min": 0.5733333333333334, "MAX:accuracy.min": 0.7066666666666667, "MIN:accuracy.mean": 0.79, "MAX:accuracy.mean": 0.8933333333333333, "MIN:accuracy.max": 0.9466666666666667, "MAX:accuracy.max": 0.9733333333333334, "MIN:kappa.min": 0.36, "MAX:kappa.min": 0.56, "MIN:kappa.mean": 0.6849999999999998, "MAX:kappa.mean": 0.84, "MIN:kappa.max": 0.92, "MAX:kappa.max": 0.96}