{"MIN:log_loss.min": 0.8142847840139319, "MAX:log_loss.min": 0.8142847840139319, "MIN:log_loss.mean": 0.9110980237310828, "MAX:log_loss.mean": 0.9110980237310828, "MIN:log_loss.max": 1.0959241166144993, "MAX:log_loss.max": 1.0959241166144993, "MIN:accuracy.min": 0.6666666666666666, "MAX:accuracy.min": 0.6666666666666666, "MIN:accuracy.mean": 0.6666666666666669, "MAX:accuracy.mean": 0.6666666666666669, "MIN:accuracy.max": 0.6666666666666666, "MAX:accuracy.max": 0.6666666666666666, "MIN:kappa.min": 0.5, "MAX:kappa.min": 0.5, "MIN:kappa.mean": 0.5, "MAX:kappa.mean": 0.5, "MIN:kappa.max": 0.5, "MAX:kappa.max": 0.5}