{"MIN:log_loss.min": 0.35382943806780437, "MAX:log_loss.min": 0.4760083182601912, "MIN:log_loss.mean": 0.5478694963128597, "MAX:log_loss.mean": 0.5962939560087799, "MIN:log_loss.max": 1.0819560039510607, "MAX:log_loss.max": 1.571711889847826, "MIN:accuracy.min": 0.3333333333333333, "MAX:accuracy.min": 0.3333333333333333, "MIN:accuracy.mean": 0.7250666666666669, "MAX:accuracy.mean": 0.7676666666666666, "MIN:accuracy.max": 0.94, "MAX:accuracy.max": 0.96, "MIN:kappa.min": 0.0, "MAX:kappa.min": 0.0, "MIN:kappa.mean": 0.5876, "MAX:kappa.mean": 0.6515, "MIN:kappa.max": 0.91, "MAX:kappa.max": 0.94}