{"MIN:log_loss.min": 0.410375804528664, "MAX:log_loss.min": 0.41600046656437767, "MIN:log_loss.mean": 0.6775496423858115, "MAX:log_loss.mean": 0.683238068856302, "MIN:log_loss.max": 2.1947007480311664, "MAX:log_loss.max": 2.1948963353362827, "MIN:accuracy.min": 0.7133333333333334, "MAX:accuracy.min": 0.7333333333333333, "MIN:accuracy.mean": 0.8404666666666667, "MAX:accuracy.mean": 0.8607333333333334, "MIN:accuracy.max": 0.8866666666666667, "MAX:accuracy.max": 0.9466666666666667, "MIN:kappa.min": 0.5700000000000001, "MAX:kappa.min": 0.6, "MIN:kappa.mean": 0.7606999999999999, "MAX:kappa.mean": 0.7911000000000001, "MIN:kappa.max": 0.83, "MAX:kappa.max": 0.92}