{"MIN:log_loss.min": 0.11888700398373236, "MAX:log_loss.min": 0.14551015359122274, "MIN:log_loss.mean": 0.3526842325363299, "MAX:log_loss.mean": 0.37370267205716173, "MIN:log_loss.max": 0.944195032564099, "MAX:log_loss.max": 0.9771975966321158, "MIN:accuracy.min": 0.3333333333333333, "MAX:accuracy.min": 0.66, "MIN:accuracy.mean": 0.8933333333333333, "MAX:accuracy.mean": 0.9385333333333332, "MIN:accuracy.max": 0.96, "MAX:accuracy.max": 0.9666666666666667, "MIN:kappa.min": 0.0, "MAX:kappa.min": 0.49, "MIN:kappa.mean": 0.8399999999999999, "MAX:kappa.mean": 0.9077999999999997, "MIN:kappa.max": 0.94, "MAX:kappa.max": 0.95}