{"MIN:log_loss.min": 0.16286629820486076, "MAX:log_loss.min": 0.19762377378222695, "MIN:log_loss.mean": 0.39425785755250653, "MAX:log_loss.mean": 0.42971309532823004, "MIN:log_loss.max": 2.3510932042078876, "MAX:log_loss.max": 4.612581775004106, "MIN:accuracy.min": 0.36666666666666664, "MAX:accuracy.min": 0.4533333333333333, "MIN:accuracy.mean": 0.9000666666666666, "MAX:accuracy.mean": 0.9109333333333334, "MIN:accuracy.max": 0.9466666666666667, "MAX:accuracy.max": 0.96, "MIN:kappa.min": 0.050000000000000044, "MAX:kappa.min": 0.18000000000000005, "MIN:kappa.mean": 0.8500999999999999, "MAX:kappa.mean": 0.8664000000000001, "MIN:kappa.max": 0.92, "MAX:kappa.max": 0.94}