{"MIN:log_loss.min": 0.1905732438230187, "MAX:log_loss.min": 0.23739142336971877, "MIN:log_loss.mean": 0.7411374511770363, "MAX:log_loss.mean": 1.3023245680920197, "MIN:log_loss.max": 1.0976331720441526, "MAX:log_loss.max": 10.293019380689074, "MIN:accuracy.min": 0.3333333333333333, "MAX:accuracy.min": 0.3333333333333333, "MIN:accuracy.mean": 0.6895333333333334, "MAX:accuracy.mean": 0.7337333333333333, "MIN:accuracy.max": 0.96, "MAX:accuracy.max": 0.96, "MIN:kappa.min": -2.220446049250313e-16, "MAX:kappa.min": 0.0, "MIN:kappa.mean": 0.5343, "MAX:kappa.mean": 0.6005999999999999, "MIN:kappa.max": 0.9400000000000001, "MAX:kappa.max": 0.9400000000000001}