{"MIN:log_loss.min": 0.25662206584103525, "MAX:log_loss.min": 0.41893622792760193, "MIN:log_loss.mean": 0.47673414204034026, "MAX:log_loss.mean": 0.6490486455785305, "MIN:log_loss.max": 0.8998013910073536, "MAX:log_loss.max": 1.0628471886813915, "MIN:accuracy.min": 0.3333333333333333, "MAX:accuracy.min": 0.56, "MIN:accuracy.mean": 0.8300666666666666, "MAX:accuracy.mean": 0.8854666666666666, "MIN:accuracy.max": 0.9533333333333334, "MAX:accuracy.max": 0.9666666666666667, "MIN:kappa.min": 0.0, "MAX:kappa.min": 0.33999999999999997, "MIN:kappa.mean": 0.7451000000000001, "MAX:kappa.mean": 0.8281999999999999, "MIN:kappa.max": 0.9299999999999999, "MAX:kappa.max": 0.95}