{"mean accuracy": 0.6666000000000001, "max accuracy": 0.6666666666666666, "mean kappa": 0.49989999999999996, "max kappa": 0.5}