{"MIN:log_loss.min": 0.47781994263897093, "MAX:log_loss.min": 0.4812373010506989, "MIN:log_loss.mean": 0.5888278545379336, "MAX:log_loss.mean": 0.6050306414421063, "MIN:log_loss.max": 0.894455849935426, "MAX:log_loss.max": 0.8958931852371724, "MIN:accuracy.min": 0.5, "MAX:accuracy.min": 0.6, "MIN:accuracy.mean": 0.8883333333333332, "MAX:accuracy.mean": 0.8987333333333334, "MIN:accuracy.max": 0.96, "MAX:accuracy.max": 0.96, "MIN:kappa.min": 0.25, "MAX:kappa.min": 0.4, "MIN:kappa.mean": 0.8325, "MAX:kappa.mean": 0.8481000000000001, "MIN:kappa.max": 0.94, "MAX:kappa.max": 0.9400000000000001}