{"MIN:log_loss.min": 0.3273568038772397, "MAX:log_loss.min": 0.9633450595237529, "MIN:log_loss.mean": 0.8220436692473255, "MAX:log_loss.mean": 1.1585078145613135, "MIN:log_loss.max": 1.0986122886681096, "MAX:log_loss.max": 2.5554092201031495, "MIN:accuracy.min": 0.3333333333333333, "MAX:accuracy.min": 0.3333333333333333, "MIN:accuracy.mean": 0.5530666666666666, "MAX:accuracy.mean": 0.6069999999999999, "MIN:accuracy.max": 0.6666666666666666, "MAX:accuracy.max": 0.96, "MIN:kappa.min": 0.0, "MAX:kappa.min": 0.0, "MIN:kappa.mean": 0.3296, "MAX:kappa.mean": 0.4105, "MIN:kappa.max": 0.5, "MAX:kappa.max": 0.9400000000000001}