{"MIN:log_loss.min": 0.275328808824304, "MAX:log_loss.min": 0.5688756619070116, "MIN:log_loss.mean": 1.1396443498760715, "MAX:log_loss.mean": 1.9035558395427516, "MIN:log_loss.max": 2.21843396973589, "MAX:log_loss.max": 5.951480470708816, "MIN:accuracy.min": 0.02666666666666667, "MAX:accuracy.min": 0.3333333333333333, "MIN:accuracy.mean": 0.48066666666666663, "MAX:accuracy.mean": 0.5447333333333333, "MIN:accuracy.max": 0.96, "MAX:accuracy.max": 0.96, "MIN:kappa.min": -0.45999999999999996, "MAX:kappa.min": 0.0, "MIN:kappa.mean": 0.221, "MAX:kappa.mean": 0.3171, "MIN:kappa.max": 0.9400000000000001, "MAX:kappa.max": 0.9400000000000001}