{"mean accuracy": 0.6483333333333334, "max accuracy": 0.9533333333333334, "mean kappa": 0.4724999999999999, "max kappa": 0.93}