{"MIN:log_loss.min": 0.2521031196774849, "MAX:log_loss.min": 0.3675517088793649, "MIN:log_loss.mean": 0.49063876097982506, "MAX:log_loss.mean": 0.6233112301751639, "MIN:log_loss.max": 0.8000810582456352, "MAX:log_loss.max": 2.2294575574436983, "MIN:accuracy.min": 0.6466666666666666, "MAX:accuracy.min": 0.7533333333333333, "MIN:accuracy.mean": 0.9104666666666665, "MAX:accuracy.mean": 0.9272666666666666, "MIN:accuracy.max": 0.96, "MAX:accuracy.max": 0.9666666666666667, "MIN:kappa.min": 0.47, "MAX:kappa.min": 0.63, "MIN:kappa.mean": 0.8656999999999999, "MAX:kappa.mean": 0.8908999999999999, "MIN:kappa.max": 0.9400000000000001, "MAX:kappa.max": 0.95}