{"mean accuracy": 0.8477333333333331, "max accuracy": 0.96, "mean kappa": 0.7715999999999997, "max kappa": 0.94}