{"MIN:log_loss.min": 0.5218017155751077, "MAX:log_loss.min": 0.7533817543298476, "MIN:log_loss.mean": 0.7803987252967214, "MAX:log_loss.mean": 0.9544404396932724, "MIN:log_loss.max": 1.123581583882541, "MAX:log_loss.max": 1.1939466574842772, "MIN:accuracy.min": 0.62, "MAX:accuracy.min": 0.66, "MIN:accuracy.mean": 0.7276, "MAX:accuracy.mean": 0.7399333333333332, "MIN:accuracy.max": 0.9133333333333333, "MAX:accuracy.max": 0.9533333333333334, "MIN:kappa.min": 0.43000000000000005, "MAX:kappa.min": 0.49, "MIN:kappa.mean": 0.5913999999999999, "MAX:kappa.mean": 0.6099000000000001, "MIN:kappa.max": 0.87, "MAX:kappa.max": 0.9299999999999999}