{"MIN:log_loss.min": 0.5030034876330625, "MAX:log_loss.min": 0.7474637456587675, "MIN:log_loss.mean": 0.7295565613992366, "MAX:log_loss.mean": 0.8365795886328153, "MIN:log_loss.max": 1.084719600333648, "MAX:log_loss.max": 2.4202154447171385, "MIN:accuracy.min": 0.3333333333333333, "MAX:accuracy.min": 0.35333333333333333, "MIN:accuracy.mean": 0.6831333333333336, "MAX:accuracy.mean": 0.7681333333333333, "MIN:accuracy.max": 0.8933333333333333, "MAX:accuracy.max": 0.96, "MIN:kappa.min": -2.220446049250313e-16, "MAX:kappa.min": 0.030000000000000027, "MIN:kappa.mean": 0.5247, "MAX:kappa.mean": 0.6522, "MIN:kappa.max": 0.84, "MAX:kappa.max": 0.94}