{"MIN:log_loss.min": 0.21990571658458852, "MAX:log_loss.min": 0.22107805164381, "MIN:log_loss.mean": 0.5205704408311556, "MAX:log_loss.mean": 0.5349333639900913, "MIN:log_loss.max": 1.0985411547738466, "MAX:log_loss.max": 1.0985414689455255, "MIN:accuracy.min": 0.66, "MAX:accuracy.min": 0.6666666666666666, "MIN:accuracy.mean": 0.8606666666666665, "MAX:accuracy.mean": 0.8700666666666664, "MIN:accuracy.max": 0.96, "MAX:accuracy.max": 0.96, "MIN:kappa.min": 0.49, "MAX:kappa.min": 0.5, "MIN:kappa.mean": 0.791, "MAX:kappa.mean": 0.8051000000000001, "MIN:kappa.max": 0.9400000000000001, "MAX:kappa.max": 0.9400000000000001}