{"MIN:log_loss.min": 0.22568706279061662, "MAX:log_loss.min": 0.2971533849575789, "MIN:log_loss.mean": 0.4940310459751986, "MAX:log_loss.mean": 0.7325012514417314, "MIN:log_loss.max": 1.0441136241567177, "MAX:log_loss.max": 4.166131230397188, "MIN:accuracy.min": 0.3333333333333333, "MAX:accuracy.min": 0.56, "MIN:accuracy.mean": 0.8319999999999999, "MAX:accuracy.mean": 0.8632666666666666, "MIN:accuracy.max": 0.9066666666666666, "MAX:accuracy.max": 0.9333333333333333, "MIN:kappa.min": -2.220446049250313e-16, "MAX:kappa.min": 0.33999999999999997, "MIN:kappa.mean": 0.748, "MAX:kappa.mean": 0.7948999999999998, "MIN:kappa.max": 0.86, "MAX:kappa.max": 0.9}