{"MIN:log_loss.min": 0.4969779533880043, "MAX:log_loss.min": 0.583315712674303, "MIN:log_loss.mean": 0.783640447598908, "MAX:log_loss.mean": 1.167119075786793, "MIN:log_loss.max": 1.2169456824208003, "MAX:log_loss.max": 2.611784362890394, "MIN:accuracy.min": 0.3333333333333333, "MAX:accuracy.min": 0.3333333333333333, "MIN:accuracy.mean": 0.6212666666666666, "MAX:accuracy.mean": 0.7099333333333333, "MIN:accuracy.max": 0.9333333333333333, "MAX:accuracy.max": 0.96, "MIN:kappa.min": 0.0, "MAX:kappa.min": 0.0, "MIN:kappa.mean": 0.4318999999999999, "MAX:kappa.mean": 0.5649, "MIN:kappa.max": 0.9, "MAX:kappa.max": 0.9400000000000001}