{"MIN:log_loss.min": 0.3094075290215764, "MAX:log_loss.min": 0.3445193527911466, "MIN:log_loss.mean": 0.4928596551620004, "MAX:log_loss.mean": 0.5420848845852981, "MIN:log_loss.max": 1.5638213061139423, "MAX:log_loss.max": 4.099166065462053, "MIN:accuracy.min": 0.34, "MAX:accuracy.min": 0.4066666666666667, "MIN:accuracy.mean": 0.8640666666666668, "MAX:accuracy.mean": 0.8709333333333333, "MIN:accuracy.max": 0.9333333333333333, "MAX:accuracy.max": 0.9533333333333334, "MIN:kappa.min": 0.010000000000000009, "MAX:kappa.min": 0.10999999999999999, "MIN:kappa.mean": 0.7961000000000001, "MAX:kappa.mean": 0.8064000000000001, "MIN:kappa.max": 0.9, "MAX:kappa.max": 0.9299999999999999}