{"MIN:log_loss.min": 0.7154880858808819, "MAX:log_loss.min": 0.7924934926614261, "MIN:log_loss.mean": 0.8714385350803677, "MAX:log_loss.mean": 1.171967931567436, "MIN:log_loss.max": 1.287072317987796, "MAX:log_loss.max": 4.447388070657059, "MIN:accuracy.min": 0.3333333333333333, "MAX:accuracy.min": 0.3466666666666667, "MIN:accuracy.mean": 0.6674, "MAX:accuracy.mean": 0.6731999999999999, "MIN:accuracy.max": 0.9533333333333334, "MAX:accuracy.max": 0.96, "MIN:kappa.min": -2.220446049250313e-16, "MAX:kappa.min": 0.020000000000000018, "MIN:kappa.mean": 0.5011, "MAX:kappa.mean": 0.5097999999999999, "MIN:kappa.max": 0.9299999999999999, "MAX:kappa.max": 0.94}