{"MIN:log_loss.min": 0.2597743042273493, "MAX:log_loss.min": 0.3923200723355253, "MIN:log_loss.mean": 0.438529486547032, "MAX:log_loss.mean": 0.5419797874470389, "MIN:log_loss.max": 0.9499425632480825, "MAX:log_loss.max": 1.019213072608299, "MIN:accuracy.min": 0.3333333333333333, "MAX:accuracy.min": 0.34, "MIN:accuracy.mean": 0.8332, "MAX:accuracy.mean": 0.8942666666666667, "MIN:accuracy.max": 0.9533333333333334, "MAX:accuracy.max": 0.96, "MIN:kappa.min": 0.0, "MAX:kappa.min": 0.010000000000000009, "MIN:kappa.mean": 0.7498, "MAX:kappa.mean": 0.8413999999999998, "MIN:kappa.max": 0.9299999999999999, "MAX:kappa.max": 0.9400000000000001}