{"MIN:log_loss.min": 0.3049691641498221, "MAX:log_loss.min": 0.37521963139273123, "MIN:log_loss.mean": 1.1242616957192397, "MAX:log_loss.mean": 2.8173748324389756, "MIN:log_loss.max": 11.190052386896868, "MAX:log_loss.max": 21.886744820232312, "MIN:accuracy.min": 0.3333333333333333, "MAX:accuracy.min": 0.3333333333333333, "MIN:accuracy.mean": 0.7305333333333333, "MAX:accuracy.mean": 0.815, "MIN:accuracy.max": 0.9533333333333334, "MAX:accuracy.max": 0.96, "MIN:kappa.min": -2.220446049250313e-16, "MAX:kappa.min": 0.0, "MIN:kappa.mean": 0.5958, "MAX:kappa.mean": 0.7225, "MIN:kappa.max": 0.9299999999999999, "MAX:kappa.max": 0.9400000000000001}