{"MIN:log_loss.min": 0.3715546788313855, "MAX:log_loss.min": 0.5199810950161702, "MIN:log_loss.mean": 0.5991746579688957, "MAX:log_loss.mean": 0.7598952016108755, "MIN:log_loss.max": 1.3647195421521785, "MAX:log_loss.max": 3.7007658759933757, "MIN:accuracy.min": 0.35333333333333333, "MAX:accuracy.min": 0.6133333333333333, "MIN:accuracy.mean": 0.7827333333333334, "MAX:accuracy.mean": 0.8429333333333332, "MIN:accuracy.max": 0.8933333333333333, "MAX:accuracy.max": 0.9533333333333334, "MIN:kappa.min": 0.030000000000000027, "MAX:kappa.min": 0.42000000000000004, "MIN:kappa.mean": 0.6741000000000001, "MAX:kappa.mean": 0.7644, "MIN:kappa.max": 0.84, "MAX:kappa.max": 0.9299999999999999}