{"MIN:log_loss.min": 0.5736564684357361, "MAX:log_loss.min": 0.6417361582921799, "MIN:log_loss.mean": 0.8293474883305315, "MAX:log_loss.mean": 5.430721098025061, "MIN:log_loss.max": 1.180109151809885, "MAX:log_loss.max": 12.345241311387626, "MIN:accuracy.min": 0.3333333333333333, "MAX:accuracy.min": 0.6066666666666667, "MIN:accuracy.mean": 0.6221333333333334, "MAX:accuracy.mean": 0.6912666666666667, "MIN:accuracy.max": 0.8533333333333334, "MAX:accuracy.max": 0.96, "MIN:kappa.min": 0.0, "MAX:kappa.min": 0.41000000000000003, "MIN:kappa.mean": 0.4331999999999999, "MAX:kappa.mean": 0.5368999999999999, "MIN:kappa.max": 0.78, "MAX:kappa.max": 0.94}