{"MIN:log_loss.min": 0.5348800774041257, "MAX:log_loss.min": 0.7553666568053405, "MIN:log_loss.mean": 0.8555939790462073, "MAX:log_loss.mean": 0.9693186170482164, "MIN:log_loss.max": 1.5323470352149937, "MAX:log_loss.max": 2.809651757617852, "MIN:accuracy.min": 0.16, "MAX:accuracy.min": 0.4866666666666667, "MIN:accuracy.mean": 0.6630000000000001, "MAX:accuracy.mean": 0.6839999999999999, "MIN:accuracy.max": 0.8333333333333334, "MAX:accuracy.max": 0.96, "MIN:kappa.min": -0.26, "MAX:kappa.min": 0.22999999999999998, "MIN:kappa.mean": 0.49450000000000005, "MAX:kappa.mean": 0.526, "MIN:kappa.max": 0.75, "MAX:kappa.max": 0.94}