{"MIN:log_loss.min": 0.14092819065549742, "MAX:log_loss.min": 0.5252422244725965, "MIN:log_loss.mean": 0.5098120546925369, "MAX:log_loss.mean": 0.7537016821173771, "MIN:log_loss.max": 0.9333815624278857, "MAX:log_loss.max": 1.1282767568011882, "MIN:accuracy.min": 0.3333333333333333, "MAX:accuracy.min": 0.6666666666666666, "MIN:accuracy.mean": 0.6809999999999999, "MAX:accuracy.mean": 0.7854666666666668, "MIN:accuracy.max": 0.96, "MAX:accuracy.max": 0.9666666666666667, "MIN:kappa.min": 0.0, "MAX:kappa.min": 0.5, "MIN:kappa.mean": 0.5215, "MAX:kappa.mean": 0.6781999999999999, "MIN:kappa.max": 0.94, "MAX:kappa.max": 0.95}