{"MIN:log_loss.min": 0.8307415530963247, "MAX:log_loss.min": 0.8691722150569463, "MIN:log_loss.mean": 0.9119707082017691, "MAX:log_loss.mean": 0.9329441097999753, "MIN:log_loss.max": 1.096666285843834, "MAX:log_loss.max": 1.098032892740179, "MIN:accuracy.min": 0.7, "MAX:accuracy.min": 0.7866666666666666, "MIN:accuracy.mean": 0.7940666666666665, "MAX:accuracy.mean": 0.8028666666666667, "MIN:accuracy.max": 0.82, "MAX:accuracy.max": 0.8266666666666667, "MIN:kappa.min": 0.55, "MAX:kappa.min": 0.6799999999999999, "MIN:kappa.mean": 0.6911, "MAX:kappa.mean": 0.7042999999999998, "MIN:kappa.max": 0.73, "MAX:kappa.max": 0.74}