{"MIN:log_loss.min": 0.6122035060178312, "MAX:log_loss.min": 0.6210915751786913, "MIN:log_loss.mean": 0.8096923146590808, "MAX:log_loss.mean": 0.8177113318833128, "MIN:log_loss.max": 1.2151166489185194, "MAX:log_loss.max": 1.215120404295986, "MIN:accuracy.min": 0.3333333333333333, "MAX:accuracy.min": 0.3333333333333333, "MIN:accuracy.mean": 0.6436666666666667, "MAX:accuracy.mean": 0.6446000000000001, "MIN:accuracy.max": 0.8866666666666667, "MAX:accuracy.max": 0.8866666666666667, "MIN:kappa.min": -2.220446049250313e-16, "MAX:kappa.min": -2.220446049250313e-16, "MIN:kappa.mean": 0.46549999999999997, "MAX:kappa.mean": 0.4669, "MIN:kappa.max": 0.83, "MAX:kappa.max": 0.83}