{"MIN:log_loss.min": 0.070767601557928, "MAX:log_loss.min": 0.09441478607181289, "MIN:log_loss.mean": 0.24351422468944112, "MAX:log_loss.mean": 0.2693463739721084, "MIN:log_loss.max": 0.8914843867975445, "MAX:log_loss.max": 3.731775560480011, "MIN:accuracy.min": 0.84, "MAX:accuracy.min": 0.9533333333333334, "MIN:accuracy.mean": 0.9638000000000001, "MAX:accuracy.mean": 0.9675999999999999, "MIN:accuracy.max": 0.9666666666666667, "MAX:accuracy.max": 0.9733333333333334, "MIN:kappa.min": 0.76, "MAX:kappa.min": 0.9299999999999999, "MIN:kappa.mean": 0.9457, "MAX:kappa.mean": 0.9514, "MIN:kappa.max": 0.95, "MAX:kappa.max": 0.96}