{"MIN:log_loss.min": 0.14523792645781267, "MAX:log_loss.min": 0.2970243575852909, "MIN:log_loss.mean": 0.6202797919724108, "MAX:log_loss.mean": 0.7484447760049303, "MIN:log_loss.max": 1.0982020934552015, "MAX:log_loss.max": 1.3544186191321181, "MIN:accuracy.min": 0.12, "MAX:accuracy.min": 0.3333333333333333, "MIN:accuracy.mean": 0.6681333333333335, "MAX:accuracy.mean": 0.7681333333333334, "MIN:accuracy.max": 0.9133333333333333, "MAX:accuracy.max": 0.96, "MIN:kappa.min": -0.32000000000000006, "MAX:kappa.min": 0.0, "MIN:kappa.mean": 0.5022, "MAX:kappa.mean": 0.6522, "MIN:kappa.max": 0.87, "MAX:kappa.max": 0.9400000000000001}