{"MIN:log_loss.min": 0.2165173832545189, "MAX:log_loss.min": 0.22966934362777844, "MIN:log_loss.mean": 0.5958734149897597, "MAX:log_loss.mean": 0.6266172212453087, "MIN:log_loss.max": 1.096412083231374, "MAX:log_loss.max": 1.0984844165121765, "MIN:accuracy.min": 0.3333333333333333, "MAX:accuracy.min": 0.8, "MIN:accuracy.mean": 0.7732666666666665, "MAX:accuracy.mean": 0.8843333333333334, "MIN:accuracy.max": 0.96, "MAX:accuracy.max": 0.96, "MIN:kappa.min": 0.0, "MAX:kappa.min": 0.7, "MIN:kappa.mean": 0.6599000000000003, "MAX:kappa.mean": 0.8265, "MIN:kappa.max": 0.9400000000000001, "MAX:kappa.max": 0.9400000000000001}