{"MIN:log_loss.min": 0.1997702942385953, "MAX:log_loss.min": 0.4442058304247437, "MIN:log_loss.mean": 0.4627943091779612, "MAX:log_loss.mean": 0.6582122781540156, "MIN:log_loss.max": 0.8401871775156508, "MAX:log_loss.max": 0.9623898251501715, "MIN:accuracy.min": 0.35333333333333333, "MAX:accuracy.min": 0.7, "MIN:accuracy.mean": 0.8906666666666666, "MAX:accuracy.mean": 0.9081333333333333, "MIN:accuracy.max": 0.96, "MAX:accuracy.max": 0.96, "MIN:kappa.min": 0.030000000000000027, "MAX:kappa.min": 0.55, "MIN:kappa.mean": 0.8360000000000001, "MAX:kappa.mean": 0.8622000000000001, "MIN:kappa.max": 0.94, "MAX:kappa.max": 0.9400000000000001}