{"MIN:log_loss.min": 0.30800319160225154, "MAX:log_loss.min": 0.3080033075362233, "MIN:log_loss.mean": 0.6369431605186517, "MAX:log_loss.mean": 0.6395820591728423, "MIN:log_loss.max": 1.0141449442689512, "MAX:log_loss.max": 1.0141452225441474, "MIN:accuracy.min": 0.8333333333333334, "MAX:accuracy.min": 0.8333333333333334, "MIN:accuracy.mean": 0.8930000000000002, "MAX:accuracy.mean": 0.9040666666666667, "MIN:accuracy.max": 0.9533333333333334, "MAX:accuracy.max": 0.9533333333333334, "MIN:kappa.min": 0.75, "MAX:kappa.min": 0.75, "MIN:kappa.mean": 0.8395, "MAX:kappa.mean": 0.8561, "MIN:kappa.max": 0.9299999999999999, "MAX:kappa.max": 0.9299999999999999}