{"MIN:log_loss.min": 0.5147464073392255, "MAX:log_loss.min": 0.7588751519244445, "MIN:log_loss.mean": 0.8575858115799759, "MAX:log_loss.mean": 1.0555110917380257, "MIN:log_loss.max": 1.0985204245378604, "MAX:log_loss.max": 1.2460316266944986, "MIN:accuracy.min": 0.3333333333333333, "MAX:accuracy.min": 0.36666666666666664, "MIN:accuracy.mean": 0.6236, "MAX:accuracy.mean": 0.6816666666666665, "MIN:accuracy.max": 0.8866666666666667, "MAX:accuracy.max": 0.9666666666666667, "MIN:kappa.min": -2.220446049250313e-16, "MAX:kappa.min": 0.050000000000000044, "MIN:kappa.mean": 0.4354, "MAX:kappa.mean": 0.5225000000000001, "MIN:kappa.max": 0.83, "MAX:kappa.max": 0.95}