{"MIN:log_loss.min": 0.5220265889951744, "MAX:log_loss.min": 0.5712593410123809, "MIN:log_loss.mean": 0.6689768319507118, "MAX:log_loss.mean": 0.7644315047556912, "MIN:log_loss.max": 1.087764987152578, "MAX:log_loss.max": 4.033384329226864, "MIN:accuracy.min": 0.04666666666666667, "MAX:accuracy.min": 0.6066666666666667, "MIN:accuracy.mean": 0.8147999999999999, "MAX:accuracy.mean": 0.9015333333333334, "MIN:accuracy.max": 0.9466666666666667, "MAX:accuracy.max": 0.9733333333333334, "MIN:kappa.min": -0.43000000000000016, "MAX:kappa.min": 0.41000000000000003, "MIN:kappa.mean": 0.7222, "MAX:kappa.mean": 0.8522999999999997, "MIN:kappa.max": 0.92, "MAX:kappa.max": 0.96}