{"MIN:log_loss.min": 0.1291112128787959, "MAX:log_loss.min": 0.6580135094583363, "MIN:log_loss.mean": 0.734027639500211, "MAX:log_loss.mean": 2.486865446189332, "MIN:log_loss.max": 1.0705193428151296, "MAX:log_loss.max": 18.308366522801126, "MIN:accuracy.min": 0.36666666666666664, "MAX:accuracy.min": 0.62, "MIN:accuracy.mean": 0.6734666666666667, "MAX:accuracy.mean": 0.7387333333333334, "MIN:accuracy.max": 0.9133333333333333, "MAX:accuracy.max": 0.96, "MIN:kappa.min": 0.050000000000000044, "MAX:kappa.min": 0.43000000000000005, "MIN:kappa.mean": 0.5102, "MAX:kappa.mean": 0.6081000000000001, "MIN:kappa.max": 0.87, "MAX:kappa.max": 0.9400000000000001}