{"MIN:log_loss.min": 0.6713187854109056, "MAX:log_loss.min": 0.834347721556364, "MIN:log_loss.mean": 0.9705590543579915, "MAX:log_loss.mean": 1.402606930240657, "MIN:log_loss.max": 1.3173305570932383, "MAX:log_loss.max": 3.0842598763050764, "MIN:accuracy.min": 0.2866666666666667, "MAX:accuracy.min": 0.3333333333333333, "MIN:accuracy.mean": 0.5072, "MAX:accuracy.mean": 0.6025999999999999, "MIN:accuracy.max": 0.6666666666666666, "MAX:accuracy.max": 0.94, "MIN:kappa.min": -0.07000000000000006, "MAX:kappa.min": 0.0, "MIN:kappa.mean": 0.26080000000000003, "MAX:kappa.mean": 0.4039000000000001, "MIN:kappa.max": 0.5, "MAX:kappa.max": 0.91}