{"MIN:log_loss.min": 0.30068183792761205, "MAX:log_loss.min": 0.4770863418615903, "MIN:log_loss.mean": 0.6590391175319799, "MAX:log_loss.mean": 1.2969147794597011, "MIN:log_loss.max": 1.1202274237718628, "MAX:log_loss.max": 7.690652958978569, "MIN:accuracy.min": 0.14, "MAX:accuracy.min": 0.3333333333333333, "MIN:accuracy.mean": 0.5656666666666667, "MAX:accuracy.mean": 0.6592, "MIN:accuracy.max": 0.6666666666666666, "MAX:accuracy.max": 0.96, "MIN:kappa.min": -0.29000000000000004, "MAX:kappa.min": 0.0, "MIN:kappa.mean": 0.3484999999999999, "MAX:kappa.mean": 0.48879999999999996, "MIN:kappa.max": 0.5, "MAX:kappa.max": 0.9400000000000001}