{"MIN:log_loss.min": 0.269925430210755, "MAX:log_loss.min": 0.3660823072504764, "MIN:log_loss.mean": 0.8186079164359377, "MAX:log_loss.mean": 1.0797654296301382, "MIN:log_loss.max": 1.263151640227882, "MAX:log_loss.max": 3.478898766585847, "MIN:accuracy.min": 0.04, "MAX:accuracy.min": 0.3333333333333333, "MIN:accuracy.mean": 0.6020666666666666, "MAX:accuracy.mean": 0.6535333333333333, "MIN:accuracy.max": 0.9, "MAX:accuracy.max": 0.96, "MIN:kappa.min": -0.44000000000000017, "MAX:kappa.min": 0.0, "MIN:kappa.mean": 0.40310000000000007, "MAX:kappa.mean": 0.4803, "MIN:kappa.max": 0.85, "MAX:kappa.max": 0.94}