{"MIN:log_loss.min": 0.37551035815311135, "MAX:log_loss.min": 0.37551035815311135, "MIN:log_loss.mean": 0.5239398573152392, "MAX:log_loss.mean": 0.5239398573152392, "MIN:log_loss.max": 0.8584558992005771, "MAX:log_loss.max": 0.8584558992005771, "MIN:accuracy.min": 0.66, "MAX:accuracy.min": 0.66, "MIN:accuracy.mean": 0.8689999999999998, "MAX:accuracy.mean": 0.8689999999999998, "MIN:accuracy.max": 0.96, "MAX:accuracy.max": 0.96, "MIN:kappa.min": 0.49, "MAX:kappa.min": 0.49, "MIN:kappa.mean": 0.8035000000000001, "MAX:kappa.mean": 0.8035000000000001, "MIN:kappa.max": 0.9400000000000001, "MAX:kappa.max": 0.9400000000000001}