{"mean accuracy": 0.5505333333333333, "max accuracy": 0.96, "mean kappa": 0.3257999999999999, "max kappa": 0.94}