{"MIN:log_loss.min": 0.11034059984174394, "MAX:log_loss.min": 0.17313531463449028, "MIN:log_loss.mean": 0.3553004610255751, "MAX:log_loss.mean": 0.5668258165492385, "MIN:log_loss.max": 0.996773874799066, "MAX:log_loss.max": 1.4407349231676763, "MIN:accuracy.min": 0.4666666666666667, "MAX:accuracy.min": 0.5866666666666667, "MIN:accuracy.mean": 0.8511999999999997, "MAX:accuracy.mean": 0.8931333333333333, "MIN:accuracy.max": 0.96, "MAX:accuracy.max": 0.9666666666666667, "MIN:kappa.min": 0.19999999999999996, "MAX:kappa.min": 0.38, "MIN:kappa.mean": 0.7768, "MAX:kappa.mean": 0.8397, "MIN:kappa.max": 0.9400000000000001, "MAX:kappa.max": 0.95}