{"MIN:log_loss.min": 0.1462382605724912, "MAX:log_loss.min": 0.8851731817413308, "MIN:log_loss.mean": 0.874979670303216, "MAX:log_loss.mean": 2.4411985768901237, "MIN:log_loss.max": 1.1228064855914424, "MAX:log_loss.max": 9.959729547503718, "MIN:accuracy.min": 0.0, "MAX:accuracy.min": 0.3333333333333333, "MIN:accuracy.mean": 0.5452666666666666, "MAX:accuracy.mean": 0.6094666666666666, "MIN:accuracy.max": 0.6666666666666666, "MAX:accuracy.max": 0.9866666666666667, "MIN:kappa.min": -0.4999999999999998, "MAX:kappa.min": 0.0, "MIN:kappa.mean": 0.31789999999999996, "MAX:kappa.mean": 0.4142, "MIN:kappa.max": 0.5, "MAX:kappa.max": 0.98}