{"MIN:log_loss.min": 0.6085351700378899, "MAX:log_loss.min": 0.8116239216844399, "MIN:log_loss.mean": 0.9739504430802378, "MAX:log_loss.mean": 1.0828542993647141, "MIN:log_loss.max": 1.1971109268312747, "MAX:log_loss.max": 1.5384399166029235, "MIN:accuracy.min": 0.3333333333333333, "MAX:accuracy.min": 0.3333333333333333, "MIN:accuracy.mean": 0.4824666666666667, "MAX:accuracy.mean": 0.4914666666666668, "MIN:accuracy.max": 0.6666666666666666, "MAX:accuracy.max": 0.96, "MIN:kappa.min": 0.0, "MAX:kappa.min": 0.0, "MIN:kappa.mean": 0.22369999999999998, "MAX:kappa.mean": 0.23720000000000002, "MIN:kappa.max": 0.5, "MAX:kappa.max": 0.9400000000000001}