{"MIN:log_loss.min": 0.41165831671214453, "MAX:log_loss.min": 0.46314763924439056, "MIN:log_loss.mean": 0.5334025021073809, "MAX:log_loss.mean": 0.5512979260101871, "MIN:log_loss.max": 0.7967012406284497, "MAX:log_loss.max": 0.8770792563636224, "MIN:accuracy.min": 0.66, "MAX:accuracy.min": 0.6666666666666666, "MIN:accuracy.mean": 0.8627999999999999, "MAX:accuracy.mean": 0.8794666666666666, "MIN:accuracy.max": 0.96, "MAX:accuracy.max": 0.9733333333333334, "MIN:kappa.min": 0.49, "MAX:kappa.min": 0.5, "MIN:kappa.mean": 0.7941999999999999, "MAX:kappa.mean": 0.8192, "MIN:kappa.max": 0.94, "MAX:kappa.max": 0.96}