{"MIN:log_loss.min": 0.6708437249439994, "MAX:log_loss.min": 0.7433850139082726, "MIN:log_loss.mean": 0.8785736579722462, "MAX:log_loss.mean": 1.1664133693762908, "MIN:log_loss.max": 1.183603090962582, "MAX:log_loss.max": 2.3876834292118088, "MIN:accuracy.min": 0.6066666666666667, "MAX:accuracy.min": 0.6533333333333333, "MIN:accuracy.mean": 0.7029333333333335, "MAX:accuracy.mean": 0.7095333333333336, "MIN:accuracy.max": 0.96, "MAX:accuracy.max": 0.96, "MIN:kappa.min": 0.41000000000000003, "MAX:kappa.min": 0.48, "MIN:kappa.mean": 0.5544, "MAX:kappa.mean": 0.5643, "MIN:kappa.max": 0.9400000000000001, "MAX:kappa.max": 0.9400000000000001}