{"MIN:log_loss.min": 0.4921123344730907, "MAX:log_loss.min": 0.6795426267949523, "MIN:log_loss.mean": 0.6822940805031439, "MAX:log_loss.mean": 0.776693072884756, "MIN:log_loss.max": 1.0633293966424393, "MAX:log_loss.max": 1.107482687236664, "MIN:accuracy.min": 0.3333333333333333, "MAX:accuracy.min": 0.56, "MIN:accuracy.mean": 0.7858666666666666, "MAX:accuracy.mean": 0.8011333333333335, "MIN:accuracy.max": 0.96, "MAX:accuracy.max": 0.96, "MIN:kappa.min": 0.0, "MAX:kappa.min": 0.33999999999999997, "MIN:kappa.mean": 0.6788000000000001, "MAX:kappa.mean": 0.7017, "MIN:kappa.max": 0.9400000000000001, "MAX:kappa.max": 0.9400000000000001}