{"MIN:log_loss.min": 0.5805948648303033, "MAX:log_loss.min": 0.6806890862571952, "MIN:log_loss.mean": 0.7996504477137216, "MAX:log_loss.mean": 0.855897873847524, "MIN:log_loss.max": 1.0984590054288879, "MAX:log_loss.max": 1.1952256722248913, "MIN:accuracy.min": 0.2733333333333333, "MAX:accuracy.min": 0.6666666666666666, "MIN:accuracy.mean": 0.7558666666666667, "MAX:accuracy.mean": 0.8218666666666664, "MIN:accuracy.max": 0.9266666666666666, "MAX:accuracy.max": 0.98, "MIN:kappa.min": -0.09000000000000008, "MAX:kappa.min": 0.5, "MIN:kappa.mean": 0.6337999999999999, "MAX:kappa.mean": 0.7328, "MIN:kappa.max": 0.89, "MAX:kappa.max": 0.97}