{"MIN:log_loss.min": 0.12716158584483797, "MAX:log_loss.min": 0.21582233558507652, "MIN:log_loss.mean": 0.41238589552793137, "MAX:log_loss.mean": 1.2017673011145833, "MIN:log_loss.max": 1.892914232551905, "MAX:log_loss.max": 11.31068280765707, "MIN:accuracy.min": 0.36, "MAX:accuracy.min": 0.41333333333333333, "MIN:accuracy.mean": 0.8211333333333333, "MAX:accuracy.mean": 0.8879999999999998, "MIN:accuracy.max": 0.96, "MAX:accuracy.max": 0.96, "MIN:kappa.min": 0.039999999999999813, "MAX:kappa.min": 0.12, "MIN:kappa.mean": 0.7317, "MAX:kappa.mean": 0.8320000000000001, "MIN:kappa.max": 0.94, "MAX:kappa.max": 0.9400000000000001}