{"MIN:log_loss.min": 0.21982987758072103, "MAX:log_loss.min": 0.22153664191448327, "MIN:log_loss.mean": 0.34716948398375946, "MAX:log_loss.mean": 0.37077027830571774, "MIN:log_loss.max": 0.9033475248772576, "MAX:log_loss.max": 1.0023173515319983, "MIN:accuracy.min": 0.3333333333333333, "MAX:accuracy.min": 0.5466666666666666, "MIN:accuracy.mean": 0.8934000000000003, "MAX:accuracy.mean": 0.9048666666666669, "MIN:accuracy.max": 0.9533333333333334, "MAX:accuracy.max": 0.96, "MIN:kappa.min": 0.0, "MAX:kappa.min": 0.31999999999999995, "MIN:kappa.mean": 0.8401000000000001, "MAX:kappa.mean": 0.8573000000000001, "MIN:kappa.max": 0.9299999999999999, "MAX:kappa.max": 0.9400000000000001}