{"mean accuracy": 0.6632000000000002, "max accuracy": 0.9666666666666666, "mean kappa": 0.4948000000000002, "max kappa": 0.9499999999999998}