{"MIN:log_loss.min": 0.1268696074202918, "MAX:log_loss.min": 0.19941309476564678, "MIN:log_loss.mean": 0.46117695174717566, "MAX:log_loss.mean": 0.5813434638521655, "MIN:log_loss.max": 1.0833944316604978, "MAX:log_loss.max": 1.0902188127195653, "MIN:accuracy.min": 0.5866666666666667, "MAX:accuracy.min": 0.6666666666666666, "MIN:accuracy.mean": 0.8320666666666667, "MAX:accuracy.mean": 0.8424666666666668, "MIN:accuracy.max": 0.9466666666666667, "MAX:accuracy.max": 0.96, "MIN:kappa.min": 0.38, "MAX:kappa.min": 0.5, "MIN:kappa.mean": 0.7480999999999999, "MAX:kappa.mean": 0.7637, "MIN:kappa.max": 0.92, "MAX:kappa.max": 0.9400000000000001}