{"MIN:log_loss.min": 0.4699742760042691, "MAX:log_loss.min": 0.48075579772763405, "MIN:log_loss.mean": 0.5370880722400253, "MAX:log_loss.mean": 0.5455696805700065, "MIN:log_loss.max": 0.8464602466603762, "MAX:log_loss.max": 0.8648919050452701, "MIN:accuracy.min": 0.5666666666666667, "MAX:accuracy.min": 0.8866666666666667, "MIN:accuracy.mean": 0.925133333333333, "MAX:accuracy.mean": 0.9749999999999999, "MIN:accuracy.max": 0.98, "MAX:accuracy.max": 0.9933333333333333, "MIN:kappa.min": 0.35, "MAX:kappa.min": 0.83, "MIN:kappa.mean": 0.8876999999999999, "MAX:kappa.mean": 0.9624999999999999, "MIN:kappa.max": 0.97, "MAX:kappa.max": 0.99}