{"MIN:log_loss.min": 0.11441369883059889, "MAX:log_loss.min": 0.20492803590045347, "MIN:log_loss.mean": 0.6114321661771934, "MAX:log_loss.mean": 0.773469506085608, "MIN:log_loss.max": 1.120892243127305, "MAX:log_loss.max": 1.1292417014234726, "MIN:accuracy.min": 0.10666666666666667, "MAX:accuracy.min": 0.3466666666666667, "MIN:accuracy.mean": 0.7579999999999998, "MAX:accuracy.mean": 0.8083999999999999, "MIN:accuracy.max": 0.9533333333333334, "MAX:accuracy.max": 0.96, "MIN:kappa.min": -0.3400000000000001, "MAX:kappa.min": 0.020000000000000018, "MIN:kappa.mean": 0.637, "MAX:kappa.mean": 0.7126, "MIN:kappa.max": 0.9299999999999999, "MAX:kappa.max": 0.9400000000000001}