{"MIN:log_loss.min": 0.30082023866499735, "MAX:log_loss.min": 0.4641469818478017, "MIN:log_loss.mean": 0.7028151168527975, "MAX:log_loss.mean": 1.1276672421106457, "MIN:log_loss.max": 1.09851345942276, "MAX:log_loss.max": 5.629004889328742, "MIN:accuracy.min": 0.3333333333333333, "MAX:accuracy.min": 0.66, "MIN:accuracy.mean": 0.7068666666666669, "MAX:accuracy.mean": 0.7719333333333332, "MIN:accuracy.max": 0.88, "MAX:accuracy.max": 0.8933333333333333, "MIN:kappa.min": 0.0, "MAX:kappa.min": 0.49, "MIN:kappa.mean": 0.5603, "MAX:kappa.mean": 0.6578999999999999, "MIN:kappa.max": 0.8200000000000001, "MAX:kappa.max": 0.84}