{"MIN:log_loss.min": 0.2132855886543142, "MAX:log_loss.min": 1.0744804123707647, "MIN:log_loss.mean": 0.5492207552750351, "MAX:log_loss.mean": 8.616951355203812, "MIN:log_loss.max": 1.0985558542719642, "MAX:log_loss.max": 11.55636824306003, "MIN:accuracy.min": 0.13333333333333333, "MAX:accuracy.min": 0.6666666666666666, "MIN:accuracy.mean": 0.6403333333333334, "MAX:accuracy.mean": 0.6826666666666666, "MIN:accuracy.max": 0.6666666666666666, "MAX:accuracy.max": 0.9666666666666667, "MIN:kappa.min": -0.30000000000000004, "MAX:kappa.min": 0.5, "MIN:kappa.mean": 0.46049999999999996, "MAX:kappa.mean": 0.524, "MIN:kappa.max": 0.5, "MAX:kappa.max": 0.95}