{"MIN:log_loss.min": 0.11962203072978336, "MAX:log_loss.min": 0.3376601398040424, "MIN:log_loss.mean": 0.6577944071481479, "MAX:log_loss.mean": 0.7926690724957065, "MIN:log_loss.max": 1.0976206176379046, "MAX:log_loss.max": 1.3622872546405302, "MIN:accuracy.min": 0.3333333333333333, "MAX:accuracy.min": 0.3333333333333333, "MIN:accuracy.mean": 0.6638000000000001, "MAX:accuracy.mean": 0.7448666666666665, "MIN:accuracy.max": 0.96, "MAX:accuracy.max": 0.96, "MIN:kappa.min": 0.0, "MAX:kappa.min": 0.0, "MIN:kappa.mean": 0.49570000000000003, "MAX:kappa.mean": 0.6173000000000001, "MIN:kappa.max": 0.94, "MAX:kappa.max": 0.9400000000000001}