{"MIN:log_loss.min": 0.1041212256281429, "MAX:log_loss.min": 0.19734154334767318, "MIN:log_loss.mean": 0.6030089814900844, "MAX:log_loss.mean": 0.8781709559469653, "MIN:log_loss.max": 11.353405949755064, "MAX:log_loss.max": 12.340441052495226, "MIN:accuracy.min": 0.62, "MAX:accuracy.min": 0.6666666666666666, "MIN:accuracy.mean": 0.8927333333333333, "MAX:accuracy.mean": 0.907, "MIN:accuracy.max": 0.9533333333333334, "MAX:accuracy.max": 0.9666666666666667, "MIN:kappa.min": 0.43000000000000005, "MAX:kappa.min": 0.5, "MIN:kappa.mean": 0.8391000000000001, "MAX:kappa.mean": 0.8604999999999999, "MIN:kappa.max": 0.9299999999999999, "MAX:kappa.max": 0.95}