{"MIN:log_loss.min": 0.40233349331440904, "MAX:log_loss.min": 0.5653192577080278, "MIN:log_loss.mean": 2.482677847500455, "MAX:log_loss.mean": 2.728259251909891, "MIN:log_loss.max": 23.025850929940454, "MAX:log_loss.max": 23.025850929940454, "MIN:accuracy.min": 0.3333333333333333, "MAX:accuracy.min": 0.3333333333333333, "MIN:accuracy.mean": 0.6917333333333334, "MAX:accuracy.mean": 0.7356666666666668, "MIN:accuracy.max": 0.9466666666666667, "MAX:accuracy.max": 0.9666666666666667, "MIN:kappa.min": 0.0, "MAX:kappa.min": 0.0, "MIN:kappa.mean": 0.5376000000000001, "MAX:kappa.mean": 0.6034999999999999, "MIN:kappa.max": 0.92, "MAX:kappa.max": 0.95}