{"MIN:log_loss.min": 0.2864832169783178, "MAX:log_loss.min": 0.2864898791843158, "MIN:log_loss.mean": 0.425025485024583, "MAX:log_loss.mean": 0.4591282364439922, "MIN:log_loss.max": 0.8629756194494653, "MAX:log_loss.max": 0.9193530347530735, "MIN:accuracy.min": 0.68, "MAX:accuracy.min": 0.7466666666666667, "MIN:accuracy.mean": 0.8949333333333331, "MAX:accuracy.mean": 0.9039999999999998, "MIN:accuracy.max": 0.96, "MAX:accuracy.max": 0.9666666666666667, "MIN:kappa.min": 0.52, "MAX:kappa.min": 0.62, "MIN:kappa.mean": 0.8424, "MAX:kappa.mean": 0.8560000000000001, "MIN:kappa.max": 0.9400000000000001, "MAX:kappa.max": 0.95}