{"mean accuracy": 0.7517333333333335, "max accuracy": 0.9133333333333333, "mean kappa": 0.6275999999999999, "max kappa": 0.87}