{"MIN:log_loss.min": 0.4955608531440803, "MAX:log_loss.min": 0.6448157860992308, "MIN:log_loss.mean": 1.121026579235883, "MAX:log_loss.mean": 2.638619469684211, "MIN:log_loss.max": 4.027328892926283, "MAX:log_loss.max": 23.025850929940454, "MIN:accuracy.min": 0.3333333333333333, "MAX:accuracy.min": 0.3333333333333333, "MIN:accuracy.mean": 0.6028, "MAX:accuracy.mean": 0.6409999999999999, "MIN:accuracy.max": 0.8933333333333333, "MAX:accuracy.max": 0.96, "MIN:kappa.min": -2.220446049250313e-16, "MAX:kappa.min": 0.0, "MIN:kappa.mean": 0.4042000000000001, "MAX:kappa.mean": 0.46149999999999997, "MIN:kappa.max": 0.8400000000000001, "MAX:kappa.max": 0.9400000000000001}