{"MIN:log_loss.min": 0.15712273271713628, "MAX:log_loss.min": 0.2141619243722902, "MIN:log_loss.mean": 0.24892650466745955, "MAX:log_loss.mean": 0.3597213381068238, "MIN:log_loss.max": 0.45579107178069117, "MAX:log_loss.max": 0.8737339026508956, "MIN:accuracy.min": 0.3333333333333333, "MAX:accuracy.min": 0.8533333333333334, "MIN:accuracy.mean": 0.8395999999999999, "MAX:accuracy.mean": 0.8954666666666666, "MIN:accuracy.max": 0.96, "MAX:accuracy.max": 0.96, "MIN:kappa.min": 0.0, "MAX:kappa.min": 0.78, "MIN:kappa.mean": 0.7594000000000001, "MAX:kappa.mean": 0.8432000000000001, "MIN:kappa.max": 0.9400000000000001, "MAX:kappa.max": 0.9400000000000001}