{"MIN:log_loss.min": 0.5057595701269171, "MAX:log_loss.min": 0.5057595701269171, "MIN:log_loss.mean": 0.7783510369677025, "MAX:log_loss.mean": 0.7783510369677025, "MIN:log_loss.max": 1.2174820901184336, "MAX:log_loss.max": 1.2174820901184336, "MIN:accuracy.min": 0.3333333333333333, "MAX:accuracy.min": 0.3333333333333333, "MIN:accuracy.mean": 0.6938666666666667, "MAX:accuracy.mean": 0.6938666666666667, "MIN:accuracy.max": 0.9, "MAX:accuracy.max": 0.9, "MIN:kappa.min": -2.220446049250313e-16, "MAX:kappa.min": -2.220446049250313e-16, "MIN:kappa.mean": 0.5408000000000001, "MAX:kappa.mean": 0.5408000000000001, "MIN:kappa.max": 0.85, "MAX:kappa.max": 0.85}