{"MIN:log_loss.min": 0.1316676343668344, "MAX:log_loss.min": 0.14986538390556556, "MIN:log_loss.mean": 0.3847458047782817, "MAX:log_loss.mean": 0.39750311527948134, "MIN:log_loss.max": 0.901131651335113, "MAX:log_loss.max": 0.907275820865102, "MIN:accuracy.min": 0.6666666666666666, "MAX:accuracy.min": 0.6666666666666666, "MIN:accuracy.mean": 0.8771333333333334, "MAX:accuracy.mean": 0.9042, "MIN:accuracy.max": 0.9666666666666667, "MAX:accuracy.max": 0.9666666666666667, "MIN:kappa.min": 0.5, "MAX:kappa.min": 0.5, "MIN:kappa.mean": 0.8157000000000002, "MAX:kappa.mean": 0.8562999999999998, "MIN:kappa.max": 0.95, "MAX:kappa.max": 0.95}