{"MIN:log_loss.min": 0.190966003821709, "MAX:log_loss.min": 0.23456635365138878, "MIN:log_loss.mean": 0.5122992455356996, "MAX:log_loss.mean": 0.540741410964531, "MIN:log_loss.max": 1.097889960549514, "MAX:log_loss.max": 1.097893978660257, "MIN:accuracy.min": 0.38666666666666666, "MAX:accuracy.min": 0.86, "MIN:accuracy.mean": 0.8333333333333333, "MAX:accuracy.mean": 0.9178000000000001, "MIN:accuracy.max": 0.96, "MAX:accuracy.max": 0.9666666666666667, "MIN:kappa.min": 0.07999999999999996, "MAX:kappa.min": 0.79, "MIN:kappa.mean": 0.75, "MAX:kappa.mean": 0.8766999999999999, "MIN:kappa.max": 0.94, "MAX:kappa.max": 0.95}