{"MIN:log_loss.min": 0.11462601634461903, "MAX:log_loss.min": 0.42859173292553787, "MIN:log_loss.mean": 0.6525092415935346, "MAX:log_loss.mean": 1.1099312566716468, "MIN:log_loss.max": 1.1452825182156812, "MAX:log_loss.max": 6.7168255146832365, "MIN:accuracy.min": 0.3333333333333333, "MAX:accuracy.min": 0.6666666666666666, "MIN:accuracy.mean": 0.7382666666666665, "MAX:accuracy.mean": 0.8206666666666668, "MIN:accuracy.max": 0.9333333333333333, "MAX:accuracy.max": 0.96, "MIN:kappa.min": 0.0, "MAX:kappa.min": 0.5, "MIN:kappa.mean": 0.6074, "MAX:kappa.mean": 0.7310000000000001, "MIN:kappa.max": 0.9, "MAX:kappa.max": 0.9400000000000001}