{"MIN:log_loss.min": 0.23129014343871182, "MAX:log_loss.min": 0.3871852542875829, "MIN:log_loss.mean": 0.6250881416274181, "MAX:log_loss.mean": 0.6887281655512405, "MIN:log_loss.max": 1.0981224696897183, "MAX:log_loss.max": 1.2160958942672395, "MIN:accuracy.min": 0.3333333333333333, "MAX:accuracy.min": 0.6666666666666666, "MIN:accuracy.mean": 0.7288, "MAX:accuracy.mean": 0.8582000000000001, "MIN:accuracy.max": 0.96, "MAX:accuracy.max": 0.96, "MIN:kappa.min": 0.0, "MAX:kappa.min": 0.5, "MIN:kappa.mean": 0.5932000000000001, "MAX:kappa.mean": 0.7872999999999999, "MIN:kappa.max": 0.94, "MAX:kappa.max": 0.9400000000000001}