{"MIN:log_loss.min": 0.1433275796545807, "MAX:log_loss.min": 0.3958730020806336, "MIN:log_loss.mean": 3.649480107798265, "MAX:log_loss.mean": 5.856398520591018, "MIN:log_loss.max": 15.339900410024262, "MAX:log_loss.max": 23.025850929940454, "MIN:accuracy.min": 0.14666666666666667, "MAX:accuracy.min": 0.36666666666666664, "MIN:accuracy.mean": 0.6286666666666666, "MAX:accuracy.mean": 0.7386666666666666, "MIN:accuracy.max": 0.9533333333333334, "MAX:accuracy.max": 0.96, "MIN:kappa.min": -0.28, "MAX:kappa.min": 0.050000000000000044, "MIN:kappa.mean": 0.44300000000000006, "MAX:kappa.mean": 0.6080000000000001, "MIN:kappa.max": 0.9299999999999999, "MAX:kappa.max": 0.9400000000000001}