{"MIN:log_loss.min": 0.5744732696327046, "MAX:log_loss.min": 1.0106537861130689, "MIN:log_loss.mean": 0.9646857337059264, "MAX:log_loss.mean": 1.3080981045177373, "MIN:log_loss.max": 1.187709054309695, "MAX:log_loss.max": 5.132723325603165, "MIN:accuracy.min": 0.3333333333333333, "MAX:accuracy.min": 0.3333333333333333, "MIN:accuracy.mean": 0.5852666666666666, "MAX:accuracy.mean": 0.6377333333333334, "MIN:accuracy.max": 0.6666666666666666, "MAX:accuracy.max": 0.9533333333333334, "MIN:kappa.min": 0.0, "MAX:kappa.min": 0.0, "MIN:kappa.mean": 0.3779, "MAX:kappa.mean": 0.45659999999999995, "MIN:kappa.max": 0.5, "MAX:kappa.max": 0.9299999999999999}