{"MIN:log_loss.min": 0.09147685369883493, "MAX:log_loss.min": 0.17073244160892803, "MIN:log_loss.mean": 0.4348390393712868, "MAX:log_loss.mean": 0.5855120943803662, "MIN:log_loss.max": 1.097696230343599, "MAX:log_loss.max": 2.5149598725072178, "MIN:accuracy.min": 0.3333333333333333, "MAX:accuracy.min": 0.3333333333333333, "MIN:accuracy.mean": 0.7981333333333335, "MAX:accuracy.mean": 0.8678, "MIN:accuracy.max": 0.9533333333333334, "MAX:accuracy.max": 0.9733333333333334, "MIN:kappa.min": 0.0, "MAX:kappa.min": 0.0, "MIN:kappa.mean": 0.6972, "MAX:kappa.mean": 0.8017, "MIN:kappa.max": 0.9299999999999999, "MAX:kappa.max": 0.96}