{"MIN:log_loss.min": 0.31275928694293476, "MAX:log_loss.min": 0.40216141957877866, "MIN:log_loss.mean": 0.5048181303114474, "MAX:log_loss.mean": 0.5628121644177462, "MIN:log_loss.max": 0.8862978442256737, "MAX:log_loss.max": 1.6309018007342568, "MIN:accuracy.min": 0.5533333333333333, "MAX:accuracy.min": 0.6733333333333333, "MIN:accuracy.mean": 0.8638666666666667, "MAX:accuracy.mean": 0.9191333333333332, "MIN:accuracy.max": 0.9466666666666667, "MAX:accuracy.max": 0.96, "MIN:kappa.min": 0.32999999999999996, "MAX:kappa.min": 0.51, "MIN:kappa.mean": 0.7958000000000002, "MAX:kappa.mean": 0.8787, "MIN:kappa.max": 0.92, "MAX:kappa.max": 0.9400000000000001}