{"MIN:log_loss.min": 0.5265925710540791, "MAX:log_loss.min": 0.7063938443085948, "MIN:log_loss.mean": 0.7307868924384262, "MAX:log_loss.mean": 0.8160304786972269, "MIN:log_loss.max": 1.033648605667688, "MAX:log_loss.max": 1.4503386894151553, "MIN:accuracy.min": 0.10666666666666667, "MAX:accuracy.min": 0.66, "MIN:accuracy.mean": 0.7395999999999999, "MAX:accuracy.mean": 0.8498666666666667, "MIN:accuracy.max": 0.9466666666666667, "MAX:accuracy.max": 0.96, "MIN:kappa.min": -0.3400000000000001, "MAX:kappa.min": 0.49, "MIN:kappa.mean": 0.6093999999999999, "MAX:kappa.mean": 0.7748, "MIN:kappa.max": 0.92, "MAX:kappa.max": 0.9400000000000001}