{"mean accuracy": 0.7680666666666667, "max accuracy": 0.9666666666666667, "mean kappa": 0.6520999999999998, "max kappa": 0.95}