{"MIN:log_loss.min": 0.114653736601417, "MAX:log_loss.min": 0.12140265600770273, "MIN:log_loss.mean": 0.49781926613663174, "MAX:log_loss.mean": 0.5391517708798507, "MIN:log_loss.max": 1.0983948317945063, "MAX:log_loss.max": 1.0984273864942022, "MIN:accuracy.min": 0.3333333333333333, "MAX:accuracy.min": 0.56, "MIN:accuracy.mean": 0.8078666666666665, "MAX:accuracy.mean": 0.8552, "MIN:accuracy.max": 0.96, "MAX:accuracy.max": 0.96, "MIN:kappa.min": 0.0, "MAX:kappa.min": 0.33999999999999997, "MIN:kappa.mean": 0.7118000000000001, "MAX:kappa.mean": 0.7827999999999998, "MIN:kappa.max": 0.9400000000000001, "MAX:kappa.max": 0.9400000000000001}