{"MIN:log_loss.min": 0.1122670663721612, "MAX:log_loss.min": 0.17647886025366374, "MIN:log_loss.mean": 0.7170176203620844, "MAX:log_loss.mean": 0.7306965681077415, "MIN:log_loss.max": 1.0984980673951417, "MAX:log_loss.max": 1.0984980674088198, "MIN:accuracy.min": 0.5266666666666666, "MAX:accuracy.min": 0.5266666666666666, "MIN:accuracy.mean": 0.7114666666666666, "MAX:accuracy.mean": 0.7175333333333334, "MIN:accuracy.max": 0.96, "MAX:accuracy.max": 0.96, "MIN:kappa.min": 0.29000000000000004, "MAX:kappa.min": 0.29000000000000004, "MIN:kappa.mean": 0.5672000000000001, "MAX:kappa.mean": 0.5762999999999999, "MIN:kappa.max": 0.94, "MAX:kappa.max": 0.9400000000000001}