{"mean accuracy": 0.7945333333333334, "max accuracy": 0.96, "mean kappa": 0.6917999999999997, "max kappa": 0.94}