{"MIN:log_loss.min": 0.5389593497091562, "MAX:log_loss.min": 0.877724290348076, "MIN:log_loss.mean": 0.8689006882976991, "MAX:log_loss.mean": 0.9994590880345853, "MIN:log_loss.max": 1.551873757668529, "MAX:log_loss.max": 11.171940443065239, "MIN:accuracy.min": 0.13333333333333333, "MAX:accuracy.min": 0.6666666666666666, "MIN:accuracy.mean": 0.7033333333333335, "MAX:accuracy.mean": 0.7338000000000001, "MIN:accuracy.max": 0.8733333333333333, "MAX:accuracy.max": 0.96, "MIN:kappa.min": -0.30000000000000004, "MAX:kappa.min": 0.5, "MIN:kappa.mean": 0.555, "MAX:kappa.mean": 0.6006999999999999, "MIN:kappa.max": 0.81, "MAX:kappa.max": 0.9400000000000001}