{"mean accuracy": 0.6532666666666668, "max accuracy": 0.8533333333333333, "mean kappa": 0.47989999999999994, "max kappa": 0.7799999999999999}