{"MIN:log_loss.min": 0.4992093248062861, "MAX:log_loss.min": 0.5840557705391212, "MIN:log_loss.mean": 0.6534801030573928, "MAX:log_loss.mean": 0.7303541618855702, "MIN:log_loss.max": 0.9716737570578914, "MAX:log_loss.max": 0.9976577180351395, "MIN:accuracy.min": 0.3333333333333333, "MAX:accuracy.min": 0.6333333333333333, "MIN:accuracy.mean": 0.9010666666666666, "MAX:accuracy.mean": 0.9349333333333331, "MIN:accuracy.max": 0.96, "MAX:accuracy.max": 0.96, "MIN:kappa.min": 0.0, "MAX:kappa.min": 0.44999999999999996, "MIN:kappa.mean": 0.8515999999999998, "MAX:kappa.mean": 0.9024, "MIN:kappa.max": 0.9400000000000001, "MAX:kappa.max": 0.9400000000000001}