{"MIN:log_loss.min": 0.09260103462769795, "MAX:log_loss.min": 0.6284421657770416, "MIN:log_loss.mean": 0.948198749208924, "MAX:log_loss.mean": 2.39860589611921, "MIN:log_loss.max": 1.7812840112919102, "MAX:log_loss.max": 16.207448446297338, "MIN:accuracy.min": 0.0, "MAX:accuracy.min": 0.3333333333333333, "MIN:accuracy.mean": 0.6317333333333334, "MAX:accuracy.mean": 0.7212, "MIN:accuracy.max": 0.94, "MAX:accuracy.max": 0.9666666666666667, "MIN:kappa.min": -0.4999999999999998, "MAX:kappa.min": 0.0, "MIN:kappa.mean": 0.4476, "MAX:kappa.mean": 0.5818, "MIN:kappa.max": 0.91, "MAX:kappa.max": 0.95}