{"MIN:log_loss.min": 0.11158750596451704, "MAX:log_loss.min": 0.13448362514725554, "MIN:log_loss.mean": 0.4815992027538887, "MAX:log_loss.mean": 0.5041429571324919, "MIN:log_loss.max": 1.097592546400228, "MAX:log_loss.max": 1.097601562068373, "MIN:accuracy.min": 0.38, "MAX:accuracy.min": 0.6666666666666666, "MIN:accuracy.mean": 0.8408666666666668, "MAX:accuracy.mean": 0.8855333333333332, "MIN:accuracy.max": 0.96, "MAX:accuracy.max": 0.96, "MIN:kappa.min": 0.06999999999999995, "MAX:kappa.min": 0.5, "MIN:kappa.mean": 0.7613, "MAX:kappa.mean": 0.8283, "MIN:kappa.max": 0.94, "MAX:kappa.max": 0.9400000000000001}