{"MIN:log_loss.min": 0.21882824449503185, "MAX:log_loss.min": 0.22956645881414342, "MIN:log_loss.mean": 0.6519828112990459, "MAX:log_loss.mean": 0.6675608052138631, "MIN:log_loss.max": 1.0986108443440445, "MAX:log_loss.max": 1.218105818178904, "MIN:accuracy.min": 0.3333333333333333, "MAX:accuracy.min": 0.3333333333333333, "MIN:accuracy.mean": 0.7483333333333332, "MAX:accuracy.mean": 0.8259999999999996, "MIN:accuracy.max": 0.96, "MAX:accuracy.max": 0.96, "MIN:kappa.min": 0.0, "MAX:kappa.min": 0.0, "MIN:kappa.mean": 0.6225, "MAX:kappa.mean": 0.7389999999999999, "MIN:kappa.max": 0.9400000000000001, "MAX:kappa.max": 0.9400000000000001}