{"MIN:log_loss.min": 0.5378584757211601, "MAX:log_loss.min": 0.6888982829770436, "MIN:log_loss.mean": 0.8829384344376061, "MAX:log_loss.mean": 0.9682088884849377, "MIN:log_loss.max": 1.2291525319843775, "MAX:log_loss.max": 1.3126616688468478, "MIN:accuracy.min": 0.25333333333333335, "MAX:accuracy.min": 0.38, "MIN:accuracy.mean": 0.6073333333333334, "MAX:accuracy.mean": 0.6505999999999998, "MIN:accuracy.max": 0.94, "MAX:accuracy.max": 0.96, "MIN:kappa.min": -0.1200000000000001, "MAX:kappa.min": 0.06999999999999984, "MIN:kappa.mean": 0.4110000000000001, "MAX:kappa.mean": 0.47590000000000005, "MIN:kappa.max": 0.91, "MAX:kappa.max": 0.94}