{"MIN:log_loss.min": 0.22198679841667798, "MAX:log_loss.min": 0.5658137439965446, "MIN:log_loss.mean": 0.5967956395578737, "MAX:log_loss.mean": 0.9992511727724752, "MIN:log_loss.max": 1.2857766011248368, "MAX:log_loss.max": 1.7766555266966657, "MIN:accuracy.min": 0.08, "MAX:accuracy.min": 0.24, "MIN:accuracy.mean": 0.6318666666666667, "MAX:accuracy.mean": 0.6988666666666665, "MIN:accuracy.max": 0.96, "MAX:accuracy.max": 0.96, "MIN:kappa.min": -0.3800000000000001, "MAX:kappa.min": -0.1399999999999999, "MIN:kappa.mean": 0.44780000000000003, "MAX:kappa.mean": 0.5483, "MIN:kappa.max": 0.9400000000000001, "MAX:kappa.max": 0.9400000000000001}