{"MIN:log_loss.min": 0.1178380740925888, "MAX:log_loss.min": 0.18082383312569, "MIN:log_loss.mean": 0.4067797581843457, "MAX:log_loss.mean": 0.5649533528129799, "MIN:log_loss.max": 4.732607718223185, "MAX:log_loss.max": 17.8632190037652, "MIN:accuracy.min": 0.36666666666666664, "MAX:accuracy.min": 0.7866666666666666, "MIN:accuracy.mean": 0.9339333333333335, "MAX:accuracy.mean": 0.9501333333333332, "MIN:accuracy.max": 0.96, "MAX:accuracy.max": 0.96, "MIN:kappa.min": 0.050000000000000044, "MAX:kappa.min": 0.6799999999999999, "MIN:kappa.mean": 0.9008999999999997, "MAX:kappa.mean": 0.9251999999999999, "MIN:kappa.max": 0.9400000000000001, "MAX:kappa.max": 0.9400000000000001}