{"mean accuracy": 0.6333333333333334, "max accuracy": 0.9666666666666666, "mean kappa": 0.45, "max kappa": 0.9499999999999998}