{"MIN:log_loss.min": 0.4864302468248672, "MAX:log_loss.min": 0.8279790721788377, "MIN:log_loss.mean": 0.777270435747679, "MAX:log_loss.mean": 0.9622890343174908, "MIN:log_loss.max": 1.1728407384718262, "MAX:log_loss.max": 1.2140450513724113, "MIN:accuracy.min": 0.3333333333333333, "MAX:accuracy.min": 0.6066666666666667, "MIN:accuracy.mean": 0.6174666666666667, "MAX:accuracy.mean": 0.728, "MIN:accuracy.max": 0.9133333333333333, "MAX:accuracy.max": 0.96, "MIN:kappa.min": 0.0, "MAX:kappa.min": 0.41000000000000003, "MIN:kappa.mean": 0.4262, "MAX:kappa.mean": 0.5920000000000001, "MIN:kappa.max": 0.87, "MAX:kappa.max": 0.9400000000000001}