{"MIN:log_loss.min": 0.1058890527797346, "MAX:log_loss.min": 0.22723898573683693, "MIN:log_loss.mean": 0.3069611245819532, "MAX:log_loss.mean": 0.3758802524657534, "MIN:log_loss.max": 0.8482009386266801, "MAX:log_loss.max": 2.4725243463863946, "MIN:accuracy.min": 0.3333333333333333, "MAX:accuracy.min": 0.66, "MIN:accuracy.mean": 0.8814666666666666, "MAX:accuracy.mean": 0.9078666666666666, "MIN:accuracy.max": 0.96, "MAX:accuracy.max": 0.9666666666666667, "MIN:kappa.min": 0.0, "MAX:kappa.min": 0.49, "MIN:kappa.mean": 0.8221999999999998, "MAX:kappa.mean": 0.8617999999999999, "MIN:kappa.max": 0.9400000000000001, "MAX:kappa.max": 0.95}