{"MIN:log_loss.min": 0.11481560495621554, "MAX:log_loss.min": 0.13601609748555257, "MIN:log_loss.mean": 0.708369608801973, "MAX:log_loss.mean": 0.7396888775288333, "MIN:log_loss.max": 4.835428695287496, "MAX:log_loss.max": 6.248961563637969, "MIN:accuracy.min": 0.62, "MAX:accuracy.min": 0.6666666666666666, "MIN:accuracy.mean": 0.8548666666666667, "MAX:accuracy.mean": 0.8698666666666667, "MIN:accuracy.max": 0.96, "MAX:accuracy.max": 0.9666666666666667, "MIN:kappa.min": 0.43000000000000005, "MAX:kappa.min": 0.5, "MIN:kappa.mean": 0.7822999999999999, "MAX:kappa.mean": 0.8047999999999998, "MIN:kappa.max": 0.9400000000000001, "MAX:kappa.max": 0.95}