{"MIN:log_loss.min": 0.42812981810061074, "MAX:log_loss.min": 0.583863579944967, "MIN:log_loss.mean": 0.6245937218585655, "MAX:log_loss.mean": 0.7828572388368865, "MIN:log_loss.max": 0.8628040092791838, "MAX:log_loss.max": 1.083883363288082, "MIN:accuracy.min": 0.3333333333333333, "MAX:accuracy.min": 0.6466666666666666, "MIN:accuracy.mean": 0.7573333333333332, "MAX:accuracy.mean": 0.8612666666666668, "MIN:accuracy.max": 0.8933333333333333, "MAX:accuracy.max": 0.96, "MIN:kappa.min": 0.0, "MAX:kappa.min": 0.47, "MIN:kappa.mean": 0.636, "MAX:kappa.mean": 0.7919000000000003, "MIN:kappa.max": 0.84, "MAX:kappa.max": 0.9400000000000001}