{"MIN:log_loss.min": 0.1545654194688286, "MAX:log_loss.min": 0.18478959793110444, "MIN:log_loss.mean": 0.2600770645496803, "MAX:log_loss.mean": 0.29338593481782393, "MIN:log_loss.max": 0.6111545607862274, "MAX:log_loss.max": 0.6913540454809154, "MIN:accuracy.min": 0.8666666666666667, "MAX:accuracy.min": 0.8666666666666667, "MIN:accuracy.mean": 0.9361333333333333, "MAX:accuracy.mean": 0.9470000000000001, "MIN:accuracy.max": 0.9666666666666667, "MAX:accuracy.max": 0.9666666666666667, "MIN:kappa.min": 0.8, "MAX:kappa.min": 0.8, "MIN:kappa.mean": 0.9042000000000001, "MAX:kappa.mean": 0.9204999999999999, "MIN:kappa.max": 0.95, "MAX:kappa.max": 0.95}