{"MIN:log_loss.min": 0.5378127550474664, "MAX:log_loss.min": 0.9084491236466101, "MIN:log_loss.mean": 0.9687626855284729, "MAX:log_loss.mean": 7.681723753979866, "MIN:log_loss.max": 1.1422771932605325, "MAX:log_loss.max": 13.939518390654861, "MIN:accuracy.min": 0.5266666666666666, "MAX:accuracy.min": 0.56, "MIN:accuracy.mean": 0.6179333333333333, "MAX:accuracy.mean": 0.6606000000000001, "MIN:accuracy.max": 0.6666666666666666, "MAX:accuracy.max": 0.9533333333333334, "MIN:kappa.min": 0.29000000000000004, "MAX:kappa.min": 0.33999999999999997, "MIN:kappa.mean": 0.4269, "MAX:kappa.mean": 0.4909000000000001, "MIN:kappa.max": 0.5, "MAX:kappa.max": 0.9299999999999999}