{"MIN:log_loss.min": 0.4936229096876975, "MAX:log_loss.min": 0.9234019048163645, "MIN:log_loss.mean": 0.8666495932452566, "MAX:log_loss.mean": 5.265844917909151, "MIN:log_loss.max": 1.1803536936197832, "MAX:log_loss.max": 12.155970824175123, "MIN:accuracy.min": 0.3333333333333333, "MAX:accuracy.min": 0.56, "MIN:accuracy.mean": 0.5844666666666667, "MAX:accuracy.mean": 0.6349333333333333, "MIN:accuracy.max": 0.6666666666666666, "MAX:accuracy.max": 0.96, "MIN:kappa.min": 0.0, "MAX:kappa.min": 0.33999999999999997, "MIN:kappa.mean": 0.37670000000000003, "MAX:kappa.mean": 0.4524000000000001, "MIN:kappa.max": 0.5, "MAX:kappa.max": 0.9400000000000001}