{"MIN:log_loss.min": 0.21835929572636378, "MAX:log_loss.min": 0.23327878967695834, "MIN:log_loss.mean": 0.5162832537092059, "MAX:log_loss.mean": 0.6159008226496533, "MIN:log_loss.max": 1.0985815132686023, "MAX:log_loss.max": 1.098602997785445, "MIN:accuracy.min": 0.66, "MAX:accuracy.min": 0.6666666666666666, "MIN:accuracy.mean": 0.8202666666666667, "MAX:accuracy.mean": 0.8219333333333335, "MIN:accuracy.max": 0.96, "MAX:accuracy.max": 0.96, "MIN:kappa.min": 0.49, "MAX:kappa.min": 0.5, "MIN:kappa.mean": 0.7303999999999999, "MAX:kappa.mean": 0.7329000000000002, "MIN:kappa.max": 0.9400000000000001, "MAX:kappa.max": 0.9400000000000001}