{"mean accuracy": 0.7312000000000001, "max accuracy": 0.96, "mean kappa": 0.5968000000000001, "max kappa": 0.94}