{"MIN:log_loss.min": 0.3147227130769761, "MAX:log_loss.min": 0.3481373953790163, "MIN:log_loss.mean": 0.5505271821357934, "MAX:log_loss.mean": 0.7805982420474804, "MIN:log_loss.max": 5.749963893928439, "MAX:log_loss.max": 9.611896785931956, "MIN:accuracy.min": 0.36666666666666664, "MAX:accuracy.min": 0.6, "MIN:accuracy.mean": 0.8590000000000001, "MAX:accuracy.mean": 0.8818666666666667, "MIN:accuracy.max": 0.9466666666666667, "MAX:accuracy.max": 0.9666666666666667, "MIN:kappa.min": 0.050000000000000044, "MAX:kappa.min": 0.4, "MIN:kappa.mean": 0.7885, "MAX:kappa.mean": 0.8227999999999999, "MIN:kappa.max": 0.92, "MAX:kappa.max": 0.95}