{"MIN:log_loss.min": 0.8083243356117027, "MAX:log_loss.min": 0.8083243356117027, "MIN:log_loss.mean": 0.8978420029021581, "MAX:log_loss.mean": 0.8978420029021581, "MIN:log_loss.max": 1.0288229901197148, "MAX:log_loss.max": 1.0288229901197148, "MIN:accuracy.min": 0.6666666666666666, "MAX:accuracy.min": 0.6666666666666666, "MIN:accuracy.mean": 0.6666666666666669, "MAX:accuracy.mean": 0.6666666666666669, "MIN:accuracy.max": 0.6666666666666666, "MAX:accuracy.max": 0.6666666666666666, "MIN:kappa.min": 0.5, "MAX:kappa.min": 0.5, "MIN:kappa.mean": 0.5, "MAX:kappa.mean": 0.5, "MIN:kappa.max": 0.5, "MAX:kappa.max": 0.5}