{"MIN:log_loss.min": 0.10504175784560311, "MAX:log_loss.min": 0.11088836883911105, "MIN:log_loss.mean": 0.5564417013138276, "MAX:log_loss.mean": 0.8125893644402093, "MIN:log_loss.max": 12.100737927778106, "MAX:log_loss.max": 28.895568450695173, "MIN:accuracy.min": 0.14, "MAX:accuracy.min": 0.6066666666666667, "MIN:accuracy.mean": 0.8773999999999998, "MAX:accuracy.mean": 0.9159333333333334, "MIN:accuracy.max": 0.96, "MAX:accuracy.max": 0.98, "MIN:kappa.min": -0.29000000000000004, "MAX:kappa.min": 0.41000000000000003, "MIN:kappa.mean": 0.8161, "MAX:kappa.mean": 0.8739, "MIN:kappa.max": 0.9400000000000001, "MAX:kappa.max": 0.97}