{"MIN:log_loss.min": 0.11267725326501792, "MAX:log_loss.min": 0.17583403646001988, "MIN:log_loss.mean": 0.3293081830992287, "MAX:log_loss.mean": 0.7733505212775954, "MIN:log_loss.max": 0.859753121223643, "MAX:log_loss.max": 13.459277936854262, "MIN:accuracy.min": 0.5533333333333333, "MAX:accuracy.min": 0.68, "MIN:accuracy.mean": 0.9209999999999998, "MAX:accuracy.mean": 0.9391333333333334, "MIN:accuracy.max": 0.96, "MAX:accuracy.max": 0.96, "MIN:kappa.min": 0.32999999999999996, "MAX:kappa.min": 0.52, "MIN:kappa.mean": 0.8814999999999997, "MAX:kappa.mean": 0.9087, "MIN:kappa.max": 0.9400000000000001, "MAX:kappa.max": 0.9400000000000001}