{"MIN:log_loss.min": 0.12083858226460407, "MAX:log_loss.min": 0.16676121836835717, "MIN:log_loss.mean": 0.6544118034671805, "MAX:log_loss.mean": 0.7016384252505139, "MIN:log_loss.max": 1.0986117677785419, "MAX:log_loss.max": 1.1138347036421448, "MIN:accuracy.min": 0.3333333333333333, "MAX:accuracy.min": 0.3333333333333333, "MIN:accuracy.mean": 0.6551333333333332, "MAX:accuracy.mean": 0.7035333333333332, "MIN:accuracy.max": 0.96, "MAX:accuracy.max": 0.96, "MIN:kappa.min": -2.220446049250313e-16, "MAX:kappa.min": 0.0, "MIN:kappa.mean": 0.48269999999999996, "MAX:kappa.mean": 0.5552999999999999, "MIN:kappa.max": 0.94, "MAX:kappa.max": 0.9400000000000001}