{"MIN:log_loss.min": 0.11068933632362722, "MAX:log_loss.min": 0.1475122886049448, "MIN:log_loss.mean": 0.42699716041964125, "MAX:log_loss.mean": 0.6808267954100096, "MIN:log_loss.max": 1.3863368728937195, "MAX:log_loss.max": 14.148212618733794, "MIN:accuracy.min": 0.48, "MAX:accuracy.min": 0.6066666666666667, "MIN:accuracy.mean": 0.8946000000000001, "MAX:accuracy.mean": 0.9130666666666666, "MIN:accuracy.max": 0.96, "MAX:accuracy.max": 0.9666666666666667, "MIN:kappa.min": 0.21999999999999997, "MAX:kappa.min": 0.41000000000000003, "MIN:kappa.mean": 0.8418999999999999, "MAX:kappa.mean": 0.8695999999999999, "MIN:kappa.max": 0.9400000000000001, "MAX:kappa.max": 0.95}