{"MIN:log_loss.min": 0.1750648553340509, "MAX:log_loss.min": 0.273816773314553, "MIN:log_loss.mean": 0.6078831970453371, "MAX:log_loss.mean": 0.6511965910660439, "MIN:log_loss.max": 1.0643926292490884, "MAX:log_loss.max": 1.0952270018220933, "MIN:accuracy.min": 0.3333333333333333, "MAX:accuracy.min": 0.3333333333333333, "MIN:accuracy.mean": 0.8748666666666665, "MAX:accuracy.mean": 0.8960000000000001, "MIN:accuracy.max": 0.96, "MAX:accuracy.max": 0.96, "MIN:kappa.min": 0.0, "MAX:kappa.min": 0.0, "MIN:kappa.mean": 0.8122999999999999, "MAX:kappa.mean": 0.8440000000000001, "MIN:kappa.max": 0.9400000000000001, "MAX:kappa.max": 0.9400000000000001}