{"MIN:log_loss.min": 0.08666733536911952, "MAX:log_loss.min": 0.11722570051503735, "MIN:log_loss.mean": 0.4947582212104553, "MAX:log_loss.mean": 0.5238838128139331, "MIN:log_loss.max": 1.1078931948764097, "MAX:log_loss.max": 1.1120494980622295, "MIN:accuracy.min": 0.3333333333333333, "MAX:accuracy.min": 0.3333333333333333, "MIN:accuracy.mean": 0.7831333333333335, "MAX:accuracy.mean": 0.8170000000000002, "MIN:accuracy.max": 0.9533333333333334, "MAX:accuracy.max": 0.9733333333333334, "MIN:kappa.min": 0.0, "MAX:kappa.min": 0.0, "MIN:kappa.mean": 0.6747000000000001, "MAX:kappa.mean": 0.7255000000000001, "MIN:kappa.max": 0.9299999999999999, "MAX:kappa.max": 0.96}