{"MIN:log_loss.min": 0.4894533663338484, "MAX:log_loss.min": 0.675069979441211, "MIN:log_loss.mean": 0.5874794980447553, "MAX:log_loss.mean": 1.084094248356931, "MIN:log_loss.max": 0.9327310037973487, "MAX:log_loss.max": 8.387068275108943, "MIN:accuracy.min": 0.3333333333333333, "MAX:accuracy.min": 0.56, "MIN:accuracy.mean": 0.6552666666666667, "MAX:accuracy.mean": 0.8061333333333333, "MIN:accuracy.max": 0.86, "MAX:accuracy.max": 0.96, "MIN:kappa.min": 0.0, "MAX:kappa.min": 0.33999999999999997, "MIN:kappa.mean": 0.4829, "MAX:kappa.mean": 0.7092, "MIN:kappa.max": 0.79, "MAX:kappa.max": 0.9400000000000001}