{"MIN:log_loss.min": 0.17777828253888628, "MAX:log_loss.min": 0.2199512175198285, "MIN:log_loss.mean": 0.5804080276609548, "MAX:log_loss.mean": 0.6196952247582369, "MIN:log_loss.max": 1.097258016151206, "MAX:log_loss.max": 1.0973403529683283, "MIN:accuracy.min": 0.006666666666666667, "MAX:accuracy.min": 0.3333333333333333, "MIN:accuracy.mean": 0.7336666666666665, "MAX:accuracy.mean": 0.7633333333333333, "MIN:accuracy.max": 0.96, "MAX:accuracy.max": 0.96, "MIN:kappa.min": -0.4900000000000002, "MAX:kappa.min": 0.0, "MIN:kappa.mean": 0.6004999999999999, "MAX:kappa.mean": 0.645, "MIN:kappa.max": 0.9400000000000001, "MAX:kappa.max": 0.9400000000000001}