{"MIN:log_loss.min": 0.603819957773706, "MAX:log_loss.min": 0.8867464065243549, "MIN:log_loss.mean": 0.9461926687261506, "MAX:log_loss.mean": 1.0565398074747483, "MIN:log_loss.max": 1.1840029117737914, "MAX:log_loss.max": 1.435325393722929, "MIN:accuracy.min": 0.3333333333333333, "MAX:accuracy.min": 0.3333333333333333, "MIN:accuracy.mean": 0.5653333333333334, "MAX:accuracy.mean": 0.6096666666666667, "MIN:accuracy.max": 0.6666666666666666, "MAX:accuracy.max": 0.96, "MIN:kappa.min": 0.0, "MAX:kappa.min": 0.0, "MIN:kappa.mean": 0.34800000000000003, "MAX:kappa.mean": 0.4145000000000001, "MIN:kappa.max": 0.5, "MAX:kappa.max": 0.9400000000000001}