{"MIN:log_loss.min": 0.4320701762004692, "MAX:log_loss.min": 0.8333544574662349, "MIN:log_loss.mean": 0.8126560586537367, "MAX:log_loss.mean": 0.9386679153017095, "MIN:log_loss.max": 1.0985892159143686, "MAX:log_loss.max": 2.465245210462345, "MIN:accuracy.min": 0.3333333333333333, "MAX:accuracy.min": 0.38, "MIN:accuracy.mean": 0.6338666666666668, "MAX:accuracy.mean": 0.6727999999999998, "MIN:accuracy.max": 0.8133333333333334, "MAX:accuracy.max": 0.96, "MIN:kappa.min": 0.0, "MAX:kappa.min": 0.06999999999999984, "MIN:kappa.mean": 0.4508, "MAX:kappa.mean": 0.5092, "MIN:kappa.max": 0.72, "MAX:kappa.max": 0.9400000000000001}