{"MIN:log_loss.min": 0.34031435881914274, "MAX:log_loss.min": 0.42375396040631297, "MIN:log_loss.mean": 0.6401164350615781, "MAX:log_loss.mean": 0.6889457149502636, "MIN:log_loss.max": 1.1955452174074885, "MAX:log_loss.max": 5.893311451243818, "MIN:accuracy.min": 0.3333333333333333, "MAX:accuracy.min": 0.6333333333333333, "MIN:accuracy.mean": 0.9158000000000002, "MAX:accuracy.mean": 0.9401999999999999, "MIN:accuracy.max": 0.96, "MAX:accuracy.max": 0.9666666666666667, "MIN:kappa.min": 1.1102230246251565e-16, "MAX:kappa.min": 0.45000000000000007, "MIN:kappa.mean": 0.8737, "MAX:kappa.mean": 0.9102999999999999, "MIN:kappa.max": 0.9400000000000001, "MAX:kappa.max": 0.95}