{"MIN:log_loss.min": 0.18285911603824936, "MAX:log_loss.min": 0.19709955489124323, "MIN:log_loss.mean": 0.42292125246676304, "MAX:log_loss.mean": 0.5355192721260869, "MIN:log_loss.max": 0.957887708784338, "MAX:log_loss.max": 2.5343090577388243, "MIN:accuracy.min": 0.54, "MAX:accuracy.min": 0.6466666666666666, "MIN:accuracy.mean": 0.8029999999999999, "MAX:accuracy.mean": 0.8172000000000001, "MIN:accuracy.max": 0.96, "MAX:accuracy.max": 0.96, "MIN:kappa.min": 0.31000000000000005, "MAX:kappa.min": 0.47, "MIN:kappa.mean": 0.7045, "MAX:kappa.mean": 0.7258000000000001, "MIN:kappa.max": 0.94, "MAX:kappa.max": 0.9400000000000001}