{"MIN:log_loss.min": 0.11405503513257163, "MAX:log_loss.min": 0.13549804755997052, "MIN:log_loss.mean": 0.3093180660399185, "MAX:log_loss.mean": 0.3528458612048178, "MIN:log_loss.max": 0.8442275287880767, "MAX:log_loss.max": 1.0655070894257896, "MIN:accuracy.min": 0.4866666666666667, "MAX:accuracy.min": 0.6133333333333333, "MIN:accuracy.mean": 0.9122666666666666, "MAX:accuracy.mean": 0.9210666666666669, "MIN:accuracy.max": 0.9666666666666667, "MAX:accuracy.max": 0.9666666666666667, "MIN:kappa.min": 0.22999999999999998, "MAX:kappa.min": 0.42000000000000004, "MIN:kappa.mean": 0.8684000000000001, "MAX:kappa.mean": 0.8815999999999999, "MIN:kappa.max": 0.95, "MAX:kappa.max": 0.95}