{"MIN:log_loss.min": 0.24085553114499006, "MAX:log_loss.min": 0.3805439633258895, "MIN:log_loss.mean": 0.4683759675424424, "MAX:log_loss.mean": 0.582782234107697, "MIN:log_loss.max": 1.023773738289223, "MAX:log_loss.max": 1.138042976494407, "MIN:accuracy.min": 0.3333333333333333, "MAX:accuracy.min": 0.44666666666666666, "MIN:accuracy.mean": 0.7355333333333333, "MAX:accuracy.mean": 0.7555333333333334, "MIN:accuracy.max": 0.96, "MAX:accuracy.max": 0.96, "MIN:kappa.min": 0.0, "MAX:kappa.min": 0.17000000000000004, "MIN:kappa.mean": 0.6033, "MAX:kappa.mean": 0.6333000000000001, "MIN:kappa.max": 0.94, "MAX:kappa.max": 0.9400000000000001}