{"MIN:log_loss.min": 0.3233807097346954, "MAX:log_loss.min": 0.8999196236581607, "MIN:log_loss.mean": 1.0013016208937926, "MAX:log_loss.mean": 5.177607953953058, "MIN:log_loss.max": 1.1481355309832573, "MAX:log_loss.max": 22.965211167207652, "MIN:accuracy.min": 0.0, "MAX:accuracy.min": 0.3333333333333333, "MIN:accuracy.mean": 0.43940000000000007, "MAX:accuracy.mean": 0.623, "MIN:accuracy.max": 0.6666666666666666, "MAX:accuracy.max": 0.96, "MIN:kappa.min": -0.5, "MAX:kappa.min": 0.0, "MIN:kappa.mean": 0.1591, "MAX:kappa.mean": 0.43450000000000005, "MIN:kappa.max": 0.5, "MAX:kappa.max": 0.9400000000000001}