{"MAX:log_loss.min": 1.5736113202865905, "ARGMAX:log_loss.min": [4, 351405], "MIN:log_loss.min": 1.2775541644293134, "ARGMIN:log_loss.min": [8, 435302], "MEAN:log_loss.min": 1.4268160372739014, "MAX:log_loss.mean": 2.0999927822972317, "ARGMAX:log_loss.mean": [9, 351487], "MIN:log_loss.mean": 1.8264526124275065, "ARGMIN:log_loss.mean": [0, 456488], "MEAN:log_loss.mean": 1.9600583873340842, "MAX:log_loss.max": 3.360317104886881, "ARGMAX:log_loss.max": [8, 435302], "MIN:log_loss.max": 2.364822342055302, "ARGMIN:log_loss.max": [3, 424561], "MEAN:log_loss.max": 2.752596316685154, "MAX:accuracy.min": 0.2625, "ARGMAX:accuracy.min": [0, 456488], "MIN:accuracy.min": 0.166, "ARGMIN:accuracy.min": [9, 351487], "MEAN:accuracy.min": 0.22591999999999998, "MAX:accuracy.mean": 0.4434980000000001, "ARGMAX:accuracy.mean": [0, 456488], "MIN:accuracy.mean": 0.36373200000000006, "ARGMIN:accuracy.mean": [9, 351487], "MEAN:accuracy.mean": 0.404244, "MAX:accuracy.max": 0.6181, "ARGMAX:accuracy.max": [8, 435302], "MIN:accuracy.max": 0.5542, "ARGMIN:accuracy.max": [4, 351405], "MEAN:accuracy.max": 0.58655, "MAX:kappa.min": 0.18375716829988653, "ARGMAX:kappa.min": [0, 456488], "MIN:kappa.min": 0.07349216765939093, "ARGMIN:kappa.min": [9, 351487], "MEAN:kappa.min": 0.14106410050266266, "MAX:kappa.mean": 0.38201475699805504, "ARGMAX:kappa.mean": [0, 456488], "MIN:kappa.mean": 0.29271473126324904, "ARGMIN:kappa.mean": [9, 351487], "MEAN:kappa.mean": 0.33792669791898666, "MAX:kappa.max": 0.5751012822695639, "ARGMAX:kappa.max": [8, 435302], "MIN:kappa.max": 0.5045946402318604, "ARGMIN:kappa.max": [4, 351405], "MEAN:kappa.max": 0.5402608605643522}