{"MIN:log_loss.min": 1.0516482062660817, "MAX:log_loss.min": 1.1786915123340005, "MIN:log_loss.mean": 1.0986122886681091, "MAX:log_loss.mean": 2.172754556612537, "MIN:log_loss.max": 1.0986122886681096, "MAX:log_loss.max": 5.614692711691977, "MIN:accuracy.min": 0.3333333333333333, "MAX:accuracy.min": 0.3333333333333333, "MIN:accuracy.mean": 0.3333333333333334, "MAX:accuracy.mean": 0.3334000000000001, "MIN:accuracy.max": 0.3333333333333333, "MAX:accuracy.max": 0.34, "MIN:kappa.min": -2.220446049250313e-16, "MAX:kappa.min": 0.0, "MIN:kappa.mean": 0.0, "MAX:kappa.mean": 9.999999999998565e-05, "MIN:kappa.max": 0.0, "MAX:kappa.max": 0.010000000000000009}