{"MIN:log_loss.min": 0.45340908823642717, "MAX:log_loss.min": 0.6765822255882668, "MIN:log_loss.mean": 0.5893868534691054, "MAX:log_loss.mean": 0.7652809620087365, "MIN:log_loss.max": 1.0037566560739704, "MAX:log_loss.max": 1.1369486434308536, "MIN:accuracy.min": 0.3333333333333333, "MAX:accuracy.min": 0.5266666666666666, "MIN:accuracy.mean": 0.7144000000000001, "MAX:accuracy.mean": 0.8663333333333334, "MIN:accuracy.max": 0.96, "MAX:accuracy.max": 0.9733333333333334, "MIN:kappa.min": 0.0, "MAX:kappa.min": 0.29000000000000004, "MIN:kappa.mean": 0.5716, "MAX:kappa.mean": 0.7994999999999999, "MIN:kappa.max": 0.9400000000000001, "MAX:kappa.max": 0.96}