{"MIN:log_loss.min": 0.3398803927290274, "MAX:log_loss.min": 0.6371966761616206, "MIN:log_loss.mean": 0.6659108665576534, "MAX:log_loss.mean": 1.2343524481621801, "MIN:log_loss.max": 1.0406782219400452, "MAX:log_loss.max": 11.12654644178843, "MIN:accuracy.min": 0.2733333333333333, "MAX:accuracy.min": 0.3333333333333333, "MIN:accuracy.mean": 0.6533333333333334, "MAX:accuracy.mean": 0.7280666666666668, "MIN:accuracy.max": 0.9533333333333334, "MAX:accuracy.max": 0.96, "MIN:kappa.min": -0.09000000000000008, "MAX:kappa.min": 0.0, "MIN:kappa.mean": 0.48, "MAX:kappa.mean": 0.5921000000000001, "MIN:kappa.max": 0.9299999999999999, "MAX:kappa.max": 0.9400000000000001}