{"mean accuracy": 0.9291333333333336, "max accuracy": 0.96, "mean kappa": 0.8936999999999999, "max kappa": 0.94}