{"mean accuracy": 0.7426666666666668, "max accuracy": 0.9533333333333334, "mean kappa": 0.6140000000000001, "max kappa": 0.93}