{"MIN:log_loss.min": 0.12336709940876264, "MAX:log_loss.min": 0.15955957963876063, "MIN:log_loss.mean": 0.5248599870737022, "MAX:log_loss.mean": 0.6998984270778592, "MIN:log_loss.max": 8.376221581455798, "MAX:log_loss.max": 18.277337481621185, "MIN:accuracy.min": 0.4066666666666667, "MAX:accuracy.min": 0.6933333333333334, "MIN:accuracy.mean": 0.9261999999999999, "MAX:accuracy.mean": 0.9499333333333333, "MIN:accuracy.max": 0.96, "MAX:accuracy.max": 0.96, "MIN:kappa.min": 0.10999999999999999, "MAX:kappa.min": 0.54, "MIN:kappa.mean": 0.8893, "MAX:kappa.mean": 0.9248999999999998, "MIN:kappa.max": 0.9400000000000001, "MAX:kappa.max": 0.9400000000000001}