{"MIN:log_loss.min": 0.8060069333394101, "MAX:log_loss.min": 1.0627342426619948, "MIN:log_loss.mean": 0.8949283560918555, "MAX:log_loss.mean": 1.37546096502089, "MIN:log_loss.max": 1.0284408703308023, "MAX:log_loss.max": 2.8124281232630075, "MIN:accuracy.min": 0.6666666666666666, "MAX:accuracy.min": 0.6666666666666666, "MIN:accuracy.mean": 0.6666666666666669, "MAX:accuracy.mean": 0.6666666666666669, "MIN:accuracy.max": 0.6666666666666666, "MAX:accuracy.max": 0.6666666666666666, "MIN:kappa.min": 0.5, "MAX:kappa.min": 0.5, "MIN:kappa.mean": 0.5, "MAX:kappa.mean": 0.5, "MIN:kappa.max": 0.5, "MAX:kappa.max": 0.5}