{"MIN:log_loss.min": 0.15753480472645245, "MAX:log_loss.min": 0.17602872135629005, "MIN:log_loss.mean": 0.5111608506855744, "MAX:log_loss.mean": 0.5658341962528973, "MIN:log_loss.max": 0.9758167684123471, "MAX:log_loss.max": 0.9927965317048141, "MIN:accuracy.min": 0.6333333333333333, "MAX:accuracy.min": 0.9333333333333333, "MIN:accuracy.mean": 0.9261999999999998, "MAX:accuracy.mean": 0.9597333333333333, "MIN:accuracy.max": 0.96, "MAX:accuracy.max": 0.96, "MIN:kappa.min": 0.44999999999999996, "MAX:kappa.min": 0.9, "MIN:kappa.mean": 0.8892999999999996, "MAX:kappa.mean": 0.9395999999999995, "MIN:kappa.max": 0.94, "MAX:kappa.max": 0.94}