{"MIN:log_loss.min": 0.24572955358909676, "MAX:log_loss.min": 0.2977104063296783, "MIN:log_loss.mean": 0.5255230052756287, "MAX:log_loss.mean": 0.530981650411517, "MIN:log_loss.max": 1.195244805864643, "MAX:log_loss.max": 1.1952504455696973, "MIN:accuracy.min": 0.3466666666666667, "MAX:accuracy.min": 0.38666666666666666, "MIN:accuracy.mean": 0.8082666666666666, "MAX:accuracy.mean": 0.8346666666666666, "MIN:accuracy.max": 0.96, "MAX:accuracy.max": 0.9733333333333334, "MIN:kappa.min": 0.020000000000000018, "MAX:kappa.min": 0.07999999999999996, "MIN:kappa.mean": 0.7124000000000001, "MAX:kappa.mean": 0.752, "MIN:kappa.max": 0.9400000000000001, "MAX:kappa.max": 0.96}