{"MIN:log_loss.min": 0.06189635526297182, "MAX:log_loss.min": 0.08303757440869768, "MIN:log_loss.mean": 0.2011152423685728, "MAX:log_loss.mean": 0.3071562137266828, "MIN:log_loss.max": 0.7253615321624088, "MAX:log_loss.max": 1.5904531620547657, "MIN:accuracy.min": 0.3333333333333333, "MAX:accuracy.min": 0.64, "MIN:accuracy.mean": 0.8761333333333333, "MAX:accuracy.mean": 0.9162, "MIN:accuracy.max": 0.9733333333333334, "MAX:accuracy.max": 0.9866666666666667, "MIN:kappa.min": 1.1102230246251565e-16, "MAX:kappa.min": 0.45999999999999996, "MIN:kappa.mean": 0.8142, "MAX:kappa.mean": 0.8743, "MIN:kappa.max": 0.96, "MAX:kappa.max": 0.98}