{"MIN:log_loss.min": 0.1080763605899096, "MAX:log_loss.min": 0.11681967036897059, "MIN:log_loss.mean": 0.4763177994833594, "MAX:log_loss.mean": 0.50818872619237, "MIN:log_loss.max": 9.553384295120948, "MAX:log_loss.max": 9.634700675565943, "MIN:accuracy.min": 0.4266666666666667, "MAX:accuracy.min": 0.43333333333333335, "MIN:accuracy.mean": 0.8992666666666668, "MAX:accuracy.mean": 0.9398000000000001, "MIN:accuracy.max": 0.96, "MAX:accuracy.max": 0.9666666666666667, "MIN:kappa.min": 0.14, "MAX:kappa.min": 0.15000000000000002, "MIN:kappa.mean": 0.8488999999999999, "MAX:kappa.mean": 0.9097, "MIN:kappa.max": 0.9400000000000001, "MAX:kappa.max": 0.95}