{"MIN:log_loss.min": 0.7326574224869553, "MAX:log_loss.min": 0.771776247779929, "MIN:log_loss.mean": 0.8497338372647404, "MAX:log_loss.mean": 0.9209138488554136, "MIN:log_loss.max": 1.5795754001066087, "MAX:log_loss.max": 1.9032565220482358, "MIN:accuracy.min": 0.43333333333333335, "MAX:accuracy.min": 0.54, "MIN:accuracy.mean": 0.7079333333333335, "MAX:accuracy.mean": 0.7228666666666667, "MIN:accuracy.max": 0.94, "MAX:accuracy.max": 0.9666666666666667, "MIN:kappa.min": 0.15000000000000002, "MAX:kappa.min": 0.31000000000000005, "MIN:kappa.mean": 0.5619, "MAX:kappa.mean": 0.5843, "MIN:kappa.max": 0.91, "MAX:kappa.max": 0.95}