{"MIN:log_loss.min": 0.17069181914690362, "MAX:log_loss.min": 0.18913715178809334, "MIN:log_loss.mean": 0.3248797006497317, "MAX:log_loss.mean": 0.33884829322401416, "MIN:log_loss.max": 0.8784282979793594, "MAX:log_loss.max": 0.8935384463492891, "MIN:accuracy.min": 0.6, "MAX:accuracy.min": 0.7333333333333333, "MIN:accuracy.mean": 0.9115333333333335, "MAX:accuracy.mean": 0.9164666666666668, "MIN:accuracy.max": 0.9466666666666667, "MAX:accuracy.max": 0.9533333333333334, "MIN:kappa.min": 0.4, "MAX:kappa.min": 0.6, "MIN:kappa.mean": 0.8673000000000001, "MAX:kappa.mean": 0.8747000000000001, "MIN:kappa.max": 0.92, "MAX:kappa.max": 0.9299999999999999}