{"MIN:log_loss.min": 0.19036205513940224, "MAX:log_loss.min": 0.4052720631262782, "MIN:log_loss.mean": 0.5745369211644625, "MAX:log_loss.mean": 0.9196247882201766, "MIN:log_loss.max": 2.1119028198861747, "MAX:log_loss.max": 19.00391209060939, "MIN:accuracy.min": 0.3333333333333333, "MAX:accuracy.min": 0.6533333333333333, "MIN:accuracy.mean": 0.7774666666666665, "MAX:accuracy.mean": 0.8428666666666664, "MIN:accuracy.max": 0.96, "MAX:accuracy.max": 0.96, "MIN:kappa.min": 0.0, "MAX:kappa.min": 0.48, "MIN:kappa.mean": 0.6662, "MAX:kappa.mean": 0.7643, "MIN:kappa.max": 0.94, "MAX:kappa.max": 0.9400000000000001}