{"MIN:log_loss.min": 0.24987311340064877, "MAX:log_loss.min": 0.6253690836052624, "MIN:log_loss.mean": 0.9167277573745536, "MAX:log_loss.mean": 7.745464433891932, "MIN:log_loss.max": 1.1929827322928006, "MAX:log_loss.max": 23.02585093004427, "MIN:accuracy.min": 0.0, "MAX:accuracy.min": 0.3333333333333333, "MIN:accuracy.mean": 0.5154666666666666, "MAX:accuracy.mean": 0.5586666666666666, "MIN:accuracy.max": 0.9466666666666667, "MAX:accuracy.max": 0.9666666666666667, "MIN:kappa.min": -0.4999999999999998, "MAX:kappa.min": 0.0, "MIN:kappa.mean": 0.2732, "MAX:kappa.mean": 0.33799999999999997, "MIN:kappa.max": 0.92, "MAX:kappa.max": 0.95}