{"MIN:log_loss.min": 0.4295764880857346, "MAX:log_loss.min": 0.7778208069329129, "MIN:log_loss.mean": 0.8100205519458029, "MAX:log_loss.mean": 6.56575275811105, "MIN:log_loss.max": 1.3923832428968421, "MAX:log_loss.max": 15.521852470792608, "MIN:accuracy.min": 0.36666666666666664, "MAX:accuracy.min": 0.36666666666666664, "MIN:accuracy.mean": 0.6757333333333334, "MAX:accuracy.mean": 0.686, "MIN:accuracy.max": 0.96, "MAX:accuracy.max": 0.96, "MIN:kappa.min": 0.04999999999999982, "MAX:kappa.min": 0.050000000000000044, "MIN:kappa.mean": 0.5136, "MAX:kappa.mean": 0.529, "MIN:kappa.max": 0.94, "MAX:kappa.max": 0.9400000000000001}