{"MIN:log_loss.min": 0.5720380530212988, "MAX:log_loss.min": 0.7790619133530626, "MIN:log_loss.mean": 0.878740979362968, "MAX:log_loss.mean": 1.2769475887487522, "MIN:log_loss.max": 1.1223432110996077, "MAX:log_loss.max": 2.514214276982348, "MIN:accuracy.min": 0.66, "MAX:accuracy.min": 0.66, "MIN:accuracy.mean": 0.7551333333333332, "MAX:accuracy.mean": 0.7788, "MIN:accuracy.max": 0.9533333333333334, "MAX:accuracy.max": 0.9533333333333334, "MIN:kappa.min": 0.49, "MAX:kappa.min": 0.49, "MIN:kappa.mean": 0.6327000000000002, "MAX:kappa.mean": 0.6681999999999999, "MIN:kappa.max": 0.9299999999999999, "MAX:kappa.max": 0.9299999999999999}