{"MIN:log_loss.min": 0.6236000908057793, "MAX:log_loss.min": 0.6236000908057793, "MIN:log_loss.mean": 0.760901000378229, "MAX:log_loss.mean": 0.760901000378229, "MIN:log_loss.max": 0.9842869100080228, "MAX:log_loss.max": 0.9842869100080228, "MIN:accuracy.min": 0.66, "MAX:accuracy.min": 0.66, "MIN:accuracy.mean": 0.8793999999999998, "MAX:accuracy.mean": 0.8793999999999998, "MIN:accuracy.max": 0.9533333333333334, "MAX:accuracy.max": 0.9533333333333334, "MIN:kappa.min": 0.49, "MAX:kappa.min": 0.49, "MIN:kappa.mean": 0.8190999999999999, "MAX:kappa.mean": 0.8190999999999999, "MIN:kappa.max": 0.9299999999999999, "MAX:kappa.max": 0.9299999999999999}