{"MIN:log_loss.min": 0.8062651339883312, "MAX:log_loss.min": 0.8929773280089656, "MIN:log_loss.mean": 0.8976060004919986, "MAX:log_loss.mean": 0.9380161555667673, "MIN:log_loss.max": 1.0279529137904002, "MAX:log_loss.max": 1.3248972754713721, "MIN:accuracy.min": 0.6666666666666666, "MAX:accuracy.min": 0.6666666666666666, "MIN:accuracy.mean": 0.6666666666666669, "MAX:accuracy.mean": 0.6666666666666669, "MIN:accuracy.max": 0.6666666666666666, "MAX:accuracy.max": 0.6666666666666666, "MIN:kappa.min": 0.5, "MAX:kappa.min": 0.5, "MIN:kappa.mean": 0.5, "MAX:kappa.mean": 0.5, "MIN:kappa.max": 0.5, "MAX:kappa.max": 0.5}