{"MIN:log_loss.min": 0.12001235520057123, "MAX:log_loss.min": 0.20290223863783846, "MIN:log_loss.mean": 0.7945167388181291, "MAX:log_loss.mean": 1.622607096314389, "MIN:log_loss.max": 1.0986122886681096, "MAX:log_loss.max": 4.111690991969937, "MIN:accuracy.min": 0.3333333333333333, "MAX:accuracy.min": 0.3333333333333333, "MIN:accuracy.mean": 0.5072666666666666, "MAX:accuracy.mean": 0.5587333333333333, "MIN:accuracy.max": 0.9533333333333334, "MAX:accuracy.max": 0.96, "MIN:kappa.min": -2.220446049250313e-16, "MAX:kappa.min": 0.0, "MIN:kappa.mean": 0.26089999999999997, "MAX:kappa.mean": 0.3381, "MIN:kappa.max": 0.9299999999999999, "MAX:kappa.max": 0.9400000000000001}