{"MIN:log_loss.min": 0.36085334108804706, "MAX:log_loss.min": 0.4337338593599064, "MIN:log_loss.mean": 0.6628802282961891, "MAX:log_loss.mean": 0.7350652072170155, "MIN:log_loss.max": 1.2123477035031893, "MAX:log_loss.max": 1.2150942001233995, "MIN:accuracy.min": 0.3333333333333333, "MAX:accuracy.min": 0.3333333333333333, "MIN:accuracy.mean": 0.7412666666666666, "MAX:accuracy.mean": 0.8178666666666669, "MIN:accuracy.max": 0.96, "MAX:accuracy.max": 0.96, "MIN:kappa.min": 0.0, "MAX:kappa.min": 0.0, "MIN:kappa.mean": 0.6119, "MAX:kappa.mean": 0.7268000000000001, "MIN:kappa.max": 0.94, "MAX:kappa.max": 0.9400000000000001}