{"MIN:log_loss.min": 0.5056414670752015, "MAX:log_loss.min": 0.6967161738638296, "MIN:log_loss.mean": 0.7448812160397311, "MAX:log_loss.mean": 1.6657578809466747, "MIN:log_loss.max": 1.0960828983576252, "MAX:log_loss.max": 7.389659775568325, "MIN:accuracy.min": 0.3333333333333333, "MAX:accuracy.min": 0.62, "MIN:accuracy.mean": 0.6199999999999999, "MAX:accuracy.mean": 0.6350666666666666, "MIN:accuracy.max": 0.62, "MAX:accuracy.max": 0.8866666666666667, "MIN:kappa.min": 0.0, "MAX:kappa.min": 0.43000000000000005, "MIN:kappa.mean": 0.43, "MAX:kappa.mean": 0.4526, "MIN:kappa.max": 0.43000000000000005, "MAX:kappa.max": 0.83}