{"mean accuracy": 0.44780000000000003, "max accuracy": 0.96, "mean kappa": 0.17169999999999994, "max kappa": 0.94}