{"MIN:log_loss.min": 0.626945647872525, "MAX:log_loss.min": 1.0009224602545912, "MIN:log_loss.mean": 0.9240385382255252, "MAX:log_loss.mean": 1.1169027020668316, "MIN:log_loss.max": 1.8603107191888735, "MAX:log_loss.max": 2.1526405134633104, "MIN:accuracy.min": 0.31333333333333335, "MAX:accuracy.min": 0.6666666666666666, "MIN:accuracy.mean": 0.6284666666666666, "MAX:accuracy.mean": 0.6856666666666669, "MIN:accuracy.max": 0.6666666666666666, "MAX:accuracy.max": 0.9466666666666667, "MIN:kappa.min": -0.030000000000000027, "MAX:kappa.min": 0.5, "MIN:kappa.mean": 0.4427, "MAX:kappa.mean": 0.5285, "MIN:kappa.max": 0.5, "MAX:kappa.max": 0.92}