{"MIN:log_loss.min": 0.5829809516446693, "MAX:log_loss.min": 0.9460275469249159, "MIN:log_loss.mean": 0.9010965077716442, "MAX:log_loss.mean": 1.0402208910151716, "MIN:log_loss.max": 1.980961213910363, "MAX:log_loss.max": 2.328288013913507, "MIN:accuracy.min": 0.3333333333333333, "MAX:accuracy.min": 0.36666666666666664, "MIN:accuracy.mean": 0.5834, "MAX:accuracy.mean": 0.6237999999999999, "MIN:accuracy.max": 0.6666666666666666, "MAX:accuracy.max": 0.9533333333333334, "MIN:kappa.min": -2.220446049250313e-16, "MAX:kappa.min": 0.050000000000000044, "MIN:kappa.mean": 0.3751, "MAX:kappa.mean": 0.4357000000000001, "MIN:kappa.max": 0.5, "MAX:kappa.max": 0.9299999999999999}