{"MIN:log_loss.min": 0.5802887724991478, "MAX:log_loss.min": 0.9250536085336891, "MIN:log_loss.mean": 0.9648310597451887, "MAX:log_loss.mean": 7.358664500022927, "MIN:log_loss.max": 1.1244773034493596, "MAX:log_loss.max": 13.91725046038506, "MIN:accuracy.min": 0.3333333333333333, "MAX:accuracy.min": 0.66, "MIN:accuracy.mean": 0.5964666666666667, "MAX:accuracy.mean": 0.6818000000000002, "MIN:accuracy.max": 0.6666666666666666, "MAX:accuracy.max": 0.9466666666666667, "MIN:kappa.min": 0.0, "MAX:kappa.min": 0.49, "MIN:kappa.mean": 0.3947, "MAX:kappa.mean": 0.5226999999999999, "MIN:kappa.max": 0.5, "MAX:kappa.max": 0.92}