{"MIN:log_loss.min": 0.41825749480982816, "MAX:log_loss.min": 0.4971142190840833, "MIN:log_loss.mean": 0.6650234084945597, "MAX:log_loss.mean": 1.2892837701358093, "MIN:log_loss.max": 1.1876735374978686, "MAX:log_loss.max": 13.769490639047751, "MIN:accuracy.min": 0.3333333333333333, "MAX:accuracy.min": 0.52, "MIN:accuracy.mean": 0.7570666666666664, "MAX:accuracy.mean": 0.8154, "MIN:accuracy.max": 0.96, "MAX:accuracy.max": 0.96, "MIN:kappa.min": 0.0, "MAX:kappa.min": 0.2799999999999999, "MIN:kappa.mean": 0.6355999999999999, "MAX:kappa.mean": 0.7230999999999999, "MIN:kappa.max": 0.94, "MAX:kappa.max": 0.9400000000000001}