{"mean accuracy": 0.9476666666666665, "max accuracy": 0.96, "mean kappa": 0.9214999999999998, "max kappa": 0.94}