{"MIN:log_loss.min": 0.4653719425734371, "MAX:log_loss.min": 0.6580664025445285, "MIN:log_loss.mean": 0.729936110417539, "MAX:log_loss.mean": 1.2392587333581395, "MIN:log_loss.max": 2.0646173701845774, "MAX:log_loss.max": 6.489974216209892, "MIN:accuracy.min": 0.3333333333333333, "MAX:accuracy.min": 0.62, "MIN:accuracy.mean": 0.7254666666666667, "MAX:accuracy.mean": 0.7312000000000002, "MIN:accuracy.max": 0.8866666666666667, "MAX:accuracy.max": 0.9133333333333333, "MIN:kappa.min": 0.0, "MAX:kappa.min": 0.43000000000000005, "MIN:kappa.mean": 0.5882000000000001, "MAX:kappa.mean": 0.5968, "MIN:kappa.max": 0.83, "MAX:kappa.max": 0.87}