{"MIN:log_loss.min": 0.46811219122635983, "MAX:log_loss.min": 0.7689264017183252, "MIN:log_loss.mean": 0.6734641078848728, "MAX:log_loss.mean": 0.9294760172485939, "MIN:log_loss.max": 0.9865716371154414, "MAX:log_loss.max": 2.4482880649467145, "MIN:accuracy.min": 0.3333333333333333, "MAX:accuracy.min": 0.48, "MIN:accuracy.mean": 0.6697333333333334, "MAX:accuracy.mean": 0.7794000000000001, "MIN:accuracy.max": 0.86, "MAX:accuracy.max": 0.9733333333333334, "MIN:kappa.min": -2.220446049250313e-16, "MAX:kappa.min": 0.21999999999999997, "MIN:kappa.mean": 0.5045999999999999, "MAX:kappa.mean": 0.6691000000000001, "MIN:kappa.max": 0.79, "MAX:kappa.max": 0.96}