{"MIN:log_loss.min": 0.2779468363888945, "MAX:log_loss.min": 0.3142768606921976, "MIN:log_loss.mean": 0.7043172613125372, "MAX:log_loss.mean": 0.7780210596048974, "MIN:log_loss.max": 1.2132753828081222, "MAX:log_loss.max": 1.214728975473666, "MIN:accuracy.min": 0.3333333333333333, "MAX:accuracy.min": 0.3333333333333333, "MIN:accuracy.mean": 0.6435333333333334, "MAX:accuracy.mean": 0.7465999999999998, "MIN:accuracy.max": 0.96, "MAX:accuracy.max": 0.96, "MIN:kappa.min": -2.220446049250313e-16, "MAX:kappa.min": 0.0, "MIN:kappa.mean": 0.46529999999999994, "MAX:kappa.mean": 0.6198999999999999, "MIN:kappa.max": 0.94, "MAX:kappa.max": 0.9400000000000001}