{"MIN:log_loss.min": 0.21754278861829504, "MAX:log_loss.min": 0.23020851955885832, "MIN:log_loss.mean": 0.550188349360564, "MAX:log_loss.mean": 0.6748243872881301, "MIN:log_loss.max": 1.098603626582517, "MAX:log_loss.max": 1.0992124546600996, "MIN:accuracy.min": 0.38, "MAX:accuracy.min": 0.6666666666666666, "MIN:accuracy.mean": 0.7648666666666667, "MAX:accuracy.mean": 0.8023333333333333, "MIN:accuracy.max": 0.96, "MAX:accuracy.max": 0.96, "MIN:kappa.min": 0.06999999999999995, "MAX:kappa.min": 0.5, "MIN:kappa.mean": 0.6473, "MAX:kappa.mean": 0.7034999999999999, "MIN:kappa.max": 0.9400000000000001, "MAX:kappa.max": 0.9400000000000001}