{"mean accuracy": 0.6642000000000001, "max accuracy": 0.96, "mean kappa": 0.49629999999999996, "max kappa": 0.94}