{"MIN:log_loss.min": 0.3883528669468285, "MAX:log_loss.min": 0.3987056118291858, "MIN:log_loss.mean": 1.7921009655279272, "MAX:log_loss.mean": 2.5302261620203716, "MIN:log_loss.max": 12.127357430094605, "MAX:log_loss.max": 15.628192582319722, "MIN:accuracy.min": 0.36, "MAX:accuracy.min": 0.3933333333333333, "MIN:accuracy.mean": 0.6987333333333335, "MAX:accuracy.mean": 0.7176, "MIN:accuracy.max": 0.9533333333333334, "MAX:accuracy.max": 0.9533333333333334, "MIN:kappa.min": 0.040000000000000036, "MAX:kappa.min": 0.08999999999999997, "MIN:kappa.mean": 0.5481, "MAX:kappa.mean": 0.5764, "MIN:kappa.max": 0.9299999999999999, "MAX:kappa.max": 0.9299999999999999}