{"MIN:log_loss.min": 0.5095576331372721, "MAX:log_loss.min": 0.7844912961770387, "MIN:log_loss.mean": 0.8040169181792391, "MAX:log_loss.mean": 1.173931971889596, "MIN:log_loss.max": 1.0984807296140628, "MAX:log_loss.max": 2.8006227441273026, "MIN:accuracy.min": 0.3333333333333333, "MAX:accuracy.min": 0.56, "MIN:accuracy.mean": 0.6465333333333334, "MAX:accuracy.mean": 0.6642666666666669, "MIN:accuracy.max": 0.6666666666666666, "MAX:accuracy.max": 0.9533333333333334, "MIN:kappa.min": 0.0, "MAX:kappa.min": 0.33999999999999997, "MIN:kappa.mean": 0.46980000000000005, "MAX:kappa.mean": 0.4964, "MIN:kappa.max": 0.5, "MAX:kappa.max": 0.9299999999999999}