{"MIN:log_loss.min": 0.21240292245113887, "MAX:log_loss.min": 0.23409030643366321, "MIN:log_loss.mean": 0.5841683533399359, "MAX:log_loss.mean": 0.6414997793534357, "MIN:log_loss.max": 1.0981937493243015, "MAX:log_loss.max": 1.0983415258252707, "MIN:accuracy.min": 0.6666666666666666, "MAX:accuracy.min": 0.7, "MIN:accuracy.mean": 0.8378, "MAX:accuracy.mean": 0.8608000000000001, "MIN:accuracy.max": 0.9533333333333334, "MAX:accuracy.max": 0.96, "MIN:kappa.min": 0.5, "MAX:kappa.min": 0.55, "MIN:kappa.mean": 0.7567000000000002, "MAX:kappa.mean": 0.7912, "MIN:kappa.max": 0.9299999999999999, "MAX:kappa.max": 0.9400000000000001}