{"MIN:log_loss.min": 0.2853048620916475, "MAX:log_loss.min": 0.445045545991213, "MIN:log_loss.mean": 0.9799529452314306, "MAX:log_loss.mean": 2.467281431356949, "MIN:log_loss.max": 7.167893140585832, "MAX:log_loss.max": 19.582724069176777, "MIN:accuracy.min": 0.34, "MAX:accuracy.min": 0.47333333333333333, "MIN:accuracy.mean": 0.7260666666666665, "MAX:accuracy.mean": 0.7624666666666665, "MIN:accuracy.max": 0.86, "MAX:accuracy.max": 0.96, "MIN:kappa.min": 0.010000000000000009, "MAX:kappa.min": 0.20999999999999996, "MIN:kappa.mean": 0.5891, "MAX:kappa.mean": 0.6436999999999999, "MIN:kappa.max": 0.79, "MAX:kappa.max": 0.94}