{"mean accuracy": 0.6701333333333335, "max accuracy": 0.8933333333333333, "mean kappa": 0.5052, "max kappa": 0.84}