{"mean accuracy": 0.919666666666667, "max accuracy": 0.96, "mean kappa": 0.8795000000000001, "max kappa": 0.94}