{"MIN:log_loss.min": 0.4291184785472301, "MAX:log_loss.min": 0.4485250359469493, "MIN:log_loss.mean": 0.6597418451008905, "MAX:log_loss.mean": 0.6749057434553675, "MIN:log_loss.max": 1.1952645466147858, "MAX:log_loss.max": 1.1952799676781838, "MIN:accuracy.min": 0.3333333333333333, "MAX:accuracy.min": 0.3333333333333333, "MIN:accuracy.mean": 0.7598666666666665, "MAX:accuracy.mean": 0.7948666666666668, "MIN:accuracy.max": 0.96, "MAX:accuracy.max": 0.96, "MIN:kappa.min": 0.0, "MAX:kappa.min": 0.0, "MIN:kappa.mean": 0.6397999999999999, "MAX:kappa.mean": 0.6923, "MIN:kappa.max": 0.9400000000000001, "MAX:kappa.max": 0.9400000000000001}