{"MIN:log_loss.min": 0.2567184671885078, "MAX:log_loss.min": 0.2568558899582057, "MIN:log_loss.mean": 0.6275575866645645, "MAX:log_loss.mean": 0.6397718558759905, "MIN:log_loss.max": 1.1095400830487074, "MAX:log_loss.max": 1.1131983036541755, "MIN:accuracy.min": 0.3333333333333333, "MAX:accuracy.min": 0.3333333333333333, "MIN:accuracy.mean": 0.8171999999999998, "MAX:accuracy.mean": 0.8485333333333333, "MIN:accuracy.max": 0.96, "MAX:accuracy.max": 0.9666666666666667, "MIN:kappa.min": 0.0, "MAX:kappa.min": 0.0, "MIN:kappa.mean": 0.7258, "MAX:kappa.mean": 0.7727999999999997, "MIN:kappa.max": 0.9400000000000001, "MAX:kappa.max": 0.95}