{"MIN:log_loss.min": 0.232512207738065, "MAX:log_loss.min": 0.255073936415159, "MIN:log_loss.mean": 6.3176243061404875, "MAX:log_loss.mean": 7.46129596032359, "MIN:log_loss.max": 11.512925499624272, "MAX:log_loss.max": 23.025850929940454, "MIN:accuracy.min": 0.3333333333333333, "MAX:accuracy.min": 0.44, "MIN:accuracy.mean": 0.7083333333333335, "MAX:accuracy.mean": 0.7559999999999999, "MIN:accuracy.max": 0.96, "MAX:accuracy.max": 0.96, "MIN:kappa.min": 0.0, "MAX:kappa.min": 0.16000000000000003, "MIN:kappa.mean": 0.5625, "MAX:kappa.mean": 0.634, "MIN:kappa.max": 0.9400000000000001, "MAX:kappa.max": 0.9400000000000001}