{"MIN:log_loss.min": 0.21809672634736893, "MAX:log_loss.min": 0.7664365810959342, "MIN:log_loss.mean": 0.7951432100535902, "MAX:log_loss.mean": 4.493867529562221, "MIN:log_loss.max": 1.1151902971560028, "MAX:log_loss.max": 10.92350708401888, "MIN:accuracy.min": 0.0, "MAX:accuracy.min": 0.34, "MIN:accuracy.mean": 0.4892666666666666, "MAX:accuracy.mean": 0.6538666666666668, "MIN:accuracy.max": 0.6666666666666666, "MAX:accuracy.max": 0.9666666666666667, "MIN:kappa.min": -0.5000000000000002, "MAX:kappa.min": 0.010000000000000009, "MIN:kappa.mean": 0.23390000000000005, "MAX:kappa.mean": 0.4808, "MIN:kappa.max": 0.5, "MAX:kappa.max": 0.95}