{"MIN:log_loss.min": 0.29907475882335083, "MAX:log_loss.min": 0.44484156034493366, "MIN:log_loss.mean": 0.6187992544431503, "MAX:log_loss.mean": 0.8890547444296674, "MIN:log_loss.max": 2.0503167514434852, "MAX:log_loss.max": 8.731796547839759, "MIN:accuracy.min": 0.5466666666666666, "MAX:accuracy.min": 0.6733333333333333, "MIN:accuracy.mean": 0.8100666666666669, "MAX:accuracy.mean": 0.8377333333333336, "MIN:accuracy.max": 0.9133333333333333, "MAX:accuracy.max": 0.9733333333333334, "MIN:kappa.min": 0.31999999999999995, "MAX:kappa.min": 0.51, "MIN:kappa.mean": 0.7151000000000001, "MAX:kappa.mean": 0.7565999999999998, "MIN:kappa.max": 0.87, "MAX:kappa.max": 0.96}