{"MIN:log_loss.min": 0.773551287750574, "MAX:log_loss.min": 0.9034175487588827, "MIN:log_loss.mean": 0.9620233882718303, "MAX:log_loss.mean": 1.047490344525122, "MIN:log_loss.max": 1.1243759119755306, "MAX:log_loss.max": 1.2366895223253709, "MIN:accuracy.min": 0.3333333333333333, "MAX:accuracy.min": 0.3333333333333333, "MIN:accuracy.mean": 0.4918, "MAX:accuracy.mean": 0.5828, "MIN:accuracy.max": 0.9133333333333333, "MAX:accuracy.max": 0.9666666666666667, "MIN:kappa.min": 0.0, "MAX:kappa.min": 0.0, "MIN:kappa.mean": 0.2377, "MAX:kappa.mean": 0.3741999999999999, "MIN:kappa.max": 0.87, "MAX:kappa.max": 0.95}