{"MIN:log_loss.min": 0.12748638018203012, "MAX:log_loss.min": 0.23356089515729161, "MIN:log_loss.mean": 0.8523445796669479, "MAX:log_loss.mean": 2.0978442610053536, "MIN:log_loss.max": 11.512925465006555, "MAX:log_loss.max": 18.71276486451136, "MIN:accuracy.min": 0.3333333333333333, "MAX:accuracy.min": 0.6, "MIN:accuracy.mean": 0.7728666666666666, "MAX:accuracy.mean": 0.8183333333333335, "MIN:accuracy.max": 0.9533333333333334, "MAX:accuracy.max": 0.96, "MIN:kappa.min": 0.0, "MAX:kappa.min": 0.4, "MIN:kappa.mean": 0.6592999999999999, "MAX:kappa.mean": 0.7275000000000001, "MIN:kappa.max": 0.9299999999999999, "MAX:kappa.max": 0.9400000000000001}