{"mean accuracy": 0.8911333333333334, "max accuracy": 0.96, "mean kappa": 0.8367000000000001, "max kappa": 0.94}