{"mean accuracy": 0.7658000000000001, "max accuracy": 0.96, "mean kappa": 0.6486999999999997, "max kappa": 0.94}