{"MIN:log_loss.min": 0.1388849487198759, "MAX:log_loss.min": 0.21983292760857087, "MIN:log_loss.mean": 0.4056425003394818, "MAX:log_loss.mean": 0.5301845877297139, "MIN:log_loss.max": 0.9047514540476338, "MAX:log_loss.max": 0.9337219002381602, "MIN:accuracy.min": 0.66, "MAX:accuracy.min": 0.6666666666666666, "MIN:accuracy.mean": 0.8260666666666664, "MAX:accuracy.mean": 0.829133333333333, "MIN:accuracy.max": 0.96, "MAX:accuracy.max": 0.96, "MIN:kappa.min": 0.49, "MAX:kappa.min": 0.5, "MIN:kappa.mean": 0.7391000000000001, "MAX:kappa.mean": 0.7437000000000001, "MIN:kappa.max": 0.9400000000000001, "MAX:kappa.max": 0.9400000000000001}