{"MIN:log_loss.min": 0.5216762753320251, "MAX:log_loss.min": 0.574797274567899, "MIN:log_loss.mean": 0.7648146835094763, "MAX:log_loss.mean": 0.7874097564962516, "MIN:log_loss.max": 1.215074021231694, "MAX:log_loss.max": 1.2150759910654787, "MIN:accuracy.min": 0.3333333333333333, "MAX:accuracy.min": 0.3333333333333333, "MIN:accuracy.mean": 0.6536666666666666, "MAX:accuracy.mean": 0.6863333333333334, "MIN:accuracy.max": 0.9133333333333333, "MAX:accuracy.max": 0.96, "MIN:kappa.min": 0.0, "MAX:kappa.min": 0.0, "MIN:kappa.mean": 0.48050000000000004, "MAX:kappa.mean": 0.5294999999999999, "MIN:kappa.max": 0.87, "MAX:kappa.max": 0.94}