{"MIN:log_loss.min": 0.3464381229916821, "MAX:log_loss.min": 0.5227459230683146, "MIN:log_loss.mean": 0.687848536839238, "MAX:log_loss.mean": 0.7515062600402694, "MIN:log_loss.max": 1.2085190176283906, "MAX:log_loss.max": 1.2189338948441908, "MIN:accuracy.min": 0.3333333333333333, "MAX:accuracy.min": 0.3333333333333333, "MIN:accuracy.mean": 0.6810666666666666, "MAX:accuracy.mean": 0.7484666666666666, "MIN:accuracy.max": 0.9, "MAX:accuracy.max": 0.96, "MIN:kappa.min": 0.0, "MAX:kappa.min": 0.0, "MIN:kappa.mean": 0.5216, "MAX:kappa.mean": 0.6227000000000001, "MIN:kappa.max": 0.85, "MAX:kappa.max": 0.9400000000000001}