{"MIN:log_loss.min": 0.6588148633070587, "MAX:log_loss.min": 0.7152248546490501, "MIN:log_loss.mean": 0.8088731558205279, "MAX:log_loss.mean": 0.9106019248828043, "MIN:log_loss.max": 1.0751749554731556, "MAX:log_loss.max": 1.3229378525790938, "MIN:accuracy.min": 0.3333333333333333, "MAX:accuracy.min": 0.5733333333333334, "MIN:accuracy.mean": 0.6318, "MAX:accuracy.mean": 0.6646000000000002, "MIN:accuracy.max": 0.6666666666666666, "MAX:accuracy.max": 0.86, "MIN:kappa.min": 0.0, "MAX:kappa.min": 0.36, "MIN:kappa.mean": 0.4476999999999999, "MAX:kappa.mean": 0.49689999999999995, "MIN:kappa.max": 0.5, "MAX:kappa.max": 0.79}