{"MIN:log_loss.min": 0.5528853959856277, "MAX:log_loss.min": 1.011444247001498, "MIN:log_loss.mean": 0.9951215800454962, "MAX:log_loss.mean": 3.1159052617740484, "MIN:log_loss.max": 1.3586385012004518, "MAX:log_loss.max": 8.188007869969303, "MIN:accuracy.min": 0.3333333333333333, "MAX:accuracy.min": 0.6666666666666666, "MIN:accuracy.mean": 0.5719333333333334, "MAX:accuracy.mean": 0.6666666666666669, "MIN:accuracy.max": 0.6666666666666666, "MAX:accuracy.max": 0.9666666666666667, "MIN:kappa.min": -2.220446049250313e-16, "MAX:kappa.min": 0.5, "MIN:kappa.mean": 0.35789999999999994, "MAX:kappa.mean": 0.5, "MIN:kappa.max": 0.5, "MAX:kappa.max": 0.95}