{"MIN:log_loss.min": 0.45284447339436845, "MAX:log_loss.min": 0.5273713194501646, "MIN:log_loss.mean": 0.6800825582637101, "MAX:log_loss.mean": 1.8254650325774315, "MIN:log_loss.max": 1.1953266381439616, "MAX:log_loss.max": 6.9558085965858485, "MIN:accuracy.min": 0.5333333333333333, "MAX:accuracy.min": 0.6666666666666666, "MIN:accuracy.mean": 0.8060666666666667, "MAX:accuracy.mean": 0.8283999999999999, "MIN:accuracy.max": 0.9666666666666667, "MAX:accuracy.max": 0.9866666666666667, "MIN:kappa.min": 0.30000000000000004, "MAX:kappa.min": 0.5, "MIN:kappa.mean": 0.7091000000000003, "MAX:kappa.mean": 0.7425999999999998, "MIN:kappa.max": 0.95, "MAX:kappa.max": 0.98}