{"MIN:log_loss.min": 0.11742063586322907, "MAX:log_loss.min": 0.1683514837198369, "MIN:log_loss.mean": 0.5120734563765376, "MAX:log_loss.mean": 0.555671298242417, "MIN:log_loss.max": 1.096857249769783, "MAX:log_loss.max": 1.0968984221125826, "MIN:accuracy.min": 0.3333333333333333, "MAX:accuracy.min": 0.56, "MIN:accuracy.mean": 0.743, "MAX:accuracy.mean": 0.8097999999999999, "MIN:accuracy.max": 0.96, "MAX:accuracy.max": 0.96, "MIN:kappa.min": -2.220446049250313e-16, "MAX:kappa.min": 0.33999999999999997, "MIN:kappa.mean": 0.6144999999999999, "MAX:kappa.mean": 0.7147, "MIN:kappa.max": 0.9400000000000001, "MAX:kappa.max": 0.9400000000000001}