{"MIN:log_loss.min": 0.5411117375333525, "MAX:log_loss.min": 0.6230698970385192, "MIN:log_loss.mean": 0.6631591400984952, "MAX:log_loss.mean": 0.765204957949354, "MIN:log_loss.max": 1.0040220356867842, "MAX:log_loss.max": 1.0849584462952921, "MIN:accuracy.min": 0.3333333333333333, "MAX:accuracy.min": 0.5466666666666666, "MIN:accuracy.mean": 0.8088666666666665, "MAX:accuracy.mean": 0.8583999999999999, "MIN:accuracy.max": 0.9266666666666666, "MAX:accuracy.max": 0.96, "MIN:kappa.min": 0.0, "MAX:kappa.min": 0.31999999999999995, "MIN:kappa.mean": 0.7132999999999999, "MAX:kappa.mean": 0.7875999999999999, "MIN:kappa.max": 0.89, "MAX:kappa.max": 0.9400000000000001}