{"MIN:log_loss.min": 0.43558625239349236, "MAX:log_loss.min": 0.8181159307698679, "MIN:log_loss.mean": 0.5061583648880256, "MAX:log_loss.mean": 0.8435261718688046, "MIN:log_loss.max": 0.8178425444719924, "MAX:log_loss.max": 1.050624008638884, "MIN:accuracy.min": 0.35333333333333333, "MAX:accuracy.min": 0.84, "MIN:accuracy.mean": 0.8339333333333334, "MAX:accuracy.mean": 0.9319333333333333, "MIN:accuracy.max": 0.96, "MAX:accuracy.max": 0.9733333333333334, "MIN:kappa.min": 0.030000000000000027, "MAX:kappa.min": 0.76, "MIN:kappa.mean": 0.7509000000000001, "MAX:kappa.mean": 0.8978999999999999, "MIN:kappa.max": 0.9400000000000001, "MAX:kappa.max": 0.96}