{"MIN:log_loss.min": 0.22706194665852622, "MAX:log_loss.min": 0.2992734405262575, "MIN:log_loss.mean": 0.656828060308255, "MAX:log_loss.mean": 0.6757411272224715, "MIN:log_loss.max": 1.0985632801068814, "MAX:log_loss.max": 1.0985633307319003, "MIN:accuracy.min": 0.5666666666666667, "MAX:accuracy.min": 0.62, "MIN:accuracy.mean": 0.7630000000000001, "MAX:accuracy.mean": 0.7808000000000002, "MIN:accuracy.max": 0.96, "MAX:accuracy.max": 0.9666666666666667, "MIN:kappa.min": 0.35, "MAX:kappa.min": 0.43000000000000005, "MIN:kappa.mean": 0.6445000000000001, "MAX:kappa.mean": 0.6712, "MIN:kappa.max": 0.9400000000000001, "MAX:kappa.max": 0.95}