{"MIN:log_loss.min": 0.2553873298392219, "MAX:log_loss.min": 0.33707476492830696, "MIN:log_loss.mean": 0.46703087415433875, "MAX:log_loss.mean": 0.6562886704694807, "MIN:log_loss.max": 0.9673127057452695, "MAX:log_loss.max": 1.042690227838766, "MIN:accuracy.min": 0.66, "MAX:accuracy.min": 0.6866666666666666, "MIN:accuracy.mean": 0.7916, "MAX:accuracy.mean": 0.8711333333333332, "MIN:accuracy.max": 0.9333333333333333, "MAX:accuracy.max": 0.96, "MIN:kappa.min": 0.49, "MAX:kappa.min": 0.53, "MIN:kappa.mean": 0.6874000000000001, "MAX:kappa.mean": 0.8067000000000002, "MIN:kappa.max": 0.9, "MAX:kappa.max": 0.9400000000000001}