{"mean accuracy": 0.7382000000000001, "max accuracy": 0.9733333333333334, "mean kappa": 0.6072999999999998, "max kappa": 0.9600000000000001}