{"MIN:log_loss.min": 0.04918016760527806, "MAX:log_loss.min": 0.08127174191216974, "MIN:log_loss.mean": 0.2053535869008023, "MAX:log_loss.mean": 0.2225457067617679, "MIN:log_loss.max": 0.8337522116267156, "MAX:log_loss.max": 0.8836301730004448, "MIN:accuracy.min": 0.6733333333333333, "MAX:accuracy.min": 0.94, "MIN:accuracy.mean": 0.9650666666666669, "MAX:accuracy.mean": 0.9766666666666669, "MIN:accuracy.max": 0.9866666666666667, "MAX:accuracy.max": 0.9933333333333333, "MIN:kappa.min": 0.51, "MAX:kappa.min": 0.91, "MIN:kappa.mean": 0.9476, "MAX:kappa.mean": 0.9650000000000002, "MIN:kappa.max": 0.98, "MAX:kappa.max": 0.99}