{"MIN:log_loss.min": 0.3749282998653796, "MAX:log_loss.min": 0.4593369244221602, "MIN:log_loss.mean": 0.8242524067449297, "MAX:log_loss.mean": 0.9092804820027091, "MIN:log_loss.max": 1.0986120013892096, "MAX:log_loss.max": 1.0986120016630452, "MIN:accuracy.min": 0.3333333333333333, "MAX:accuracy.min": 0.6533333333333333, "MIN:accuracy.mean": 0.7110000000000001, "MAX:accuracy.mean": 0.7544666666666666, "MIN:accuracy.max": 0.96, "MAX:accuracy.max": 0.9666666666666667, "MIN:kappa.min": 0.0, "MAX:kappa.min": 0.48, "MIN:kappa.mean": 0.5665, "MAX:kappa.mean": 0.6317, "MIN:kappa.max": 0.94, "MAX:kappa.max": 0.95}