{"MIN:log_loss.min": 0.14968505400863216, "MAX:log_loss.min": 0.2367252536357242, "MIN:log_loss.mean": 0.39542594354523425, "MAX:log_loss.mean": 0.435892536265781, "MIN:log_loss.max": 5.511231258496083, "MAX:log_loss.max": 6.033076109164577, "MIN:accuracy.min": 0.54, "MAX:accuracy.min": 0.5733333333333334, "MIN:accuracy.mean": 0.9238000000000001, "MAX:accuracy.mean": 0.9471999999999998, "MIN:accuracy.max": 0.9733333333333334, "MAX:accuracy.max": 0.9866666666666667, "MIN:kappa.min": 0.31000000000000005, "MAX:kappa.min": 0.36, "MIN:kappa.mean": 0.8856999999999999, "MAX:kappa.mean": 0.9207999999999997, "MIN:kappa.max": 0.96, "MAX:kappa.max": 0.98}