{"MIN:log_loss.min": 0.3088064238368771, "MAX:log_loss.min": 0.7295272372602054, "MIN:log_loss.mean": 0.8411324703538955, "MAX:log_loss.mean": 1.5321607895022056, "MIN:log_loss.max": 1.0979071570635912, "MAX:log_loss.max": 5.698375935209544, "MIN:accuracy.min": 0.3333333333333333, "MAX:accuracy.min": 0.44666666666666666, "MIN:accuracy.mean": 0.6142000000000001, "MAX:accuracy.mean": 0.6766000000000001, "MIN:accuracy.max": 0.7133333333333334, "MAX:accuracy.max": 0.9533333333333334, "MIN:kappa.min": 0.0, "MAX:kappa.min": 0.17000000000000004, "MIN:kappa.mean": 0.4213000000000001, "MAX:kappa.mean": 0.5148999999999999, "MIN:kappa.max": 0.5700000000000001, "MAX:kappa.max": 0.9299999999999999}