{"MIN:log_loss.min": 0.2548323899351111, "MAX:log_loss.min": 0.3800137840015896, "MIN:log_loss.mean": 0.5199615981081145, "MAX:log_loss.mean": 0.9043670825473044, "MIN:log_loss.max": 2.3006771643389516, "MAX:log_loss.max": 25.855346784809285, "MIN:accuracy.min": 0.12, "MAX:accuracy.min": 0.5266666666666666, "MIN:accuracy.mean": 0.7686666666666667, "MAX:accuracy.mean": 0.824, "MIN:accuracy.max": 0.94, "MAX:accuracy.max": 0.98, "MIN:kappa.min": -0.32000000000000006, "MAX:kappa.min": 0.29000000000000004, "MIN:kappa.mean": 0.653, "MAX:kappa.mean": 0.7360000000000001, "MIN:kappa.max": 0.91, "MAX:kappa.max": 0.97}