{"MIN:log_loss.min": 0.32451661823140276, "MAX:log_loss.min": 0.33074593145358744, "MIN:log_loss.mean": 0.428380991576232, "MAX:log_loss.mean": 0.4408699660495205, "MIN:log_loss.max": 0.8751547901269014, "MAX:log_loss.max": 0.927607834706766, "MIN:accuracy.min": 0.5, "MAX:accuracy.min": 0.6666666666666666, "MIN:accuracy.mean": 0.9063333333333332, "MAX:accuracy.mean": 0.9109333333333332, "MIN:accuracy.max": 0.9466666666666667, "MAX:accuracy.max": 0.9533333333333334, "MIN:kappa.min": 0.25, "MAX:kappa.min": 0.5, "MIN:kappa.mean": 0.8595, "MAX:kappa.mean": 0.8663999999999998, "MIN:kappa.max": 0.92, "MAX:kappa.max": 0.9299999999999999}