{"MIN:log_loss.min": 0.5289439134743924, "MAX:log_loss.min": 0.7321007250200495, "MIN:log_loss.mean": 0.9489970706849574, "MAX:log_loss.mean": 0.9751134482711277, "MIN:log_loss.max": 1.1235509548197133, "MAX:log_loss.max": 1.2415395467844534, "MIN:accuracy.min": 0.24666666666666667, "MAX:accuracy.min": 0.2866666666666667, "MIN:accuracy.mean": 0.5392, "MAX:accuracy.mean": 0.5661999999999999, "MIN:accuracy.max": 0.7733333333333333, "MAX:accuracy.max": 0.9066666666666666, "MIN:kappa.min": -0.1299999999999999, "MAX:kappa.min": -0.07000000000000006, "MIN:kappa.mean": 0.30879999999999996, "MAX:kappa.mean": 0.3493, "MIN:kappa.max": 0.6599999999999999, "MAX:kappa.max": 0.86}