{"MAX:log_loss.min": 1.2260326846077625, "ARGMAX:log_loss.min": [4, 443744], "MIN:log_loss.min": 1.211395460684684, "ARGMIN:log_loss.min": [8, 446940], "MEAN:log_loss.min": 1.2217722892470269, "MAX:log_loss.mean": 1.5102154489238315, "ARGMAX:log_loss.mean": [4, 443744], "MIN:log_loss.mean": 1.497609674809091, "ARGMIN:log_loss.mean": [8, 446940], "MEAN:log_loss.mean": 1.5059786906225319, "MAX:log_loss.max": 2.415179244538788, "ARGMAX:log_loss.max": [9, 440040], "MIN:log_loss.max": 2.4142670926133776, "ARGMIN:log_loss.max": [3, 446483], "MEAN:log_loss.max": 2.414813299121447, "MAX:accuracy.min": 0.288, "ARGMAX:accuracy.min": [5, 435438], "MIN:accuracy.min": 0.2832, "ARGMIN:accuracy.min": [8, 446940], "MEAN:accuracy.min": 0.28664999999999996, "MAX:accuracy.mean": 0.636213, "ARGMAX:accuracy.mean": [0, 438022], "MIN:accuracy.mean": 0.633502, "ARGMIN:accuracy.mean": [9, 440040], "MEAN:accuracy.mean": 0.6351521, "MAX:accuracy.max": 0.7439, "ARGMAX:accuracy.max": [7, 445020], "MIN:accuracy.max": 0.7348, "ARGMIN:accuracy.max": [6, 440245], "MEAN:accuracy.max": 0.73993, "MAX:kappa.min": 0.21079158269319154, "ARGMAX:kappa.min": [5, 435438], "MIN:kappa.min": 0.20548374058166263, "ARGMIN:kappa.min": [9, 440040], "MEAN:kappa.min": 0.20929766025173566, "MAX:kappa.mean": 0.5958992542578083, "ARGMAX:kappa.mean": [0, 438022], "MIN:kappa.mean": 0.5928966379447033, "ARGMIN:kappa.mean": [9, 440040], "MEAN:kappa.mean": 0.5947326673642672, "MAX:kappa.max": 0.7152897138942889, "ARGMAX:kappa.max": [7, 445020], "MIN:kappa.max": 0.7052223200590675, "ARGMIN:kappa.max": [6, 440245], "MEAN:kappa.max": 0.710902206330349}