{"MIN:log_loss.min": 0.11496705513712291, "MAX:log_loss.min": 0.253017880478086, "MIN:log_loss.mean": 0.45760667719895765, "MAX:log_loss.mean": 0.5675410081770794, "MIN:log_loss.max": 1.0984947743104403, "MAX:log_loss.max": 1.098525158607683, "MIN:accuracy.min": 0.6066666666666667, "MAX:accuracy.min": 0.8, "MIN:accuracy.mean": 0.8495333333333334, "MAX:accuracy.mean": 0.8964666666666665, "MIN:accuracy.max": 0.96, "MAX:accuracy.max": 0.96, "MIN:kappa.min": 0.41000000000000003, "MAX:kappa.min": 0.7, "MIN:kappa.mean": 0.7743000000000001, "MAX:kappa.mean": 0.8446999999999999, "MIN:kappa.max": 0.94, "MAX:kappa.max": 0.9400000000000001}