{"MIN:log_loss.min": 0.28141810654242744, "MAX:log_loss.min": 0.3058816680472181, "MIN:log_loss.mean": 0.8483349863013132, "MAX:log_loss.mean": 0.8917927547274477, "MIN:log_loss.max": 1.2554238221520702, "MAX:log_loss.max": 5.3161044876242505, "MIN:accuracy.min": 0.34, "MAX:accuracy.min": 0.36666666666666664, "MIN:accuracy.mean": 0.5521999999999999, "MAX:accuracy.mean": 0.7713333333333334, "MIN:accuracy.max": 0.96, "MAX:accuracy.max": 0.96, "MIN:kappa.min": 0.01000000000000012, "MAX:kappa.min": 0.050000000000000044, "MIN:kappa.mean": 0.3283, "MAX:kappa.mean": 0.657, "MIN:kappa.max": 0.9400000000000001, "MAX:kappa.max": 0.9400000000000001}