{"MIN:log_loss.min": 0.3144474663321058, "MAX:log_loss.min": 0.4990171781856996, "MIN:log_loss.mean": 0.38588884084670866, "MAX:log_loss.mean": 1.242232903519914, "MIN:log_loss.max": 0.6734156718573987, "MAX:log_loss.max": 3.9332022950844565, "MIN:accuracy.min": 0.44, "MAX:accuracy.min": 0.7666666666666667, "MIN:accuracy.mean": 0.7898666666666668, "MAX:accuracy.mean": 0.8356, "MIN:accuracy.max": 0.8933333333333333, "MAX:accuracy.max": 0.96, "MIN:kappa.min": 0.16000000000000003, "MAX:kappa.min": 0.65, "MIN:kappa.mean": 0.6848000000000001, "MAX:kappa.mean": 0.7534000000000002, "MIN:kappa.max": 0.84, "MAX:kappa.max": 0.9400000000000001}