{"MIN:log_loss.min": 0.16126856800804892, "MAX:log_loss.min": 1.01664707504435, "MIN:log_loss.mean": 1.047459241319501, "MAX:log_loss.mean": 6.055031971558537, "MIN:log_loss.max": 1.1507016575332318, "MAX:log_loss.max": 23.025850929940454, "MIN:accuracy.min": 0.0, "MAX:accuracy.min": 0.6466666666666666, "MIN:accuracy.mean": 0.4994666666666667, "MAX:accuracy.mean": 0.6562666666666666, "MIN:accuracy.max": 0.64, "MAX:accuracy.max": 0.9733333333333334, "MIN:kappa.min": -0.5, "MAX:kappa.min": 0.47, "MIN:kappa.mean": 0.24919999999999998, "MAX:kappa.mean": 0.4843999999999999, "MIN:kappa.max": 0.45999999999999996, "MAX:kappa.max": 0.96}