{"MIN:log_loss.min": 0.5205050317820763, "MAX:log_loss.min": 0.7306454735412573, "MIN:log_loss.mean": 0.7809506486558029, "MAX:log_loss.mean": 0.8371579109659995, "MIN:log_loss.max": 1.1585739130730166, "MAX:log_loss.max": 1.3426286323367431, "MIN:accuracy.min": 0.32, "MAX:accuracy.min": 0.38, "MIN:accuracy.mean": 0.7042, "MAX:accuracy.mean": 0.7474666666666665, "MIN:accuracy.max": 0.9466666666666667, "MAX:accuracy.max": 0.9666666666666667, "MIN:kappa.min": -0.020000000000000018, "MAX:kappa.min": 0.06999999999999995, "MIN:kappa.mean": 0.5562999999999999, "MAX:kappa.mean": 0.6212000000000001, "MIN:kappa.max": 0.92, "MAX:kappa.max": 0.95}