{"MIN:log_loss.min": 0.2698579509456563, "MAX:log_loss.min": 0.2973789905119362, "MIN:log_loss.mean": 4.247508029567822, "MAX:log_loss.mean": 5.032358462274354, "MIN:log_loss.max": 11.301412936883429, "MAX:log_loss.max": 17.4104443254201, "MIN:accuracy.min": 0.3333333333333333, "MAX:accuracy.min": 0.3333333333333333, "MIN:accuracy.mean": 0.6814000000000001, "MAX:accuracy.mean": 0.7023333333333335, "MIN:accuracy.max": 0.94, "MAX:accuracy.max": 0.96, "MIN:kappa.min": 0.0, "MAX:kappa.min": 0.0, "MIN:kappa.mean": 0.5221, "MAX:kappa.mean": 0.5535, "MIN:kappa.max": 0.91, "MAX:kappa.max": 0.94}