{"MIN:log_loss.min": 0.7590194222411843, "MAX:log_loss.min": 0.9138868935755022, "MIN:log_loss.mean": 0.9008218273009447, "MAX:log_loss.mean": 1.0956594236077026, "MIN:log_loss.max": 1.0394752468572768, "MAX:log_loss.max": 1.675919239888318, "MIN:accuracy.min": 0.3333333333333333, "MAX:accuracy.min": 0.6666666666666666, "MIN:accuracy.mean": 0.6285333333333333, "MAX:accuracy.mean": 0.6666666666666669, "MIN:accuracy.max": 0.6666666666666666, "MAX:accuracy.max": 0.96, "MIN:kappa.min": 0.0, "MAX:kappa.min": 0.5, "MIN:kappa.mean": 0.4428000000000001, "MAX:kappa.mean": 0.5, "MIN:kappa.max": 0.5, "MAX:kappa.max": 0.9400000000000001}