{"mean accuracy": 0.6658666666666668, "max accuracy": 0.96, "mean kappa": 0.49879999999999997, "max kappa": 0.94}