{"mean accuracy": 0.935266666666667, "max accuracy": 0.96, "mean kappa": 0.9028999999999999, "max kappa": 0.94}