{"MIN:log_loss.min": 0.21663100819645995, "MAX:log_loss.min": 0.26175681368729126, "MIN:log_loss.mean": 0.5508513263231839, "MAX:log_loss.mean": 0.5764711739943524, "MIN:log_loss.max": 1.096390841802977, "MAX:log_loss.max": 1.117599532797982, "MIN:accuracy.min": 0.3333333333333333, "MAX:accuracy.min": 0.7066666666666667, "MIN:accuracy.mean": 0.7701999999999998, "MAX:accuracy.mean": 0.8662666666666665, "MIN:accuracy.max": 0.96, "MAX:accuracy.max": 0.96, "MIN:kappa.min": 0.0, "MAX:kappa.min": 0.56, "MIN:kappa.mean": 0.6552999999999999, "MAX:kappa.mean": 0.7994, "MIN:kappa.max": 0.94, "MAX:kappa.max": 0.9400000000000001}