{"MIN:log_loss.min": 0.13603805376785605, "MAX:log_loss.min": 0.9238172962688755, "MIN:log_loss.mean": 0.9573613991167892, "MAX:log_loss.mean": 1.8436792748497168, "MIN:log_loss.max": 1.1844945566455434, "MAX:log_loss.max": 9.379823365993829, "MIN:accuracy.min": 0.3333333333333333, "MAX:accuracy.min": 0.3333333333333333, "MIN:accuracy.mean": 0.5407333333333334, "MAX:accuracy.mean": 0.5902666666666666, "MIN:accuracy.max": 0.6666666666666666, "MAX:accuracy.max": 0.9666666666666667, "MIN:kappa.min": 0.0, "MAX:kappa.min": 0.0, "MIN:kappa.mean": 0.3111, "MAX:kappa.mean": 0.3854000000000001, "MIN:kappa.max": 0.5, "MAX:kappa.max": 0.95}