{"MIN:log_loss.min": 0.05317610781870989, "MAX:log_loss.min": 0.1260921227726739, "MIN:log_loss.mean": 0.0991341371902335, "MAX:log_loss.mean": 0.15313003323412322, "MIN:log_loss.max": 0.31719577089120077, "MAX:log_loss.max": 0.4642865335310981, "MIN:accuracy.min": 0.78, "MAX:accuracy.min": 0.96, "MIN:accuracy.mean": 0.9558666666666664, "MAX:accuracy.mean": 0.9677333333333332, "MIN:accuracy.max": 0.9666666666666667, "MAX:accuracy.max": 0.98, "MIN:kappa.min": 0.6699999999999999, "MAX:kappa.min": 0.94, "MIN:kappa.mean": 0.9338, "MAX:kappa.mean": 0.9515999999999998, "MIN:kappa.max": 0.95, "MAX:kappa.max": 0.97}