{"mean accuracy": 0.9566666666666663, "max accuracy": 0.9733333333333332, "mean kappa": 0.935, "max kappa": 0.9599999999999997}