{"mean accuracy": 0.6943333333333334, "max accuracy": 0.86, "mean kappa": 0.5415, "max kappa": 0.7899999999999998}