{"mean accuracy": 0.6179999999999999, "max accuracy": 0.96, "mean kappa": 0.42700000000000005, "max kappa": 0.94}