{"MIN:log_loss.min": 0.1138858670547505, "MAX:log_loss.min": 0.15051181063577393, "MIN:log_loss.mean": 0.39434143580075137, "MAX:log_loss.mean": 0.4296947987776718, "MIN:log_loss.max": 1.6363288513431065, "MAX:log_loss.max": 3.5697975857409103, "MIN:accuracy.min": 0.5266666666666666, "MAX:accuracy.min": 0.6666666666666666, "MIN:accuracy.mean": 0.9041333333333331, "MAX:accuracy.mean": 0.9261333333333335, "MIN:accuracy.max": 0.96, "MAX:accuracy.max": 0.9666666666666667, "MIN:kappa.min": 0.29000000000000004, "MAX:kappa.min": 0.5, "MIN:kappa.mean": 0.8561999999999997, "MAX:kappa.mean": 0.8892, "MIN:kappa.max": 0.94, "MAX:kappa.max": 0.95}