{"MIN:log_loss.min": 0.11687342999305209, "MAX:log_loss.min": 0.1226623525197448, "MIN:log_loss.mean": 0.1448827652487346, "MAX:log_loss.mean": 0.14990089425449601, "MIN:log_loss.max": 0.42540215438951057, "MAX:log_loss.max": 0.48545390831680246, "MIN:accuracy.min": 0.8533333333333334, "MAX:accuracy.min": 0.8933333333333333, "MIN:accuracy.mean": 0.9553333333333336, "MAX:accuracy.mean": 0.9578, "MIN:accuracy.max": 0.96, "MAX:accuracy.max": 0.96, "MIN:kappa.min": 0.78, "MAX:kappa.min": 0.84, "MIN:kappa.mean": 0.9329999999999999, "MAX:kappa.mean": 0.9366999999999999, "MIN:kappa.max": 0.94, "MAX:kappa.max": 0.9400000000000001}