{"mean accuracy": 0.8633333333333332, "max accuracy": 0.9533333333333334, "mean kappa": 0.7949999999999997, "max kappa": 0.93}