{"MIN:log_loss.min": 0.1149998795749272, "MAX:log_loss.min": 0.3642022325534024, "MIN:log_loss.mean": 0.6611153189065546, "MAX:log_loss.mean": 0.7431759567689222, "MIN:log_loss.max": 1.0983191203462448, "MAX:log_loss.max": 2.3015894880894985, "MIN:accuracy.min": 0.3333333333333333, "MAX:accuracy.min": 0.44666666666666666, "MIN:accuracy.mean": 0.6786, "MAX:accuracy.mean": 0.7390666666666666, "MIN:accuracy.max": 0.9333333333333333, "MAX:accuracy.max": 0.96, "MIN:kappa.min": 0.0, "MAX:kappa.min": 0.16999999999999993, "MIN:kappa.mean": 0.5179, "MAX:kappa.mean": 0.6086, "MIN:kappa.max": 0.9, "MAX:kappa.max": 0.9400000000000001}