{"MIN:log_loss.min": 0.29456013044642765, "MAX:log_loss.min": 0.3287479524410836, "MIN:log_loss.mean": 0.69402171050085, "MAX:log_loss.mean": 0.7111857573093462, "MIN:log_loss.max": 1.1462873675042347, "MAX:log_loss.max": 2.455835747818068, "MIN:accuracy.min": 0.3333333333333333, "MAX:accuracy.min": 0.3333333333333333, "MIN:accuracy.mean": 0.7515333333333332, "MAX:accuracy.mean": 0.8153999999999999, "MIN:accuracy.max": 0.96, "MAX:accuracy.max": 0.96, "MIN:kappa.min": 0.0, "MAX:kappa.min": 0.0, "MIN:kappa.mean": 0.6272999999999999, "MAX:kappa.mean": 0.7231000000000001, "MIN:kappa.max": 0.9400000000000001, "MAX:kappa.max": 0.9400000000000001}