{"MIN:log_loss.min": 0.21471535750526574, "MAX:log_loss.min": 0.30784730895557655, "MIN:log_loss.mean": 0.4466875675755486, "MAX:log_loss.mean": 1.2685913229424095, "MIN:log_loss.max": 0.9722031127082168, "MAX:log_loss.max": 5.4048333412751814, "MIN:accuracy.min": 0.5133333333333333, "MAX:accuracy.min": 0.6, "MIN:accuracy.mean": 0.7656000000000001, "MAX:accuracy.mean": 0.7878000000000002, "MIN:accuracy.max": 0.96, "MAX:accuracy.max": 0.96, "MIN:kappa.min": 0.27, "MAX:kappa.min": 0.4, "MIN:kappa.mean": 0.6484000000000001, "MAX:kappa.mean": 0.6817000000000002, "MIN:kappa.max": 0.94, "MAX:kappa.max": 0.9400000000000001}