{"mean accuracy": 0.9493999999999998, "max accuracy": 0.96, "mean kappa": 0.9240999999999997, "max kappa": 0.94}