{"MIN:log_loss.min": 0.3063596206083131, "MAX:log_loss.min": 0.9208370781863495, "MIN:log_loss.mean": 0.8848279134477863, "MAX:log_loss.mean": 1.3319730701724637, "MIN:log_loss.max": 1.1309081827683405, "MAX:log_loss.max": 2.58563897713906, "MIN:accuracy.min": 0.3333333333333333, "MAX:accuracy.min": 0.62, "MIN:accuracy.mean": 0.5720666666666667, "MAX:accuracy.mean": 0.6619333333333336, "MIN:accuracy.max": 0.6666666666666666, "MAX:accuracy.max": 0.9466666666666667, "MIN:kappa.min": -2.220446049250313e-16, "MAX:kappa.min": 0.43000000000000005, "MIN:kappa.mean": 0.35809999999999986, "MAX:kappa.mean": 0.4928999999999999, "MIN:kappa.max": 0.5, "MAX:kappa.max": 0.92}