{"MIN:log_loss.min": 0.25396296364819315, "MAX:log_loss.min": 0.25928252324905043, "MIN:log_loss.mean": 0.43499226305279864, "MAX:log_loss.mean": 0.4786031249647025, "MIN:log_loss.max": 0.8960326409368679, "MAX:log_loss.max": 0.9378985168863593, "MIN:accuracy.min": 0.68, "MAX:accuracy.min": 0.8733333333333333, "MIN:accuracy.mean": 0.9506666666666667, "MAX:accuracy.mean": 0.9539333333333332, "MIN:accuracy.max": 0.96, "MAX:accuracy.max": 0.9666666666666667, "MIN:kappa.min": 0.52, "MAX:kappa.min": 0.81, "MIN:kappa.mean": 0.9259999999999997, "MAX:kappa.mean": 0.9308999999999997, "MIN:kappa.max": 0.9400000000000001, "MAX:kappa.max": 0.95}