{"MIN:log_loss.min": 0.6992665046336364, "MAX:log_loss.min": 1.0161541270081966, "MIN:log_loss.mean": 1.0985736547436915, "MAX:log_loss.mean": 1.9465786357413541, "MIN:log_loss.max": 1.3809622036891234, "MAX:log_loss.max": 7.292017483604621, "MIN:accuracy.min": 0.3333333333333333, "MAX:accuracy.min": 0.66, "MIN:accuracy.mean": 0.6312, "MAX:accuracy.mean": 0.6662000000000002, "MIN:accuracy.max": 0.66, "MAX:accuracy.max": 0.6666666666666666, "MIN:kappa.min": 0.0, "MAX:kappa.min": 0.49, "MIN:kappa.mean": 0.4468, "MAX:kappa.mean": 0.4993000000000001, "MIN:kappa.max": 0.49, "MAX:kappa.max": 0.5}