{"MIN:log_loss.min": 0.054706990700512, "MAX:log_loss.min": 0.08600209009492353, "MIN:log_loss.mean": 0.25917193982173553, "MAX:log_loss.mean": 0.2853002356219164, "MIN:log_loss.max": 0.9433647797334379, "MAX:log_loss.max": 0.9980368122059279, "MIN:accuracy.min": 0.6333333333333333, "MAX:accuracy.min": 0.6733333333333333, "MIN:accuracy.mean": 0.9435999999999999, "MAX:accuracy.mean": 0.9604000000000003, "MIN:accuracy.max": 0.9733333333333334, "MAX:accuracy.max": 0.9866666666666667, "MIN:kappa.min": 0.44999999999999996, "MAX:kappa.min": 0.51, "MIN:kappa.mean": 0.9153999999999998, "MAX:kappa.mean": 0.9406, "MIN:kappa.max": 0.96, "MAX:kappa.max": 0.98}