{"MIN:log_loss.min": 0.6078982757486014, "MAX:log_loss.min": 0.6327915140222253, "MIN:log_loss.mean": 0.7801286017054535, "MAX:log_loss.mean": 0.818347103433528, "MIN:log_loss.max": 1.1937169157831764, "MAX:log_loss.max": 1.193721623508747, "MIN:accuracy.min": 0.3333333333333333, "MAX:accuracy.min": 0.3333333333333333, "MIN:accuracy.mean": 0.7451333333333333, "MAX:accuracy.mean": 0.7738666666666668, "MIN:accuracy.max": 0.96, "MAX:accuracy.max": 0.96, "MIN:kappa.min": -2.220446049250313e-16, "MAX:kappa.min": 0.0, "MIN:kappa.mean": 0.6176999999999999, "MAX:kappa.mean": 0.6608000000000002, "MIN:kappa.max": 0.9400000000000001, "MAX:kappa.max": 0.9400000000000001}