{"MIN:log_loss.min": 0.20041153331054568, "MAX:log_loss.min": 0.24553466066870194, "MIN:log_loss.mean": 0.3931221111949259, "MAX:log_loss.mean": 0.4622445807271556, "MIN:log_loss.max": 0.9425213584705913, "MAX:log_loss.max": 1.0471121649465416, "MIN:accuracy.min": 0.3333333333333333, "MAX:accuracy.min": 0.3333333333333333, "MIN:accuracy.mean": 0.8704666666666668, "MAX:accuracy.mean": 0.8856666666666669, "MIN:accuracy.max": 0.96, "MAX:accuracy.max": 0.9666666666666667, "MIN:kappa.min": 0.0, "MAX:kappa.min": 0.0, "MIN:kappa.mean": 0.8057, "MAX:kappa.mean": 0.8284999999999999, "MIN:kappa.max": 0.94, "MAX:kappa.max": 0.95}