{"MIN:log_loss.min": 0.2964520994620606, "MAX:log_loss.min": 0.3525547446218655, "MIN:log_loss.mean": 0.4182559983889004, "MAX:log_loss.mean": 0.5149524782748143, "MIN:log_loss.max": 0.8151288248226743, "MAX:log_loss.max": 1.5235238829183726, "MIN:accuracy.min": 0.58, "MAX:accuracy.min": 0.6933333333333334, "MIN:accuracy.mean": 0.8909333333333334, "MAX:accuracy.mean": 0.9050000000000002, "MIN:accuracy.max": 0.96, "MAX:accuracy.max": 0.96, "MIN:kappa.min": 0.37, "MAX:kappa.min": 0.54, "MIN:kappa.mean": 0.8363999999999998, "MAX:kappa.mean": 0.8575, "MIN:kappa.max": 0.94, "MAX:kappa.max": 0.9400000000000001}