{"MIN:log_loss.min": 0.15714330182410718, "MAX:log_loss.min": 0.30165565393728644, "MIN:log_loss.mean": 2.291013176576491, "MAX:log_loss.mean": 2.9907649083620775, "MIN:log_loss.max": 15.1970616137607, "MAX:log_loss.max": 21.87456406875474, "MIN:accuracy.min": 0.35333333333333333, "MAX:accuracy.min": 0.56, "MIN:accuracy.mean": 0.7943333333333333, "MAX:accuracy.mean": 0.8134, "MIN:accuracy.max": 0.9533333333333334, "MAX:accuracy.max": 0.9666666666666667, "MIN:kappa.min": 0.030000000000000027, "MAX:kappa.min": 0.33999999999999997, "MIN:kappa.mean": 0.6914999999999999, "MAX:kappa.mean": 0.7201000000000002, "MIN:kappa.max": 0.9299999999999999, "MAX:kappa.max": 0.95}