{"MIN:log_loss.min": 0.1096999519406886, "MAX:log_loss.min": 0.1304657098600189, "MIN:log_loss.mean": 0.2568810578209523, "MAX:log_loss.mean": 0.3178818340525345, "MIN:log_loss.max": 0.7455384191652588, "MAX:log_loss.max": 1.0457956908599297, "MIN:accuracy.min": 0.36, "MAX:accuracy.min": 0.7133333333333334, "MIN:accuracy.mean": 0.9282666666666666, "MAX:accuracy.mean": 0.9463333333333331, "MIN:accuracy.max": 0.9666666666666667, "MAX:accuracy.max": 0.98, "MIN:kappa.min": 0.040000000000000036, "MAX:kappa.min": 0.5700000000000001, "MIN:kappa.mean": 0.8923999999999999, "MAX:kappa.mean": 0.9195, "MIN:kappa.max": 0.95, "MAX:kappa.max": 0.97}