{"MIN:log_loss.min": 0.6463659828231424, "MAX:log_loss.min": 0.7623986423098708, "MIN:log_loss.mean": 0.98615535008248, "MAX:log_loss.mean": 1.0786266497773442, "MIN:log_loss.max": 1.2456508850290264, "MAX:log_loss.max": 2.3940996394070337, "MIN:accuracy.min": 0.6533333333333333, "MAX:accuracy.min": 0.6666666666666666, "MIN:accuracy.mean": 0.7164666666666668, "MAX:accuracy.mean": 0.7330666666666668, "MIN:accuracy.max": 0.96, "MAX:accuracy.max": 0.9733333333333334, "MIN:kappa.min": 0.48, "MAX:kappa.min": 0.5, "MIN:kappa.mean": 0.5747, "MAX:kappa.mean": 0.5996, "MIN:kappa.max": 0.94, "MAX:kappa.max": 0.96}