{"MIN:log_loss.min": 0.16979625084339423, "MAX:log_loss.min": 0.2914195855106668, "MIN:log_loss.mean": 0.6284576443289853, "MAX:log_loss.mean": 1.1622070597957832, "MIN:log_loss.max": 3.3782582651366346, "MAX:log_loss.max": 21.341268128853063, "MIN:accuracy.min": 0.3333333333333333, "MAX:accuracy.min": 0.6466666666666666, "MIN:accuracy.mean": 0.8512666666666665, "MAX:accuracy.mean": 0.8768666666666667, "MIN:accuracy.max": 0.96, "MAX:accuracy.max": 0.96, "MIN:kappa.min": 0.0, "MAX:kappa.min": 0.47, "MIN:kappa.mean": 0.7768999999999999, "MAX:kappa.mean": 0.8152999999999999, "MIN:kappa.max": 0.94, "MAX:kappa.max": 0.9400000000000001}