{"MIN:log_loss.min": 0.46929578293400975, "MAX:log_loss.min": 0.8452374080277529, "MIN:log_loss.mean": 0.8929305896062644, "MAX:log_loss.mean": 1.1568578160567693, "MIN:log_loss.max": 1.0986122886681096, "MAX:log_loss.max": 2.0680279358550897, "MIN:accuracy.min": 0.3333333333333333, "MAX:accuracy.min": 0.3333333333333333, "MIN:accuracy.mean": 0.5190666666666667, "MAX:accuracy.mean": 0.6419333333333332, "MIN:accuracy.max": 0.6666666666666666, "MAX:accuracy.max": 0.96, "MIN:kappa.min": 0.0, "MAX:kappa.min": 0.0, "MIN:kappa.mean": 0.2786, "MAX:kappa.mean": 0.4629, "MIN:kappa.max": 0.5, "MAX:kappa.max": 0.9400000000000001}