{"MIN:log_loss.min": 0.17603940219093664, "MAX:log_loss.min": 0.4636055151621151, "MIN:log_loss.mean": 0.6120273593821877, "MAX:log_loss.mean": 0.921156701698253, "MIN:log_loss.max": 1.0632861297175755, "MAX:log_loss.max": 7.907683896230509, "MIN:accuracy.min": 0.4866666666666667, "MAX:accuracy.min": 0.9133333333333333, "MIN:accuracy.mean": 0.8606, "MAX:accuracy.mean": 0.9133333333333331, "MIN:accuracy.max": 0.9133333333333333, "MAX:accuracy.max": 0.96, "MIN:kappa.min": 0.22999999999999998, "MAX:kappa.min": 0.87, "MIN:kappa.mean": 0.7909, "MAX:kappa.mean": 0.87, "MIN:kappa.max": 0.87, "MAX:kappa.max": 0.94}