{"mean accuracy": 0.7101333333333331, "max accuracy": 0.7133333333333334, "mean kappa": 0.5652000000000003, "max kappa": 0.5700000000000001}