{"mean accuracy": 0.6080000000000001, "max accuracy": 0.96, "mean kappa": 0.41199999999999987, "max kappa": 0.94}