{"MIN:log_loss.min": 0.31080517313828165, "MAX:log_loss.min": 0.35653891236009483, "MIN:log_loss.mean": 0.7367537078424927, "MAX:log_loss.mean": 1.2120129372184663, "MIN:log_loss.max": 1.140957992374676, "MAX:log_loss.max": 17.933629799605878, "MIN:accuracy.min": 0.03333333333333333, "MAX:accuracy.min": 0.3333333333333333, "MIN:accuracy.mean": 0.5751333333333333, "MAX:accuracy.mean": 0.6295333333333333, "MIN:accuracy.max": 0.9466666666666667, "MAX:accuracy.max": 0.96, "MIN:kappa.min": -0.44999999999999996, "MAX:kappa.min": 1.1102230246251565e-16, "MIN:kappa.mean": 0.36269999999999997, "MAX:kappa.mean": 0.4443000000000001, "MIN:kappa.max": 0.92, "MAX:kappa.max": 0.94}