{"MIN:log_loss.min": 0.6036546439824789, "MAX:log_loss.min": 0.6737913932741336, "MIN:log_loss.mean": 0.7563064951876706, "MAX:log_loss.mean": 0.8014476522791538, "MIN:log_loss.max": 1.4568950172824002, "MAX:log_loss.max": 1.489247577627541, "MIN:accuracy.min": 0.3333333333333333, "MAX:accuracy.min": 0.36666666666666664, "MIN:accuracy.mean": 0.6642666666666667, "MAX:accuracy.mean": 0.7022666666666667, "MIN:accuracy.max": 0.96, "MAX:accuracy.max": 0.96, "MIN:kappa.min": -2.220446049250313e-16, "MAX:kappa.min": 0.050000000000000044, "MIN:kappa.mean": 0.49640000000000006, "MAX:kappa.mean": 0.5534000000000001, "MIN:kappa.max": 0.9400000000000001, "MAX:kappa.max": 0.9400000000000001}