{"MIN:log_loss.min": 0.7661311212157645, "MAX:log_loss.min": 0.9970557215225877, "MIN:log_loss.mean": 0.944034134551925, "MAX:log_loss.mean": 1.1173397236607423, "MIN:log_loss.max": 1.098116056179073, "MAX:log_loss.max": 1.3553094179719203, "MIN:accuracy.min": 0.15333333333333332, "MAX:accuracy.min": 0.6333333333333333, "MIN:accuracy.mean": 0.5409333333333333, "MAX:accuracy.mean": 0.680466666666667, "MIN:accuracy.max": 0.64, "MAX:accuracy.max": 0.96, "MIN:kappa.min": -0.27, "MAX:kappa.min": 0.44999999999999996, "MIN:kappa.mean": 0.3114, "MAX:kappa.mean": 0.5206999999999999, "MIN:kappa.max": 0.45999999999999996, "MAX:kappa.max": 0.9400000000000001}