{"MIN:log_loss.min": 0.4199616739397083, "MAX:log_loss.min": 0.43543054370575324, "MIN:log_loss.mean": 0.7047679138936622, "MAX:log_loss.mean": 0.7314049976749881, "MIN:log_loss.max": 1.218109907813149, "MAX:log_loss.max": 1.2181099078310171, "MIN:accuracy.min": 0.3333333333333333, "MAX:accuracy.min": 0.3333333333333333, "MIN:accuracy.mean": 0.7232666666666667, "MAX:accuracy.mean": 0.7342666666666665, "MIN:accuracy.max": 0.96, "MAX:accuracy.max": 0.96, "MIN:kappa.min": -2.220446049250313e-16, "MAX:kappa.min": 0.0, "MIN:kappa.mean": 0.5849000000000001, "MAX:kappa.mean": 0.6013999999999999, "MIN:kappa.max": 0.9400000000000001, "MAX:kappa.max": 0.9400000000000001}