{"mean accuracy": 0.6798000000000002, "max accuracy": 0.96, "mean kappa": 0.5197000000000002, "max kappa": 0.94}