{"MIN:log_loss.min": 0.279679935569015, "MAX:log_loss.min": 0.33163387854659254, "MIN:log_loss.mean": 0.4737785470437227, "MAX:log_loss.mean": 0.8007365178030785, "MIN:log_loss.max": 1.3835577283179035, "MAX:log_loss.max": 5.953270367442903, "MIN:accuracy.min": 0.56, "MAX:accuracy.min": 0.6666666666666666, "MIN:accuracy.mean": 0.8922666666666664, "MAX:accuracy.mean": 0.9214000000000001, "MIN:accuracy.max": 0.96, "MAX:accuracy.max": 0.9666666666666667, "MIN:kappa.min": 0.33999999999999997, "MAX:kappa.min": 0.5, "MIN:kappa.mean": 0.8384, "MAX:kappa.mean": 0.8820999999999999, "MIN:kappa.max": 0.94, "MAX:kappa.max": 0.95}