{"mean accuracy": 0.6532666666666668, "max accuracy": 0.96, "mean kappa": 0.4798999999999999, "max kappa": 0.94}