{"MIN:log_loss.min": 0.1135793595164365, "MAX:log_loss.min": 0.1378558189638261, "MIN:log_loss.mean": 0.2786123814060643, "MAX:log_loss.mean": 0.3058622941228391, "MIN:log_loss.max": 0.8943147383509161, "MAX:log_loss.max": 0.9901970791321757, "MIN:accuracy.min": 0.6533333333333333, "MAX:accuracy.min": 0.6666666666666666, "MIN:accuracy.mean": 0.8806666666666668, "MAX:accuracy.mean": 0.9266, "MIN:accuracy.max": 0.96, "MAX:accuracy.max": 0.96, "MIN:kappa.min": 0.48, "MAX:kappa.min": 0.5, "MIN:kappa.mean": 0.8209999999999998, "MAX:kappa.mean": 0.8898999999999999, "MIN:kappa.max": 0.94, "MAX:kappa.max": 0.9400000000000001}