{"MIN:log_loss.min": 0.1817168020674508, "MAX:log_loss.min": 0.2150310074838519, "MIN:log_loss.mean": 0.4426984478729244, "MAX:log_loss.mean": 0.5007419017347475, "MIN:log_loss.max": 3.8262836720507662, "MAX:log_loss.max": 6.553612465129452, "MIN:accuracy.min": 0.3333333333333333, "MAX:accuracy.min": 0.3333333333333333, "MIN:accuracy.mean": 0.8218, "MAX:accuracy.mean": 0.8428, "MIN:accuracy.max": 0.9333333333333333, "MAX:accuracy.max": 0.94, "MIN:kappa.min": 0.0, "MAX:kappa.min": 0.0, "MIN:kappa.mean": 0.7327000000000002, "MAX:kappa.mean": 0.7642, "MIN:kappa.max": 0.9, "MAX:kappa.max": 0.91}