{"mean accuracy": 0.8267333333333334, "max accuracy": 0.96, "mean kappa": 0.7400999999999999, "max kappa": 0.94}