{"MIN:log_loss.min": 0.14665966566670138, "MAX:log_loss.min": 0.4922306421598268, "MIN:log_loss.mean": 1.400927081250464, "MAX:log_loss.mean": 6.202019491680246, "MIN:log_loss.max": 11.366990949513335, "MAX:log_loss.max": 23.30905441926857, "MIN:accuracy.min": 0.23333333333333334, "MAX:accuracy.min": 0.6466666666666666, "MIN:accuracy.mean": 0.5988, "MAX:accuracy.mean": 0.7243333333333335, "MIN:accuracy.max": 0.96, "MAX:accuracy.max": 0.9666666666666667, "MIN:kappa.min": -0.1499999999999999, "MAX:kappa.min": 0.47, "MIN:kappa.mean": 0.3982, "MAX:kappa.mean": 0.5865, "MIN:kappa.max": 0.9400000000000001, "MAX:kappa.max": 0.95}