{"MIN:log_loss.min": 0.17814868579815502, "MAX:log_loss.min": 0.25545557696685883, "MIN:log_loss.mean": 0.3944016776563487, "MAX:log_loss.mean": 0.6196808858507239, "MIN:log_loss.max": 1.1146651827926508, "MAX:log_loss.max": 10.336368531686434, "MIN:accuracy.min": 0.4, "MAX:accuracy.min": 0.66, "MIN:accuracy.mean": 0.8582666666666665, "MAX:accuracy.mean": 0.8739333333333333, "MIN:accuracy.max": 0.96, "MAX:accuracy.max": 0.96, "MIN:kappa.min": 0.09999999999999998, "MAX:kappa.min": 0.49, "MIN:kappa.mean": 0.7874, "MAX:kappa.mean": 0.8108999999999998, "MIN:kappa.max": 0.9400000000000001, "MAX:kappa.max": 0.9400000000000001}