{"MIN:log_loss.min": 0.6016630219532697, "MAX:log_loss.min": 0.6166833885634363, "MIN:log_loss.mean": 0.8743220868413322, "MAX:log_loss.mean": 0.8914443084338081, "MIN:log_loss.max": 1.098608650148273, "MAX:log_loss.max": 1.098608657654638, "MIN:accuracy.min": 0.3333333333333333, "MAX:accuracy.min": 0.5933333333333334, "MIN:accuracy.mean": 0.6756666666666666, "MAX:accuracy.mean": 0.7438666666666667, "MIN:accuracy.max": 0.9466666666666667, "MAX:accuracy.max": 0.9666666666666667, "MIN:kappa.min": 0.0, "MAX:kappa.min": 0.39, "MIN:kappa.mean": 0.5135, "MAX:kappa.mean": 0.6158, "MIN:kappa.max": 0.92, "MAX:kappa.max": 0.95}