{"MIN:log_loss.min": 0.4049755713815591, "MAX:log_loss.min": 0.8513937390446454, "MIN:log_loss.mean": 0.892991460081943, "MAX:log_loss.mean": 6.765288085816567, "MIN:log_loss.max": 1.2696431605439569, "MAX:log_loss.max": 13.919100987791028, "MIN:accuracy.min": 0.3333333333333333, "MAX:accuracy.min": 0.3333333333333333, "MIN:accuracy.mean": 0.5413333333333334, "MAX:accuracy.mean": 0.6024666666666668, "MIN:accuracy.max": 0.6666666666666666, "MAX:accuracy.max": 0.96, "MIN:kappa.min": -2.220446049250313e-16, "MAX:kappa.min": 0.0, "MIN:kappa.mean": 0.31200000000000006, "MAX:kappa.mean": 0.40370000000000006, "MIN:kappa.max": 0.5, "MAX:kappa.max": 0.9400000000000001}