{"MIN:log_loss.min": 0.36305072255753906, "MAX:log_loss.min": 0.3630509550462921, "MIN:log_loss.mean": 0.6461688518003679, "MAX:log_loss.mean": 0.6502223136903499, "MIN:log_loss.max": 1.0099609894775359, "MAX:log_loss.max": 1.0137579213710008, "MIN:accuracy.min": 0.6066666666666667, "MAX:accuracy.min": 0.64, "MIN:accuracy.mean": 0.8597333333333335, "MAX:accuracy.mean": 0.8796, "MIN:accuracy.max": 0.96, "MAX:accuracy.max": 0.96, "MIN:kappa.min": 0.41000000000000003, "MAX:kappa.min": 0.45999999999999996, "MIN:kappa.mean": 0.7895999999999997, "MAX:kappa.mean": 0.8194000000000001, "MIN:kappa.max": 0.9400000000000001, "MAX:kappa.max": 0.9400000000000001}