{"MIN:log_loss.min": 0.4970884047020893, "MAX:log_loss.min": 0.5668914898375981, "MIN:log_loss.mean": 0.747025865740473, "MAX:log_loss.mean": 0.7704520208078308, "MIN:log_loss.max": 1.0484096431411423, "MAX:log_loss.max": 1.048409838883901, "MIN:accuracy.min": 0.35333333333333333, "MAX:accuracy.min": 0.4866666666666667, "MIN:accuracy.mean": 0.7546666666666667, "MAX:accuracy.mean": 0.7834666666666668, "MIN:accuracy.max": 0.9533333333333334, "MAX:accuracy.max": 0.9666666666666667, "MIN:kappa.min": 0.030000000000000027, "MAX:kappa.min": 0.22999999999999998, "MIN:kappa.mean": 0.632, "MAX:kappa.mean": 0.6752000000000001, "MIN:kappa.max": 0.9299999999999999, "MAX:kappa.max": 0.95}