{"MIN:log_loss.min": 0.3811630235889259, "MAX:log_loss.min": 0.8143071791280733, "MIN:log_loss.mean": 0.7211454987584124, "MAX:log_loss.mean": 0.9585777236657161, "MIN:log_loss.max": 1.0986122885827279, "MAX:log_loss.max": 1.195310557357623, "MIN:accuracy.min": 0.3333333333333333, "MAX:accuracy.min": 0.4866666666666667, "MIN:accuracy.mean": 0.6865999999999999, "MAX:accuracy.mean": 0.7537333333333334, "MIN:accuracy.max": 0.82, "MAX:accuracy.max": 0.82, "MIN:kappa.min": 0.0, "MAX:kappa.min": 0.22999999999999998, "MIN:kappa.mean": 0.5298999999999999, "MAX:kappa.mean": 0.6305999999999999, "MIN:kappa.max": 0.73, "MAX:kappa.max": 0.73}