{"MIN:log_loss.min": 0.24764628519982865, "MAX:log_loss.min": 0.31762873336791925, "MIN:log_loss.mean": 0.6526673259321563, "MAX:log_loss.mean": 0.7068876911552888, "MIN:log_loss.max": 1.0935933640178714, "MAX:log_loss.max": 1.0986116949892648, "MIN:accuracy.min": 0.62, "MAX:accuracy.min": 0.8133333333333334, "MIN:accuracy.mean": 0.7317333333333335, "MAX:accuracy.mean": 0.8675333333333333, "MIN:accuracy.max": 0.9133333333333333, "MAX:accuracy.max": 0.96, "MIN:kappa.min": 0.43000000000000005, "MAX:kappa.min": 0.72, "MIN:kappa.mean": 0.5976, "MAX:kappa.mean": 0.8012999999999998, "MIN:kappa.max": 0.87, "MAX:kappa.max": 0.9400000000000001}