{"MIN:log_loss.min": 0.6799848953135542, "MAX:log_loss.min": 0.6799848953135542, "MIN:log_loss.mean": 1.320705408720241, "MAX:log_loss.mean": 1.320705408720241, "MIN:log_loss.max": 2.735694840438057, "MAX:log_loss.max": 2.735694840438057, "MIN:accuracy.min": 0.56, "MAX:accuracy.min": 0.56, "MIN:accuracy.mean": 0.6368666666666668, "MAX:accuracy.mean": 0.6368666666666668, "MIN:accuracy.max": 0.8866666666666667, "MAX:accuracy.max": 0.8866666666666667, "MIN:kappa.min": 0.33999999999999997, "MAX:kappa.min": 0.33999999999999997, "MIN:kappa.mean": 0.4553000000000001, "MAX:kappa.mean": 0.4553000000000001, "MIN:kappa.max": 0.83, "MAX:kappa.max": 0.83}