{"MIN:log_loss.min": 0.6854682845734196, "MAX:log_loss.min": 0.7867754200909184, "MIN:log_loss.mean": 0.9420984337171376, "MAX:log_loss.mean": 1.3805989575610793, "MIN:log_loss.max": 1.2333783860296792, "MAX:log_loss.max": 2.7321169331509534, "MIN:accuracy.min": 0.3333333333333333, "MAX:accuracy.min": 0.34, "MIN:accuracy.mean": 0.5760666666666666, "MAX:accuracy.mean": 0.6159333333333332, "MIN:accuracy.max": 0.8533333333333334, "MAX:accuracy.max": 0.9333333333333333, "MIN:kappa.min": -2.220446049250313e-16, "MAX:kappa.min": 0.010000000000000009, "MIN:kappa.mean": 0.36410000000000003, "MAX:kappa.mean": 0.4239, "MIN:kappa.max": 0.78, "MAX:kappa.max": 0.9}