{"MIN:log_loss.min": 0.3723767181330283, "MAX:log_loss.min": 0.5397363216250077, "MIN:log_loss.mean": 0.7705982042419035, "MAX:log_loss.mean": 1.8264371841757847, "MIN:log_loss.max": 1.2339105474729586, "MAX:log_loss.max": 23.025850929940454, "MIN:accuracy.min": 0.013333333333333334, "MAX:accuracy.min": 0.3466666666666667, "MIN:accuracy.mean": 0.7268666666666667, "MAX:accuracy.mean": 0.8060666666666666, "MIN:accuracy.max": 0.96, "MAX:accuracy.max": 0.96, "MIN:kappa.min": -0.48, "MAX:kappa.min": 0.020000000000000018, "MIN:kappa.mean": 0.5903, "MAX:kappa.mean": 0.7091000000000001, "MIN:kappa.max": 0.9400000000000001, "MAX:kappa.max": 0.9400000000000001}