{"MIN:log_loss.min": 0.12455600512409025, "MAX:log_loss.min": 0.4360346384898067, "MIN:log_loss.mean": 0.3398139434197123, "MAX:log_loss.mean": 0.6354536463697824, "MIN:log_loss.max": 1.027719086471246, "MAX:log_loss.max": 2.23677165988304, "MIN:accuracy.min": 0.3333333333333333, "MAX:accuracy.min": 0.3333333333333333, "MIN:accuracy.mean": 0.8809333333333333, "MAX:accuracy.mean": 0.8921333333333332, "MIN:accuracy.max": 0.96, "MAX:accuracy.max": 0.96, "MIN:kappa.min": -2.220446049250313e-16, "MAX:kappa.min": 0.0, "MIN:kappa.mean": 0.8213999999999999, "MAX:kappa.mean": 0.8382000000000001, "MIN:kappa.max": 0.9400000000000001, "MAX:kappa.max": 0.9400000000000001}