{"MIN:log_loss.min": 0.733590473586212, "MAX:log_loss.min": 0.7549158656458014, "MIN:log_loss.mean": 0.9378497717933153, "MAX:log_loss.mean": 1.0641542734046083, "MIN:log_loss.max": 1.2018962973473726, "MAX:log_loss.max": 2.021017540817799, "MIN:accuracy.min": 0.2866666666666667, "MAX:accuracy.min": 0.3333333333333333, "MIN:accuracy.mean": 0.5352666666666667, "MAX:accuracy.mean": 0.5505333333333333, "MIN:accuracy.max": 0.6666666666666666, "MAX:accuracy.max": 0.7866666666666666, "MIN:kappa.min": -0.07000000000000006, "MAX:kappa.min": 0.0, "MIN:kappa.mean": 0.3029, "MAX:kappa.mean": 0.3258, "MIN:kappa.max": 0.5, "MAX:kappa.max": 0.6799999999999999}