{"MIN:log_loss.min": 0.12734694210236913, "MAX:log_loss.min": 0.18696256872601655, "MIN:log_loss.mean": 0.5086884425478914, "MAX:log_loss.mean": 0.5660746229737115, "MIN:log_loss.max": 1.0978208318645442, "MAX:log_loss.max": 1.0984976273556513, "MIN:accuracy.min": 0.3333333333333333, "MAX:accuracy.min": 0.6333333333333333, "MIN:accuracy.mean": 0.7675333333333333, "MAX:accuracy.mean": 0.8328666666666664, "MIN:accuracy.max": 0.96, "MAX:accuracy.max": 0.9666666666666667, "MIN:kappa.min": 0.0, "MAX:kappa.min": 0.44999999999999996, "MIN:kappa.mean": 0.6513000000000001, "MAX:kappa.mean": 0.7493000000000001, "MIN:kappa.max": 0.9400000000000001, "MAX:kappa.max": 0.95}