{"MIN:log_loss.min": 0.14198499998843989, "MAX:log_loss.min": 0.3099378337176416, "MIN:log_loss.mean": 0.7584544458445738, "MAX:log_loss.mean": 1.0648851002567867, "MIN:log_loss.max": 2.396869248966551, "MAX:log_loss.max": 4.328698223641787, "MIN:accuracy.min": 0.3333333333333333, "MAX:accuracy.min": 0.3333333333333333, "MIN:accuracy.mean": 0.7324, "MAX:accuracy.mean": 0.7804666666666666, "MIN:accuracy.max": 0.9666666666666667, "MAX:accuracy.max": 0.9666666666666667, "MIN:kappa.min": -2.220446049250313e-16, "MAX:kappa.min": 0.0, "MIN:kappa.mean": 0.5985999999999999, "MAX:kappa.mean": 0.6707, "MIN:kappa.max": 0.95, "MAX:kappa.max": 0.95}