{"MIN:log_loss.min": 0.743490331342507, "MAX:log_loss.min": 0.7974204486507682, "MIN:log_loss.mean": 0.8497184339129014, "MAX:log_loss.mean": 0.8596069228706414, "MIN:log_loss.max": 1.174705574741729, "MAX:log_loss.max": 1.6817248534453935, "MIN:accuracy.min": 0.3333333333333333, "MAX:accuracy.min": 0.56, "MIN:accuracy.mean": 0.6254666666666666, "MAX:accuracy.mean": 0.7019333333333333, "MIN:accuracy.max": 0.8866666666666667, "MAX:accuracy.max": 0.96, "MIN:kappa.min": -2.220446049250313e-16, "MAX:kappa.min": 0.33999999999999997, "MIN:kappa.mean": 0.4382, "MAX:kappa.mean": 0.5529, "MIN:kappa.max": 0.83, "MAX:kappa.max": 0.9400000000000001}