{"MIN:log_loss.min": 0.3602920237863832, "MAX:log_loss.min": 0.43867939067497635, "MIN:log_loss.mean": 0.514735424036367, "MAX:log_loss.mean": 0.5534452783974707, "MIN:log_loss.max": 0.8163275455859907, "MAX:log_loss.max": 0.9450024241587769, "MIN:accuracy.min": 0.35333333333333333, "MAX:accuracy.min": 0.64, "MIN:accuracy.mean": 0.8661333333333334, "MAX:accuracy.mean": 0.8936666666666666, "MIN:accuracy.max": 0.9466666666666667, "MAX:accuracy.max": 0.9733333333333334, "MIN:kappa.min": 0.030000000000000027, "MAX:kappa.min": 0.45999999999999996, "MIN:kappa.mean": 0.7992, "MAX:kappa.mean": 0.8405, "MIN:kappa.max": 0.92, "MAX:kappa.max": 0.96}