{"MIN:log_loss.min": 0.4765841969403896, "MAX:log_loss.min": 0.549580023633535, "MIN:log_loss.mean": 0.6472068208874034, "MAX:log_loss.mean": 0.7851064766958424, "MIN:log_loss.max": 2.326035437230239, "MAX:log_loss.max": 4.8464336530031185, "MIN:accuracy.min": 0.34, "MAX:accuracy.min": 0.5066666666666667, "MIN:accuracy.mean": 0.8186, "MAX:accuracy.mean": 0.8457333333333331, "MIN:accuracy.max": 0.96, "MAX:accuracy.max": 0.96, "MIN:kappa.min": 0.010000000000000009, "MAX:kappa.min": 0.26, "MIN:kappa.mean": 0.7279000000000001, "MAX:kappa.mean": 0.7685999999999998, "MIN:kappa.max": 0.94, "MAX:kappa.max": 0.9400000000000001}