{"MIN:log_loss.min": 0.549071222044209, "MAX:log_loss.min": 0.71952005329838, "MIN:log_loss.mean": 0.7392675972141523, "MAX:log_loss.mean": 0.7977741083805809, "MIN:log_loss.max": 0.9897296538658814, "MAX:log_loss.max": 1.9986993120241126, "MIN:accuracy.min": 0.3333333333333333, "MAX:accuracy.min": 0.62, "MIN:accuracy.mean": 0.7309333333333334, "MAX:accuracy.mean": 0.7992666666666668, "MIN:accuracy.max": 0.9133333333333333, "MAX:accuracy.max": 0.96, "MIN:kappa.min": 0.0, "MAX:kappa.min": 0.43000000000000005, "MIN:kappa.mean": 0.5963999999999999, "MAX:kappa.mean": 0.6989000000000002, "MIN:kappa.max": 0.87, "MAX:kappa.max": 0.9400000000000001}