{"MIN:log_loss.min": 0.49198493959607004, "MAX:log_loss.min": 0.6625518959785328, "MIN:log_loss.mean": 0.671325076992811, "MAX:log_loss.mean": 0.7757590175486674, "MIN:log_loss.max": 0.946516547734476, "MAX:log_loss.max": 0.9922806428382894, "MIN:accuracy.min": 0.3333333333333333, "MAX:accuracy.min": 0.37333333333333335, "MIN:accuracy.mean": 0.8417333333333332, "MAX:accuracy.mean": 0.8735333333333334, "MIN:accuracy.max": 0.96, "MAX:accuracy.max": 0.9666666666666667, "MIN:kappa.min": -2.220446049250313e-16, "MAX:kappa.min": 0.06000000000000005, "MIN:kappa.mean": 0.7626000000000001, "MAX:kappa.mean": 0.8102999999999999, "MIN:kappa.max": 0.9400000000000001, "MAX:kappa.max": 0.95}