{"MIN:log_loss.min": 0.11821623994653412, "MAX:log_loss.min": 0.20529278988591046, "MIN:log_loss.mean": 0.5588889563818364, "MAX:log_loss.mean": 0.7849196472469008, "MIN:log_loss.max": 1.0985699986162965, "MAX:log_loss.max": 1.5496434628441977, "MIN:accuracy.min": 0.3333333333333333, "MAX:accuracy.min": 0.3333333333333333, "MIN:accuracy.mean": 0.6617333333333333, "MAX:accuracy.mean": 0.7582, "MIN:accuracy.max": 0.96, "MAX:accuracy.max": 0.96, "MIN:kappa.min": -2.220446049250313e-16, "MAX:kappa.min": 0.0, "MIN:kappa.mean": 0.49260000000000004, "MAX:kappa.mean": 0.6372999999999999, "MIN:kappa.max": 0.94, "MAX:kappa.max": 0.9400000000000001}