{"MIN:log_loss.min": 0.4251225626105592, "MAX:log_loss.min": 0.479645482734483, "MIN:log_loss.mean": 0.7616802496011046, "MAX:log_loss.mean": 0.8480838162160867, "MIN:log_loss.max": 1.582026717933823, "MAX:log_loss.max": 1.76313210573434, "MIN:accuracy.min": 0.0, "MAX:accuracy.min": 0.3333333333333333, "MIN:accuracy.mean": 0.7263999999999998, "MAX:accuracy.mean": 0.7776666666666665, "MIN:accuracy.max": 0.96, "MAX:accuracy.max": 0.9666666666666667, "MIN:kappa.min": -0.5, "MAX:kappa.min": -2.220446049250313e-16, "MIN:kappa.mean": 0.5896, "MAX:kappa.mean": 0.6664999999999999, "MIN:kappa.max": 0.9400000000000001, "MAX:kappa.max": 0.95}