{"MIN:log_loss.min": 0.0843733217984863, "MAX:log_loss.min": 0.11405665488320627, "MIN:log_loss.mean": 0.24869675255255533, "MAX:log_loss.mean": 0.302384995287205, "MIN:log_loss.max": 0.7671121911601493, "MAX:log_loss.max": 0.8353079657220004, "MIN:accuracy.min": 0.92, "MAX:accuracy.min": 0.9533333333333334, "MIN:accuracy.mean": 0.9629999999999999, "MAX:accuracy.mean": 0.9726666666666666, "MIN:accuracy.max": 0.9733333333333334, "MAX:accuracy.max": 0.9733333333333334, "MIN:kappa.min": 0.88, "MAX:kappa.min": 0.9299999999999999, "MIN:kappa.mean": 0.9444999999999999, "MAX:kappa.mean": 0.959, "MIN:kappa.max": 0.96, "MAX:kappa.max": 0.96}