{"MIN:log_loss.min": 0.3074996480524478, "MAX:log_loss.min": 1.0653774440847035, "MIN:log_loss.mean": 1.0979565168317504, "MAX:log_loss.mean": 7.508086292150001, "MIN:log_loss.max": 1.1246506457335317, "MAX:log_loss.max": 23.025850929940454, "MIN:accuracy.min": 0.3333333333333333, "MAX:accuracy.min": 0.6666666666666666, "MIN:accuracy.mean": 0.5969333333333333, "MAX:accuracy.mean": 0.6944666666666667, "MIN:accuracy.max": 0.6666666666666666, "MAX:accuracy.max": 0.96, "MIN:kappa.min": -2.220446049250313e-16, "MAX:kappa.min": 0.5, "MIN:kappa.mean": 0.3954, "MAX:kappa.mean": 0.5417000000000001, "MIN:kappa.max": 0.5, "MAX:kappa.max": 0.9400000000000001}