{"MIN:log_loss.min": 0.5522080721812271, "MAX:log_loss.min": 0.641855593939543, "MIN:log_loss.mean": 0.8139958321668146, "MAX:log_loss.mean": 0.945356061041846, "MIN:log_loss.max": 1.17993955500969, "MAX:log_loss.max": 2.169538477254107, "MIN:accuracy.min": 0.3333333333333333, "MAX:accuracy.min": 0.3333333333333333, "MIN:accuracy.mean": 0.6587999999999999, "MAX:accuracy.mean": 0.7072666666666666, "MIN:accuracy.max": 0.96, "MAX:accuracy.max": 0.9666666666666667, "MIN:kappa.min": -2.220446049250313e-16, "MAX:kappa.min": 0.0, "MIN:kappa.mean": 0.4882000000000001, "MAX:kappa.mean": 0.5609000000000001, "MIN:kappa.max": 0.94, "MAX:kappa.max": 0.95}