{"mean accuracy": 0.9337333333333333, "max accuracy": 0.96, "mean kappa": 0.9006000000000001, "max kappa": 0.94}