{"MIN:log_loss.min": 0.4620981203732982, "MAX:log_loss.min": 0.4620981203732982, "MIN:log_loss.mean": 0.6070365480283098, "MAX:log_loss.mean": 0.6580773529437067, "MIN:log_loss.max": 1.0986122737655075, "MAX:log_loss.max": 1.139010704660313, "MIN:accuracy.min": 0.14, "MAX:accuracy.min": 0.6666666666666666, "MIN:accuracy.mean": 0.595, "MAX:accuracy.mean": 0.6666666666666669, "MIN:accuracy.max": 0.6666666666666666, "MAX:accuracy.max": 0.6666666666666666, "MIN:kappa.min": -0.2899999999999998, "MAX:kappa.min": 0.5, "MIN:kappa.mean": 0.3925, "MAX:kappa.mean": 0.5, "MIN:kappa.max": 0.5, "MAX:kappa.max": 0.5}