{"MIN:log_loss.min": 0.11954187707573108, "MAX:log_loss.min": 0.12877172936831396, "MIN:log_loss.mean": 0.44819366933387983, "MAX:log_loss.mean": 0.45273968979258555, "MIN:log_loss.max": 1.0960772206442866, "MAX:log_loss.max": 1.0960772459309072, "MIN:accuracy.min": 0.3333333333333333, "MAX:accuracy.min": 0.3333333333333333, "MIN:accuracy.mean": 0.8498666666666665, "MAX:accuracy.mean": 0.8560666666666665, "MIN:accuracy.max": 0.96, "MAX:accuracy.max": 0.96, "MIN:kappa.min": 0.0, "MAX:kappa.min": 0.0, "MIN:kappa.mean": 0.7747999999999999, "MAX:kappa.mean": 0.7841, "MIN:kappa.max": 0.9400000000000001, "MAX:kappa.max": 0.9400000000000001}