{"MIN:log_loss.min": 0.12292939402355496, "MAX:log_loss.min": 0.16246171968914522, "MIN:log_loss.mean": 0.6255058844192198, "MAX:log_loss.mean": 0.9027646622401053, "MIN:log_loss.max": 8.258944729946283, "MAX:log_loss.max": 10.929153500182316, "MIN:accuracy.min": 0.3333333333333333, "MAX:accuracy.min": 0.34, "MIN:accuracy.mean": 0.8503333333333333, "MAX:accuracy.mean": 0.8771333333333332, "MIN:accuracy.max": 0.96, "MAX:accuracy.max": 0.96, "MIN:kappa.min": 0.0, "MAX:kappa.min": 0.010000000000000009, "MIN:kappa.mean": 0.7754999999999999, "MAX:kappa.mean": 0.8157, "MIN:kappa.max": 0.9400000000000001, "MAX:kappa.max": 0.9400000000000001}