{"MIN:log_loss.min": 0.10853673716292325, "MAX:log_loss.min": 0.11247603767899778, "MIN:log_loss.mean": 0.3250931578039836, "MAX:log_loss.mean": 0.331893141033774, "MIN:log_loss.max": 0.9066540127770728, "MAX:log_loss.max": 0.9110136268240895, "MIN:accuracy.min": 0.6066666666666667, "MAX:accuracy.min": 0.6533333333333333, "MIN:accuracy.mean": 0.9013333333333332, "MAX:accuracy.mean": 0.9024666666666665, "MIN:accuracy.max": 0.96, "MAX:accuracy.max": 0.96, "MIN:kappa.min": 0.41000000000000003, "MAX:kappa.min": 0.48, "MIN:kappa.mean": 0.8519999999999999, "MAX:kappa.mean": 0.8536999999999999, "MIN:kappa.max": 0.9400000000000001, "MAX:kappa.max": 0.9400000000000001}