{"MIN:log_loss.min": 0.23128513859398897, "MAX:log_loss.min": 0.6952992143647246, "MIN:log_loss.mean": 0.5866535315922218, "MAX:log_loss.mean": 1.485054636840788, "MIN:log_loss.max": 0.8869609416846148, "MAX:log_loss.max": 6.1887717788288485, "MIN:accuracy.min": 0.36666666666666664, "MAX:accuracy.min": 0.6066666666666667, "MIN:accuracy.mean": 0.6706, "MAX:accuracy.mean": 0.7250000000000001, "MIN:accuracy.max": 0.92, "MAX:accuracy.max": 0.96, "MIN:kappa.min": 0.050000000000000044, "MAX:kappa.min": 0.41000000000000003, "MIN:kappa.mean": 0.5059000000000001, "MAX:kappa.mean": 0.5874999999999999, "MIN:kappa.max": 0.88, "MAX:kappa.max": 0.9400000000000001}