{"mean accuracy": 0.8559333333333332, "max accuracy": 0.9666666666666666, "mean kappa": 0.7838999999999997, "max kappa": 0.9499999999999998}