{"mean accuracy": 0.6910666666666667, "max accuracy": 0.96, "mean kappa": 0.5366000000000001, "max kappa": 0.94}