{"MIN:log_loss.min": 0.5227741167730909, "MAX:log_loss.min": 0.5941576738865234, "MIN:log_loss.mean": 0.6416316893058196, "MAX:log_loss.mean": 0.7072951686973684, "MIN:log_loss.max": 0.8324698316335789, "MAX:log_loss.max": 0.9551127312894763, "MIN:accuracy.min": 0.48, "MAX:accuracy.min": 0.6066666666666667, "MIN:accuracy.mean": 0.8566666666666666, "MAX:accuracy.mean": 0.8856, "MIN:accuracy.max": 0.96, "MAX:accuracy.max": 0.96, "MIN:kappa.min": 0.21999999999999997, "MAX:kappa.min": 0.41000000000000003, "MIN:kappa.mean": 0.7849999999999998, "MAX:kappa.mean": 0.8283999999999999, "MIN:kappa.max": 0.94, "MAX:kappa.max": 0.94}