{"mean accuracy": 0.46813333333333335, "max accuracy": 0.96, "mean kappa": 0.20219999999999996, "max kappa": 0.94}