{"MIN:log_loss.min": 0.40768221009152816, "MAX:log_loss.min": 0.9179825355580173, "MIN:log_loss.mean": 0.8645681256430771, "MAX:log_loss.mean": 5.319681125164214, "MIN:log_loss.max": 1.1700181116539823, "MAX:log_loss.max": 13.435680130015314, "MIN:accuracy.min": 0.3333333333333333, "MAX:accuracy.min": 0.3333333333333333, "MIN:accuracy.mean": 0.5116666666666666, "MAX:accuracy.mean": 0.5837333333333333, "MIN:accuracy.max": 0.6666666666666666, "MAX:accuracy.max": 0.9466666666666667, "MIN:kappa.min": -2.220446049250313e-16, "MAX:kappa.min": 0.0, "MIN:kappa.mean": 0.26749999999999996, "MAX:kappa.mean": 0.3756000000000001, "MIN:kappa.max": 0.5, "MAX:kappa.max": 0.92}