{"MIN:log_loss.min": 0.3399703171006465, "MAX:log_loss.min": 0.41585775857794466, "MIN:log_loss.mean": 0.7201365195041408, "MAX:log_loss.mean": 0.8090788900775192, "MIN:log_loss.max": 1.09169834636689, "MAX:log_loss.max": 1.2507431465602712, "MIN:accuracy.min": 0.4266666666666667, "MAX:accuracy.min": 0.6133333333333333, "MIN:accuracy.mean": 0.7232000000000001, "MAX:accuracy.mean": 0.757, "MIN:accuracy.max": 0.96, "MAX:accuracy.max": 0.96, "MIN:kappa.min": 0.14, "MAX:kappa.min": 0.42000000000000004, "MIN:kappa.mean": 0.5848000000000001, "MAX:kappa.mean": 0.6355000000000001, "MIN:kappa.max": 0.94, "MAX:kappa.max": 0.9400000000000001}