{"MIN:log_loss.min": 0.11878774149335287, "MAX:log_loss.min": 0.16739359642969695, "MIN:log_loss.mean": 0.5644259116268867, "MAX:log_loss.mean": 0.6296924696988602, "MIN:log_loss.max": 0.9133485219388127, "MAX:log_loss.max": 1.0925025785285611, "MIN:accuracy.min": 0.56, "MAX:accuracy.min": 0.7, "MIN:accuracy.mean": 0.731, "MAX:accuracy.mean": 0.8513333333333334, "MIN:accuracy.max": 0.96, "MAX:accuracy.max": 0.96, "MIN:kappa.min": 0.33999999999999997, "MAX:kappa.min": 0.55, "MIN:kappa.mean": 0.5965, "MAX:kappa.mean": 0.777, "MIN:kappa.max": 0.94, "MAX:kappa.max": 0.9400000000000001}