{"MIN:log_loss.min": 0.1631659066753583, "MAX:log_loss.min": 0.3930040901087306, "MIN:log_loss.mean": 0.7259919078230058, "MAX:log_loss.mean": 6.3020371191250515, "MIN:log_loss.max": 6.226601025661135, "MAX:log_loss.max": 23.025850929940454, "MIN:accuracy.min": 0.3333333333333333, "MAX:accuracy.min": 0.56, "MIN:accuracy.mean": 0.6735999999999998, "MAX:accuracy.mean": 0.7490000000000001, "MIN:accuracy.max": 0.9533333333333334, "MAX:accuracy.max": 0.96, "MIN:kappa.min": 0.0, "MAX:kappa.min": 0.33999999999999997, "MIN:kappa.mean": 0.5104, "MAX:kappa.mean": 0.6234999999999999, "MIN:kappa.max": 0.9299999999999999, "MAX:kappa.max": 0.9400000000000001}