{"MIN:log_loss.min": 0.6613121106913566, "MAX:log_loss.min": 0.8716568183023109, "MIN:log_loss.mean": 0.8938677872870159, "MAX:log_loss.mean": 1.5691326352556474, "MIN:log_loss.max": 1.1178817739136753, "MAX:log_loss.max": 11.608651945077863, "MIN:accuracy.min": 0.3333333333333333, "MAX:accuracy.min": 0.3333333333333333, "MIN:accuracy.mean": 0.6381999999999999, "MAX:accuracy.mean": 0.6622666666666666, "MIN:accuracy.max": 0.9466666666666667, "MAX:accuracy.max": 0.96, "MIN:kappa.min": -2.220446049250313e-16, "MAX:kappa.min": -2.220446049250313e-16, "MIN:kappa.mean": 0.4573, "MAX:kappa.mean": 0.49339999999999995, "MIN:kappa.max": 0.92, "MAX:kappa.max": 0.9400000000000001}