{"MIN:log_loss.min": 0.13964946852404708, "MAX:log_loss.min": 0.4360966934000182, "MIN:log_loss.mean": 0.8184419827766001, "MAX:log_loss.mean": 1.630001563698086, "MIN:log_loss.max": 4.874289869611597, "MAX:log_loss.max": 15.567988143950425, "MIN:accuracy.min": 0.3333333333333333, "MAX:accuracy.min": 0.6466666666666666, "MIN:accuracy.mean": 0.7881999999999999, "MAX:accuracy.mean": 0.8277333333333331, "MIN:accuracy.max": 0.9533333333333334, "MAX:accuracy.max": 0.9666666666666667, "MIN:kappa.min": -2.220446049250313e-16, "MAX:kappa.min": 0.47, "MIN:kappa.mean": 0.6822999999999999, "MAX:kappa.mean": 0.7415999999999999, "MIN:kappa.max": 0.9299999999999999, "MAX:kappa.max": 0.95}