{"MIN:log_loss.min": 0.6841323868472305, "MAX:log_loss.min": 0.9376388050618074, "MIN:log_loss.mean": 0.9429892196219797, "MAX:log_loss.mean": 1.5621726842337984, "MIN:log_loss.max": 1.100686587608617, "MAX:log_loss.max": 2.797621552633806, "MIN:accuracy.min": 0.3333333333333333, "MAX:accuracy.min": 0.62, "MIN:accuracy.mean": 0.5979333333333333, "MAX:accuracy.mean": 0.6439333333333334, "MIN:accuracy.max": 0.62, "MAX:accuracy.max": 0.96, "MIN:kappa.min": 0.0, "MAX:kappa.min": 0.43000000000000005, "MIN:kappa.mean": 0.3969000000000002, "MAX:kappa.mean": 0.46590000000000004, "MIN:kappa.max": 0.43000000000000005, "MAX:kappa.max": 0.9400000000000001}