{"MIN:log_loss.min": 0.5283816235902933, "MAX:log_loss.min": 0.6966208889977046, "MIN:log_loss.mean": 0.8421505449353617, "MAX:log_loss.mean": 0.895822336316459, "MIN:log_loss.max": 2.6856917409006527, "MAX:log_loss.max": 4.989041451560696, "MIN:accuracy.min": 0.3333333333333333, "MAX:accuracy.min": 0.3333333333333333, "MIN:accuracy.mean": 0.6966, "MAX:accuracy.mean": 0.7673333333333335, "MIN:accuracy.max": 0.96, "MAX:accuracy.max": 0.96, "MIN:kappa.min": -2.220446049250313e-16, "MAX:kappa.min": 0.0, "MIN:kappa.mean": 0.5449, "MAX:kappa.mean": 0.6509999999999999, "MIN:kappa.max": 0.94, "MAX:kappa.max": 0.9400000000000001}