{"MIN:log_loss.min": 0.8322079560012451, "MAX:log_loss.min": 0.8322079560012451, "MIN:log_loss.mean": 0.9122919537442852, "MAX:log_loss.mean": 0.9122919537442852, "MIN:log_loss.max": 1.0705040628422926, "MAX:log_loss.max": 1.0705040628422926, "MIN:accuracy.min": 0.66, "MAX:accuracy.min": 0.66, "MIN:accuracy.mean": 0.9004666666666666, "MAX:accuracy.mean": 0.9004666666666666, "MIN:accuracy.max": 0.9533333333333334, "MAX:accuracy.max": 0.9533333333333334, "MIN:kappa.min": 0.49, "MAX:kappa.min": 0.49, "MIN:kappa.mean": 0.8506999999999999, "MAX:kappa.mean": 0.8506999999999999, "MIN:kappa.max": 0.9299999999999999, "MAX:kappa.max": 0.9299999999999999}