{"MIN:log_loss.min": 0.14581768676721965, "MAX:log_loss.min": 0.2944954298232204, "MIN:log_loss.mean": 2.4068515496975276, "MAX:log_loss.mean": 5.060409709051051, "MIN:log_loss.max": 13.025245607782338, "MAX:log_loss.max": 26.70998707873093, "MIN:accuracy.min": 0.22666666666666666, "MAX:accuracy.min": 0.4533333333333333, "MIN:accuracy.mean": 0.6583333333333331, "MAX:accuracy.mean": 0.7489999999999999, "MIN:accuracy.max": 0.96, "MAX:accuracy.max": 0.96, "MIN:kappa.min": -0.15999999999999992, "MAX:kappa.min": 0.18000000000000005, "MIN:kappa.mean": 0.48749999999999993, "MAX:kappa.mean": 0.6235, "MIN:kappa.max": 0.9400000000000001, "MAX:kappa.max": 0.9400000000000001}