{"MIN:log_loss.min": 0.20935193714291092, "MAX:log_loss.min": 0.40989397378978015, "MIN:log_loss.mean": 0.6585274581850666, "MAX:log_loss.mean": 0.7908421866405436, "MIN:log_loss.max": 1.0983394806489661, "MAX:log_loss.max": 1.272773805922368, "MIN:accuracy.min": 0.3333333333333333, "MAX:accuracy.min": 0.36666666666666664, "MIN:accuracy.mean": 0.6502, "MAX:accuracy.mean": 0.7647333333333333, "MIN:accuracy.max": 0.9533333333333334, "MAX:accuracy.max": 0.96, "MIN:kappa.min": -2.220446049250313e-16, "MAX:kappa.min": 0.050000000000000044, "MIN:kappa.mean": 0.4753, "MAX:kappa.mean": 0.6471000000000001, "MIN:kappa.max": 0.9299999999999999, "MAX:kappa.max": 0.9400000000000001}