{"MIN:log_loss.min": 0.18703539463023602, "MAX:log_loss.min": 0.2850041254081817, "MIN:log_loss.mean": 0.6091836030363932, "MAX:log_loss.mean": 0.6601023851201896, "MIN:log_loss.max": 1.0985149422395033, "MAX:log_loss.max": 1.0985638499052346, "MIN:accuracy.min": 0.5266666666666666, "MAX:accuracy.min": 0.8533333333333334, "MIN:accuracy.mean": 0.8325999999999999, "MAX:accuracy.mean": 0.9057333333333333, "MIN:accuracy.max": 0.8933333333333333, "MAX:accuracy.max": 0.96, "MIN:kappa.min": 0.29000000000000004, "MAX:kappa.min": 0.78, "MIN:kappa.mean": 0.7489, "MAX:kappa.mean": 0.8586000000000001, "MIN:kappa.max": 0.84, "MAX:kappa.max": 0.9400000000000001}