{"mean accuracy": 0.6506000000000001, "max accuracy": 0.96, "mean kappa": 0.47590000000000005, "max kappa": 0.94}