{"MIN:log_loss.min": 0.2573226206745006, "MAX:log_loss.min": 0.6874117389367533, "MIN:log_loss.mean": 0.8201367495590691, "MAX:log_loss.mean": 1.676144961876055, "MIN:log_loss.max": 1.148617177103022, "MAX:log_loss.max": 4.512272548304674, "MIN:accuracy.min": 0.0, "MAX:accuracy.min": 0.3333333333333333, "MIN:accuracy.mean": 0.5251333333333333, "MAX:accuracy.mean": 0.6411333333333333, "MIN:accuracy.max": 0.74, "MAX:accuracy.max": 0.9666666666666667, "MIN:kappa.min": -0.5, "MAX:kappa.min": 0.0, "MIN:kappa.mean": 0.28769999999999996, "MAX:kappa.mean": 0.4617, "MIN:kappa.max": 0.61, "MAX:kappa.max": 0.95}