{"mean accuracy": 0.5817333333333334, "max accuracy": 0.9733333333333334, "mean kappa": 0.37260000000000004, "max kappa": 0.9600000000000001}