{"MIN:log_loss.min": 0.14696026691616046, "MAX:log_loss.min": 0.7921264916404905, "MIN:log_loss.mean": 0.5958291569683738, "MAX:log_loss.mean": 0.8916182504395768, "MIN:log_loss.max": 1.0984422398468636, "MAX:log_loss.max": 1.0986122821602233, "MIN:accuracy.min": 0.3333333333333333, "MAX:accuracy.min": 0.6866666666666666, "MIN:accuracy.mean": 0.7263999999999997, "MAX:accuracy.mean": 0.8553999999999999, "MIN:accuracy.max": 0.8533333333333334, "MAX:accuracy.max": 0.96, "MIN:kappa.min": -2.220446049250313e-16, "MAX:kappa.min": 0.53, "MIN:kappa.mean": 0.5895999999999999, "MAX:kappa.mean": 0.7830999999999997, "MIN:kappa.max": 0.78, "MAX:kappa.max": 0.9400000000000001}