{"MIN:log_loss.min": 0.44911996577045993, "MAX:log_loss.min": 1.0866289538471179, "MIN:log_loss.mean": 0.8611962490456493, "MAX:log_loss.mean": 1.1472816979075187, "MIN:log_loss.max": 1.096214794840636, "MAX:log_loss.max": 1.428946449649142, "MIN:accuracy.min": 0.17333333333333334, "MAX:accuracy.min": 0.6666666666666666, "MIN:accuracy.mean": 0.6035999999999999, "MAX:accuracy.mean": 0.6666666666666669, "MIN:accuracy.max": 0.62, "MAX:accuracy.max": 0.9733333333333334, "MIN:kappa.min": -0.24, "MAX:kappa.min": 0.5, "MIN:kappa.mean": 0.4053999999999999, "MAX:kappa.mean": 0.5, "MIN:kappa.max": 0.43000000000000005, "MAX:kappa.max": 0.96}