{"MIN:log_loss.min": 0.4657006722461976, "MAX:log_loss.min": 1.0524558639228356, "MIN:log_loss.mean": 0.8274336411689417, "MAX:log_loss.mean": 2.419118728329467, "MIN:log_loss.max": 1.126877522964844, "MAX:log_loss.max": 10.064335206670284, "MIN:accuracy.min": 0.16666666666666666, "MAX:accuracy.min": 0.3333333333333333, "MIN:accuracy.mean": 0.4338666666666667, "MAX:accuracy.mean": 0.5414000000000001, "MIN:accuracy.max": 0.66, "MAX:accuracy.max": 0.86, "MIN:kappa.min": -0.25, "MAX:kappa.min": 0.0, "MIN:kappa.mean": 0.1508, "MAX:kappa.mean": 0.3121, "MIN:kappa.max": 0.49, "MAX:kappa.max": 0.79}