{"MIN:log_loss.min": 0.30059647859832656, "MAX:log_loss.min": 1.0841937710899423, "MIN:log_loss.mean": 0.9826827702042522, "MAX:log_loss.mean": 1.4325507888793123, "MIN:log_loss.max": 1.1960848756386127, "MAX:log_loss.max": 9.279939946606229, "MIN:accuracy.min": 0.3333333333333333, "MAX:accuracy.min": 0.3333333333333333, "MIN:accuracy.mean": 0.4992000000000001, "MAX:accuracy.mean": 0.5893333333333333, "MIN:accuracy.max": 0.6666666666666666, "MAX:accuracy.max": 0.96, "MIN:kappa.min": -2.220446049250313e-16, "MAX:kappa.min": 0.0, "MIN:kappa.mean": 0.2488, "MAX:kappa.mean": 0.38400000000000006, "MIN:kappa.max": 0.5, "MAX:kappa.max": 0.9400000000000001}