{"mean accuracy": 0.6700000000000003, "max accuracy": 0.9066666666666666, "mean kappa": 0.505, "max kappa": 0.8599999999999998}