{"MIN:log_loss.min": 0.3155852308772276, "MAX:log_loss.min": 0.34783330889174285, "MIN:log_loss.mean": 2.3909843691879145, "MAX:log_loss.mean": 2.489407517609631, "MIN:log_loss.max": 27.86127962522795, "MAX:log_loss.max": 29.242830681024376, "MIN:accuracy.min": 0.15333333333333332, "MAX:accuracy.min": 0.19333333333333333, "MIN:accuracy.mean": 0.744066666666667, "MAX:accuracy.mean": 0.7956666666666665, "MIN:accuracy.max": 0.96, "MAX:accuracy.max": 0.96, "MIN:kappa.min": -0.2699999999999998, "MAX:kappa.min": -0.20999999999999974, "MIN:kappa.mean": 0.6160999999999999, "MAX:kappa.mean": 0.6935000000000002, "MIN:kappa.max": 0.94, "MAX:kappa.max": 0.9400000000000001}