{"MIN:log_loss.min": 0.6676328770810603, "MAX:log_loss.min": 0.6802313649596781, "MIN:log_loss.mean": 0.7676924367922602, "MAX:log_loss.mean": 0.7993864461550383, "MIN:log_loss.max": 1.0985973600704126, "MAX:log_loss.max": 1.0986006637780978, "MIN:accuracy.min": 0.68, "MAX:accuracy.min": 0.7733333333333333, "MIN:accuracy.mean": 0.8500666666666666, "MAX:accuracy.mean": 0.8651333333333332, "MIN:accuracy.max": 0.94, "MAX:accuracy.max": 0.9533333333333334, "MIN:kappa.min": 0.52, "MAX:kappa.min": 0.6599999999999999, "MIN:kappa.mean": 0.7751, "MAX:kappa.mean": 0.7977000000000001, "MIN:kappa.max": 0.91, "MAX:kappa.max": 0.9299999999999999}