{"MIN:log_loss.min": 1.0009643743954144, "MAX:log_loss.min": 1.0009643743954144, "MIN:log_loss.mean": 1.0483273803909063, "MAX:log_loss.mean": 1.0483273803909063, "MIN:log_loss.max": 1.194443548824845, "MAX:log_loss.max": 1.194443548824845, "MIN:accuracy.min": 0.6666666666666666, "MAX:accuracy.min": 0.6666666666666666, "MIN:accuracy.mean": 0.6666666666666669, "MAX:accuracy.mean": 0.6666666666666669, "MIN:accuracy.max": 0.6666666666666666, "MAX:accuracy.max": 0.6666666666666666, "MIN:kappa.min": 0.5, "MAX:kappa.min": 0.5, "MIN:kappa.mean": 0.5, "MAX:kappa.mean": 0.5, "MIN:kappa.max": 0.5, "MAX:kappa.max": 0.5}