{"MIN:log_loss.min": 0.41450171116331663, "MAX:log_loss.min": 0.43753158792369345, "MIN:log_loss.mean": 0.6568770685108615, "MAX:log_loss.mean": 0.6922644880918446, "MIN:log_loss.max": 1.0163558699680486, "MAX:log_loss.max": 1.092350583307046, "MIN:accuracy.min": 0.3333333333333333, "MAX:accuracy.min": 0.3333333333333333, "MIN:accuracy.mean": 0.7633999999999999, "MAX:accuracy.mean": 0.8198666666666666, "MIN:accuracy.max": 0.96, "MAX:accuracy.max": 0.96, "MIN:kappa.min": 0.0, "MAX:kappa.min": 0.0, "MIN:kappa.mean": 0.6451, "MAX:kappa.mean": 0.7298, "MIN:kappa.max": 0.94, "MAX:kappa.max": 0.9400000000000001}