{"MIN:log_loss.min": 0.11072956001577514, "MAX:log_loss.min": 0.1518993590112074, "MIN:log_loss.mean": 0.3387530715784118, "MAX:log_loss.mean": 0.41686803701105263, "MIN:log_loss.max": 1.010840666490509, "MAX:log_loss.max": 2.4529875086978157, "MIN:accuracy.min": 0.6266666666666667, "MAX:accuracy.min": 0.7133333333333334, "MIN:accuracy.mean": 0.9161999999999998, "MAX:accuracy.mean": 0.9418666666666665, "MIN:accuracy.max": 0.96, "MAX:accuracy.max": 0.96, "MIN:kappa.min": 0.43999999999999995, "MAX:kappa.min": 0.5700000000000001, "MIN:kappa.mean": 0.8743, "MAX:kappa.mean": 0.9127999999999998, "MIN:kappa.max": 0.94, "MAX:kappa.max": 0.9400000000000001}