{"MIN:log_loss.min": 0.18283188391960928, "MAX:log_loss.min": 0.18283188391960928, "MIN:log_loss.mean": 0.6185643837696043, "MAX:log_loss.mean": 0.6265280697466158, "MIN:log_loss.max": 1.0841346605563373, "MAX:log_loss.max": 1.121693076634245, "MIN:accuracy.min": 0.3333333333333333, "MAX:accuracy.min": 0.3333333333333333, "MIN:accuracy.mean": 0.7680000000000001, "MAX:accuracy.mean": 0.7682000000000002, "MIN:accuracy.max": 0.96, "MAX:accuracy.max": 0.96, "MIN:kappa.min": 0.0, "MAX:kappa.min": 0.0, "MIN:kappa.mean": 0.652, "MAX:kappa.mean": 0.6523, "MIN:kappa.max": 0.94, "MAX:kappa.max": 0.94}