{"MIN:log_loss.min": 0.11611125364120521, "MAX:log_loss.min": 0.1463066917703926, "MIN:log_loss.mean": 0.2926208165429603, "MAX:log_loss.mean": 0.37948762306527867, "MIN:log_loss.max": 1.0011829814143187, "MAX:log_loss.max": 2.5852334169838485, "MIN:accuracy.min": 0.3333333333333333, "MAX:accuracy.min": 0.56, "MIN:accuracy.mean": 0.8695999999999998, "MAX:accuracy.mean": 0.9157333333333335, "MIN:accuracy.max": 0.96, "MAX:accuracy.max": 0.96, "MIN:kappa.min": 0.0, "MAX:kappa.min": 0.33999999999999997, "MIN:kappa.mean": 0.8043999999999998, "MAX:kappa.mean": 0.8736, "MIN:kappa.max": 0.9400000000000001, "MAX:kappa.max": 0.9400000000000001}