{"MIN:log_loss.min": 0.5624584133458188, "MAX:log_loss.min": 0.624367204466388, "MIN:log_loss.mean": 0.7872859280679377, "MAX:log_loss.mean": 0.8222734050854745, "MIN:log_loss.max": 1.1949222644039712, "MAX:log_loss.max": 1.1949413445433799, "MIN:accuracy.min": 0.66, "MAX:accuracy.min": 0.66, "MIN:accuracy.mean": 0.7933999999999999, "MAX:accuracy.mean": 0.7933999999999999, "MIN:accuracy.max": 0.9533333333333334, "MAX:accuracy.max": 0.9533333333333334, "MIN:kappa.min": 0.49, "MAX:kappa.min": 0.49, "MIN:kappa.mean": 0.6900999999999999, "MAX:kappa.mean": 0.6900999999999999, "MIN:kappa.max": 0.9299999999999999, "MAX:kappa.max": 0.9299999999999999}