{"MIN:log_loss.min": 0.3408524354323421, "MAX:log_loss.min": 0.5810874138086807, "MIN:log_loss.mean": 0.5720794729432156, "MAX:log_loss.mean": 0.7046564571430609, "MIN:log_loss.max": 0.9272447945277664, "MAX:log_loss.max": 0.9654599100008132, "MIN:accuracy.min": 0.47333333333333333, "MAX:accuracy.min": 0.6266666666666667, "MIN:accuracy.mean": 0.8344666666666665, "MAX:accuracy.mean": 0.8874666666666664, "MIN:accuracy.max": 0.96, "MAX:accuracy.max": 0.96, "MIN:kappa.min": 0.20999999999999996, "MAX:kappa.min": 0.43999999999999995, "MIN:kappa.mean": 0.7516999999999997, "MAX:kappa.mean": 0.8311999999999997, "MIN:kappa.max": 0.94, "MAX:kappa.max": 0.9400000000000001}