{"MIN:log_loss.min": 0.12834330968586727, "MAX:log_loss.min": 0.2166707996520961, "MIN:log_loss.mean": 0.6020267546835743, "MAX:log_loss.mean": 0.7682679734131068, "MIN:log_loss.max": 1.087916700442461, "MAX:log_loss.max": 1.1414020703662104, "MIN:accuracy.min": 0.3333333333333333, "MAX:accuracy.min": 0.4266666666666667, "MIN:accuracy.mean": 0.7012000000000002, "MAX:accuracy.mean": 0.731866666666667, "MIN:accuracy.max": 0.96, "MAX:accuracy.max": 0.96, "MIN:kappa.min": -2.220446049250313e-16, "MAX:kappa.min": 0.14, "MIN:kappa.mean": 0.5518000000000001, "MAX:kappa.mean": 0.5978, "MIN:kappa.max": 0.94, "MAX:kappa.max": 0.9400000000000001}