{"MIN:log_loss.min": 0.08224131029997281, "MAX:log_loss.min": 0.13014731332389412, "MIN:log_loss.mean": 0.5387860023969371, "MAX:log_loss.mean": 0.6027011876480105, "MIN:log_loss.max": 1.096849161841181, "MAX:log_loss.max": 1.1045025239650574, "MIN:accuracy.min": 0.25333333333333335, "MAX:accuracy.min": 0.3333333333333333, "MIN:accuracy.mean": 0.7309333333333332, "MAX:accuracy.mean": 0.8006666666666665, "MIN:accuracy.max": 0.9666666666666667, "MAX:accuracy.max": 0.9666666666666667, "MIN:kappa.min": -0.1200000000000001, "MAX:kappa.min": 0.0, "MIN:kappa.mean": 0.5964, "MAX:kappa.mean": 0.701, "MIN:kappa.max": 0.95, "MAX:kappa.max": 0.95}