{"MIN:log_loss.min": 0.05366282128382404, "MAX:log_loss.min": 0.0749009939600102, "MIN:log_loss.mean": 0.19875816030144847, "MAX:log_loss.mean": 0.2971829952856455, "MIN:log_loss.max": 1.2141931697216641, "MAX:log_loss.max": 4.416185242900923, "MIN:accuracy.min": 0.5066666666666667, "MAX:accuracy.min": 0.7333333333333333, "MIN:accuracy.mean": 0.9366000000000001, "MAX:accuracy.mean": 0.9554000000000002, "MIN:accuracy.max": 0.9733333333333334, "MAX:accuracy.max": 0.9866666666666667, "MIN:kappa.min": 0.26, "MAX:kappa.min": 0.6, "MIN:kappa.mean": 0.9049, "MAX:kappa.mean": 0.9330999999999999, "MIN:kappa.max": 0.96, "MAX:kappa.max": 0.98}