{"MIN:log_loss.min": 0.2826177734903529, "MAX:log_loss.min": 0.642729639482913, "MIN:log_loss.mean": 0.4240154705417001, "MAX:log_loss.mean": 0.7558995006150557, "MIN:log_loss.max": 0.9509083126359081, "MAX:log_loss.max": 1.4095426514982856, "MIN:accuracy.min": 0.32666666666666666, "MAX:accuracy.min": 0.62, "MIN:accuracy.mean": 0.7710666666666667, "MAX:accuracy.mean": 0.8063333333333332, "MIN:accuracy.max": 0.9266666666666666, "MAX:accuracy.max": 0.96, "MIN:kappa.min": -0.010000000000000231, "MAX:kappa.min": 0.43000000000000005, "MIN:kappa.mean": 0.6566, "MAX:kappa.mean": 0.7095000000000001, "MIN:kappa.max": 0.89, "MAX:kappa.max": 0.9400000000000001}