{"MIN:log_loss.min": 0.47915559919011247, "MAX:log_loss.min": 0.5501198668496953, "MIN:log_loss.mean": 0.637948454115781, "MAX:log_loss.mean": 0.6918210392252762, "MIN:log_loss.max": 1.5316987656883703, "MAX:log_loss.max": 1.5998903380516813, "MIN:accuracy.min": 0.3333333333333333, "MAX:accuracy.min": 0.3333333333333333, "MIN:accuracy.mean": 0.7988, "MAX:accuracy.mean": 0.8215333333333334, "MIN:accuracy.max": 0.88, "MAX:accuracy.max": 0.8933333333333333, "MIN:kappa.min": 0.0, "MAX:kappa.min": 0.0, "MIN:kappa.mean": 0.6982, "MAX:kappa.mean": 0.7323000000000001, "MIN:kappa.max": 0.8200000000000001, "MAX:kappa.max": 0.84}