{"MIN:log_loss.min": 0.6143807674530551, "MAX:log_loss.min": 1.0146237573651518, "MIN:log_loss.mean": 1.0397324520519964, "MAX:log_loss.mean": 7.792541303550369, "MIN:log_loss.max": 1.0809432583726823, "MAX:log_loss.max": 21.90329613153082, "MIN:accuracy.min": 0.36666666666666664, "MAX:accuracy.min": 0.6666666666666666, "MIN:accuracy.mean": 0.6784666666666668, "MAX:accuracy.mean": 0.7293333333333334, "MIN:accuracy.max": 0.94, "MAX:accuracy.max": 0.9666666666666667, "MIN:kappa.min": 0.050000000000000044, "MAX:kappa.min": 0.5, "MIN:kappa.mean": 0.5177, "MAX:kappa.mean": 0.594, "MIN:kappa.max": 0.91, "MAX:kappa.max": 0.95}