{"MIN:log_loss.min": 0.8181067369300745, "MAX:log_loss.min": 0.9467924076353256, "MIN:log_loss.mean": 0.9631565894399919, "MAX:log_loss.mean": 1.2987097322770194, "MIN:log_loss.max": 1.0973268738236073, "MAX:log_loss.max": 1.9965979314082665, "MIN:accuracy.min": 0.5333333333333333, "MAX:accuracy.min": 0.6666666666666666, "MIN:accuracy.mean": 0.6381999999999999, "MAX:accuracy.mean": 0.6934666666666667, "MIN:accuracy.max": 0.6666666666666666, "MAX:accuracy.max": 0.9266666666666666, "MIN:kappa.min": 0.30000000000000004, "MAX:kappa.min": 0.5, "MIN:kappa.mean": 0.4573, "MAX:kappa.mean": 0.5402, "MIN:kappa.max": 0.5, "MAX:kappa.max": 0.89}