{"mean accuracy": 0.6661333333333332, "max accuracy": 0.96, "mean kappa": 0.49920000000000003, "max kappa": 0.94}