{"MIN:log_loss.min": 0.4117671116130856, "MAX:log_loss.min": 0.44606543671094545, "MIN:log_loss.mean": 0.7311917108538217, "MAX:log_loss.mean": 0.7897990801622092, "MIN:log_loss.max": 1.217917199200935, "MAX:log_loss.max": 1.2179641377714716, "MIN:accuracy.min": 0.3333333333333333, "MAX:accuracy.min": 0.3333333333333333, "MIN:accuracy.mean": 0.6691333333333332, "MAX:accuracy.mean": 0.7130666666666667, "MIN:accuracy.max": 0.96, "MAX:accuracy.max": 0.96, "MIN:kappa.min": 0.0, "MAX:kappa.min": 0.0, "MIN:kappa.mean": 0.5036999999999999, "MAX:kappa.mean": 0.5695999999999999, "MIN:kappa.max": 0.94, "MAX:kappa.max": 0.9400000000000001}