{"MIN:log_loss.min": 0.35621141315251825, "MAX:log_loss.min": 1.0106433594756736, "MIN:log_loss.mean": 0.9443751660319117, "MAX:log_loss.mean": 2.1675299767196816, "MIN:log_loss.max": 1.4730110034064843, "MAX:log_loss.max": 11.976482530738336, "MIN:accuracy.min": 0.30666666666666664, "MAX:accuracy.min": 0.6666666666666666, "MIN:accuracy.mean": 0.6028666666666667, "MAX:accuracy.mean": 0.6666666666666669, "MIN:accuracy.max": 0.6666666666666666, "MAX:accuracy.max": 0.9466666666666667, "MIN:kappa.min": -0.040000000000000036, "MAX:kappa.min": 0.5, "MIN:kappa.mean": 0.4043, "MAX:kappa.mean": 0.5, "MIN:kappa.max": 0.5, "MAX:kappa.max": 0.92}