{"MIN:log_loss.min": 0.22511181344571687, "MAX:log_loss.min": 0.4496545011508352, "MIN:log_loss.mean": 0.5631819273358567, "MAX:log_loss.mean": 0.7261469008496354, "MIN:log_loss.max": 1.0913803374260496, "MAX:log_loss.max": 1.217949132987668, "MIN:accuracy.min": 0.3333333333333333, "MAX:accuracy.min": 0.62, "MIN:accuracy.mean": 0.7166, "MAX:accuracy.mean": 0.7443333333333334, "MIN:accuracy.max": 0.9133333333333333, "MAX:accuracy.max": 0.96, "MIN:kappa.min": 0.0, "MAX:kappa.min": 0.43000000000000005, "MIN:kappa.mean": 0.5749, "MAX:kappa.mean": 0.6164999999999999, "MIN:kappa.max": 0.87, "MAX:kappa.max": 0.9400000000000001}