{"MIN:log_loss.min": 0.19412853955477247, "MAX:log_loss.min": 0.22786678210997252, "MIN:log_loss.mean": 0.4673735295482888, "MAX:log_loss.mean": 0.5297236030940711, "MIN:log_loss.max": 0.9001971274767161, "MAX:log_loss.max": 4.622225142927964, "MIN:accuracy.min": 0.56, "MAX:accuracy.min": 0.94, "MIN:accuracy.mean": 0.9164000000000001, "MAX:accuracy.mean": 0.9536666666666666, "MIN:accuracy.max": 0.9266666666666666, "MAX:accuracy.max": 0.96, "MIN:kappa.min": 0.33999999999999997, "MAX:kappa.min": 0.91, "MIN:kappa.mean": 0.8746, "MAX:kappa.mean": 0.9305000000000001, "MIN:kappa.max": 0.89, "MAX:kappa.max": 0.94}