{"mean accuracy": 0.7565333333333335, "max accuracy": 0.9666666666666666, "mean kappa": 0.6347999999999998, "max kappa": 0.9499999999999998}