{"MIN:log_loss.min": 0.08724593953603917, "MAX:log_loss.min": 0.08899970177705292, "MIN:log_loss.mean": 0.4664872377587881, "MAX:log_loss.mean": 0.47779211357258156, "MIN:log_loss.max": 1.1022904449349464, "MAX:log_loss.max": 1.1035072475158458, "MIN:accuracy.min": 0.20666666666666667, "MAX:accuracy.min": 0.5133333333333333, "MIN:accuracy.mean": 0.8104, "MAX:accuracy.mean": 0.8410666666666667, "MIN:accuracy.max": 0.9733333333333334, "MAX:accuracy.max": 0.9733333333333334, "MIN:kappa.min": -0.18999999999999995, "MAX:kappa.min": 0.2699999999999999, "MIN:kappa.mean": 0.7156, "MAX:kappa.mean": 0.7615999999999998, "MIN:kappa.max": 0.96, "MAX:kappa.max": 0.96}