{"MIN:log_loss.min": 0.21994672738711074, "MAX:log_loss.min": 0.8166248199247691, "MIN:log_loss.mean": 1.0550914252551205, "MAX:log_loss.mean": 1.3215410056907322, "MIN:log_loss.max": 2.343231920278193, "MAX:log_loss.max": 3.204456543536195, "MIN:accuracy.min": 0.3333333333333333, "MAX:accuracy.min": 0.3333333333333333, "MIN:accuracy.mean": 0.5584, "MAX:accuracy.mean": 0.6314, "MIN:accuracy.max": 0.6666666666666666, "MAX:accuracy.max": 0.94, "MIN:kappa.min": 0.0, "MAX:kappa.min": 0.0, "MIN:kappa.mean": 0.33760000000000007, "MAX:kappa.mean": 0.44709999999999994, "MIN:kappa.max": 0.5, "MAX:kappa.max": 0.91}