{"MIN:log_loss.min": 0.5660981453157229, "MAX:log_loss.min": 0.7062847961199294, "MIN:log_loss.mean": 0.7537353127014204, "MAX:log_loss.mean": 0.8271771939545175, "MIN:log_loss.max": 1.098155876612155, "MAX:log_loss.max": 1.1944079862855126, "MIN:accuracy.min": 0.6666666666666666, "MAX:accuracy.min": 0.8733333333333333, "MIN:accuracy.mean": 0.844733333333333, "MAX:accuracy.mean": 0.8944666666666667, "MIN:accuracy.max": 0.9133333333333333, "MAX:accuracy.max": 0.9733333333333334, "MIN:kappa.min": 0.5, "MAX:kappa.min": 0.81, "MIN:kappa.mean": 0.7670999999999998, "MAX:kappa.mean": 0.8417, "MIN:kappa.max": 0.87, "MAX:kappa.max": 0.96}