{"MAX:log_loss.min": 0.8243279422714715, "ARGMAX:log_loss.min": [1, 366580], "MIN:log_loss.min": 0.81357634514024, "ARGMIN:log_loss.min": [3, 379953], "MEAN:log_loss.min": 0.8182300681964184, "MAX:log_loss.mean": 0.8243279422714714, "ARGMAX:log_loss.mean": [1, 366580], "MIN:log_loss.mean": 0.8135763451402397, "ARGMIN:log_loss.mean": [3, 379953], "MEAN:log_loss.mean": 0.8182300681964184, "MAX:log_loss.max": 0.8243279422714715, "ARGMAX:log_loss.max": [1, 366580], "MIN:log_loss.max": 0.81357634514024, "ARGMIN:log_loss.max": [3, 379953], "MEAN:log_loss.max": 0.8182300681964184, "MAX:accuracy.min": 0.8044, "ARGMAX:accuracy.min": [0, 366592], "MIN:accuracy.min": 0.7916, "ARGMIN:accuracy.min": [9, 456148], "MEAN:accuracy.min": 0.8012, "MAX:accuracy.mean": 0.8044, "ARGMAX:accuracy.mean": [0, 366592], "MIN:accuracy.mean": 0.7916000000000001, "ARGMIN:accuracy.mean": [9, 456148], "MEAN:accuracy.mean": 0.8011999999999999, "MAX:accuracy.max": 0.8044, "ARGMAX:accuracy.max": [0, 366592], "MIN:accuracy.max": 0.7916, "ARGMIN:accuracy.max": [9, 456148], "MEAN:accuracy.max": 0.8012, "MAX:kappa.min": 0.7824689067327653, "ARGMAX:kappa.min": [0, 366592], "MIN:kappa.min": 0.7682117290203808, "ARGMIN:kappa.min": [9, 456148], "MEAN:kappa.min": 0.7788941366985902, "MAX:kappa.mean": 0.7824689067327649, "ARGMAX:kappa.mean": [0, 366592], "MIN:kappa.mean": 0.7682117290203807, "ARGMIN:kappa.mean": [9, 456148], "MEAN:kappa.mean": 0.7788941366985903, "MAX:kappa.max": 0.7824689067327653, "ARGMAX:kappa.max": [0, 366592], "MIN:kappa.max": 0.7682117290203808, "ARGMIN:kappa.max": [9, 456148], "MEAN:kappa.max": 0.7788941366985902}