{"MIN:log_loss.min": 0.25985470057225474, "MAX:log_loss.min": 0.36852419637447764, "MIN:log_loss.mean": 0.4020526290114635, "MAX:log_loss.mean": 0.4582668646277231, "MIN:log_loss.max": 0.8867559644274111, "MAX:log_loss.max": 2.5398695363471258, "MIN:accuracy.min": 0.3333333333333333, "MAX:accuracy.min": 0.5666666666666667, "MIN:accuracy.mean": 0.9175333333333334, "MAX:accuracy.mean": 0.9331333333333334, "MIN:accuracy.max": 0.9666666666666667, "MAX:accuracy.max": 0.9733333333333334, "MIN:kappa.min": 0.0, "MAX:kappa.min": 0.35, "MIN:kappa.mean": 0.8763000000000001, "MAX:kappa.mean": 0.8996999999999998, "MIN:kappa.max": 0.95, "MAX:kappa.max": 0.96}