{"MIN:log_loss.min": 0.09304302476254496, "MAX:log_loss.min": 0.14418233754132706, "MIN:log_loss.mean": 0.24060774897192172, "MAX:log_loss.mean": 0.27220954946155873, "MIN:log_loss.max": 0.8608854900740226, "MAX:log_loss.max": 0.8657398703254072, "MIN:accuracy.min": 0.7133333333333334, "MAX:accuracy.min": 0.7533333333333333, "MIN:accuracy.mean": 0.9530666666666666, "MAX:accuracy.mean": 0.9608666666666668, "MIN:accuracy.max": 0.9666666666666667, "MAX:accuracy.max": 0.9733333333333334, "MIN:kappa.min": 0.5700000000000001, "MAX:kappa.min": 0.63, "MIN:kappa.mean": 0.9296, "MAX:kappa.mean": 0.9412999999999999, "MIN:kappa.max": 0.95, "MAX:kappa.max": 0.96}