{"MIN:log_loss.min": 0.48687544088532053, "MAX:log_loss.min": 0.5746920786239065, "MIN:log_loss.mean": 0.7326399897012612, "MAX:log_loss.mean": 0.8592142137020455, "MIN:log_loss.max": 1.0975563058165012, "MAX:log_loss.max": 1.3021419492027606, "MIN:accuracy.min": 0.32666666666666666, "MAX:accuracy.min": 0.3333333333333333, "MIN:accuracy.mean": 0.6280666666666668, "MAX:accuracy.mean": 0.6640666666666668, "MIN:accuracy.max": 0.76, "MAX:accuracy.max": 0.9266666666666666, "MIN:kappa.min": -0.010000000000000231, "MAX:kappa.min": 0.0, "MIN:kappa.mean": 0.4421000000000001, "MAX:kappa.mean": 0.4961, "MIN:kappa.max": 0.64, "MAX:kappa.max": 0.89}