{"MIN:log_loss.min": 0.23645152438886016, "MAX:log_loss.min": 0.23645152438886016, "MIN:log_loss.mean": 0.6776381284021851, "MAX:log_loss.mean": 0.6776381284021851, "MIN:log_loss.max": 1.0974380866934443, "MAX:log_loss.max": 1.0974380866934443, "MIN:accuracy.min": 0.9133333333333333, "MAX:accuracy.min": 0.9133333333333333, "MIN:accuracy.mean": 0.9133333333333331, "MAX:accuracy.mean": 0.9133333333333331, "MIN:accuracy.max": 0.9133333333333333, "MAX:accuracy.max": 0.9133333333333333, "MIN:kappa.min": 0.87, "MAX:kappa.min": 0.87, "MIN:kappa.mean": 0.87, "MAX:kappa.mean": 0.87, "MIN:kappa.max": 0.87, "MAX:kappa.max": 0.87}