{"MIN:log_loss.min": 0.18230392870726117, "MAX:log_loss.min": 0.2561914529997497, "MIN:log_loss.mean": 0.5297559937105469, "MAX:log_loss.mean": 0.6618342738212276, "MIN:log_loss.max": 1.06485245764756, "MAX:log_loss.max": 1.3916738334258056, "MIN:accuracy.min": 0.3333333333333333, "MAX:accuracy.min": 0.5933333333333334, "MIN:accuracy.mean": 0.7142666666666666, "MAX:accuracy.mean": 0.8021333333333331, "MIN:accuracy.max": 0.92, "MAX:accuracy.max": 0.96, "MIN:kappa.min": -2.220446049250313e-16, "MAX:kappa.min": 0.39, "MIN:kappa.mean": 0.5714000000000001, "MAX:kappa.mean": 0.7032, "MIN:kappa.max": 0.88, "MAX:kappa.max": 0.9400000000000001}