{"MIN:log_loss.min": 0.11269977647666148, "MAX:log_loss.min": 0.12052797423440907, "MIN:log_loss.mean": 1.0194495486106847, "MAX:log_loss.mean": 1.0739933088772466, "MIN:log_loss.max": 23.664092288108634, "MAX:log_loss.max": 23.70635291845806, "MIN:accuracy.min": 0.3, "MAX:accuracy.min": 0.31333333333333335, "MIN:accuracy.mean": 0.8957333333333335, "MAX:accuracy.mean": 0.9201999999999999, "MIN:accuracy.max": 0.96, "MAX:accuracy.max": 0.96, "MIN:kappa.min": -0.04999999999999982, "MAX:kappa.min": -0.030000000000000027, "MIN:kappa.mean": 0.8436000000000001, "MAX:kappa.mean": 0.8802999999999999, "MIN:kappa.max": 0.94, "MAX:kappa.max": 0.9400000000000001}