{"MIN:log_loss.min": 0.42462228585457673, "MAX:log_loss.min": 0.643204624179655, "MIN:log_loss.mean": 0.8816663200582667, "MAX:log_loss.mean": 0.947760045245388, "MIN:log_loss.max": 1.2575543072384845, "MAX:log_loss.max": 1.4407274131426535, "MIN:accuracy.min": 0.16666666666666666, "MAX:accuracy.min": 0.3333333333333333, "MIN:accuracy.mean": 0.5562666666666667, "MAX:accuracy.mean": 0.6232, "MIN:accuracy.max": 0.92, "MAX:accuracy.max": 0.96, "MIN:kappa.min": -0.25, "MAX:kappa.min": 0.0, "MIN:kappa.mean": 0.3344, "MAX:kappa.mean": 0.43479999999999996, "MIN:kappa.max": 0.88, "MAX:kappa.max": 0.9400000000000001}