{"mean accuracy": 0.6573333333333334, "max accuracy": 0.6666666666666666, "mean kappa": 0.4859999999999999, "max kappa": 0.49999999999999994}