{"MIN:log_loss.min": 0.14265336107936402, "MAX:log_loss.min": 0.16268838265655902, "MIN:log_loss.mean": 0.29552214327134113, "MAX:log_loss.mean": 0.33094923079789657, "MIN:log_loss.max": 0.7958254136914235, "MAX:log_loss.max": 0.8142334489736364, "MIN:accuracy.min": 0.68, "MAX:accuracy.min": 0.9066666666666666, "MIN:accuracy.mean": 0.9455333333333331, "MAX:accuracy.mean": 0.9546000000000001, "MIN:accuracy.max": 0.96, "MAX:accuracy.max": 0.9666666666666667, "MIN:kappa.min": 0.52, "MAX:kappa.min": 0.86, "MIN:kappa.mean": 0.9183000000000001, "MAX:kappa.mean": 0.9319000000000003, "MIN:kappa.max": 0.9400000000000001, "MAX:kappa.max": 0.95}