{"MIN:log_loss.min": 0.10946481489606384, "MAX:log_loss.min": 0.12792326725548692, "MIN:log_loss.mean": 0.3698139069017147, "MAX:log_loss.mean": 0.4197021799813303, "MIN:log_loss.max": 3.391011601056651, "MAX:log_loss.max": 4.492252388424666, "MIN:accuracy.min": 0.3333333333333333, "MAX:accuracy.min": 0.56, "MIN:accuracy.mean": 0.898733333333333, "MAX:accuracy.mean": 0.9165999999999999, "MIN:accuracy.max": 0.96, "MAX:accuracy.max": 0.96, "MIN:kappa.min": 0.0, "MAX:kappa.min": 0.33999999999999997, "MIN:kappa.mean": 0.8481000000000001, "MAX:kappa.mean": 0.8748999999999998, "MIN:kappa.max": 0.9400000000000001, "MAX:kappa.max": 0.9400000000000001}