{"mean accuracy": 0.9000666666666668, "max accuracy": 0.96, "mean kappa": 0.8501000000000001, "max kappa": 0.94}