{"MIN:log_loss.min": 0.5239415994850797, "MAX:log_loss.min": 0.7283445978951585, "MIN:log_loss.mean": 0.8170199076015813, "MAX:log_loss.mean": 9.233990263663635, "MIN:log_loss.max": 1.1441001894104184, "MAX:log_loss.max": 23.025850929940454, "MIN:accuracy.min": 0.3333333333333333, "MAX:accuracy.min": 0.3333333333333333, "MIN:accuracy.mean": 0.6499333333333333, "MAX:accuracy.mean": 0.7119333333333333, "MIN:accuracy.max": 0.88, "MAX:accuracy.max": 0.96, "MIN:kappa.min": 0.0, "MAX:kappa.min": 1.1102230246251565e-16, "MIN:kappa.mean": 0.4749000000000001, "MAX:kappa.mean": 0.5679000000000001, "MIN:kappa.max": 0.8200000000000001, "MAX:kappa.max": 0.9400000000000001}