{"MIN:log_loss.min": 0.6324894381680738, "MAX:log_loss.min": 0.7063937667792634, "MIN:log_loss.mean": 0.8008552409265378, "MAX:log_loss.mean": 1.0420077346393004, "MIN:log_loss.max": 1.104883042908084, "MAX:log_loss.max": 1.5415226529938357, "MIN:accuracy.min": 0.3333333333333333, "MAX:accuracy.min": 0.3333333333333333, "MIN:accuracy.mean": 0.606, "MAX:accuracy.mean": 0.6630666666666667, "MIN:accuracy.max": 0.6666666666666666, "MAX:accuracy.max": 0.94, "MIN:kappa.min": -2.220446049250313e-16, "MAX:kappa.min": 0.0, "MIN:kappa.mean": 0.40900000000000003, "MAX:kappa.mean": 0.4946, "MIN:kappa.max": 0.5, "MAX:kappa.max": 0.91}