{"MIN:log_loss.min": 0.34234863765557805, "MAX:log_loss.min": 0.5106902410313299, "MIN:log_loss.mean": 0.8610265636212905, "MAX:log_loss.mean": 2.010932124433996, "MIN:log_loss.max": 9.484406206573686, "MAX:log_loss.max": 16.348354160257724, "MIN:accuracy.min": 0.3333333333333333, "MAX:accuracy.min": 0.3333333333333333, "MIN:accuracy.mean": 0.7223333333333334, "MAX:accuracy.mean": 0.7880000000000001, "MIN:accuracy.max": 0.88, "MAX:accuracy.max": 0.9666666666666667, "MIN:kappa.min": -2.220446049250313e-16, "MAX:kappa.min": 0.0, "MIN:kappa.mean": 0.5835, "MAX:kappa.mean": 0.6820000000000002, "MIN:kappa.max": 0.8200000000000001, "MAX:kappa.max": 0.95}