{"MIN:log_loss.min": 0.5405326927648715, "MAX:log_loss.min": 0.7684925542473938, "MIN:log_loss.mean": 0.9899327099923328, "MAX:log_loss.mean": 1.0547808593366617, "MIN:log_loss.max": 1.2103460746251407, "MAX:log_loss.max": 1.5323980162137558, "MIN:accuracy.min": 0.3333333333333333, "MAX:accuracy.min": 0.36666666666666664, "MIN:accuracy.mean": 0.5596666666666666, "MAX:accuracy.mean": 0.6035999999999999, "MIN:accuracy.max": 0.8466666666666667, "MAX:accuracy.max": 0.96, "MIN:kappa.min": -2.220446049250313e-16, "MAX:kappa.min": 0.050000000000000044, "MIN:kappa.mean": 0.33949999999999997, "MAX:kappa.mean": 0.4054, "MIN:kappa.max": 0.77, "MAX:kappa.max": 0.9400000000000001}