{"MIN:log_loss.min": 0.4287898815044746, "MAX:log_loss.min": 0.8615832679935099, "MIN:log_loss.mean": 0.9094424983162923, "MAX:log_loss.mean": 1.4028511385144815, "MIN:log_loss.max": 1.1483517640690644, "MAX:log_loss.max": 2.571528476633194, "MIN:accuracy.min": 0.23333333333333334, "MAX:accuracy.min": 0.3333333333333333, "MIN:accuracy.mean": 0.5712, "MAX:accuracy.mean": 0.6813333333333333, "MIN:accuracy.max": 0.6666666666666666, "MAX:accuracy.max": 0.96, "MIN:kappa.min": -0.1499999999999999, "MAX:kappa.min": 0.0, "MIN:kappa.mean": 0.35679999999999995, "MAX:kappa.mean": 0.522, "MIN:kappa.max": 0.5, "MAX:kappa.max": 0.9400000000000001}