{"MIN:log_loss.min": 0.4807163581241669, "MAX:log_loss.min": 0.6585789986026049, "MIN:log_loss.mean": 0.6557776532443478, "MAX:log_loss.mean": 0.8032767116775755, "MIN:log_loss.max": 0.9461236763828824, "MAX:log_loss.max": 1.2290329143287997, "MIN:accuracy.min": 0.3333333333333333, "MAX:accuracy.min": 0.66, "MIN:accuracy.mean": 0.8396000000000001, "MAX:accuracy.mean": 0.8851999999999998, "MIN:accuracy.max": 0.96, "MAX:accuracy.max": 0.96, "MIN:kappa.min": 0.0, "MAX:kappa.min": 0.49, "MIN:kappa.mean": 0.7593999999999999, "MAX:kappa.mean": 0.8278, "MIN:kappa.max": 0.94, "MAX:kappa.max": 0.9400000000000001}