{"MIN:log_loss.min": 0.27232857930185395, "MAX:log_loss.min": 0.6392316586791286, "MIN:log_loss.mean": 0.5935097568532541, "MAX:log_loss.mean": 3.059637605418067, "MIN:log_loss.max": 0.7432188455561258, "MAX:log_loss.max": 9.202522475440515, "MIN:accuracy.min": 0.32666666666666666, "MAX:accuracy.min": 0.8133333333333334, "MIN:accuracy.mean": 0.6053333333333333, "MAX:accuracy.mean": 0.8370000000000001, "MIN:accuracy.max": 0.8333333333333334, "MAX:accuracy.max": 0.9333333333333333, "MIN:kappa.min": -0.010000000000000009, "MAX:kappa.min": 0.72, "MIN:kappa.mean": 0.408, "MAX:kappa.mean": 0.7554999999999998, "MIN:kappa.max": 0.75, "MAX:kappa.max": 0.9}