{"MIN:log_loss.min": 0.09041637100095165, "MAX:log_loss.min": 0.24490958723866593, "MIN:log_loss.mean": 0.31996320618567714, "MAX:log_loss.mean": 0.3695405871865829, "MIN:log_loss.max": 0.8493006850334782, "MAX:log_loss.max": 0.9137113933159792, "MIN:accuracy.min": 0.44666666666666666, "MAX:accuracy.min": 0.6666666666666666, "MIN:accuracy.mean": 0.8573333333333332, "MAX:accuracy.mean": 0.8613333333333333, "MIN:accuracy.max": 0.9666666666666667, "MAX:accuracy.max": 0.9666666666666667, "MIN:kappa.min": 0.17000000000000004, "MAX:kappa.min": 0.5, "MIN:kappa.mean": 0.786, "MAX:kappa.mean": 0.7919999999999999, "MIN:kappa.max": 0.95, "MAX:kappa.max": 0.95}