{"MIN:log_loss.min": 0.709314094951064, "MAX:log_loss.min": 0.709314094951064, "MIN:log_loss.mean": 0.8759071074815087, "MAX:log_loss.mean": 0.8759071074815087, "MIN:log_loss.max": 1.1943422750799886, "MAX:log_loss.max": 1.1943422750799886, "MIN:accuracy.min": 0.6066666666666667, "MAX:accuracy.min": 0.6066666666666667, "MIN:accuracy.mean": 0.6964666666666668, "MAX:accuracy.mean": 0.6964666666666668, "MIN:accuracy.max": 0.9666666666666667, "MAX:accuracy.max": 0.9666666666666667, "MIN:kappa.min": 0.41000000000000003, "MAX:kappa.min": 0.41000000000000003, "MIN:kappa.mean": 0.5447000000000001, "MAX:kappa.mean": 0.5447000000000001, "MIN:kappa.max": 0.95, "MAX:kappa.max": 0.95}