{"MIN:log_loss.min": 0.33769337047104525, "MAX:log_loss.min": 0.3829916519476232, "MIN:log_loss.mean": 0.8511902532393365, "MAX:log_loss.mean": 1.5284778652905289, "MIN:log_loss.max": 1.6518217706519396, "MAX:log_loss.max": 7.616180576247581, "MIN:accuracy.min": 0.3333333333333333, "MAX:accuracy.min": 0.3333333333333333, "MIN:accuracy.mean": 0.6408666666666667, "MAX:accuracy.mean": 0.6568666666666665, "MIN:accuracy.max": 0.9533333333333334, "MAX:accuracy.max": 0.96, "MIN:kappa.min": -2.220446049250313e-16, "MAX:kappa.min": 0.0, "MIN:kappa.mean": 0.46130000000000004, "MAX:kappa.mean": 0.4853, "MIN:kappa.max": 0.9299999999999999, "MAX:kappa.max": 0.9400000000000001}