{"MIN:log_loss.min": 0.33743653765566667, "MAX:log_loss.min": 0.5200166534894637, "MIN:log_loss.mean": 0.6048411999666308, "MAX:log_loss.mean": 0.7796334230285527, "MIN:log_loss.max": 0.9261079027842573, "MAX:log_loss.max": 1.4319345278739524, "MIN:accuracy.min": 0.42, "MAX:accuracy.min": 0.66, "MIN:accuracy.mean": 0.7716666666666668, "MAX:accuracy.mean": 0.8353333333333333, "MIN:accuracy.max": 0.96, "MAX:accuracy.max": 0.9666666666666667, "MIN:kappa.min": 0.13, "MAX:kappa.min": 0.49, "MIN:kappa.mean": 0.6575, "MAX:kappa.mean": 0.7530000000000001, "MIN:kappa.max": 0.94, "MAX:kappa.max": 0.95}