{"MIN:log_loss.min": 0.1774972585876176, "MAX:log_loss.min": 0.24721354113121208, "MIN:log_loss.mean": 0.6458151747030557, "MAX:log_loss.mean": 0.6982452897605191, "MIN:log_loss.max": 1.097654404619288, "MAX:log_loss.max": 1.0982362804664607, "MIN:accuracy.min": 0.3333333333333333, "MAX:accuracy.min": 0.3333333333333333, "MIN:accuracy.mean": 0.7340000000000001, "MAX:accuracy.mean": 0.7701999999999998, "MIN:accuracy.max": 0.9533333333333334, "MAX:accuracy.max": 0.9666666666666667, "MIN:kappa.min": 0.0, "MAX:kappa.min": 0.0, "MIN:kappa.mean": 0.6010000000000002, "MAX:kappa.mean": 0.6553, "MIN:kappa.max": 0.9299999999999999, "MAX:kappa.max": 0.95}