{"MIN:log_loss.min": 0.5972382381176206, "MAX:log_loss.min": 0.7760909147524532, "MIN:log_loss.mean": 0.813575823501787, "MAX:log_loss.mean": 0.9274787909146517, "MIN:log_loss.max": 1.1811214205711955, "MAX:log_loss.max": 3.358159677577708, "MIN:accuracy.min": 0.23333333333333334, "MAX:accuracy.min": 0.37333333333333335, "MIN:accuracy.mean": 0.7056666666666667, "MAX:accuracy.mean": 0.7208000000000001, "MIN:accuracy.max": 0.9, "MAX:accuracy.max": 0.9333333333333333, "MIN:kappa.min": -0.1499999999999999, "MAX:kappa.min": 0.06000000000000005, "MIN:kappa.mean": 0.5585, "MAX:kappa.mean": 0.5812, "MIN:kappa.max": 0.85, "MAX:kappa.max": 0.9}