{"MIN:log_loss.min": 0.12556335997983056, "MAX:log_loss.min": 0.4044908177935073, "MIN:log_loss.mean": 0.5971574581663294, "MAX:log_loss.mean": 0.7776290700492232, "MIN:log_loss.max": 1.098551549480576, "MAX:log_loss.max": 3.3164082335379006, "MIN:accuracy.min": 0.3333333333333333, "MAX:accuracy.min": 0.82, "MIN:accuracy.mean": 0.7449999999999999, "MAX:accuracy.mean": 0.8199999999999998, "MIN:accuracy.max": 0.7733333333333333, "MAX:accuracy.max": 0.96, "MIN:kappa.min": 0.0, "MAX:kappa.min": 0.73, "MIN:kappa.mean": 0.6174999999999999, "MAX:kappa.mean": 0.7300000000000003, "MIN:kappa.max": 0.6599999999999999, "MAX:kappa.max": 0.9400000000000001}