{"MIN:log_loss.min": 0.11103700218617628, "MAX:log_loss.min": 0.8811861526936426, "MIN:log_loss.mean": 0.8437511736500255, "MAX:log_loss.mean": 6.590726157648443, "MIN:log_loss.max": 1.0986122886341878, "MAX:log_loss.max": 23.025850929999923, "MIN:accuracy.min": 0.3333333333333333, "MAX:accuracy.min": 0.3333333333333333, "MIN:accuracy.mean": 0.5482, "MAX:accuracy.mean": 0.6151333333333333, "MIN:accuracy.max": 0.6666666666666666, "MAX:accuracy.max": 0.9666666666666667, "MIN:kappa.min": 0.0, "MAX:kappa.min": 0.0, "MIN:kappa.mean": 0.32230000000000003, "MAX:kappa.mean": 0.42269999999999996, "MIN:kappa.max": 0.5, "MAX:kappa.max": 0.95}