{"MIN:log_loss.min": 0.09109081362068473, "MAX:log_loss.min": 0.14228877672135953, "MIN:log_loss.mean": 0.8024379526381118, "MAX:log_loss.mean": 1.0074391336419524, "MIN:log_loss.max": 1.655901635159849, "MAX:log_loss.max": 6.77184662466452, "MIN:accuracy.min": 0.0, "MAX:accuracy.min": 0.17333333333333334, "MIN:accuracy.mean": 0.5934, "MAX:accuracy.mean": 0.6478666666666666, "MIN:accuracy.max": 0.96, "MAX:accuracy.max": 0.9666666666666667, "MIN:kappa.min": -0.5, "MAX:kappa.min": -0.24, "MIN:kappa.mean": 0.3901, "MAX:kappa.mean": 0.47180000000000005, "MIN:kappa.max": 0.94, "MAX:kappa.max": 0.95}