{"MIN:log_loss.min": 0.6973559755610739, "MAX:log_loss.min": 1.0106928913070001, "MIN:log_loss.mean": 0.904452255195192, "MAX:log_loss.mean": 1.2459535544304072, "MIN:log_loss.max": 1.175699643391627, "MAX:log_loss.max": 2.555524071197568, "MIN:accuracy.min": 0.3333333333333333, "MAX:accuracy.min": 0.3333333333333333, "MIN:accuracy.mean": 0.5904, "MAX:accuracy.mean": 0.6229333333333333, "MIN:accuracy.max": 0.6666666666666666, "MAX:accuracy.max": 0.94, "MIN:kappa.min": 0.0, "MAX:kappa.min": 0.0, "MIN:kappa.mean": 0.3856, "MAX:kappa.mean": 0.43440000000000006, "MIN:kappa.max": 0.5, "MAX:kappa.max": 0.91}