{"MIN:log_loss.min": 0.3317056259980496, "MAX:log_loss.min": 0.365995580504568, "MIN:log_loss.mean": 0.6794261056330008, "MAX:log_loss.mean": 0.7070003979405532, "MIN:log_loss.max": 1.2153996601139723, "MAX:log_loss.max": 1.215813491888991, "MIN:accuracy.min": 0.3333333333333333, "MAX:accuracy.min": 0.3333333333333333, "MIN:accuracy.mean": 0.7595333333333333, "MAX:accuracy.mean": 0.7869333333333334, "MIN:accuracy.max": 0.9666666666666667, "MAX:accuracy.max": 0.9733333333333334, "MIN:kappa.min": 0.0, "MAX:kappa.min": 0.0, "MIN:kappa.mean": 0.6393, "MAX:kappa.mean": 0.6803999999999999, "MIN:kappa.max": 0.95, "MAX:kappa.max": 0.96}