{"MIN:log_loss.min": 0.527160711938004, "MAX:log_loss.min": 0.7687549419987926, "MIN:log_loss.mean": 1.213942395130998, "MAX:log_loss.mean": 5.030850249083708, "MIN:log_loss.max": 2.430526843130889, "MAX:log_loss.max": 12.073209532562826, "MIN:accuracy.min": 0.3333333333333333, "MAX:accuracy.min": 0.46, "MIN:accuracy.mean": 0.5470666666666666, "MAX:accuracy.mean": 0.6133333333333334, "MIN:accuracy.max": 0.6666666666666666, "MAX:accuracy.max": 0.96, "MIN:kappa.min": 0.0, "MAX:kappa.min": 0.18999999999999995, "MIN:kappa.mean": 0.3206, "MAX:kappa.mean": 0.4200000000000001, "MIN:kappa.max": 0.5, "MAX:kappa.max": 0.9400000000000001}