{"MIN:log_loss.min": 0.19650063428317643, "MAX:log_loss.min": 0.19650703275848475, "MIN:log_loss.mean": 0.5133499115921984, "MAX:log_loss.mean": 0.5297124473309968, "MIN:log_loss.max": 1.0975033950284103, "MAX:log_loss.max": 1.0975130329184557, "MIN:accuracy.min": 0.6666666666666666, "MAX:accuracy.min": 0.6666666666666666, "MIN:accuracy.mean": 0.8012666666666667, "MAX:accuracy.mean": 0.8014, "MIN:accuracy.max": 0.96, "MAX:accuracy.max": 0.96, "MIN:kappa.min": 0.5, "MAX:kappa.min": 0.5, "MIN:kappa.mean": 0.7019, "MAX:kappa.mean": 0.7021, "MIN:kappa.max": 0.9400000000000001, "MAX:kappa.max": 0.9400000000000001}