{"MIN:log_loss.min": 0.7115002926624066, "MAX:log_loss.min": 0.73616718834809, "MIN:log_loss.mean": 0.8443402972241556, "MAX:log_loss.mean": 0.8894271893836252, "MIN:log_loss.max": 2.222193062946188, "MAX:log_loss.max": 2.4337939961504826, "MIN:accuracy.min": 0.3333333333333333, "MAX:accuracy.min": 0.3333333333333333, "MIN:accuracy.mean": 0.7760666666666665, "MAX:accuracy.mean": 0.7961999999999999, "MIN:accuracy.max": 0.9533333333333334, "MAX:accuracy.max": 0.96, "MIN:kappa.min": -2.220446049250313e-16, "MAX:kappa.min": 0.0, "MIN:kappa.mean": 0.6640999999999999, "MAX:kappa.mean": 0.6942999999999999, "MIN:kappa.max": 0.9299999999999999, "MAX:kappa.max": 0.94}