{"MIN:log_loss.min": 0.8278226251822243, "MAX:log_loss.min": 0.9401218342987321, "MIN:log_loss.mean": 0.9758566050092888, "MAX:log_loss.mean": 1.0347622153454983, "MIN:log_loss.max": 1.082958442603361, "MAX:log_loss.max": 1.1923554908867577, "MIN:accuracy.min": 0.38, "MAX:accuracy.min": 0.6666666666666666, "MIN:accuracy.mean": 0.5392, "MAX:accuracy.mean": 0.6666666666666669, "MIN:accuracy.max": 0.6666666666666666, "MAX:accuracy.max": 0.7, "MIN:kappa.min": 0.06999999999999995, "MAX:kappa.min": 0.5, "MIN:kappa.mean": 0.30879999999999996, "MAX:kappa.mean": 0.5, "MIN:kappa.max": 0.5, "MAX:kappa.max": 0.55}