{"MIN:log_loss.min": 0.15986951187721707, "MAX:log_loss.min": 0.18283712549719472, "MIN:log_loss.mean": 0.49362372984692876, "MAX:log_loss.mean": 0.5412933833402884, "MIN:log_loss.max": 1.0976946423619018, "MAX:log_loss.max": 1.0980459817654142, "MIN:accuracy.min": 0.3333333333333333, "MAX:accuracy.min": 0.3333333333333333, "MIN:accuracy.mean": 0.778133333333333, "MAX:accuracy.mean": 0.7948666666666666, "MIN:accuracy.max": 0.94, "MAX:accuracy.max": 0.96, "MIN:kappa.min": 0.0, "MAX:kappa.min": 0.0, "MIN:kappa.mean": 0.6672, "MAX:kappa.mean": 0.6923, "MIN:kappa.max": 0.91, "MAX:kappa.max": 0.9400000000000001}