{"MIN:log_loss.min": 0.26449141134104653, "MAX:log_loss.min": 0.6778903120190132, "MIN:log_loss.mean": 0.6923765745534212, "MAX:log_loss.mean": 1.0629485318451284, "MIN:log_loss.max": 2.043692248948306, "MAX:log_loss.max": 6.489546835434822, "MIN:accuracy.min": 0.36666666666666664, "MAX:accuracy.min": 0.6066666666666667, "MIN:accuracy.mean": 0.7280666666666669, "MAX:accuracy.mean": 0.8004000000000002, "MIN:accuracy.max": 0.8066666666666666, "MAX:accuracy.max": 0.96, "MIN:kappa.min": 0.050000000000000044, "MAX:kappa.min": 0.41000000000000003, "MIN:kappa.mean": 0.5921, "MAX:kappa.mean": 0.7006, "MIN:kappa.max": 0.71, "MAX:kappa.max": 0.94}