{"MIN:log_loss.min": 0.3288900416108105, "MAX:log_loss.min": 0.5201168443812141, "MIN:log_loss.mean": 0.7000191844826115, "MAX:log_loss.mean": 1.7231662597503314, "MIN:log_loss.max": 1.4413851382739045, "MAX:log_loss.max": 15.1970616137607, "MIN:accuracy.min": 0.3333333333333333, "MAX:accuracy.min": 0.3333333333333333, "MIN:accuracy.mean": 0.667, "MAX:accuracy.mean": 0.7280666666666668, "MIN:accuracy.max": 0.9, "MAX:accuracy.max": 0.96, "MIN:kappa.min": -2.220446049250313e-16, "MAX:kappa.min": 0.0, "MIN:kappa.mean": 0.5005, "MAX:kappa.mean": 0.5921, "MIN:kappa.max": 0.85, "MAX:kappa.max": 0.9400000000000001}