{"mean accuracy": 0.6378666666666667, "max accuracy": 0.8533333333333334, "mean kappa": 0.4568, "max kappa": 0.7799999999999999}