{"MIN:log_loss.min": 0.11195602822370207, "MAX:log_loss.min": 0.14401230181214258, "MIN:log_loss.mean": 0.2756316862626914, "MAX:log_loss.mean": 0.3221784799779346, "MIN:log_loss.max": 0.7047029537300227, "MAX:log_loss.max": 0.8289341352283447, "MIN:accuracy.min": 0.7, "MAX:accuracy.min": 0.78, "MIN:accuracy.mean": 0.9329333333333332, "MAX:accuracy.mean": 0.9465333333333332, "MIN:accuracy.max": 0.96, "MAX:accuracy.max": 0.96, "MIN:kappa.min": 0.55, "MAX:kappa.min": 0.6699999999999999, "MIN:kappa.mean": 0.8994, "MAX:kappa.mean": 0.9197999999999997, "MIN:kappa.max": 0.9400000000000001, "MAX:kappa.max": 0.9400000000000001}