{"MIN:log_loss.min": 0.13015732686336065, "MAX:log_loss.min": 0.813769072817869, "MIN:log_loss.mean": 0.6372621839526931, "MAX:log_loss.mean": 0.9146332013752506, "MIN:log_loss.max": 1.093767391784102, "MAX:log_loss.max": 1.141274174709877, "MIN:accuracy.min": 0.3333333333333333, "MAX:accuracy.min": 0.6666666666666666, "MIN:accuracy.mean": 0.6383333333333333, "MAX:accuracy.mean": 0.7087333333333333, "MIN:accuracy.max": 0.6666666666666666, "MAX:accuracy.max": 0.96, "MIN:kappa.min": 0.0, "MAX:kappa.min": 0.5, "MIN:kappa.mean": 0.4574999999999999, "MAX:kappa.mean": 0.5631, "MIN:kappa.max": 0.5, "MAX:kappa.max": 0.9400000000000001}