{"MIN:log_loss.min": 0.2432367863539928, "MAX:log_loss.min": 0.583456516935875, "MIN:log_loss.mean": 0.6783796117221157, "MAX:log_loss.mean": 0.8676878232592184, "MIN:log_loss.max": 1.195013955848514, "MAX:log_loss.max": 1.226947004311516, "MIN:accuracy.min": 0.3333333333333333, "MAX:accuracy.min": 0.35333333333333333, "MIN:accuracy.mean": 0.6420666666666667, "MAX:accuracy.mean": 0.6874666666666667, "MIN:accuracy.max": 0.9533333333333334, "MAX:accuracy.max": 0.96, "MIN:kappa.min": 0.0, "MAX:kappa.min": 0.030000000000000027, "MIN:kappa.mean": 0.46310000000000007, "MAX:kappa.mean": 0.5312, "MIN:kappa.max": 0.9299999999999999, "MAX:kappa.max": 0.9400000000000001}