{"MIN:log_loss.min": 0.15264575641051512, "MAX:log_loss.min": 0.66367633614215, "MIN:log_loss.mean": 0.7813573568492735, "MAX:log_loss.mean": 3.8038737163276624, "MIN:log_loss.max": 6.339669337961872, "MAX:log_loss.max": 23.025850929940454, "MIN:accuracy.min": 0.3333333333333333, "MAX:accuracy.min": 0.6266666666666667, "MIN:accuracy.mean": 0.6656666666666667, "MAX:accuracy.mean": 0.7714666666666666, "MIN:accuracy.max": 0.8466666666666667, "MAX:accuracy.max": 0.96, "MIN:kappa.min": -2.220446049250313e-16, "MAX:kappa.min": 0.43999999999999995, "MIN:kappa.mean": 0.4984999999999999, "MAX:kappa.mean": 0.6572, "MIN:kappa.max": 0.77, "MAX:kappa.max": 0.9400000000000001}