{"MIN:log_loss.min": 0.7610300513950566, "MAX:log_loss.min": 0.839406248281778, "MIN:log_loss.mean": 0.8936630346886987, "MAX:log_loss.mean": 1.0445362519072057, "MIN:log_loss.max": 1.1787088957354341, "MAX:log_loss.max": 1.410935709994714, "MIN:accuracy.min": 0.26, "MAX:accuracy.min": 0.6066666666666667, "MIN:accuracy.mean": 0.5818666666666666, "MAX:accuracy.mean": 0.6743333333333336, "MIN:accuracy.max": 0.6666666666666666, "MAX:accuracy.max": 0.96, "MIN:kappa.min": -0.1100000000000001, "MAX:kappa.min": 0.41000000000000003, "MIN:kappa.mean": 0.37279999999999996, "MAX:kappa.mean": 0.5115, "MIN:kappa.max": 0.5, "MAX:kappa.max": 0.9400000000000001}