{"MIN:log_loss.min": 0.5369394035134815, "MAX:log_loss.min": 0.5434143996395894, "MIN:log_loss.mean": 0.6354604213279665, "MAX:log_loss.mean": 0.6533347533581769, "MIN:log_loss.max": 0.9669670341483798, "MAX:log_loss.max": 0.9859013337607888, "MIN:accuracy.min": 0.44666666666666666, "MAX:accuracy.min": 0.5933333333333334, "MIN:accuracy.mean": 0.8984666666666665, "MAX:accuracy.mean": 0.9229333333333333, "MIN:accuracy.max": 0.96, "MAX:accuracy.max": 0.9666666666666667, "MIN:kappa.min": 0.17000000000000004, "MAX:kappa.min": 0.39, "MIN:kappa.mean": 0.8476999999999998, "MAX:kappa.mean": 0.8843999999999997, "MIN:kappa.max": 0.9400000000000001, "MAX:kappa.max": 0.95}