{"MIN:log_loss.min": 0.08755458701453746, "MAX:log_loss.min": 0.1639045964532405, "MIN:log_loss.mean": 0.427439008951518, "MAX:log_loss.mean": 0.44094852610354596, "MIN:log_loss.max": 0.776769842612088, "MAX:log_loss.max": 0.7963471705168598, "MIN:accuracy.min": 0.88, "MAX:accuracy.min": 0.9466666666666667, "MIN:accuracy.mean": 0.9524666666666667, "MAX:accuracy.mean": 0.9548000000000001, "MIN:accuracy.max": 0.9666666666666667, "MAX:accuracy.max": 0.98, "MIN:kappa.min": 0.8200000000000001, "MAX:kappa.min": 0.92, "MIN:kappa.mean": 0.9286999999999999, "MAX:kappa.mean": 0.9321999999999998, "MIN:kappa.max": 0.95, "MAX:kappa.max": 0.97}