{"MIN:log_loss.min": 0.12277484006104813, "MAX:log_loss.min": 0.15387356400581714, "MIN:log_loss.mean": 0.5583317274676489, "MAX:log_loss.mean": 0.6612046968179982, "MIN:log_loss.max": 2.192931266552978, "MAX:log_loss.max": 5.404040291220732, "MIN:accuracy.min": 0.56, "MAX:accuracy.min": 0.8533333333333334, "MIN:accuracy.mean": 0.8478666666666667, "MAX:accuracy.mean": 0.8916666666666666, "MIN:accuracy.max": 0.96, "MAX:accuracy.max": 0.96, "MIN:kappa.min": 0.33999999999999997, "MAX:kappa.min": 0.78, "MIN:kappa.mean": 0.7717999999999999, "MAX:kappa.mean": 0.8375, "MIN:kappa.max": 0.94, "MAX:kappa.max": 0.9400000000000001}