{"MIN:log_loss.min": 0.16423350537687942, "MAX:log_loss.min": 0.224432140503424, "MIN:log_loss.mean": 0.6175130966866296, "MAX:log_loss.mean": 0.6497362026987221, "MIN:log_loss.max": 1.0977935006425905, "MAX:log_loss.max": 1.097793508195447, "MIN:accuracy.min": 0.52, "MAX:accuracy.min": 0.5666666666666667, "MIN:accuracy.mean": 0.8138000000000001, "MAX:accuracy.mean": 0.8455333333333332, "MIN:accuracy.max": 0.96, "MAX:accuracy.max": 0.9666666666666667, "MIN:kappa.min": 0.28, "MAX:kappa.min": 0.35, "MIN:kappa.mean": 0.7206999999999999, "MAX:kappa.mean": 0.7683, "MIN:kappa.max": 0.94, "MAX:kappa.max": 0.95}