{"MIN:log_loss.min": 0.2652315551268764, "MAX:log_loss.min": 0.5987840024504849, "MIN:log_loss.mean": 0.727596963665864, "MAX:log_loss.mean": 1.072056691186135, "MIN:log_loss.max": 1.5076317899798417, "MAX:log_loss.max": 12.070598819301019, "MIN:accuracy.min": 0.56, "MAX:accuracy.min": 0.6133333333333333, "MIN:accuracy.mean": 0.7404000000000002, "MAX:accuracy.mean": 0.8157333333333335, "MIN:accuracy.max": 0.8066666666666666, "MAX:accuracy.max": 0.96, "MIN:kappa.min": 0.33999999999999997, "MAX:kappa.min": 0.42000000000000004, "MIN:kappa.mean": 0.6106, "MAX:kappa.mean": 0.7236, "MIN:kappa.max": 0.71, "MAX:kappa.max": 0.94}