{"MIN:log_loss.min": 0.9404133236351565, "MAX:log_loss.min": 0.9404133236351565, "MIN:log_loss.mean": 1.0002910480605187, "MAX:log_loss.mean": 1.0002910480605187, "MIN:log_loss.max": 1.1543676151687152, "MAX:log_loss.max": 1.1543676151687152, "MIN:accuracy.min": 0.3333333333333333, "MAX:accuracy.min": 0.3333333333333333, "MIN:accuracy.mean": 0.3333333333333334, "MAX:accuracy.mean": 0.3333333333333334, "MIN:accuracy.max": 0.3333333333333333, "MAX:accuracy.max": 0.3333333333333333, "MIN:kappa.min": 0.0, "MAX:kappa.min": 0.0, "MIN:kappa.mean": 0.0, "MAX:kappa.mean": 0.0, "MIN:kappa.max": 0.0, "MAX:kappa.max": 0.0}