{"MIN:log_loss.min": 0.4792697801418182, "MAX:log_loss.min": 1.0387301206434985, "MIN:log_loss.mean": 0.6994181133040845, "MAX:log_loss.mean": 3.4099132845000764, "MIN:log_loss.max": 0.9711281490566868, "MAX:log_loss.max": 17.62549611687646, "MIN:accuracy.min": 0.3333333333333333, "MAX:accuracy.min": 0.6666666666666666, "MIN:accuracy.mean": 0.6572000000000001, "MAX:accuracy.mean": 0.7031999999999999, "MIN:accuracy.max": 0.6666666666666666, "MAX:accuracy.max": 0.96, "MIN:kappa.min": -2.220446049250313e-16, "MAX:kappa.min": 0.5, "MIN:kappa.mean": 0.4858, "MAX:kappa.mean": 0.5548000000000001, "MIN:kappa.max": 0.5, "MAX:kappa.max": 0.9400000000000001}