{"MIN:log_loss.min": 0.3256575754747545, "MAX:log_loss.min": 0.34693554050729425, "MIN:log_loss.mean": 0.6118195202654961, "MAX:log_loss.mean": 0.6278965110021223, "MIN:log_loss.max": 1.0219235706744862, "MAX:log_loss.max": 1.1151006090457307, "MIN:accuracy.min": 0.3333333333333333, "MAX:accuracy.min": 0.3333333333333333, "MIN:accuracy.mean": 0.8395333333333332, "MAX:accuracy.mean": 0.8619333333333333, "MIN:accuracy.max": 0.96, "MAX:accuracy.max": 0.96, "MIN:kappa.min": 0.0, "MAX:kappa.min": 0.0, "MIN:kappa.mean": 0.7593000000000001, "MAX:kappa.mean": 0.7929000000000002, "MIN:kappa.max": 0.9400000000000001, "MAX:kappa.max": 0.9400000000000001}