{"MIN:log_loss.min": 0.9489357489477481, "MAX:log_loss.min": 1.0143015912285156, "MIN:log_loss.mean": 1.0541725022698056, "MAX:log_loss.mean": 1.0789166945672235, "MIN:log_loss.max": 1.0981234233550037, "MAX:log_loss.max": 1.0986113076802004, "MIN:accuracy.min": 0.6666666666666666, "MAX:accuracy.min": 0.6666666666666666, "MIN:accuracy.mean": 0.6666666666666669, "MAX:accuracy.mean": 0.6666666666666669, "MIN:accuracy.max": 0.6666666666666666, "MAX:accuracy.max": 0.6666666666666666, "MIN:kappa.min": 0.5, "MAX:kappa.min": 0.5, "MIN:kappa.mean": 0.5, "MAX:kappa.mean": 0.5, "MIN:kappa.max": 0.5, "MAX:kappa.max": 0.5}