{"MIN:log_loss.min": 0.4602292272574862, "MAX:log_loss.min": 0.5260385170379264, "MIN:log_loss.mean": 1.149428867947, "MAX:log_loss.mean": 1.2002213119510667, "MIN:log_loss.max": 2.741951071314009, "MAX:log_loss.max": 3.1052494806640385, "MIN:accuracy.min": 0.3333333333333333, "MAX:accuracy.min": 0.3333333333333333, "MIN:accuracy.mean": 0.621, "MAX:accuracy.mean": 0.6399333333333334, "MIN:accuracy.max": 0.9466666666666667, "MAX:accuracy.max": 0.96, "MIN:kappa.min": 0.0, "MAX:kappa.min": 0.0, "MIN:kappa.mean": 0.4315, "MAX:kappa.mean": 0.45990000000000003, "MIN:kappa.max": 0.92, "MAX:kappa.max": 0.9400000000000001}