{"mean accuracy": 0.6484000000000001, "max accuracy": 0.6666666666666666, "mean kappa": 0.4725999999999999, "max kappa": 0.49999999999999994}