{"MIN:log_loss.min": 0.7079720387995649, "MAX:log_loss.min": 0.7969942728813902, "MIN:log_loss.mean": 0.8814095111884894, "MAX:log_loss.mean": 0.963948729311853, "MIN:log_loss.max": 1.0986122515224621, "MAX:log_loss.max": 1.0986808459564974, "MIN:accuracy.min": 0.14, "MAX:accuracy.min": 0.3333333333333333, "MIN:accuracy.mean": 0.6325999999999999, "MAX:accuracy.mean": 0.7239333333333333, "MIN:accuracy.max": 0.9133333333333333, "MAX:accuracy.max": 0.96, "MIN:kappa.min": -0.2899999999999998, "MAX:kappa.min": 0.0, "MIN:kappa.mean": 0.4489, "MAX:kappa.mean": 0.5859000000000001, "MIN:kappa.max": 0.87, "MAX:kappa.max": 0.9400000000000001}