{"MIN:log_loss.min": 0.3182438698355746, "MAX:log_loss.min": 0.5479874591187949, "MIN:log_loss.mean": 0.6431591271371389, "MAX:log_loss.mean": 6.0592126649461315, "MIN:log_loss.max": 1.217962337131777, "MAX:log_loss.max": 12.572911466079034, "MIN:accuracy.min": 0.3333333333333333, "MAX:accuracy.min": 0.56, "MIN:accuracy.mean": 0.6998666666666666, "MAX:accuracy.mean": 0.7159333333333335, "MIN:accuracy.max": 0.9466666666666667, "MAX:accuracy.max": 0.9533333333333334, "MIN:kappa.min": 0.0, "MAX:kappa.min": 0.33999999999999997, "MIN:kappa.mean": 0.5498000000000001, "MAX:kappa.mean": 0.5739, "MIN:kappa.max": 0.92, "MAX:kappa.max": 0.9299999999999999}