{"MIN:log_loss.min": 0.13891955223428307, "MAX:log_loss.min": 0.6924022701136409, "MIN:log_loss.mean": 0.9318335056128295, "MAX:log_loss.mean": 6.504034721606375, "MIN:log_loss.max": 1.7714116497631585, "MAX:log_loss.max": 12.774602613128218, "MIN:accuracy.min": 0.3333333333333333, "MAX:accuracy.min": 0.3333333333333333, "MIN:accuracy.mean": 0.5726, "MAX:accuracy.mean": 0.6015999999999999, "MIN:accuracy.max": 0.6666666666666666, "MAX:accuracy.max": 0.9666666666666667, "MIN:kappa.min": -2.220446049250313e-16, "MAX:kappa.min": 0.0, "MIN:kappa.mean": 0.35889999999999994, "MAX:kappa.mean": 0.4023999999999999, "MIN:kappa.max": 0.5, "MAX:kappa.max": 0.95}