{"mean accuracy": 0.9551333333333334, "max accuracy": 0.9733333333333334, "mean kappa": 0.9326999999999999, "max kappa": 0.9600000000000001}