{"MIN:log_loss.min": 0.23455292416900111, "MAX:log_loss.min": 0.28262716295425727, "MIN:log_loss.mean": 0.42257829416845394, "MAX:log_loss.mean": 0.6420026993583557, "MIN:log_loss.max": 0.9339781865294094, "MAX:log_loss.max": 1.0841352127262016, "MIN:accuracy.min": 0.3333333333333333, "MAX:accuracy.min": 0.4533333333333333, "MIN:accuracy.mean": 0.7763333333333332, "MAX:accuracy.mean": 0.8406666666666665, "MIN:accuracy.max": 0.9066666666666666, "MAX:accuracy.max": 0.96, "MIN:kappa.min": 0.0, "MAX:kappa.min": 0.18000000000000005, "MIN:kappa.mean": 0.6645, "MAX:kappa.mean": 0.7609999999999999, "MIN:kappa.max": 0.86, "MAX:kappa.max": 0.94}