{"MIN:log_loss.min": 0.5053508657995373, "MAX:log_loss.min": 0.5578202130279007, "MIN:log_loss.mean": 0.7534307201297399, "MAX:log_loss.mean": 0.7776148862652005, "MIN:log_loss.max": 1.1277920549781855, "MAX:log_loss.max": 1.2179924759261973, "MIN:accuracy.min": 0.3333333333333333, "MAX:accuracy.min": 0.3333333333333333, "MIN:accuracy.mean": 0.6447999999999999, "MAX:accuracy.mean": 0.6781333333333334, "MIN:accuracy.max": 0.8533333333333334, "MAX:accuracy.max": 0.9, "MIN:kappa.min": -2.220446049250313e-16, "MAX:kappa.min": 0.0, "MIN:kappa.mean": 0.46720000000000006, "MAX:kappa.mean": 0.5172, "MIN:kappa.max": 0.78, "MAX:kappa.max": 0.85}