{"MIN:log_loss.min": 0.45594895151752546, "MAX:log_loss.min": 0.45643864839261084, "MIN:log_loss.mean": 0.7976969824192761, "MAX:log_loss.mean": 0.8242399357459407, "MIN:log_loss.max": 1.421828694415913, "MAX:log_loss.max": 1.4218287512606063, "MIN:accuracy.min": 0.3333333333333333, "MAX:accuracy.min": 0.3333333333333333, "MIN:accuracy.mean": 0.6244666666666667, "MAX:accuracy.mean": 0.6440666666666668, "MIN:accuracy.max": 0.8533333333333334, "MAX:accuracy.max": 0.8533333333333334, "MIN:kappa.min": 0.0, "MAX:kappa.min": 0.0, "MIN:kappa.mean": 0.43670000000000003, "MAX:kappa.mean": 0.4660999999999999, "MIN:kappa.max": 0.78, "MAX:kappa.max": 0.78}