{"MIN:log_loss.min": 0.23541550828923433, "MAX:log_loss.min": 0.4688296532176844, "MIN:log_loss.mean": 0.8431298998328294, "MAX:log_loss.mean": 2.3011845131550066, "MIN:log_loss.max": 5.592316747687113, "MAX:log_loss.max": 16.37684724059506, "MIN:accuracy.min": 0.28, "MAX:accuracy.min": 0.3333333333333333, "MIN:accuracy.mean": 0.7252000000000001, "MAX:accuracy.mean": 0.7789333333333333, "MIN:accuracy.max": 0.96, "MAX:accuracy.max": 0.9666666666666667, "MIN:kappa.min": -0.08000000000000007, "MAX:kappa.min": 0.0, "MIN:kappa.mean": 0.5878000000000001, "MAX:kappa.mean": 0.6683999999999999, "MIN:kappa.max": 0.9400000000000001, "MAX:kappa.max": 0.95}