{"MIN:log_loss.min": 0.10131167195424304, "MAX:log_loss.min": 0.41018537434350066, "MIN:log_loss.mean": 0.6752142969978646, "MAX:log_loss.mean": 7.330212579795878, "MIN:log_loss.max": 1.1965773403644497, "MAX:log_loss.max": 22.565333911341646, "MIN:accuracy.min": 0.3333333333333333, "MAX:accuracy.min": 0.6266666666666667, "MIN:accuracy.mean": 0.6795333333333332, "MAX:accuracy.mean": 0.7240000000000001, "MIN:accuracy.max": 0.88, "MAX:accuracy.max": 0.9733333333333334, "MIN:kappa.min": 0.0, "MAX:kappa.min": 0.43999999999999995, "MIN:kappa.mean": 0.5192999999999999, "MAX:kappa.mean": 0.586, "MIN:kappa.max": 0.8200000000000001, "MAX:kappa.max": 0.96}