{"MIN:log_loss.min": 0.11340734428625142, "MAX:log_loss.min": 0.18043175438576947, "MIN:log_loss.mean": 0.4611562901578325, "MAX:log_loss.mean": 0.5422932673393548, "MIN:log_loss.max": 2.083186175543506, "MAX:log_loss.max": 5.18101238892911, "MIN:accuracy.min": 0.4, "MAX:accuracy.min": 0.6266666666666667, "MIN:accuracy.mean": 0.87, "MAX:accuracy.mean": 0.9373333333333334, "MIN:accuracy.max": 0.9533333333333334, "MAX:accuracy.max": 0.96, "MIN:kappa.min": 0.09999999999999998, "MAX:kappa.min": 0.43999999999999995, "MIN:kappa.mean": 0.8049999999999997, "MAX:kappa.mean": 0.9059999999999998, "MIN:kappa.max": 0.9299999999999999, "MAX:kappa.max": 0.9400000000000001}