{"MIN:log_loss.min": 0.5483844812451735, "MAX:log_loss.min": 0.6368027905045401, "MIN:log_loss.mean": 0.6666349660974505, "MAX:log_loss.mean": 0.75998494004414, "MIN:log_loss.max": 0.9232697793999326, "MAX:log_loss.max": 2.5925227569555496, "MIN:accuracy.min": 0.19333333333333333, "MAX:accuracy.min": 0.6533333333333333, "MIN:accuracy.mean": 0.8023333333333333, "MAX:accuracy.mean": 0.9034666666666666, "MIN:accuracy.max": 0.96, "MAX:accuracy.max": 0.9666666666666667, "MIN:kappa.min": -0.20999999999999996, "MAX:kappa.min": 0.48, "MIN:kappa.mean": 0.7034999999999999, "MAX:kappa.mean": 0.8552000000000001, "MIN:kappa.max": 0.94, "MAX:kappa.max": 0.95}