{"MIN:log_loss.min": 0.6911044581197969, "MAX:log_loss.min": 0.7474002951390398, "MIN:log_loss.mean": 0.923458446538756, "MAX:log_loss.mean": 1.334539280828429, "MIN:log_loss.max": 1.1335466282284392, "MAX:log_loss.max": 2.583948397468907, "MIN:accuracy.min": 0.2866666666666667, "MAX:accuracy.min": 0.3333333333333333, "MIN:accuracy.mean": 0.5198, "MAX:accuracy.mean": 0.5599333333333334, "MIN:accuracy.max": 0.6666666666666666, "MAX:accuracy.max": 0.78, "MIN:kappa.min": -0.07000000000000006, "MAX:kappa.min": 0.0, "MIN:kappa.mean": 0.2797, "MAX:kappa.mean": 0.33990000000000004, "MIN:kappa.max": 0.5, "MAX:kappa.max": 0.6699999999999999}