{"mean accuracy": 0.9576000000000005, "max accuracy": 0.96, "mean kappa": 0.9363999999999999, "max kappa": 0.94}