{"MIN:log_loss.min": 0.564236082787432, "MAX:log_loss.min": 0.5696521561166136, "MIN:log_loss.mean": 0.857929142539224, "MAX:log_loss.mean": 0.8579807266226084, "MIN:log_loss.max": 3.7051818047547718, "MAX:log_loss.max": 3.70880594461481, "MIN:accuracy.min": 0.3333333333333333, "MAX:accuracy.min": 0.3333333333333333, "MIN:accuracy.mean": 0.7533333333333333, "MAX:accuracy.mean": 0.7616666666666666, "MIN:accuracy.max": 0.8933333333333333, "MAX:accuracy.max": 0.9, "MIN:kappa.min": -2.220446049250313e-16, "MAX:kappa.min": 0.0, "MIN:kappa.mean": 0.6300000000000001, "MAX:kappa.mean": 0.6425, "MIN:kappa.max": 0.84, "MAX:kappa.max": 0.8500000000000001}