{"MIN:log_loss.min": 0.11569189055892762, "MAX:log_loss.min": 0.19884301013605185, "MIN:log_loss.mean": 0.1547740982990106, "MAX:log_loss.mean": 0.22257771338086196, "MIN:log_loss.max": 0.43586707243677864, "MAX:log_loss.max": 0.9021884585517773, "MIN:accuracy.min": 0.52, "MAX:accuracy.min": 0.8533333333333334, "MIN:accuracy.mean": 0.9322666666666669, "MAX:accuracy.mean": 0.9461999999999999, "MIN:accuracy.max": 0.96, "MAX:accuracy.max": 0.9666666666666667, "MIN:kappa.min": 0.28, "MAX:kappa.min": 0.78, "MIN:kappa.mean": 0.8983999999999999, "MAX:kappa.mean": 0.9192999999999997, "MIN:kappa.max": 0.94, "MAX:kappa.max": 0.95}