{"MIN:log_loss.min": 0.3755254522907483, "MAX:log_loss.min": 0.6731513744892119, "MIN:log_loss.mean": 0.6547127339386732, "MAX:log_loss.mean": 1.0279112945246232, "MIN:log_loss.max": 1.0989582591253297, "MAX:log_loss.max": 1.245240112463957, "MIN:accuracy.min": 0.38, "MAX:accuracy.min": 0.56, "MIN:accuracy.mean": 0.7182666666666667, "MAX:accuracy.mean": 0.7564, "MIN:accuracy.max": 0.9533333333333334, "MAX:accuracy.max": 0.96, "MIN:kappa.min": 0.06999999999999995, "MAX:kappa.min": 0.33999999999999997, "MIN:kappa.mean": 0.5774000000000001, "MAX:kappa.mean": 0.6346, "MIN:kappa.max": 0.9299999999999999, "MAX:kappa.max": 0.9400000000000001}