{"MIN:log_loss.min": 0.15829745620199637, "MAX:log_loss.min": 0.2504128259888221, "MIN:log_loss.mean": 0.5194643773165794, "MAX:log_loss.mean": 0.6528741164200333, "MIN:log_loss.max": 1.0086655019850983, "MAX:log_loss.max": 5.0989070942668935, "MIN:accuracy.min": 0.41333333333333333, "MAX:accuracy.min": 0.64, "MIN:accuracy.mean": 0.8152666666666666, "MAX:accuracy.mean": 0.9114666666666666, "MIN:accuracy.max": 0.9533333333333334, "MAX:accuracy.max": 0.96, "MIN:kappa.min": 0.12, "MAX:kappa.min": 0.45999999999999996, "MIN:kappa.mean": 0.7229000000000002, "MAX:kappa.mean": 0.8672000000000003, "MIN:kappa.max": 0.9299999999999999, "MAX:kappa.max": 0.9400000000000001}