{"MIN:log_loss.min": 0.4749711397478972, "MAX:log_loss.min": 0.527750841409921, "MIN:log_loss.mean": 0.692847621163287, "MAX:log_loss.mean": 0.7648641944349681, "MIN:log_loss.max": 1.1832359231510372, "MAX:log_loss.max": 1.1925354898507206, "MIN:accuracy.min": 0.41333333333333333, "MAX:accuracy.min": 0.6666666666666666, "MIN:accuracy.mean": 0.8125333333333333, "MAX:accuracy.mean": 0.8368000000000001, "MIN:accuracy.max": 0.9533333333333334, "MAX:accuracy.max": 0.98, "MIN:kappa.min": 0.12, "MAX:kappa.min": 0.5, "MIN:kappa.mean": 0.7188000000000001, "MAX:kappa.mean": 0.7552, "MIN:kappa.max": 0.9299999999999999, "MAX:kappa.max": 0.97}