{"MIN:log_loss.min": 0.6682237113415651, "MAX:log_loss.min": 0.7722441234645308, "MIN:log_loss.mean": 0.7413865689296462, "MAX:log_loss.mean": 0.8465228221069158, "MIN:log_loss.max": 1.2390903608003863, "MAX:log_loss.max": 1.305069453616007, "MIN:accuracy.min": 0.3333333333333333, "MAX:accuracy.min": 0.3333333333333333, "MIN:accuracy.mean": 0.6728666666666666, "MAX:accuracy.mean": 0.7126666666666667, "MIN:accuracy.max": 0.9266666666666666, "MAX:accuracy.max": 0.9666666666666667, "MIN:kappa.min": -2.220446049250313e-16, "MAX:kappa.min": 0.0, "MIN:kappa.mean": 0.5093, "MAX:kappa.mean": 0.569, "MIN:kappa.max": 0.89, "MAX:kappa.max": 0.95}