{"MIN:log_loss.min": 0.15941064569804406, "MAX:log_loss.min": 0.4400602763076078, "MIN:log_loss.mean": 0.7635382851141292, "MAX:log_loss.mean": 1.0786963407941992, "MIN:log_loss.max": 1.2160610223997215, "MAX:log_loss.max": 3.433928328338326, "MIN:accuracy.min": 0.3333333333333333, "MAX:accuracy.min": 0.3333333333333333, "MIN:accuracy.mean": 0.5950666666666666, "MAX:accuracy.mean": 0.6939333333333332, "MIN:accuracy.max": 0.8933333333333333, "MAX:accuracy.max": 0.96, "MIN:kappa.min": 0.0, "MAX:kappa.min": 0.0, "MIN:kappa.mean": 0.39260000000000006, "MAX:kappa.mean": 0.5408999999999999, "MIN:kappa.max": 0.84, "MAX:kappa.max": 0.9400000000000001}