{"MIN:log_loss.min": 0.1603166540331036, "MAX:log_loss.min": 0.17495903134609567, "MIN:log_loss.mean": 0.40792608534919594, "MAX:log_loss.mean": 0.4662559368592328, "MIN:log_loss.max": 1.1710888742428127, "MAX:log_loss.max": 2.6189622640095833, "MIN:accuracy.min": 0.3333333333333333, "MAX:accuracy.min": 0.49333333333333335, "MIN:accuracy.mean": 0.8797999999999999, "MAX:accuracy.mean": 0.8907333333333333, "MIN:accuracy.max": 0.9533333333333334, "MAX:accuracy.max": 0.96, "MIN:kappa.min": 0.0, "MAX:kappa.min": 0.24, "MIN:kappa.mean": 0.8197000000000001, "MAX:kappa.mean": 0.8361000000000002, "MIN:kappa.max": 0.9299999999999999, "MAX:kappa.max": 0.9400000000000001}