{"MIN:log_loss.min": 0.22046067365993513, "MAX:log_loss.min": 0.44818532252531856, "MIN:log_loss.mean": 1.1211425696607649, "MAX:log_loss.mean": 1.345454224727308, "MIN:log_loss.max": 13.94845460549777, "MAX:log_loss.max": 20.48585694214619, "MIN:accuracy.min": 0.31333333333333335, "MAX:accuracy.min": 0.37333333333333335, "MIN:accuracy.mean": 0.7481333333333333, "MAX:accuracy.mean": 0.8525333333333333, "MIN:accuracy.max": 0.8933333333333333, "MAX:accuracy.max": 0.96, "MIN:kappa.min": -0.029999999999999805, "MAX:kappa.min": 0.06000000000000005, "MIN:kappa.mean": 0.6221999999999999, "MAX:kappa.mean": 0.7787999999999999, "MIN:kappa.max": 0.84, "MAX:kappa.max": 0.9400000000000001}