{"MIN:log_loss.min": 0.7793940606448275, "MAX:log_loss.min": 1.014623603627954, "MIN:log_loss.mean": 1.0352944378781093, "MAX:log_loss.mean": 1.2720193588754085, "MIN:log_loss.max": 1.0890890938341178, "MAX:log_loss.max": 8.925650319690806, "MIN:accuracy.min": 0.36666666666666664, "MAX:accuracy.min": 0.6533333333333333, "MIN:accuracy.mean": 0.7315333333333335, "MAX:accuracy.mean": 0.734066666666667, "MIN:accuracy.max": 0.94, "MAX:accuracy.max": 0.9666666666666667, "MIN:kappa.min": 0.050000000000000044, "MAX:kappa.min": 0.48, "MIN:kappa.mean": 0.5973, "MAX:kappa.mean": 0.6011, "MIN:kappa.max": 0.91, "MAX:kappa.max": 0.95}