{"MIN:log_loss.min": 0.35205291260881677, "MAX:log_loss.min": 0.7924566552420564, "MIN:log_loss.mean": 0.8715288133053481, "MAX:log_loss.mean": 5.116763726510849, "MIN:log_loss.max": 1.3597193648901729, "MAX:log_loss.max": 16.993940712434675, "MIN:accuracy.min": 0.3333333333333333, "MAX:accuracy.min": 0.34, "MIN:accuracy.mean": 0.6105333333333333, "MAX:accuracy.mean": 0.6686000000000001, "MIN:accuracy.max": 0.8266666666666667, "MAX:accuracy.max": 0.96, "MIN:kappa.min": -2.220446049250313e-16, "MAX:kappa.min": 0.01000000000000012, "MIN:kappa.mean": 0.4158, "MAX:kappa.mean": 0.5029, "MIN:kappa.max": 0.74, "MAX:kappa.max": 0.9400000000000001}