{"MIN:log_loss.min": 0.1867928204091359, "MAX:log_loss.min": 0.2093310779172247, "MIN:log_loss.mean": 0.44280033725086854, "MAX:log_loss.mean": 0.5048176646193394, "MIN:log_loss.max": 2.7878924290656615, "MAX:log_loss.max": 2.8041680656213273, "MIN:accuracy.min": 0.2, "MAX:accuracy.min": 0.32666666666666666, "MIN:accuracy.mean": 0.8761333333333333, "MAX:accuracy.mean": 0.9139999999999999, "MIN:accuracy.max": 0.96, "MAX:accuracy.max": 0.98, "MIN:kappa.min": -0.19999999999999996, "MAX:kappa.min": -0.010000000000000009, "MIN:kappa.mean": 0.8142000000000001, "MAX:kappa.mean": 0.8710000000000001, "MIN:kappa.max": 0.9400000000000001, "MAX:kappa.max": 0.97}