{"MIN:log_loss.min": 0.5886394945827034, "MAX:log_loss.min": 0.7018258776424491, "MIN:log_loss.mean": 0.727635797518898, "MAX:log_loss.mean": 0.7897897756046298, "MIN:log_loss.max": 1.00538402160109, "MAX:log_loss.max": 1.148042690433771, "MIN:accuracy.min": 0.06, "MAX:accuracy.min": 0.44666666666666666, "MIN:accuracy.mean": 0.79, "MAX:accuracy.mean": 0.8230000000000001, "MIN:accuracy.max": 0.86, "MAX:accuracy.max": 0.96, "MIN:kappa.min": -0.4099999999999997, "MAX:kappa.min": 0.17000000000000015, "MIN:kappa.mean": 0.6850000000000002, "MAX:kappa.mean": 0.7345000000000002, "MIN:kappa.max": 0.79, "MAX:kappa.max": 0.9400000000000001}