{"MIN:log_loss.min": 0.4682819186144835, "MAX:log_loss.min": 0.6354276475838242, "MIN:log_loss.mean": 0.7826488331398569, "MAX:log_loss.mean": 0.9341437626012875, "MIN:log_loss.max": 2.513874239537506, "MAX:log_loss.max": 5.810452577260107, "MIN:accuracy.min": 0.3333333333333333, "MAX:accuracy.min": 0.3333333333333333, "MIN:accuracy.mean": 0.714, "MAX:accuracy.mean": 0.7352666666666665, "MIN:accuracy.max": 0.96, "MAX:accuracy.max": 0.96, "MIN:kappa.min": -2.220446049250313e-16, "MAX:kappa.min": 0.0, "MIN:kappa.mean": 0.571, "MAX:kappa.mean": 0.6029, "MIN:kappa.max": 0.94, "MAX:kappa.max": 0.9400000000000001}