{"MIN:log_loss.min": 0.08093258866472514, "MAX:log_loss.min": 0.08405644725853544, "MIN:log_loss.mean": 0.2513150829453207, "MAX:log_loss.mean": 0.26531805904591754, "MIN:log_loss.max": 0.6825822467576727, "MAX:log_loss.max": 0.6928356644534098, "MIN:accuracy.min": 0.9466666666666667, "MAX:accuracy.min": 0.96, "MIN:accuracy.mean": 0.9636666666666664, "MAX:accuracy.mean": 0.9648000000000002, "MIN:accuracy.max": 0.9733333333333334, "MAX:accuracy.max": 0.9733333333333334, "MIN:kappa.min": 0.92, "MAX:kappa.min": 0.94, "MIN:kappa.mean": 0.9455, "MAX:kappa.mean": 0.9472, "MIN:kappa.max": 0.96, "MAX:kappa.max": 0.96}