{"MIN:log_loss.min": 0.11272326813533662, "MAX:log_loss.min": 0.1266024969467651, "MIN:log_loss.mean": 0.3362093110052595, "MAX:log_loss.mean": 0.34859516331940255, "MIN:log_loss.max": 0.8135039009646831, "MAX:log_loss.max": 0.8420408985560252, "MIN:accuracy.min": 0.6266666666666667, "MAX:accuracy.min": 0.96, "MIN:accuracy.mean": 0.9354666666666668, "MAX:accuracy.mean": 0.96, "MIN:accuracy.max": 0.96, "MAX:accuracy.max": 0.96, "MIN:kappa.min": 0.43999999999999995, "MAX:kappa.min": 0.94, "MIN:kappa.mean": 0.9031999999999997, "MAX:kappa.mean": 0.9399999999999996, "MIN:kappa.max": 0.94, "MAX:kappa.max": 0.94}