{"MIN:log_loss.min": 0.16721196890054432, "MAX:log_loss.min": 0.22214794826903567, "MIN:log_loss.mean": 0.46824667093221195, "MAX:log_loss.mean": 0.946594657581279, "MIN:log_loss.max": 0.9820563555423435, "MAX:log_loss.max": 18.053822936426254, "MIN:accuracy.min": 0.41333333333333333, "MAX:accuracy.min": 0.6666666666666666, "MIN:accuracy.mean": 0.8078666666666666, "MAX:accuracy.mean": 0.8388666666666666, "MIN:accuracy.max": 0.9333333333333333, "MAX:accuracy.max": 0.96, "MIN:kappa.min": 0.12, "MAX:kappa.min": 0.5, "MIN:kappa.mean": 0.7118000000000002, "MAX:kappa.mean": 0.7583000000000001, "MIN:kappa.max": 0.9, "MAX:kappa.max": 0.94}