{"MIN:log_loss.min": 0.10963927618445925, "MAX:log_loss.min": 0.28503022321217997, "MIN:log_loss.mean": 0.8103477372708086, "MAX:log_loss.mean": 4.269698786345023, "MIN:log_loss.max": 1.2665170654853866, "MAX:log_loss.max": 6.3498796067520376, "MIN:accuracy.min": 0.3333333333333333, "MAX:accuracy.min": 0.6666666666666666, "MIN:accuracy.mean": 0.3601333333333334, "MAX:accuracy.mean": 0.6874000000000001, "MIN:accuracy.max": 0.9266666666666666, "MAX:accuracy.max": 0.96, "MIN:kappa.min": -2.220446049250313e-16, "MAX:kappa.min": 0.5, "MIN:kappa.mean": 0.040199999999999986, "MAX:kappa.mean": 0.5311, "MIN:kappa.max": 0.89, "MAX:kappa.max": 0.94}