{"MIN:log_loss.min": 0.28375928129784167, "MAX:log_loss.min": 0.3811598218030388, "MIN:log_loss.mean": 0.5666508331015045, "MAX:log_loss.mean": 0.7333444765038354, "MIN:log_loss.max": 1.0324050983165465, "MAX:log_loss.max": 5.1243354740844875, "MIN:accuracy.min": 0.3333333333333333, "MAX:accuracy.min": 0.38, "MIN:accuracy.mean": 0.7682666666666669, "MAX:accuracy.mean": 0.8174000000000001, "MIN:accuracy.max": 0.9133333333333333, "MAX:accuracy.max": 0.9533333333333334, "MIN:kappa.min": -2.220446049250313e-16, "MAX:kappa.min": 0.06999999999999995, "MIN:kappa.mean": 0.6524000000000001, "MAX:kappa.mean": 0.7260999999999999, "MIN:kappa.max": 0.87, "MAX:kappa.max": 0.9299999999999999}