{"MIN:log_loss.min": 0.8581820452233533, "MAX:log_loss.min": 0.9660738972363322, "MIN:log_loss.mean": 1.0212293183921621, "MAX:log_loss.mean": 1.0403316577084976, "MIN:log_loss.max": 1.098612243630084, "MAX:log_loss.max": 1.0986122558774578, "MIN:accuracy.min": 0.37333333333333335, "MAX:accuracy.min": 0.6666666666666666, "MIN:accuracy.mean": 0.6618000000000002, "MAX:accuracy.mean": 0.6764, "MIN:accuracy.max": 0.6666666666666666, "MAX:accuracy.max": 0.96, "MIN:kappa.min": 0.06000000000000005, "MAX:kappa.min": 0.5, "MIN:kappa.mean": 0.49269999999999997, "MAX:kappa.mean": 0.5146000000000001, "MIN:kappa.max": 0.5, "MAX:kappa.max": 0.9400000000000001}