{"MIN:log_loss.min": 0.4724867594492897, "MAX:log_loss.min": 0.5769698704691449, "MIN:log_loss.mean": 0.7794522104781856, "MAX:log_loss.mean": 0.8290943548210643, "MIN:log_loss.max": 1.0985396078772307, "MAX:log_loss.max": 1.0985714397514963, "MIN:accuracy.min": 0.3333333333333333, "MAX:accuracy.min": 0.44, "MIN:accuracy.mean": 0.6675999999999999, "MAX:accuracy.mean": 0.7011333333333333, "MIN:accuracy.max": 0.9133333333333333, "MAX:accuracy.max": 0.96, "MIN:kappa.min": 0.0, "MAX:kappa.min": 0.16000000000000003, "MIN:kappa.mean": 0.5014000000000001, "MAX:kappa.mean": 0.5517, "MIN:kappa.max": 0.87, "MAX:kappa.max": 0.9400000000000001}