{"MIN:log_loss.min": 0.351446733506707, "MAX:log_loss.min": 0.411993535030159, "MIN:log_loss.mean": 0.5989459985787985, "MAX:log_loss.mean": 1.4227592856714932, "MIN:log_loss.max": 0.9808453466461856, "MAX:log_loss.max": 11.512925464970227, "MIN:accuracy.min": 0.34, "MAX:accuracy.min": 0.4533333333333333, "MIN:accuracy.mean": 0.7720666666666667, "MAX:accuracy.mean": 0.8213333333333332, "MIN:accuracy.max": 0.96, "MAX:accuracy.max": 0.96, "MIN:kappa.min": 0.010000000000000009, "MAX:kappa.min": 0.18000000000000005, "MIN:kappa.mean": 0.6581, "MAX:kappa.mean": 0.7319999999999999, "MIN:kappa.max": 0.9400000000000001, "MAX:kappa.max": 0.9400000000000001}