{"MIN:log_loss.min": 0.5126508553228769, "MAX:log_loss.min": 0.7146923846148521, "MIN:log_loss.mean": 0.8512486995070887, "MAX:log_loss.mean": 0.9514235327310254, "MIN:log_loss.max": 1.9401770228152948, "MAX:log_loss.max": 2.7773987813504504, "MIN:accuracy.min": 0.3333333333333333, "MAX:accuracy.min": 0.36666666666666664, "MIN:accuracy.mean": 0.6334666666666667, "MAX:accuracy.mean": 0.7463333333333333, "MIN:accuracy.max": 0.94, "MAX:accuracy.max": 0.9666666666666667, "MIN:kappa.min": -2.220446049250313e-16, "MAX:kappa.min": 0.050000000000000044, "MIN:kappa.mean": 0.4501999999999999, "MAX:kappa.mean": 0.6195, "MIN:kappa.max": 0.91, "MAX:kappa.max": 0.95}