{"MIN:log_loss.min": 0.25530887783879136, "MAX:log_loss.min": 0.9742052777684334, "MIN:log_loss.mean": 0.7596751874493003, "MAX:log_loss.mean": 1.0472821604451963, "MIN:log_loss.max": 1.1084735862931092, "MAX:log_loss.max": 1.1953279386516784, "MIN:accuracy.min": 0.3333333333333333, "MAX:accuracy.min": 0.6666666666666666, "MIN:accuracy.mean": 0.5945999999999999, "MAX:accuracy.mean": 0.6666666666666669, "MIN:accuracy.max": 0.6666666666666666, "MAX:accuracy.max": 0.96, "MIN:kappa.min": -2.220446049250313e-16, "MAX:kappa.min": 0.5, "MIN:kappa.mean": 0.39189999999999997, "MAX:kappa.mean": 0.5, "MIN:kappa.max": 0.5, "MAX:kappa.max": 0.9400000000000001}