{"MIN:log_loss.min": 0.12769134648365985, "MAX:log_loss.min": 0.2376316757539082, "MIN:log_loss.mean": 0.44180830604728116, "MAX:log_loss.mean": 0.5139151679073544, "MIN:log_loss.max": 1.0927407439441454, "MAX:log_loss.max": 1.092748201570195, "MIN:accuracy.min": 0.7, "MAX:accuracy.min": 0.96, "MIN:accuracy.mean": 0.8871999999999997, "MAX:accuracy.mean": 0.96, "MIN:accuracy.max": 0.96, "MAX:accuracy.max": 0.9666666666666667, "MIN:kappa.min": 0.55, "MAX:kappa.min": 0.94, "MIN:kappa.mean": 0.8307999999999999, "MAX:kappa.mean": 0.9399999999999996, "MIN:kappa.max": 0.94, "MAX:kappa.max": 0.95}