{"MIN:log_loss.min": 0.07616058884800153, "MAX:log_loss.min": 0.09535830306699924, "MIN:log_loss.mean": 0.26531996002187985, "MAX:log_loss.mean": 0.28030927690831753, "MIN:log_loss.max": 1.0360256253093538, "MAX:log_loss.max": 1.3218281131646343, "MIN:accuracy.min": 0.3333333333333333, "MAX:accuracy.min": 0.3333333333333333, "MIN:accuracy.mean": 0.9002666666666667, "MAX:accuracy.mean": 0.9216666666666667, "MIN:accuracy.max": 0.9666666666666667, "MAX:accuracy.max": 0.9733333333333334, "MIN:kappa.min": 0.0, "MAX:kappa.min": 0.0, "MIN:kappa.mean": 0.8504, "MAX:kappa.mean": 0.8825, "MIN:kappa.max": 0.95, "MAX:kappa.max": 0.96}