{"mean accuracy": 0.6987333333333337, "max accuracy": 0.9400000000000001, "mean kappa": 0.5481, "max kappa": 0.91}