{"MIN:log_loss.min": 0.4500850973711593, "MAX:log_loss.min": 0.45292831044055637, "MIN:log_loss.mean": 0.7717320268514434, "MAX:log_loss.mean": 0.7818614036860544, "MIN:log_loss.max": 1.006129607410682, "MAX:log_loss.max": 1.0313010149783388, "MIN:accuracy.min": 0.3333333333333333, "MAX:accuracy.min": 0.5733333333333334, "MIN:accuracy.mean": 0.6930666666666667, "MAX:accuracy.mean": 0.7338666666666667, "MIN:accuracy.max": 0.96, "MAX:accuracy.max": 0.96, "MIN:kappa.min": 0.0, "MAX:kappa.min": 0.36, "MIN:kappa.mean": 0.5396, "MAX:kappa.mean": 0.6008, "MIN:kappa.max": 0.9400000000000001, "MAX:kappa.max": 0.9400000000000001}