{"MIN:log_loss.min": 0.5985708202999731, "MAX:log_loss.min": 1.0119296426759041, "MIN:log_loss.mean": 0.8858107055157174, "MAX:log_loss.mean": 1.069405244964527, "MIN:log_loss.max": 1.1161792847064185, "MAX:log_loss.max": 1.6687932593194323, "MIN:accuracy.min": 0.0, "MAX:accuracy.min": 0.3333333333333333, "MIN:accuracy.mean": 0.6009333333333334, "MAX:accuracy.mean": 0.6488666666666667, "MIN:accuracy.max": 0.6666666666666666, "MAX:accuracy.max": 0.96, "MIN:kappa.min": -0.4999999999999998, "MAX:kappa.min": 0.0, "MIN:kappa.mean": 0.4014000000000001, "MAX:kappa.mean": 0.4732999999999999, "MIN:kappa.max": 0.5, "MAX:kappa.max": 0.94}