{"MIN:log_loss.min": 0.6556639241107136, "MAX:log_loss.min": 0.7201880567881793, "MIN:log_loss.mean": 0.8618378130798108, "MAX:log_loss.mean": 1.113900102452983, "MIN:log_loss.max": 1.1906084786205486, "MAX:log_loss.max": 2.245324640282383, "MIN:accuracy.min": 0.6066666666666667, "MAX:accuracy.min": 0.6533333333333333, "MIN:accuracy.mean": 0.7068666666666666, "MAX:accuracy.mean": 0.7102, "MIN:accuracy.max": 0.9733333333333334, "MAX:accuracy.max": 0.98, "MIN:kappa.min": 0.41000000000000003, "MAX:kappa.min": 0.48, "MIN:kappa.mean": 0.5603, "MAX:kappa.mean": 0.5652999999999999, "MIN:kappa.max": 0.96, "MAX:kappa.max": 0.97}