{"MIN:log_loss.min": 0.4332171977338056, "MAX:log_loss.min": 0.5272009397235553, "MIN:log_loss.mean": 0.9935150200718691, "MAX:log_loss.mean": 1.0070472194600837, "MIN:log_loss.max": 1.2812592743422504, "MAX:log_loss.max": 1.32252093020842, "MIN:accuracy.min": 0.21333333333333335, "MAX:accuracy.min": 0.26666666666666666, "MIN:accuracy.mean": 0.5342, "MAX:accuracy.mean": 0.5513333333333333, "MIN:accuracy.max": 0.9466666666666667, "MAX:accuracy.max": 0.98, "MIN:kappa.min": -0.17999999999999994, "MAX:kappa.min": -0.10000000000000009, "MIN:kappa.mean": 0.3013, "MAX:kappa.mean": 0.32699999999999996, "MIN:kappa.max": 0.92, "MAX:kappa.max": 0.97}