{"MIN:log_loss.min": 0.18016895801718869, "MAX:log_loss.min": 0.1887269800356105, "MIN:log_loss.mean": 0.6268963383359296, "MAX:log_loss.mean": 0.6479840017271533, "MIN:log_loss.max": 1.0983928538681818, "MAX:log_loss.max": 1.0983930174578864, "MIN:accuracy.min": 0.5333333333333333, "MAX:accuracy.min": 0.56, "MIN:accuracy.mean": 0.7366000000000003, "MAX:accuracy.mean": 0.7413333333333335, "MIN:accuracy.max": 0.96, "MAX:accuracy.max": 0.96, "MIN:kappa.min": 0.30000000000000004, "MAX:kappa.min": 0.33999999999999997, "MIN:kappa.mean": 0.6049, "MAX:kappa.mean": 0.612, "MIN:kappa.max": 0.94, "MAX:kappa.max": 0.9400000000000001}