{"MIN:log_loss.min": 0.3621055779095164, "MAX:log_loss.min": 0.645274798446451, "MIN:log_loss.mean": 0.7014196316377768, "MAX:log_loss.mean": 3.549213465060978, "MIN:log_loss.max": 1.4800917782276812, "MAX:log_loss.max": 23.025850929940454, "MIN:accuracy.min": 0.3333333333333333, "MAX:accuracy.min": 0.52, "MIN:accuracy.mean": 0.6408666666666666, "MAX:accuracy.mean": 0.8193333333333332, "MIN:accuracy.max": 0.8933333333333333, "MAX:accuracy.max": 0.96, "MIN:kappa.min": -2.220446049250313e-16, "MAX:kappa.min": 0.28, "MIN:kappa.mean": 0.4613000000000001, "MAX:kappa.mean": 0.7290000000000002, "MIN:kappa.max": 0.84, "MAX:kappa.max": 0.9400000000000001}