{"MIN:log_loss.min": 0.11652073643864053, "MAX:log_loss.min": 0.12122563191864534, "MIN:log_loss.mean": 0.4401222387107533, "MAX:log_loss.mean": 0.5697115769957146, "MIN:log_loss.max": 1.098572262738482, "MAX:log_loss.max": 1.3117680141241692, "MIN:accuracy.min": 0.3333333333333333, "MAX:accuracy.min": 0.3333333333333333, "MIN:accuracy.mean": 0.7773333333333332, "MAX:accuracy.mean": 0.8145333333333333, "MIN:accuracy.max": 0.96, "MAX:accuracy.max": 0.96, "MIN:kappa.min": 0.0, "MAX:kappa.min": 0.0, "MIN:kappa.mean": 0.6659999999999999, "MAX:kappa.mean": 0.7218000000000001, "MIN:kappa.max": 0.9400000000000001, "MAX:kappa.max": 0.9400000000000001}