{"MIN:log_loss.min": 0.44061294378657406, "MAX:log_loss.min": 0.7424583018511637, "MIN:log_loss.mean": 0.7471700345926413, "MAX:log_loss.mean": 0.851635631021502, "MIN:log_loss.max": 1.1610427309321059, "MAX:log_loss.max": 1.3667553759089017, "MIN:accuracy.min": 0.02666666666666667, "MAX:accuracy.min": 0.3333333333333333, "MIN:accuracy.mean": 0.6911333333333332, "MAX:accuracy.mean": 0.7775333333333333, "MIN:accuracy.max": 0.96, "MAX:accuracy.max": 0.96, "MIN:kappa.min": -0.45999999999999996, "MAX:kappa.min": 1.1102230246251565e-16, "MIN:kappa.mean": 0.5367000000000001, "MAX:kappa.mean": 0.6663, "MIN:kappa.max": 0.9400000000000001, "MAX:kappa.max": 0.9400000000000001}