{"MIN:log_loss.min": 0.29382566792563763, "MAX:log_loss.min": 0.29524111545333587, "MIN:log_loss.mean": 0.5674141507788424, "MAX:log_loss.mean": 0.6000088962139829, "MIN:log_loss.max": 1.124925795036536, "MAX:log_loss.max": 1.125012654645321, "MIN:accuracy.min": 0.3333333333333333, "MAX:accuracy.min": 0.3333333333333333, "MIN:accuracy.mean": 0.7495999999999999, "MAX:accuracy.mean": 0.7615999999999999, "MIN:accuracy.max": 0.96, "MAX:accuracy.max": 0.96, "MIN:kappa.min": 0.0, "MAX:kappa.min": 0.0, "MIN:kappa.mean": 0.6244, "MAX:kappa.mean": 0.6424, "MIN:kappa.max": 0.9400000000000001, "MAX:kappa.max": 0.9400000000000001}