{"MIN:log_loss.min": 0.4930326344257166, "MAX:log_loss.min": 0.5626403298547764, "MIN:log_loss.mean": 0.6773092739299089, "MAX:log_loss.mean": 0.7190036266823047, "MIN:log_loss.max": 1.1943543117807338, "MAX:log_loss.max": 1.1945592416409287, "MIN:accuracy.min": 0.3333333333333333, "MAX:accuracy.min": 0.4066666666666667, "MIN:accuracy.mean": 0.8036, "MAX:accuracy.mean": 0.8191333333333334, "MIN:accuracy.max": 0.96, "MAX:accuracy.max": 0.9666666666666667, "MIN:kappa.min": -2.220446049250313e-16, "MAX:kappa.min": 0.10999999999999999, "MIN:kappa.mean": 0.7053999999999999, "MAX:kappa.mean": 0.7287, "MIN:kappa.max": 0.94, "MAX:kappa.max": 0.95}