{"MIN:log_loss.min": 0.23456111220699483, "MAX:log_loss.min": 0.31646115231431665, "MIN:log_loss.mean": 0.5052979451804122, "MAX:log_loss.mean": 0.8420735021606418, "MIN:log_loss.max": 0.8345171455763764, "MAX:log_loss.max": 2.5144478697588486, "MIN:accuracy.min": 0.36, "MAX:accuracy.min": 0.6666666666666666, "MIN:accuracy.mean": 0.6723333333333334, "MAX:accuracy.mean": 0.7988000000000003, "MIN:accuracy.max": 0.9066666666666666, "MAX:accuracy.max": 0.96, "MIN:kappa.min": 0.040000000000000036, "MAX:kappa.min": 0.5, "MIN:kappa.mean": 0.5085000000000001, "MAX:kappa.mean": 0.6981999999999999, "MIN:kappa.max": 0.86, "MAX:kappa.max": 0.9400000000000001}