{"MIN:log_loss.min": 0.32010489528099895, "MAX:log_loss.min": 0.46100169918988904, "MIN:log_loss.mean": 0.7460356627894599, "MAX:log_loss.mean": 0.8482850202124185, "MIN:log_loss.max": 1.1782757285309648, "MAX:log_loss.max": 1.2141085910500524, "MIN:accuracy.min": 0.3, "MAX:accuracy.min": 0.3333333333333333, "MIN:accuracy.mean": 0.5898666666666668, "MAX:accuracy.mean": 0.6789333333333332, "MIN:accuracy.max": 0.8933333333333333, "MAX:accuracy.max": 0.96, "MIN:kappa.min": -0.050000000000000044, "MAX:kappa.min": 0.0, "MIN:kappa.mean": 0.3848, "MAX:kappa.mean": 0.5184000000000001, "MIN:kappa.max": 0.8400000000000001, "MAX:kappa.max": 0.9400000000000001}