{"MIN:log_loss.min": 0.5431599971073889, "MAX:log_loss.min": 0.9311824901399757, "MIN:log_loss.mean": 0.935853904083794, "MAX:log_loss.mean": 3.471220180791367, "MIN:log_loss.max": 1.2007104829850654, "MAX:log_loss.max": 18.896061533491793, "MIN:accuracy.min": 0.2866666666666667, "MAX:accuracy.min": 0.3333333333333333, "MIN:accuracy.mean": 0.4706, "MAX:accuracy.mean": 0.5365333333333333, "MIN:accuracy.max": 0.6666666666666666, "MAX:accuracy.max": 0.9133333333333333, "MIN:kappa.min": -0.07000000000000006, "MAX:kappa.min": 0.0, "MIN:kappa.mean": 0.2059, "MAX:kappa.mean": 0.30479999999999996, "MIN:kappa.max": 0.5, "MAX:kappa.max": 0.87}