{"MIN:log_loss.min": 0.7686861087153409, "MAX:log_loss.min": 0.9970540030892873, "MIN:log_loss.mean": 0.8517890476514454, "MAX:log_loss.mean": 1.0803301943854535, "MIN:log_loss.max": 1.022959996061501, "MAX:log_loss.max": 1.6540177977753898, "MIN:accuracy.min": 0.3333333333333333, "MAX:accuracy.min": 0.36666666666666664, "MIN:accuracy.mean": 0.6167333333333335, "MAX:accuracy.mean": 0.6370000000000001, "MIN:accuracy.max": 0.6666666666666666, "MAX:accuracy.max": 0.6666666666666666, "MIN:kappa.min": -2.220446049250313e-16, "MAX:kappa.min": 0.050000000000000044, "MIN:kappa.mean": 0.4251, "MAX:kappa.mean": 0.45549999999999996, "MIN:kappa.max": 0.5, "MAX:kappa.max": 0.5}