{"MIN:log_loss.min": 0.5065689461009971, "MAX:log_loss.min": 0.9160377940835243, "MIN:log_loss.mean": 0.8929329925170798, "MAX:log_loss.mean": 6.263110561816993, "MIN:log_loss.max": 1.600765796038875, "MAX:log_loss.max": 18.29659112128911, "MIN:accuracy.min": 0.3333333333333333, "MAX:accuracy.min": 0.56, "MIN:accuracy.mean": 0.6224666666666665, "MAX:accuracy.mean": 0.6829333333333334, "MIN:accuracy.max": 0.6666666666666666, "MAX:accuracy.max": 0.9666666666666667, "MIN:kappa.min": -2.220446049250313e-16, "MAX:kappa.min": 0.33999999999999997, "MIN:kappa.mean": 0.43370000000000003, "MAX:kappa.mean": 0.5244000000000001, "MIN:kappa.max": 0.5, "MAX:kappa.max": 0.95}