{"MIN:log_loss.min": 0.11351665005382482, "MAX:log_loss.min": 0.16443657112146046, "MIN:log_loss.mean": 0.509663057665347, "MAX:log_loss.mean": 0.6263550468900131, "MIN:log_loss.max": 1.0771965293745085, "MAX:log_loss.max": 5.7347901684009654, "MIN:accuracy.min": 0.3333333333333333, "MAX:accuracy.min": 0.3466666666666667, "MIN:accuracy.mean": 0.6322000000000001, "MAX:accuracy.mean": 0.7816666666666666, "MIN:accuracy.max": 0.96, "MAX:accuracy.max": 0.96, "MIN:kappa.min": 0.0, "MAX:kappa.min": 0.020000000000000018, "MIN:kappa.mean": 0.4482999999999999, "MAX:kappa.mean": 0.6724999999999999, "MIN:kappa.max": 0.94, "MAX:kappa.max": 0.9400000000000001}