{"MIN:log_loss.min": 0.4826037848056951, "MAX:log_loss.min": 0.6722969295921322, "MIN:log_loss.mean": 0.6764360331258851, "MAX:log_loss.mean": 0.8023602506884078, "MIN:log_loss.max": 1.0266034048042834, "MAX:log_loss.max": 1.441043332170541, "MIN:accuracy.min": 0.32666666666666666, "MAX:accuracy.min": 0.66, "MIN:accuracy.mean": 0.8149333333333334, "MAX:accuracy.mean": 0.8346666666666666, "MIN:accuracy.max": 0.9533333333333334, "MAX:accuracy.max": 0.96, "MIN:kappa.min": -0.010000000000000009, "MAX:kappa.min": 0.49, "MIN:kappa.mean": 0.7224, "MAX:kappa.mean": 0.7519999999999998, "MIN:kappa.max": 0.9299999999999999, "MAX:kappa.max": 0.9400000000000001}