{"MIN:log_loss.min": 0.05371291900260534, "MAX:log_loss.min": 0.10626327034178913, "MIN:log_loss.mean": 0.24619988699631512, "MAX:log_loss.mean": 0.27021509052684217, "MIN:log_loss.max": 0.7882904960620118, "MAX:log_loss.max": 0.8614593005193133, "MIN:accuracy.min": 0.6533333333333333, "MAX:accuracy.min": 0.8333333333333334, "MIN:accuracy.mean": 0.9495999999999999, "MAX:accuracy.mean": 0.9636000000000001, "MIN:accuracy.max": 0.9733333333333334, "MAX:accuracy.max": 0.98, "MIN:kappa.min": 0.48, "MAX:kappa.min": 0.75, "MIN:kappa.mean": 0.9244, "MAX:kappa.mean": 0.9453999999999999, "MIN:kappa.max": 0.96, "MAX:kappa.max": 0.97}