{"MIN:log_loss.min": 0.22608232077405793, "MAX:log_loss.min": 0.3030094688600799, "MIN:log_loss.mean": 0.4365383148135782, "MAX:log_loss.mean": 0.45993702178663826, "MIN:log_loss.max": 0.9551532167175011, "MAX:log_loss.max": 1.645764348205839, "MIN:accuracy.min": 0.3333333333333333, "MAX:accuracy.min": 0.3333333333333333, "MIN:accuracy.mean": 0.8261999999999997, "MAX:accuracy.mean": 0.8651333333333333, "MIN:accuracy.max": 0.96, "MAX:accuracy.max": 0.96, "MIN:kappa.min": -2.220446049250313e-16, "MAX:kappa.min": 1.1102230246251565e-16, "MIN:kappa.mean": 0.7393, "MAX:kappa.mean": 0.7977000000000001, "MIN:kappa.max": 0.94, "MAX:kappa.max": 0.9400000000000001}