{"mean accuracy": 0.6490666666666668, "max accuracy": 0.6666666666666666, "mean kappa": 0.4736, "max kappa": 0.49999999999999994}