{"MIN:log_loss.min": 0.19193943278722025, "MAX:log_loss.min": 2.713332806642477, "MIN:log_loss.mean": 0.4703751127693486, "MAX:log_loss.mean": 10.189071316033825, "MIN:log_loss.max": 0.5912462078829941, "MAX:log_loss.max": 12.917333219441373, "MIN:accuracy.min": 0.3333333333333333, "MAX:accuracy.min": 0.66, "MIN:accuracy.mean": 0.6625333333333334, "MAX:accuracy.mean": 0.6936000000000001, "MIN:accuracy.max": 0.6666666666666666, "MAX:accuracy.max": 0.9266666666666666, "MIN:kappa.min": 0.0, "MAX:kappa.min": 0.49, "MIN:kappa.mean": 0.49379999999999996, "MAX:kappa.mean": 0.5404, "MIN:kappa.max": 0.5, "MAX:kappa.max": 0.89}