{"MIN:log_loss.min": 0.604709260177335, "MAX:log_loss.min": 0.9351702998420858, "MIN:log_loss.mean": 0.8337457248032935, "MAX:log_loss.mean": 1.0286550142081063, "MIN:log_loss.max": 1.126158540618604, "MAX:log_loss.max": 2.428700427684382, "MIN:accuracy.min": 0.3333333333333333, "MAX:accuracy.min": 0.6666666666666666, "MIN:accuracy.mean": 0.6437333333333334, "MAX:accuracy.mean": 0.7208666666666665, "MIN:accuracy.max": 0.6666666666666666, "MAX:accuracy.max": 0.9666666666666667, "MIN:kappa.min": -2.220446049250313e-16, "MAX:kappa.min": 0.5, "MIN:kappa.mean": 0.46559999999999996, "MAX:kappa.mean": 0.5812999999999999, "MIN:kappa.max": 0.5, "MAX:kappa.max": 0.95}