{"MIN:log_loss.min": 0.3500762597627702, "MAX:log_loss.min": 0.9460140420690425, "MIN:log_loss.mean": 0.6913912729240355, "MAX:log_loss.mean": 1.0524729882261947, "MIN:log_loss.max": 1.1355759110882717, "MAX:log_loss.max": 1.1994045376442994, "MIN:accuracy.min": 0.2866666666666667, "MAX:accuracy.min": 0.6666666666666666, "MIN:accuracy.mean": 0.6605333333333334, "MAX:accuracy.mean": 0.6956666666666668, "MIN:accuracy.max": 0.6666666666666666, "MAX:accuracy.max": 0.9666666666666667, "MIN:kappa.min": -0.07000000000000006, "MAX:kappa.min": 0.5, "MIN:kappa.mean": 0.49080000000000007, "MAX:kappa.mean": 0.5435000000000001, "MIN:kappa.max": 0.5, "MAX:kappa.max": 0.95}