{"MIN:log_loss.min": 0.21963931450709576, "MAX:log_loss.min": 0.2859335802289277, "MIN:log_loss.mean": 0.5256387880869884, "MAX:log_loss.mean": 0.559353357428591, "MIN:log_loss.max": 1.06706178739945, "MAX:log_loss.max": 1.0681939831764418, "MIN:accuracy.min": 0.4, "MAX:accuracy.min": 0.6666666666666666, "MIN:accuracy.mean": 0.780866666666667, "MAX:accuracy.mean": 0.7854000000000002, "MIN:accuracy.max": 0.96, "MAX:accuracy.max": 0.96, "MIN:kappa.min": 0.09999999999999998, "MAX:kappa.min": 0.5, "MIN:kappa.mean": 0.6713, "MAX:kappa.mean": 0.6781, "MIN:kappa.max": 0.9400000000000001, "MAX:kappa.max": 0.9400000000000001}