{"MIN:log_loss.min": 0.4231356444566607, "MAX:log_loss.min": 0.5623637005611309, "MIN:log_loss.mean": 0.8021490958460249, "MAX:log_loss.mean": 1.131455335660915, "MIN:log_loss.max": 1.1254850148720315, "MAX:log_loss.max": 5.881584564054253, "MIN:accuracy.min": 0.31333333333333335, "MAX:accuracy.min": 0.37333333333333335, "MIN:accuracy.mean": 0.6478, "MAX:accuracy.mean": 0.7049333333333334, "MIN:accuracy.max": 0.9066666666666666, "MAX:accuracy.max": 0.9666666666666667, "MIN:kappa.min": -0.030000000000000027, "MAX:kappa.min": 0.06000000000000005, "MIN:kappa.mean": 0.4717, "MAX:kappa.mean": 0.5574000000000001, "MIN:kappa.max": 0.86, "MAX:kappa.max": 0.95}