{"MIN:log_loss.min": 0.46209862957070025, "MAX:log_loss.min": 0.8537754884101939, "MIN:log_loss.mean": 0.6697590471200489, "MAX:log_loss.mean": 5.253408162194465, "MIN:log_loss.max": 1.1076327914048898, "MAX:log_loss.max": 11.612368736736043, "MIN:accuracy.min": 0.0, "MAX:accuracy.min": 0.3333333333333333, "MIN:accuracy.mean": 0.5390666666666667, "MAX:accuracy.mean": 0.5940666666666667, "MIN:accuracy.max": 0.6666666666666666, "MAX:accuracy.max": 0.9133333333333333, "MIN:kappa.min": -0.5, "MAX:kappa.min": -2.220446049250313e-16, "MIN:kappa.mean": 0.30859999999999993, "MAX:kappa.mean": 0.3911, "MIN:kappa.max": 0.5, "MAX:kappa.max": 0.87}