{"mean accuracy": 0.7666666666666666, "max accuracy": 0.9533333333333334, "mean kappa": 0.6500000000000001, "max kappa": 0.93}