{"MIN:log_loss.min": 0.13029191608049692, "MAX:log_loss.min": 0.20207159661783416, "MIN:log_loss.mean": 0.47890335739039824, "MAX:log_loss.mean": 1.8559586598318283, "MIN:log_loss.max": 1.096611075853007, "MAX:log_loss.max": 11.536616430214615, "MIN:accuracy.min": 0.49333333333333335, "MAX:accuracy.min": 0.5866666666666667, "MIN:accuracy.mean": 0.8001999999999999, "MAX:accuracy.mean": 0.8470666666666665, "MIN:accuracy.max": 0.96, "MAX:accuracy.max": 0.96, "MIN:kappa.min": 0.24, "MAX:kappa.min": 0.38, "MIN:kappa.mean": 0.7003, "MAX:kappa.mean": 0.7705999999999998, "MIN:kappa.max": 0.94, "MAX:kappa.max": 0.9400000000000001}