{"mean accuracy": 0.579533333333333, "max accuracy": 0.9333333333333333, "mean kappa": 0.3692999999999999, "max kappa": 0.9}