{"MIN:log_loss.min": 0.3095820394427464, "MAX:log_loss.min": 0.8865142296873345, "MIN:log_loss.mean": 0.910749905205773, "MAX:log_loss.mean": 4.055444749355005, "MIN:log_loss.max": 1.028657489306715, "MAX:log_loss.max": 16.24009617146321, "MIN:accuracy.min": 0.3333333333333333, "MAX:accuracy.min": 0.36666666666666664, "MIN:accuracy.mean": 0.6792, "MAX:accuracy.mean": 0.7723999999999998, "MIN:accuracy.max": 0.8933333333333333, "MAX:accuracy.max": 0.9666666666666667, "MIN:kappa.min": -2.220446049250313e-16, "MAX:kappa.min": 0.050000000000000044, "MIN:kappa.mean": 0.5188000000000001, "MAX:kappa.mean": 0.6586000000000002, "MIN:kappa.max": 0.84, "MAX:kappa.max": 0.95}