{"MIN:log_loss.min": 0.13478578913168376, "MAX:log_loss.min": 1.065273087984059, "MIN:log_loss.mean": 1.0947872526038211, "MAX:log_loss.mean": 3.9003147093688146, "MIN:log_loss.max": 1.0986122886681096, "MAX:log_loss.max": 19.708697317993085, "MIN:accuracy.min": 0.0, "MAX:accuracy.min": 0.6666666666666666, "MIN:accuracy.mean": 0.6447333333333333, "MAX:accuracy.mean": 0.6867333333333336, "MIN:accuracy.max": 0.6666666666666666, "MAX:accuracy.max": 0.9733333333333334, "MIN:kappa.min": -0.5, "MAX:kappa.min": 0.5, "MIN:kappa.mean": 0.46709999999999996, "MAX:kappa.mean": 0.5301, "MIN:kappa.max": 0.5, "MAX:kappa.max": 0.96}