{"MIN:log_loss.min": 0.09632910677454654, "MAX:log_loss.min": 0.3615361026776926, "MIN:log_loss.mean": 0.4321408055997913, "MAX:log_loss.mean": 0.5124541707104797, "MIN:log_loss.max": 0.7782893748732654, "MAX:log_loss.max": 4.5817261662402275, "MIN:accuracy.min": 0.54, "MAX:accuracy.min": 0.8533333333333334, "MIN:accuracy.mean": 0.8842666666666665, "MAX:accuracy.mean": 0.9434666666666669, "MIN:accuracy.max": 0.9533333333333334, "MAX:accuracy.max": 0.96, "MIN:kappa.min": 0.31000000000000005, "MAX:kappa.min": 0.78, "MIN:kappa.mean": 0.8264, "MAX:kappa.mean": 0.9152, "MIN:kappa.max": 0.9299999999999999, "MAX:kappa.max": 0.9400000000000001}