{"MIN:log_loss.min": 0.6653030431075728, "MAX:log_loss.min": 0.6667121315541461, "MIN:log_loss.mean": 0.8035384996003807, "MAX:log_loss.mean": 0.8088895071213106, "MIN:log_loss.max": 1.2118947703987306, "MAX:log_loss.max": 1.212078409435428, "MIN:accuracy.min": 0.3333333333333333, "MAX:accuracy.min": 0.3333333333333333, "MIN:accuracy.mean": 0.6648666666666668, "MAX:accuracy.mean": 0.6778666666666666, "MIN:accuracy.max": 0.8933333333333333, "MAX:accuracy.max": 0.92, "MIN:kappa.min": 0.0, "MAX:kappa.min": 0.0, "MIN:kappa.mean": 0.49729999999999996, "MAX:kappa.mean": 0.5168, "MIN:kappa.max": 0.84, "MAX:kappa.max": 0.88}