{"MIN:log_loss.min": 0.43708094489265953, "MAX:log_loss.min": 0.6423487828168998, "MIN:log_loss.mean": 1.0913298707262595, "MAX:log_loss.mean": 6.786504282818235, "MIN:log_loss.max": 2.549705894386402, "MAX:log_loss.max": 13.938878598199912, "MIN:accuracy.min": 0.3333333333333333, "MAX:accuracy.min": 0.3333333333333333, "MIN:accuracy.mean": 0.6035333333333334, "MAX:accuracy.mean": 0.6123333333333334, "MIN:accuracy.max": 0.7133333333333334, "MAX:accuracy.max": 0.96, "MIN:kappa.min": 0.0, "MAX:kappa.min": 0.0, "MIN:kappa.mean": 0.4053, "MAX:kappa.mean": 0.4185000000000001, "MIN:kappa.max": 0.5700000000000001, "MAX:kappa.max": 0.9400000000000001}