{"MIN:log_loss.min": 0.19588664932120697, "MAX:log_loss.min": 0.553436970119601, "MIN:log_loss.mean": 0.8185968077029651, "MAX:log_loss.mean": 5.082354578925664, "MIN:log_loss.max": 4.845665594505466, "MAX:log_loss.max": 24.72760543339097, "MIN:accuracy.min": 0.22, "MAX:accuracy.min": 0.64, "MIN:accuracy.mean": 0.7291333333333334, "MAX:accuracy.mean": 0.7666666666666667, "MIN:accuracy.max": 0.9, "MAX:accuracy.max": 0.96, "MIN:kappa.min": -0.16999999999999993, "MAX:kappa.min": 0.45999999999999996, "MIN:kappa.mean": 0.5937000000000001, "MAX:kappa.mean": 0.65, "MIN:kappa.max": 0.85, "MAX:kappa.max": 0.94}