{"MIN:log_loss.min": 0.09697088166360034, "MAX:log_loss.min": 0.17491329231765862, "MIN:log_loss.mean": 0.2635773111915029, "MAX:log_loss.mean": 0.3749398149857667, "MIN:log_loss.max": 0.9123011711788895, "MAX:log_loss.max": 1.0414773298449393, "MIN:accuracy.min": 0.3333333333333333, "MAX:accuracy.min": 0.6333333333333333, "MIN:accuracy.mean": 0.927, "MAX:accuracy.mean": 0.9593999999999998, "MIN:accuracy.max": 0.9666666666666667, "MAX:accuracy.max": 0.9733333333333334, "MIN:kappa.min": 0.0, "MAX:kappa.min": 0.44999999999999996, "MIN:kappa.mean": 0.8905000000000001, "MAX:kappa.mean": 0.9390999999999999, "MIN:kappa.max": 0.95, "MAX:kappa.max": 0.96}