{"MIN:log_loss.min": 0.6486441744030326, "MAX:log_loss.min": 0.720791694051339, "MIN:log_loss.mean": 0.8882001314714557, "MAX:log_loss.mean": 1.0269074671492844, "MIN:log_loss.max": 1.1897507604157205, "MAX:log_loss.max": 1.91622889092165, "MIN:accuracy.min": 0.56, "MAX:accuracy.min": 0.66, "MIN:accuracy.mean": 0.7317333333333331, "MAX:accuracy.mean": 0.7408, "MIN:accuracy.max": 0.9533333333333334, "MAX:accuracy.max": 0.9533333333333334, "MIN:kappa.min": 0.33999999999999997, "MAX:kappa.min": 0.49, "MIN:kappa.mean": 0.5976000000000001, "MAX:kappa.mean": 0.6112000000000001, "MIN:kappa.max": 0.9299999999999999, "MAX:kappa.max": 0.9299999999999999}