{"MIN:log_loss.min": 0.34508820460197104, "MAX:log_loss.min": 0.5796248157159898, "MIN:log_loss.mean": 0.7475278319413701, "MAX:log_loss.mean": 1.237824138946906, "MIN:log_loss.max": 1.2106070769711428, "MAX:log_loss.max": 5.96384829917999, "MIN:accuracy.min": 0.3333333333333333, "MAX:accuracy.min": 0.3333333333333333, "MIN:accuracy.mean": 0.6706666666666667, "MAX:accuracy.mean": 0.7480666666666669, "MIN:accuracy.max": 0.8933333333333333, "MAX:accuracy.max": 0.9733333333333334, "MIN:kappa.min": 0.0, "MAX:kappa.min": 0.0, "MIN:kappa.mean": 0.506, "MAX:kappa.mean": 0.6221, "MIN:kappa.max": 0.84, "MAX:kappa.max": 0.96}