{"MIN:log_loss.min": 0.20589713810524646, "MAX:log_loss.min": 0.2978768083883285, "MIN:log_loss.mean": 0.5632077855808305, "MAX:log_loss.mean": 0.629536810410407, "MIN:log_loss.max": 1.0985379048131338, "MAX:log_loss.max": 1.0985675274705466, "MIN:accuracy.min": 0.36, "MAX:accuracy.min": 0.86, "MIN:accuracy.mean": 0.8094, "MAX:accuracy.mean": 0.9185333333333332, "MIN:accuracy.max": 0.96, "MAX:accuracy.max": 0.9666666666666667, "MIN:kappa.min": 0.040000000000000036, "MAX:kappa.min": 0.79, "MIN:kappa.mean": 0.7141, "MAX:kappa.mean": 0.8777999999999999, "MIN:kappa.max": 0.94, "MAX:kappa.max": 0.95}