{"MIN:log_loss.min": 0.3453452795482388, "MAX:log_loss.min": 0.8013341619287894, "MIN:log_loss.mean": 0.8669513861529492, "MAX:log_loss.mean": 3.9080150053746916, "MIN:log_loss.max": 2.2576908052608005, "MAX:log_loss.max": 23.025850929940454, "MIN:accuracy.min": 0.3333333333333333, "MAX:accuracy.min": 0.36666666666666664, "MIN:accuracy.mean": 0.6257999999999999, "MAX:accuracy.mean": 0.7307333333333333, "MIN:accuracy.max": 0.9533333333333334, "MAX:accuracy.max": 0.96, "MIN:kappa.min": -2.220446049250313e-16, "MAX:kappa.min": 0.050000000000000044, "MIN:kappa.mean": 0.43870000000000003, "MAX:kappa.mean": 0.5961000000000001, "MIN:kappa.max": 0.9299999999999999, "MAX:kappa.max": 0.9400000000000001}