{"MIN:log_loss.min": 0.17895519433425344, "MAX:log_loss.min": 0.23957493018638465, "MIN:log_loss.mean": 0.8818028690747294, "MAX:log_loss.mean": 1.054331443499959, "MIN:log_loss.max": 10.552080484330597, "MAX:log_loss.max": 14.736285800715446, "MIN:accuracy.min": 0.3333333333333333, "MAX:accuracy.min": 0.3333333333333333, "MIN:accuracy.mean": 0.7535999999999998, "MAX:accuracy.mean": 0.8051999999999999, "MIN:accuracy.max": 0.96, "MAX:accuracy.max": 0.96, "MIN:kappa.min": 0.0, "MAX:kappa.min": 0.0, "MIN:kappa.mean": 0.6304000000000001, "MAX:kappa.mean": 0.7078, "MIN:kappa.max": 0.94, "MAX:kappa.max": 0.9400000000000001}