{"MIN:log_loss.min": 0.20104299665314312, "MAX:log_loss.min": 0.5795111540762024, "MIN:log_loss.mean": 0.8053727026957502, "MAX:log_loss.mean": 7.075743838772075, "MIN:log_loss.max": 1.5688670844300325, "MAX:log_loss.max": 23.025850929940454, "MIN:accuracy.min": 0.3333333333333333, "MAX:accuracy.min": 0.4666666666666667, "MIN:accuracy.mean": 0.6217333333333332, "MAX:accuracy.mean": 0.7028666666666668, "MIN:accuracy.max": 0.9466666666666667, "MAX:accuracy.max": 0.96, "MIN:kappa.min": -2.220446049250313e-16, "MAX:kappa.min": 0.19999999999999996, "MIN:kappa.mean": 0.43260000000000004, "MAX:kappa.mean": 0.5543, "MIN:kappa.max": 0.92, "MAX:kappa.max": 0.9400000000000001}