{"MIN:log_loss.min": 0.3398632373172854, "MAX:log_loss.min": 0.5220139925368152, "MIN:log_loss.mean": 0.6628042051452369, "MAX:log_loss.mean": 4.465979584011391, "MIN:log_loss.max": 1.4654875418673547, "MAX:log_loss.max": 11.846625423649982, "MIN:accuracy.min": 0.37333333333333335, "MAX:accuracy.min": 0.58, "MIN:accuracy.mean": 0.7164666666666669, "MAX:accuracy.mean": 0.7643333333333334, "MIN:accuracy.max": 0.9133333333333333, "MAX:accuracy.max": 0.96, "MIN:kappa.min": 0.06000000000000005, "MAX:kappa.min": 0.37, "MIN:kappa.mean": 0.5747, "MAX:kappa.mean": 0.6465000000000001, "MIN:kappa.max": 0.87, "MAX:kappa.max": 0.9400000000000001}