{"MIN:log_loss.min": 0.08357990410161158, "MAX:log_loss.min": 0.15766020972726857, "MIN:log_loss.mean": 0.23966446056578683, "MAX:log_loss.mean": 0.38422929499927994, "MIN:log_loss.max": 0.9609152892876037, "MAX:log_loss.max": 2.0736296060944834, "MIN:accuracy.min": 0.3333333333333333, "MAX:accuracy.min": 0.3333333333333333, "MIN:accuracy.mean": 0.9203999999999999, "MAX:accuracy.mean": 0.9352666666666667, "MIN:accuracy.max": 0.9666666666666667, "MAX:accuracy.max": 0.9733333333333334, "MIN:kappa.min": 0.0, "MAX:kappa.min": 0.0, "MIN:kappa.mean": 0.8805999999999998, "MAX:kappa.mean": 0.9028999999999999, "MIN:kappa.max": 0.95, "MAX:kappa.max": 0.96}