{"MIN:log_loss.min": 0.3401643158895334, "MAX:log_loss.min": 0.4700008249018596, "MIN:log_loss.mean": 0.7086054248007458, "MAX:log_loss.mean": 4.163751855181766, "MIN:log_loss.max": 1.5328178205274825, "MAX:log_loss.max": 11.512925469701367, "MIN:accuracy.min": 0.35333333333333333, "MAX:accuracy.min": 0.62, "MIN:accuracy.mean": 0.6933333333333335, "MAX:accuracy.mean": 0.7490666666666667, "MIN:accuracy.max": 0.9133333333333333, "MAX:accuracy.max": 0.96, "MIN:kappa.min": 0.030000000000000027, "MAX:kappa.min": 0.43000000000000005, "MIN:kappa.mean": 0.54, "MAX:kappa.mean": 0.6236, "MIN:kappa.max": 0.87, "MAX:kappa.max": 0.9400000000000001}