{"MIN:log_loss.min": 0.23627281976171294, "MAX:log_loss.min": 0.5671150969016697, "MIN:log_loss.mean": 0.442231557928356, "MAX:log_loss.mean": 0.6551863203161752, "MIN:log_loss.max": 0.708506255598057, "MAX:log_loss.max": 0.7730562990864801, "MIN:accuracy.min": 0.8466666666666667, "MAX:accuracy.min": 0.8933333333333333, "MIN:accuracy.mean": 0.9481333333333333, "MAX:accuracy.mean": 0.9493333333333333, "MIN:accuracy.max": 0.96, "MAX:accuracy.max": 0.96, "MIN:kappa.min": 0.77, "MAX:kappa.min": 0.84, "MIN:kappa.mean": 0.9221999999999998, "MAX:kappa.mean": 0.9239999999999999, "MIN:kappa.max": 0.94, "MAX:kappa.max": 0.9400000000000001}