{"MIN:log_loss.min": 0.37877294647964294, "MAX:log_loss.min": 0.5977455359665877, "MIN:log_loss.mean": 0.6912495983148204, "MAX:log_loss.mean": 0.8267646410401335, "MIN:log_loss.max": 4.364155261741441, "MAX:log_loss.max": 11.964947768511994, "MIN:accuracy.min": 0.3333333333333333, "MAX:accuracy.min": 0.3333333333333333, "MIN:accuracy.mean": 0.8278666666666666, "MAX:accuracy.mean": 0.8727999999999999, "MIN:accuracy.max": 0.96, "MAX:accuracy.max": 0.96, "MIN:kappa.min": 0.0, "MAX:kappa.min": 0.0, "MIN:kappa.mean": 0.7418, "MAX:kappa.mean": 0.8092, "MIN:kappa.max": 0.94, "MAX:kappa.max": 0.9400000000000001}