{"MIN:log_loss.min": 0.23975605177989215, "MAX:log_loss.min": 0.36105859608954055, "MIN:log_loss.mean": 0.4241395777037668, "MAX:log_loss.mean": 0.49163118454325977, "MIN:log_loss.max": 0.6896897567368294, "MAX:log_loss.max": 1.0446412302632992, "MIN:accuracy.min": 0.44, "MAX:accuracy.min": 0.62, "MIN:accuracy.mean": 0.7596666666666665, "MAX:accuracy.mean": 0.8237999999999999, "MIN:accuracy.max": 0.9533333333333334, "MAX:accuracy.max": 0.98, "MIN:kappa.min": 0.16000000000000003, "MAX:kappa.min": 0.43000000000000005, "MIN:kappa.mean": 0.6395000000000001, "MAX:kappa.mean": 0.7356999999999999, "MIN:kappa.max": 0.9299999999999999, "MAX:kappa.max": 0.97}