{"MIN:log_loss.min": 0.08426217780177743, "MAX:log_loss.min": 0.1619607604114611, "MIN:log_loss.mean": 0.2721546309801791, "MAX:log_loss.mean": 0.35769719809598377, "MIN:log_loss.max": 0.9691512508289303, "MAX:log_loss.max": 1.0148931372499204, "MIN:accuracy.min": 0.44666666666666666, "MAX:accuracy.min": 0.5933333333333334, "MIN:accuracy.mean": 0.9045333333333335, "MAX:accuracy.mean": 0.9591333333333334, "MIN:accuracy.max": 0.9666666666666667, "MAX:accuracy.max": 0.9733333333333334, "MIN:kappa.min": 0.17000000000000004, "MAX:kappa.min": 0.39, "MIN:kappa.mean": 0.8567999999999999, "MAX:kappa.mean": 0.9387000000000001, "MIN:kappa.max": 0.95, "MAX:kappa.max": 0.96}