{"MIN:log_loss.min": 0.18810690176361924, "MAX:log_loss.min": 0.20481087845687676, "MIN:log_loss.mean": 0.40340537147478345, "MAX:log_loss.mean": 0.49496460904327644, "MIN:log_loss.max": 1.0793629334949872, "MAX:log_loss.max": 2.6147104125008975, "MIN:accuracy.min": 0.3333333333333333, "MAX:accuracy.min": 0.3333333333333333, "MIN:accuracy.mean": 0.8983333333333333, "MAX:accuracy.mean": 0.9153999999999998, "MIN:accuracy.max": 0.96, "MAX:accuracy.max": 0.96, "MIN:kappa.min": 0.0, "MAX:kappa.min": 0.0, "MIN:kappa.mean": 0.8475000000000001, "MAX:kappa.mean": 0.8731, "MIN:kappa.max": 0.94, "MAX:kappa.max": 0.9400000000000001}