{"mean accuracy": 0.6693333333333333, "max accuracy": 0.9533333333333334, "mean kappa": 0.5040000000000002, "max kappa": 0.93}