{"MIN:log_loss.min": 0.6667185676305407, "MAX:log_loss.min": 0.7720779991902705, "MIN:log_loss.mean": 0.7582521963832967, "MAX:log_loss.mean": 0.8546817010870488, "MIN:log_loss.max": 1.1573190570931238, "MAX:log_loss.max": 1.2475849103928036, "MIN:accuracy.min": 0.3333333333333333, "MAX:accuracy.min": 0.3333333333333333, "MIN:accuracy.mean": 0.6644000000000001, "MAX:accuracy.mean": 0.7028666666666668, "MIN:accuracy.max": 0.9266666666666666, "MAX:accuracy.max": 0.96, "MIN:kappa.min": -2.220446049250313e-16, "MAX:kappa.min": 1.1102230246251565e-16, "MIN:kappa.mean": 0.49660000000000004, "MAX:kappa.mean": 0.5543, "MIN:kappa.max": 0.89, "MAX:kappa.max": 0.94}