{"MIN:log_loss.min": 0.14087355697325196, "MAX:log_loss.min": 0.14907796592888228, "MIN:log_loss.mean": 0.3917369651510726, "MAX:log_loss.mean": 0.4056839210322734, "MIN:log_loss.max": 1.975610255952469, "MAX:log_loss.max": 2.7030797664606143, "MIN:accuracy.min": 0.7, "MAX:accuracy.min": 0.8333333333333334, "MIN:accuracy.mean": 0.9193333333333331, "MAX:accuracy.mean": 0.9316666666666665, "MIN:accuracy.max": 0.9533333333333334, "MAX:accuracy.max": 0.9533333333333334, "MIN:kappa.min": 0.55, "MAX:kappa.min": 0.75, "MIN:kappa.mean": 0.879, "MAX:kappa.mean": 0.8975000000000002, "MIN:kappa.max": 0.9299999999999999, "MAX:kappa.max": 0.9299999999999999}