{"MIN:log_loss.min": 0.5288358892451208, "MAX:log_loss.min": 0.5878683236423579, "MIN:log_loss.mean": 0.6585822930339599, "MAX:log_loss.mean": 0.709096159198122, "MIN:log_loss.max": 0.9042492450488631, "MAX:log_loss.max": 0.9854159156366147, "MIN:accuracy.min": 0.56, "MAX:accuracy.min": 0.6066666666666667, "MIN:accuracy.mean": 0.8915333333333334, "MAX:accuracy.mean": 0.8927333333333333, "MIN:accuracy.max": 0.96, "MAX:accuracy.max": 0.96, "MIN:kappa.min": 0.33999999999999997, "MAX:kappa.min": 0.41000000000000003, "MIN:kappa.mean": 0.8372999999999997, "MAX:kappa.mean": 0.8390999999999998, "MIN:kappa.max": 0.9400000000000001, "MAX:kappa.max": 0.9400000000000001}