{"MIN:log_loss.min": 0.12933381556949597, "MAX:log_loss.min": 0.603720600693609, "MIN:log_loss.mean": 0.38922248064408393, "MAX:log_loss.mean": 0.7687252562521988, "MIN:log_loss.max": 1.036349848663914, "MAX:log_loss.max": 1.1005944887904568, "MIN:accuracy.min": 0.3333333333333333, "MAX:accuracy.min": 0.6666666666666666, "MIN:accuracy.mean": 0.8719999999999999, "MAX:accuracy.mean": 0.9066, "MIN:accuracy.max": 0.96, "MAX:accuracy.max": 0.9666666666666667, "MIN:kappa.min": 0.0, "MAX:kappa.min": 0.5, "MIN:kappa.mean": 0.8079999999999999, "MAX:kappa.mean": 0.8599, "MIN:kappa.max": 0.9400000000000001, "MAX:kappa.max": 0.95}