{"mean accuracy": 0.9598666666666666, "max accuracy": 0.96, "mean kappa": 0.9397999999999996, "max kappa": 0.94}