{"MIN:log_loss.min": 0.4712068832082554, "MAX:log_loss.min": 0.6432621419546912, "MIN:log_loss.mean": 1.0209696047863936, "MAX:log_loss.mean": 1.0621919274285865, "MIN:log_loss.max": 1.3546649541712854, "MAX:log_loss.max": 1.4462167451842376, "MIN:accuracy.min": 0.16666666666666666, "MAX:accuracy.min": 0.28, "MIN:accuracy.mean": 0.4788666666666667, "MAX:accuracy.mean": 0.5137333333333334, "MIN:accuracy.max": 0.8, "MAX:accuracy.max": 0.9466666666666667, "MIN:kappa.min": -0.2500000000000002, "MAX:kappa.min": -0.08000000000000007, "MIN:kappa.mean": 0.21830000000000002, "MAX:kappa.mean": 0.2706, "MIN:kappa.max": 0.7000000000000001, "MAX:kappa.max": 0.92}