{"MIN:log_loss.min": 0.5390211900657467, "MAX:log_loss.min": 0.5702632190475517, "MIN:log_loss.mean": 0.7389224037602213, "MAX:log_loss.mean": 0.8514776753187122, "MIN:log_loss.max": 1.1919099250595568, "MAX:log_loss.max": 1.370891184889414, "MIN:accuracy.min": 0.3333333333333333, "MAX:accuracy.min": 0.3333333333333333, "MIN:accuracy.mean": 0.7146666666666666, "MAX:accuracy.mean": 0.7888000000000001, "MIN:accuracy.max": 0.9466666666666667, "MAX:accuracy.max": 0.9666666666666667, "MIN:kappa.min": 0.0, "MAX:kappa.min": 0.0, "MIN:kappa.mean": 0.572, "MAX:kappa.mean": 0.6832, "MIN:kappa.max": 0.92, "MAX:kappa.max": 0.95}